permit_number,source_status,expiration,issued,address,parcel,type,source_url,portal_layer,portal_as_of
NSD-STR-00046,Issued,2124-02-29T14:26:53-06:00,2024-02-29T14:27:30-06:00,1704 Jefferson St,123520,Short Term Rental Registration ( Non-Resident ) / Non-Resident,https://compasskc.kcmo.org/EnerGov_Prod/SelfService#/permit/2a58b5d1-6fc2-463b-9982-d7e380dd04d4,https://mapd.kcmo.org/kcgis/rest/services/DataLayers/MapServer/34,2026-10-07
NSD-STR-00202,Issued,2999-08-06T00:00:00-05:00,2023-08-07T00:00:00-05:00,4 Janssen Pl,131745,Short Term Rental Registration ( Resident ) / Resident,https://compasskc.kcmo.org/EnerGov_Prod/SelfService#/permit/ad345ed4-0e70-4e64-969b-57fc3164c0fe,https://mapd.kcmo.org/kcgis/rest/services/DataLayers/MapServer/34,2026-10-07
NSD-STR-01724,Issued,2026-12-16T00:00:00-06:00,2025-12-15T23:54:03-06:00,323 Emanuel Cleaver II Blvd 1F,225652,Short Term Rental Registration ( Resident ) / Resident,https://compasskc.kcmo.org/EnerGov_Prod/SelfService#/permit/9b568162-7eb4-4ec4-a895-e4e6bc2013f8,https://mapd.kcmo.org/kcgis/rest/services/DataLayers/MapServer/34,2026-10-07
NSD-STR-01753,Issued,2027-05-19T00:00:00-05:00,2026-05-18T16:18:20-05:00,515 W 46th St 1,140935,Short Term Rental Registration ( Resident ) / Resident,https://compasskc.kcmo.org/EnerGov_Prod/SelfService#/permit/e1c8c1f3-5583-4406-8e12-b2841474234a,https://mapd.kcmo.org/kcgis/rest/services/DataLayers/MapServer/34,2026-10-07
NSD-STR-01754,Issued,2027-05-19T00:00:00-05:00,2026-05-18T16:18:03-05:00,515 W 46th St 2,140935,Short Term Rental Registration ( Resident ) / Resident,https://compasskc.kcmo.org/EnerGov_Prod/SelfService#/permit/900ff127-26a8-4ea0-a79c-ad11545bbdc2,https://mapd.kcmo.org/kcgis/rest/services/DataLayers/MapServer/34,2026-10-07
NSD-STR-01755,Issued,2027-05-19T00:00:00-05:00,2026-05-18T16:18:13-05:00,515 W 46th St 3,140935,Short Term Rental Registration ( Resident ) / Resident,https://compasskc.kcmo.org/EnerGov_Prod/SelfService#/permit/a03ecb95-ab49-47eb-99a2-a347c55648bc,https://mapd.kcmo.org/kcgis/rest/services/DataLayers/MapServer/34,2026-10-07
NSD-STR-01756,Issued,2027-05-19T00:00:00-05:00,2026-05-18T16:18:07-05:00,515 W 46th St 4,140935,Short Term Rental Registration ( Resident ) / Resident,https://compasskc.kcmo.org/EnerGov_Prod/SelfService#/permit/bd3cacd6-38fd-49ba-992c-1dd8d3d2a825,https://mapd.kcmo.org/kcgis/rest/services/DataLayers/MapServer/34,2026-10-07
NSD-STR-01757,Issued,2027-05-19T00:00:00-05:00,2026-05-18T16:18:11-05:00,515 W 46th St 5,140935,Short Term Rental Registration ( Resident ) / Resident,https://compasskc.kcmo.org/EnerGov_Prod/SelfService#/permit/7b50a60a-b414-4dc1-8e13-7fc8356c56f2,https://mapd.kcmo.org/kcgis/rest/services/DataLayers/MapServer/34,2026-10-07
NSD-STR-01758,Issued,2027-05-19T00:00:00-05:00,2026-05-18T16:18:16-05:00,515 W 46th St 6,140935,Short Term Rental Registration ( Resident ) / Resident,https://compasskc.kcmo.org/EnerGov_Prod/SelfService#/permit/2f754e1a-ca79-4741-8b80-0114e9f97f4f,https://mapd.kcmo.org/kcgis/rest/services/DataLayers/MapServer/34,2026-10-07
NSD-STR-01759,Issued,2027-05-19T00:00:00-05:00,2026-05-18T16:18:09-05:00,515 W 46th St 7,140935,Short Term Rental Registration ( Resident ) / Resident,https://compasskc.kcmo.org/EnerGov_Prod/SelfService#/permit/532dbb3c-4234-418d-ad3a-9372c8129353,https://mapd.kcmo.org/kcgis/rest/services/DataLayers/MapServer/34,2026-10-07
NSD-STR-01760,Issued,2027-05-19T00:00:00-05:00,2026-05-18T16:18:05-05:00,515 W 46th St 8,140935,Short Term Rental Registration ( Resident ) / Resident,https://compasskc.kcmo.org/EnerGov_Prod/SelfService#/permit/82fac409-0ed9-4dc0-a85e-17018c14e5da,https://mapd.kcmo.org/kcgis/rest/services/DataLayers/MapServer/34,2026-10-07
NSD-STR-01761,Issued,2027-05-19T00:00:00-05:00,2026-05-18T16:18:18-05:00,515 W 46th St 9,140935,Short Term Rental Registration ( Resident ) / Resident,https://compasskc.kcmo.org/EnerGov_Prod/SelfService#/permit/f7998d4f-17b7-46b1-abc8-1d01e21967b2,https://mapd.kcmo.org/kcgis/rest/services/DataLayers/MapServer/34,2026-10-07
NSD-STR-01789,Issued,2026-11-17T00:00:00-06:00,2025-11-16T12:26:02-06:00,7105 Wayne Ave,114389,Short Term Rental Registration ( Resident ) / Resident,https://compasskc.kcmo.org/EnerGov_Prod/SelfService#/permit/7d851ef9-23d2-475f-9567-fee7e5c03b81,https://mapd.kcmo.org/kcgis/rest/services/DataLayers/MapServer/34,2026-10-07
NSD-STR-01808,Issued,2026-11-03T00:00:00-06:00,2025-11-02T13:32:08-06:00,1108 E 109th St,154416,Short Term Rental Registration ( Resident ) / Resident,https://compasskc.kcmo.org/EnerGov_Prod/SelfService#/permit/11b90eb1-4ac4-41a8-b2d1-ea1bee78eb1d,https://mapd.kcmo.org/kcgis/rest/services/DataLayers/MapServer/34,2026-10-07
NSD-STR-01820,Issued,2026-10-11T00:00:00-05:00,2025-10-10T02:02:08-05:00,4021 Holmes St,133210,Short Term Rental Registration ( Resident ) / Resident,https://compasskc.kcmo.org/EnerGov_Prod/SelfService#/permit/9837aab3-c1fb-4778-bab2-45da98c782de,https://mapd.kcmo.org/kcgis/rest/services/DataLayers/MapServer/34,2026-10-07
NSD-STR-01838,Issued,2027-04-16T08:27:27-05:00,2026-04-16T08:27:27-05:00,2939 Lockridge St,24304,Short Term Rental Registration ( Resident ) / Resident,https://compasskc.kcmo.org/EnerGov_Prod/SelfService#/permit/f97b2158-2353-4688-b99c-579131062a8a,https://mapd.kcmo.org/kcgis/rest/services/DataLayers/MapServer/34,2026-10-07
NSD-STR-01853,Issued,2026-10-19T00:00:00-05:00,2025-10-18T18:44:08-05:00,323 Emanuel Cleaver II Blvd 5E,225652,Short Term Rental Registration ( Resident ) / Resident,https://compasskc.kcmo.org/EnerGov_Prod/SelfService#/permit/5fbec737-6fe0-4ba0-bed2-33da9cf99717,https://mapd.kcmo.org/kcgis/rest/services/DataLayers/MapServer/34,2026-10-07
NSD-STR-01886,Issued,2026-10-18T00:00:00-05:00,2025-10-17T13:41:08-05:00,133 Chelsea Ave,44079,Short Term Rental Registration ( Resident ) / Resident,https://compasskc.kcmo.org/EnerGov_Prod/SelfService#/permit/90ed8601-0040-4f4d-ba33-7cfb0c45add7,https://mapd.kcmo.org/kcgis/rest/services/DataLayers/MapServer/34,2026-10-07
NSD-STR-01897,Issued,2026-10-09T00:00:00-05:00,2025-10-08T11:57:33-05:00,7705 NE 108th Ter,239252,Short Term Rental Registration ( Resident ) / Resident,https://compasskc.kcmo.org/EnerGov_Prod/SelfService#/permit/14cf881a-5375-42a1-9690-36234bda29a0,https://mapd.kcmo.org/kcgis/rest/services/DataLayers/MapServer/34,2026-10-07
NSD-STR-01898,Issued,2026-10-15T00:00:00-05:00,2025-10-14T21:47:07-05:00,4000 E Red Bridge Rd,61788,Short Term Rental Registration ( Resident ) / Resident,https://compasskc.kcmo.org/EnerGov_Prod/SelfService#/permit/549e1500-6d03-48ac-920c-838fcbcd71ed,https://mapd.kcmo.org/kcgis/rest/services/DataLayers/MapServer/34,2026-10-07
NSD-STR-01922,Issued,2026-11-09T00:00:00-06:00,2025-11-08T06:50:25-06:00,3533 NW 70th St,164575,Short Term Rental Registration ( Resident ) / Resident,https://compasskc.kcmo.org/EnerGov_Prod/SelfService#/permit/3c85ec6d-c18b-46ee-be92-86e5e0186893,https://mapd.kcmo.org/kcgis/rest/services/DataLayers/MapServer/34,2026-10-07
NSD-STR-01931,Issued,2027-02-07T00:00:00-06:00,2026-02-06T09:59:03-06:00,3669 Jefferson St,129674,Short Term Rental Registration ( Resident ) / Resident,https://compasskc.kcmo.org/EnerGov_Prod/SelfService#/permit/40903d43-377a-4331-a1a4-4e6fe20a9440,https://mapd.kcmo.org/kcgis/rest/services/DataLayers/MapServer/34,2026-10-07
NSD-STR-01940,Issued,2026-10-28T00:00:00-05:00,2025-10-27T06:41:06-05:00,136 Kensington Ave,44197,Short Term Rental Registration ( Resident ) / Resident,https://compasskc.kcmo.org/EnerGov_Prod/SelfService#/permit/bd1e9e35-ec14-4374-8393-1cab883da399,https://mapd.kcmo.org/kcgis/rest/services/DataLayers/MapServer/34,2026-10-07
NSD-STR-01941,Issued,2027-01-16T00:00:00-06:00,2026-01-15T04:44:02-06:00,4522 Willow Ave,245808,Short Term Rental Registration ( Resident ) / Resident,https://compasskc.kcmo.org/EnerGov_Prod/SelfService#/permit/95e22738-65ee-4df5-bb4e-315af5747a73,https://mapd.kcmo.org/kcgis/rest/services/DataLayers/MapServer/34,2026-10-07
NSD-STR-01947,Issued,2027-01-14T00:00:00-06:00,2026-01-13T20:41:02-06:00,2546 Charlotte St,125423,Short Term Rental Registration ( Resident ) / Resident,https://compasskc.kcmo.org/EnerGov_Prod/SelfService#/permit/b90946c4-01ca-4cc4-a6dc-fbc089c89527,https://mapd.kcmo.org/kcgis/rest/services/DataLayers/MapServer/34,2026-10-07
NSD-STR-01949,Issued,2026-12-08T00:00:00-06:00,2025-12-07T11:33:06-06:00,4206 E 105th St,57982,Short Term Rental Registration ( Resident ) / Resident,https://compasskc.kcmo.org/EnerGov_Prod/SelfService#/permit/d28003f7-d3b2-4e8a-8351-619dd5729acb,https://mapd.kcmo.org/kcgis/rest/services/DataLayers/MapServer/34,2026-10-07
NSD-STR-01950,Issued,2026-10-11T00:00:00-05:00,2025-10-10T10:58:08-05:00,7801 Main St,118406,Short Term Rental Registration ( Non-Resident ) / Non-Resident,https://compasskc.kcmo.org/EnerGov_Prod/SelfService#/permit/4b71b970-8552-4c6d-81f6-5f7a92a5fc45,https://mapd.kcmo.org/kcgis/rest/services/DataLayers/MapServer/34,2026-10-07
NSD-STR-01953,Issued,2027-01-20T00:00:00-06:00,2026-01-19T19:01:02-06:00,6800 NW 79th Ter,169266,Short Term Rental Registration ( Non-Resident ) / Non-Resident,https://compasskc.kcmo.org/EnerGov_Prod/SelfService#/permit/5eec7e21-3948-4de4-9698-ee3bc2a05ee8,https://mapd.kcmo.org/kcgis/rest/services/DataLayers/MapServer/34,2026-10-07
NSD-STR-01956,Issued,2026-10-31T00:00:00-05:00,2025-10-30T12:51:17-05:00,3533 Virginia Ave Main Floor,134744,Short Term Rental Registration ( Resident ) / Resident,https://compasskc.kcmo.org/EnerGov_Prod/SelfService#/permit/977c571e-6a2b-421c-88a7-e0e10a1b113e,https://mapd.kcmo.org/kcgis/rest/services/DataLayers/MapServer/34,2026-10-07
NSD-STR-01957,Issued,2026-10-13T00:00:00-05:00,2025-10-12T13:26:06-05:00,920 Main St 2008,122486,Short Term Rental Registration ( Non-Resident ) / Non-Resident,https://compasskc.kcmo.org/EnerGov_Prod/SelfService#/permit/24f2a3a6-a390-4554-9d4c-8a8c5e27d98b,https://mapd.kcmo.org/kcgis/rest/services/DataLayers/MapServer/34,2026-10-07
NSD-STR-01958,Issued,2026-10-13T00:00:00-05:00,2025-10-12T13:26:10-05:00,920 Main St 1807,122486,Short Term Rental Registration ( Non-Resident ) / Non-Resident,https://compasskc.kcmo.org/EnerGov_Prod/SelfService#/permit/b5ba4991-6ac9-46d5-a6eb-f016f830171d,https://mapd.kcmo.org/kcgis/rest/services/DataLayers/MapServer/34,2026-10-07
NSD-STR-01959,Issued,2026-10-13T00:00:00-05:00,2025-10-12T13:26:14-05:00,920 Main St 1505,122486,Short Term Rental Registration ( Non-Resident ) / Non-Resident,https://compasskc.kcmo.org/EnerGov_Prod/SelfService#/permit/f78bb5b6-7600-4dfa-a0a5-1a1006471297,https://mapd.kcmo.org/kcgis/rest/services/DataLayers/MapServer/34,2026-10-07
NSD-STR-01963,Issued,2026-10-24T00:00:00-05:00,2025-10-23T14:48:09-05:00,4734 Mercier St,141953,Short Term Rental Registration ( Resident ) / Resident,https://compasskc.kcmo.org/EnerGov_Prod/SelfService#/permit/1adab417-fba8-433b-ad2a-6928bab08304,https://mapd.kcmo.org/kcgis/rest/services/DataLayers/MapServer/34,2026-10-07
NSD-STR-01965,Issued,2026-11-22T00:00:00-06:00,2025-11-21T13:49:04-06:00,1318 E 102nd Ter,154367,Short Term Rental Registration ( Resident ) / Resident,https://compasskc.kcmo.org/EnerGov_Prod/SelfService#/permit/7b0024b0-534a-45b5-807e-4ac55654461c,https://mapd.kcmo.org/kcgis/rest/services/DataLayers/MapServer/34,2026-10-07
NSD-STR-01966,Issued,2026-11-07T00:00:00-06:00,2025-11-06T14:22:47-06:00,3943 Denver Ave,32076,Short Term Rental Registration ( Resident ) / Resident,https://compasskc.kcmo.org/EnerGov_Prod/SelfService#/permit/894d6623-30bc-46ec-927f-61cfc996a0f9,https://mapd.kcmo.org/kcgis/rest/services/DataLayers/MapServer/34,2026-10-07
NSD-STR-01967,Issued,2026-10-17T00:00:00-05:00,2025-10-16T12:08:09-05:00,6335 Ridgeway Ave,65134,Short Term Rental Registration ( Resident ) / Resident,https://compasskc.kcmo.org/EnerGov_Prod/SelfService#/permit/87cc7233-109b-48f2-858a-d978305f6df8,https://mapd.kcmo.org/kcgis/rest/services/DataLayers/MapServer/34,2026-10-07
NSD-STR-01968,Issued,2026-11-06T00:00:00-06:00,2025-11-05T12:04:53-06:00,9900 E 38th Ter,48065,Short Term Rental Registration ( Resident ) / Resident,https://compasskc.kcmo.org/EnerGov_Prod/SelfService#/permit/31a5f883-6860-47a8-8171-9b39f296687e,https://mapd.kcmo.org/kcgis/rest/services/DataLayers/MapServer/34,2026-10-07
NSD-STR-01971,Issued,2026-12-27T00:00:00-06:00,2025-12-26T11:40:03-06:00,4626 Bell St,208609,Short Term Rental Registration ( Resident ) / Resident,https://compasskc.kcmo.org/EnerGov_Prod/SelfService#/permit/d7ca2cf6-338b-46c6-8749-5beb32a3943a,https://mapd.kcmo.org/kcgis/rest/services/DataLayers/MapServer/34,2026-10-07
NSD-STR-01972,Issued,2026-10-16T00:00:00-05:00,2025-10-15T16:19:15-05:00,4500 Jefferson St STE 203,249816,Short Term Rental Registration ( Non-Resident ) / Non-Resident,https://compasskc.kcmo.org/EnerGov_Prod/SelfService#/permit/fee456ab-fb0d-491c-8b7c-770a50eebd18,https://mapd.kcmo.org/kcgis/rest/services/DataLayers/MapServer/34,2026-10-07
NSD-STR-01973,Issued,2026-10-16T00:00:00-05:00,2025-10-15T16:19:07-05:00,612 W 40th St 1E,131133,Short Term Rental Registration ( Non-Resident ) / Non-Resident,https://compasskc.kcmo.org/EnerGov_Prod/SelfService#/permit/399ab7e7-ab00-439b-8886-738cbeb3a10f,https://mapd.kcmo.org/kcgis/rest/services/DataLayers/MapServer/34,2026-10-07
NSD-STR-01974,Issued,2026-10-16T00:00:00-05:00,2025-10-15T16:19:11-05:00,4500 Jefferson St STE 304,249820,Short Term Rental Registration ( Non-Resident ) / Non-Resident,https://compasskc.kcmo.org/EnerGov_Prod/SelfService#/permit/141131ea-c85b-4c61-a34b-8565489b1faf,https://mapd.kcmo.org/kcgis/rest/services/DataLayers/MapServer/34,2026-10-07
NSD-STR-01977,Issued,2026-12-06T00:00:00-06:00,2025-12-05T21:17:02-06:00,1008 W 29th St,128627,Short Term Rental Registration ( Resident ) / Resident,https://compasskc.kcmo.org/EnerGov_Prod/SelfService#/permit/2a773db9-8aad-46ec-8226-2bd208f0e7e5,https://mapd.kcmo.org/kcgis/rest/services/DataLayers/MapServer/34,2026-10-07
NSD-STR-01978,Issued,2026-10-19T00:00:00-05:00,2025-10-18T01:58:13-05:00,425 Washington St 308,148459,Short Term Rental Registration ( Non-Resident ) / Non-Resident,https://compasskc.kcmo.org/EnerGov_Prod/SelfService#/permit/cabc6ed8-9ad4-41a4-a6ed-7fbe95473f58,https://mapd.kcmo.org/kcgis/rest/services/DataLayers/MapServer/34,2026-10-07
NSD-STR-01979,Issued,2026-10-19T00:00:00-05:00,2025-10-18T01:58:06-05:00,201 Wyandotte St 308,148501,Short Term Rental Registration ( Non-Resident ) / Non-Resident,https://compasskc.kcmo.org/EnerGov_Prod/SelfService#/permit/ebde69ee-1599-491e-bef6-e822ff5ef94d,https://mapd.kcmo.org/kcgis/rest/services/DataLayers/MapServer/34,2026-10-07
NSD-STR-01982,Issued,2027-01-21T00:00:00-06:00,2026-01-20T10:47:02-06:00,4136 Raytown Rd,47922,Short Term Rental Registration ( Resident ) / Resident,https://compasskc.kcmo.org/EnerGov_Prod/SelfService#/permit/8b1ea27d-9288-4a88-95bf-e72c623b6278,https://mapd.kcmo.org/kcgis/rest/services/DataLayers/MapServer/34,2026-10-07
NSD-STR-01983,Issued,2026-10-31T00:00:00-05:00,2025-10-30T12:43:09-05:00,1924 Main St,225835,Short Term Rental Registration ( Non-Resident ) / Non-Resident,https://compasskc.kcmo.org/EnerGov_Prod/SelfService#/permit/dcc5790e-50c1-42b6-8d28-fda3f0b2c198,https://mapd.kcmo.org/kcgis/rest/services/DataLayers/MapServer/34,2026-10-07
NSD-STR-01984,Issued,2026-12-31T00:00:00-06:00,2025-12-30T17:32:02-06:00,2600 Charlotte St,125471,Short Term Rental Registration ( Resident ) / Resident,https://compasskc.kcmo.org/EnerGov_Prod/SelfService#/permit/825ff368-ae13-41eb-8560-052e112ca29d,https://mapd.kcmo.org/kcgis/rest/services/DataLayers/MapServer/34,2026-10-07
NSD-STR-01986,Issued,2026-11-19T00:00:00-06:00,2025-11-18T14:41:03-06:00,4311 NW 80th Ter,161552,Short Term Rental Registration ( Resident ) / Resident,https://compasskc.kcmo.org/EnerGov_Prod/SelfService#/permit/e4ead01a-425f-4b26-9e14-96a4d8a2a17e,https://mapd.kcmo.org/kcgis/rest/services/DataLayers/MapServer/34,2026-10-07
NSD-STR-01987,Issued,2026-11-06T00:00:00-06:00,2025-11-05T06:24:22-06:00,6824 NW 79th Ter,169267,Short Term Rental Registration ( Resident ) / Resident,https://compasskc.kcmo.org/EnerGov_Prod/SelfService#/permit/f8d592ea-08ef-4aea-a847-1d25d81fdcf5,https://mapd.kcmo.org/kcgis/rest/services/DataLayers/MapServer/34,2026-10-07
NSD-STR-01989,Issued,2026-10-17T00:00:00-05:00,2025-10-16T11:33:32-05:00,1816 Broadway Blvd A,123606,Short Term Rental Registration ( Non-Resident ) / Non-Resident,https://compasskc.kcmo.org/EnerGov_Prod/SelfService#/permit/9fb09392-e06d-4ea4-a6cf-d2ff9cfc6bb6,https://mapd.kcmo.org/kcgis/rest/services/DataLayers/MapServer/34,2026-10-07
NSD-STR-01992,Issued,2026-10-19T00:00:00-05:00,2025-10-18T01:56:19-05:00,425 Washington St 406,148459,Short Term Rental Registration ( Non-Resident ) / Non-Resident,https://compasskc.kcmo.org/EnerGov_Prod/SelfService#/permit/fb19e675-b588-450c-9288-07d5098f2fcc,https://mapd.kcmo.org/kcgis/rest/services/DataLayers/MapServer/34,2026-10-07
NSD-STR-01997,Issued,2026-10-14T00:00:00-05:00,2025-10-13T11:05:45-05:00,4217 Mercier St,130955,Short Term Rental Registration ( Non-Resident ) / Non-Resident,https://compasskc.kcmo.org/EnerGov_Prod/SelfService#/permit/aff542de-95fc-4b5c-88d1-292b917af64e,https://mapd.kcmo.org/kcgis/rest/services/DataLayers/MapServer/34,2026-10-07
NSD-STR-01998,Issued,2026-10-09T00:00:00-05:00,2025-10-08T15:02:10-05:00,3710 Baltimore Ave,132342,Short Term Rental Registration ( Non-Resident ) / Non-Resident,https://compasskc.kcmo.org/EnerGov_Prod/SelfService#/permit/33c0e614-1f62-43d8-8242-5bdae05426ae,https://mapd.kcmo.org/kcgis/rest/services/DataLayers/MapServer/34,2026-10-07
NSD-STR-01999,Issued,2026-10-14T00:00:00-05:00,2025-10-13T17:29:19-05:00,2431 Forest Ave,255429,Short Term Rental Registration ( Resident ) / Resident,https://compasskc.kcmo.org/EnerGov_Prod/SelfService#/permit/565835db-a39f-4eaf-8e05-3a2635a077f6,https://mapd.kcmo.org/kcgis/rest/services/DataLayers/MapServer/34,2026-10-07
NSD-STR-02001,Issued,2026-10-31T00:00:00-05:00,2025-10-30T11:16:14-05:00,617 Forest Ave,12008,Short Term Rental Registration ( Resident ) / Resident,https://compasskc.kcmo.org/EnerGov_Prod/SelfService#/permit/68bf104d-1167-4cd4-b423-dd45237de364,https://mapd.kcmo.org/kcgis/rest/services/DataLayers/MapServer/34,2026-10-07
NSD-STR-02002,Issued,2026-11-01T00:00:00-05:00,2025-10-31T13:55:42-05:00,2437 E 75th St,115551,Short Term Rental Registration ( Resident ) / Resident,https://compasskc.kcmo.org/EnerGov_Prod/SelfService#/permit/da5c9b2c-d140-4609-8e70-a08a6df09d2e,https://mapd.kcmo.org/kcgis/rest/services/DataLayers/MapServer/34,2026-10-07
NSD-STR-02003,Issued,2027-04-16T08:29:40-05:00,2026-04-16T08:29:32-05:00,3003 E 52nd St,35897,Short Term Rental Registration ( Resident ) / Resident,https://compasskc.kcmo.org/EnerGov_Prod/SelfService#/permit/a34316a4-5556-43a7-92c9-e889eab7e992,https://mapd.kcmo.org/kcgis/rest/services/DataLayers/MapServer/34,2026-10-07
NSD-STR-02005,Issued,2026-10-14T00:00:00-05:00,2025-10-13T10:43:18-05:00,4336 Terrace St,141096,Short Term Rental Registration ( Non-Resident ) / Non-Resident,https://compasskc.kcmo.org/EnerGov_Prod/SelfService#/permit/1ccdfd35-bb0e-42ff-88ca-ef6273e7bace,https://mapd.kcmo.org/kcgis/rest/services/DataLayers/MapServer/34,2026-10-07
NSD-STR-02006,Issued,2027-04-08T00:00:00-05:00,2026-04-07T10:11:04-05:00,328 Lawn Ave,43934,Short Term Rental Registration ( Resident ) / Resident,https://compasskc.kcmo.org/EnerGov_Prod/SelfService#/permit/363a37f7-798b-485e-8ce5-951b660ca801,https://mapd.kcmo.org/kcgis/rest/services/DataLayers/MapServer/34,2026-10-07
NSD-STR-02007,Issued,2026-12-16T00:00:00-06:00,2025-12-15T23:57:02-06:00,3320 Harrison St,128439,Short Term Rental Registration ( Resident ) / Resident,https://compasskc.kcmo.org/EnerGov_Prod/SelfService#/permit/2be72dad-b185-4635-84f7-4db067fabd8d,https://mapd.kcmo.org/kcgis/rest/services/DataLayers/MapServer/34,2026-10-07
NSD-STR-02009,Issued,2026-10-18T00:00:00-05:00,2025-10-17T09:52:06-05:00,2537 Charlotte St,125485,Short Term Rental Registration ( Non-Resident ) / Non-Resident,https://compasskc.kcmo.org/EnerGov_Prod/SelfService#/permit/ad75d470-7973-492d-afb1-4618fd5b193f,https://mapd.kcmo.org/kcgis/rest/services/DataLayers/MapServer/34,2026-10-07
NSD-STR-02010,Issued,2026-10-15T00:00:00-05:00,2025-10-14T10:02:07-05:00,113 W 78th St,118317,Short Term Rental Registration ( Non-Resident ) / Non-Resident,https://compasskc.kcmo.org/EnerGov_Prod/SelfService#/permit/2916dbba-9166-4f4d-9882-fb09ea77bb22,https://mapd.kcmo.org/kcgis/rest/services/DataLayers/MapServer/34,2026-10-07
NSD-STR-02011,Issued,2026-11-25T00:00:00-06:00,2025-11-24T16:08:05-06:00,11001 Park Ave,156156,Short Term Rental Registration ( Resident ) / Resident,https://compasskc.kcmo.org/EnerGov_Prod/SelfService#/permit/1dd423cd-b9b7-47ca-973e-04d6e5803467,https://mapd.kcmo.org/kcgis/rest/services/DataLayers/MapServer/34,2026-10-07
NSD-STR-02012,Issued,2026-10-31T00:00:00-05:00,2025-10-30T07:10:07-05:00,8224 McGee St,119108,Short Term Rental Registration ( Resident ) / Resident,https://compasskc.kcmo.org/EnerGov_Prod/SelfService#/permit/d9386c39-f2cc-4617-aea3-52b6d37b9f89,https://mapd.kcmo.org/kcgis/rest/services/DataLayers/MapServer/34,2026-10-07
NSD-STR-02013,Issued,2026-10-29T00:00:00-05:00,2025-10-28T20:20:08-05:00,4105 Benton Blvd,30144,Short Term Rental Registration ( Non-Resident ) / Non-Resident,https://compasskc.kcmo.org/EnerGov_Prod/SelfService#/permit/adaf09bb-1959-4059-b03d-3dbb6b7d0da9,https://mapd.kcmo.org/kcgis/rest/services/DataLayers/MapServer/34,2026-10-07
NSD-STR-02014,Issued,2026-10-19T00:00:00-05:00,2025-10-18T01:56:15-05:00,3755 Flora Ave,135211,Short Term Rental Registration ( Non-Resident ) / Non-Resident,https://compasskc.kcmo.org/EnerGov_Prod/SelfService#/permit/cdb284cd-40cc-4500-9211-582f0827bda0,https://mapd.kcmo.org/kcgis/rest/services/DataLayers/MapServer/34,2026-10-07
NSD-STR-02015,Issued,2026-10-19T00:00:00-05:00,2025-10-18T01:58:17-05:00,425 Washington St 107,148459,Short Term Rental Registration ( Non-Resident ) / Non-Resident,https://compasskc.kcmo.org/EnerGov_Prod/SelfService#/permit/2ec10fce-5d50-4a78-a3c7-82165ce89f33,https://mapd.kcmo.org/kcgis/rest/services/DataLayers/MapServer/34,2026-10-07
NSD-STR-02016,Issued,2026-10-19T00:00:00-05:00,2025-10-18T01:58:10-05:00,3942 Roanoke Rd,131238,Short Term Rental Registration ( Non-Resident ) / Non-Resident,https://compasskc.kcmo.org/EnerGov_Prod/SelfService#/permit/2653d472-0427-43e1-9a9b-564bd75efa11,https://mapd.kcmo.org/kcgis/rest/services/DataLayers/MapServer/34,2026-10-07
NSD-STR-02017,Issued,2026-10-19T00:00:00-05:00,2025-10-18T01:56:08-05:00,218 Delaware St 206,148507,Short Term Rental Registration ( Non-Resident ) / Non-Resident,https://compasskc.kcmo.org/EnerGov_Prod/SelfService#/permit/1a7a60b4-3575-4844-bf3e-3b87c53c1abd,https://mapd.kcmo.org/kcgis/rest/services/DataLayers/MapServer/34,2026-10-07
NSD-STR-02018,Issued,2026-10-19T00:00:00-05:00,2025-10-18T01:56:11-05:00,218 Delaware St 202,148507,Short Term Rental Registration ( Non-Resident ) / Non-Resident,https://compasskc.kcmo.org/EnerGov_Prod/SelfService#/permit/8045c371-202e-41b4-bd39-5b63f1b62c91,https://mapd.kcmo.org/kcgis/rest/services/DataLayers/MapServer/34,2026-10-07
NSD-STR-02019,Issued,2026-11-04T00:00:00-06:00,2025-11-03T13:27:08-06:00,218 Delaware St 207,148507,Short Term Rental Registration ( Non-Resident ) / Non-Resident,https://compasskc.kcmo.org/EnerGov_Prod/SelfService#/permit/ed8c9d3e-ac77-4216-bb5f-933dd1686b72,https://mapd.kcmo.org/kcgis/rest/services/DataLayers/MapServer/34,2026-10-07
NSD-STR-02021,Issued,2026-10-26T00:00:00-05:00,2025-10-25T08:17:07-05:00,1207 Brush Creek Blvd Apt 3,138011,Short Term Rental Registration ( Resident ) / Resident,https://compasskc.kcmo.org/EnerGov_Prod/SelfService#/permit/685e2e9b-53ea-4919-a272-e98aa8535f12,https://mapd.kcmo.org/kcgis/rest/services/DataLayers/MapServer/34,2026-10-07
NSD-STR-02022,Issued,2026-11-19T00:00:00-06:00,2025-11-18T21:48:03-06:00,6129 Charlotte St,106292,Short Term Rental Registration ( Resident ) / Resident,https://compasskc.kcmo.org/EnerGov_Prod/SelfService#/permit/ada3b269-ed9c-4023-8821-8440a7d6ed37,https://mapd.kcmo.org/kcgis/rest/services/DataLayers/MapServer/34,2026-10-07
NSD-STR-02023,Issued,2027-02-03T00:00:00-06:00,2026-02-02T07:48:02-06:00,3642 Troost Ave,131729,Short Term Rental Registration ( Resident ) / Resident,https://compasskc.kcmo.org/EnerGov_Prod/SelfService#/permit/2e2031c6-faab-4b53-a0b3-4df66288b608,https://mapd.kcmo.org/kcgis/rest/services/DataLayers/MapServer/34,2026-10-07
NSD-STR-02024,Issued,2026-10-24T00:00:00-05:00,2025-10-23T14:22:09-05:00,2030 Broadway Blvd A,123828,Short Term Rental Registration ( Non-Resident ) / Non-Resident,https://compasskc.kcmo.org/EnerGov_Prod/SelfService#/permit/d5e65aef-5c22-4b04-af91-32a748167b55,https://mapd.kcmo.org/kcgis/rest/services/DataLayers/MapServer/34,2026-10-07
NSD-STR-02026,Issued,2026-10-29T00:00:00-05:00,2025-10-28T14:10:09-05:00,920 Main St 1607,122486,Short Term Rental Registration ( Non-Resident ) / Non-Resident,https://compasskc.kcmo.org/EnerGov_Prod/SelfService#/permit/9847b965-182b-49cf-9bfa-d439f9b8f7d1,https://mapd.kcmo.org/kcgis/rest/services/DataLayers/MapServer/34,2026-10-07
NSD-STR-02028,Issued,2026-11-17T00:00:00-06:00,2025-11-16T08:27:08-06:00,8326 Pico St,121768,Short Term Rental Registration ( Non-Resident ) / Non-Resident,https://compasskc.kcmo.org/EnerGov_Prod/SelfService#/permit/04da26b8-f464-4fc0-a9d7-418a68bd976a,https://mapd.kcmo.org/kcgis/rest/services/DataLayers/MapServer/34,2026-10-07
NSD-STR-02029,Issued,2026-11-17T00:00:00-06:00,2025-11-16T08:27:06-06:00,4520 N Troost Ave,83698,Short Term Rental Registration ( Non-Resident ) / Non-Resident,https://compasskc.kcmo.org/EnerGov_Prod/SelfService#/permit/ba6244e8-62f7-4f3a-b413-28a73af6b555,https://mapd.kcmo.org/kcgis/rest/services/DataLayers/MapServer/34,2026-10-07
NSD-STR-02031,Issued,2026-10-25T00:00:00-05:00,2025-10-24T13:53:10-05:00,2908 Cherry St 1S,126996,Short Term Rental Registration ( Non-Resident ) / Non-Resident,https://compasskc.kcmo.org/EnerGov_Prod/SelfService#/permit/17561ec2-00ed-4049-af44-44ff2c4d2903,https://mapd.kcmo.org/kcgis/rest/services/DataLayers/MapServer/34,2026-10-07
NSD-STR-02032,Issued,2027-02-14T00:00:00-06:00,2026-02-13T13:16:05-06:00,5440 Tracy Ave,146410,Short Term Rental Registration ( Resident ) / Resident,https://compasskc.kcmo.org/EnerGov_Prod/SelfService#/permit/a07da1b6-96c1-4d9f-91c2-7c38991a348c,https://mapd.kcmo.org/kcgis/rest/services/DataLayers/MapServer/34,2026-10-07
NSD-STR-02033,Issued,2026-11-15T00:00:00-06:00,2025-11-14T09:34:08-06:00,6301 NE 48th Ct,82296,Short Term Rental Registration ( Resident ) / Resident,https://compasskc.kcmo.org/EnerGov_Prod/SelfService#/permit/7d1f5f30-1da4-490a-83ce-7f89b1a4ce88,https://mapd.kcmo.org/kcgis/rest/services/DataLayers/MapServer/34,2026-10-07
NSD-STR-02034,Issued,2026-11-01T00:00:00-05:00,2025-10-31T05:31:08-05:00,5035 N White Ave,240448,Short Term Rental Registration ( Non-Resident ) / Non-Resident,https://compasskc.kcmo.org/EnerGov_Prod/SelfService#/permit/295d3045-85c5-4c82-bde6-f3b0c902eb53,https://mapd.kcmo.org/kcgis/rest/services/DataLayers/MapServer/34,2026-10-07
NSD-STR-02036,Issued,2026-10-31T00:00:00-05:00,2025-10-30T02:41:07-05:00,5031 N White Ave,240449,Short Term Rental Registration ( Non-Resident ) / Non-Resident,https://compasskc.kcmo.org/EnerGov_Prod/SelfService#/permit/882c4d34-fe5e-4f60-bb5f-9244cab7977e,https://mapd.kcmo.org/kcgis/rest/services/DataLayers/MapServer/34,2026-10-07
NSD-STR-02038,Issued,2026-12-10T00:00:00-06:00,2025-12-09T08:23:03-06:00,50 E 53rd St,143685,Short Term Rental Registration ( Resident ) / Resident,https://compasskc.kcmo.org/EnerGov_Prod/SelfService#/permit/201255a2-83e7-4a33-8322-845cecd86f93,https://mapd.kcmo.org/kcgis/rest/services/DataLayers/MapServer/34,2026-10-07
NSD-STR-02039,Issued,2026-12-11T00:00:00-06:00,2025-12-10T16:40:10-06:00,3538 Wyandotte St,132113,Short Term Rental Registration ( Resident ) / Resident,https://compasskc.kcmo.org/EnerGov_Prod/SelfService#/permit/7f07276b-93e6-4c5d-8164-c23dc1c8ece8,https://mapd.kcmo.org/kcgis/rest/services/DataLayers/MapServer/34,2026-10-07
NSD-STR-02040,Issued,2026-10-31T00:00:00-05:00,2025-10-30T13:10:09-05:00,3215 E 10th St,10928,Short Term Rental Registration ( Non-Resident ) / Non-Resident,https://compasskc.kcmo.org/EnerGov_Prod/SelfService#/permit/d91572da-8774-4da5-8bd0-6297f8dc33b7,https://mapd.kcmo.org/kcgis/rest/services/DataLayers/MapServer/34,2026-10-07
NSD-STR-02041,Issued,2026-11-06T00:00:00-06:00,2025-11-05T17:13:20-06:00,1829 Washington St 2,123598,Short Term Rental Registration ( Resident ) / Resident,https://compasskc.kcmo.org/EnerGov_Prod/SelfService#/permit/f64adb9a-e2e2-4e03-bc85-648916779b60,https://mapd.kcmo.org/kcgis/rest/services/DataLayers/MapServer/34,2026-10-07
NSD-STR-02042,Issued,2026-11-06T00:00:00-06:00,2025-11-05T17:13:06-06:00,1829 Washington St 1,123598,Short Term Rental Registration ( Resident ) / Resident,https://compasskc.kcmo.org/EnerGov_Prod/SelfService#/permit/6836fa1b-5959-4108-9b9f-7f8430b585c8,https://mapd.kcmo.org/kcgis/rest/services/DataLayers/MapServer/34,2026-10-07
NSD-STR-02043,Issued,2026-11-15T00:00:00-06:00,2025-11-14T09:34:04-06:00,2901 Charlotte St,281889,Short Term Rental Registration ( Resident ) / Resident,https://compasskc.kcmo.org/EnerGov_Prod/SelfService#/permit/4a3c96ee-3628-4f4c-bbed-a050f2e2c4f0,https://mapd.kcmo.org/kcgis/rest/services/DataLayers/MapServer/34,2026-10-07
NSD-STR-02044,Issued,2026-11-13T00:00:00-06:00,2025-11-12T11:11:11-06:00,2709 Harrison St,126733,Short Term Rental Registration ( Non-Resident ) / Non-Resident,https://compasskc.kcmo.org/EnerGov_Prod/SelfService#/permit/ea422de9-5709-4c0a-b29e-0856ded561e4,https://mapd.kcmo.org/kcgis/rest/services/DataLayers/MapServer/34,2026-10-07
NSD-STR-02047,Issued,2026-11-01T00:00:00-05:00,2025-10-31T09:45:14-05:00,2030 Broadway Blvd B,123828,Short Term Rental Registration ( Non-Resident ) / Non-Resident,https://compasskc.kcmo.org/EnerGov_Prod/SelfService#/permit/8d6b1072-c485-4450-b47b-25e670b3179e,https://mapd.kcmo.org/kcgis/rest/services/DataLayers/MapServer/34,2026-10-07
NSD-STR-02048,Issued,2026-11-01T00:00:00-05:00,2025-10-31T15:03:10-05:00,920 Main St 1712,122486,Short Term Rental Registration ( Non-Resident ) / Non-Resident,https://compasskc.kcmo.org/EnerGov_Prod/SelfService#/permit/67f3ac8e-a9a8-4140-96a5-6de658f3bed7,https://mapd.kcmo.org/kcgis/rest/services/DataLayers/MapServer/34,2026-10-07
NSD-STR-02049,Issued,2026-11-04T00:00:00-06:00,2025-11-03T10:22:25-06:00,4541 Genessee St,141434,Short Term Rental Registration ( Non-Resident ) / Non-Resident,https://compasskc.kcmo.org/EnerGov_Prod/SelfService#/permit/8101d002-96a6-414b-9273-e0f4c99b4b77,https://mapd.kcmo.org/kcgis/rest/services/DataLayers/MapServer/34,2026-10-07
NSD-STR-02050,Issued,2026-11-04T00:00:00-06:00,2025-11-03T17:15:00-06:00,1664 Jefferson St,249144,Short Term Rental Registration ( Resident ) / Resident,https://compasskc.kcmo.org/EnerGov_Prod/SelfService#/permit/e2798d3a-0e19-48da-b9a8-68fa4765d455,https://mapd.kcmo.org/kcgis/rest/services/DataLayers/MapServer/34,2026-10-07
NSD-STR-02051,Issued,2026-11-11T00:00:00-06:00,2025-11-10T14:35:11-06:00,5914 Holmes St,105888,Short Term Rental Registration ( Non-Resident ) / Non-Resident,https://compasskc.kcmo.org/EnerGov_Prod/SelfService#/permit/415e49d8-b911-4066-bc76-8b46cc3b24f9,https://mapd.kcmo.org/kcgis/rest/services/DataLayers/MapServer/34,2026-10-07
NSD-STR-02052,Issued,2026-11-06T00:00:00-06:00,2025-11-05T08:59:46-06:00,4341 NE Kelsey Rd,282487,Short Term Rental Registration ( Non-Resident ) / Non-Resident,https://compasskc.kcmo.org/EnerGov_Prod/SelfService#/permit/2819e820-df19-4bec-bc13-40d65f6dbe42,https://mapd.kcmo.org/kcgis/rest/services/DataLayers/MapServer/34,2026-10-07
NSD-STR-02053,Issued,2026-11-07T00:00:00-06:00,2025-11-06T06:56:04-06:00,200 E 51st St,231876,Short Term Rental Registration ( Non-Resident ) / Non-Resident,https://compasskc.kcmo.org/EnerGov_Prod/SelfService#/permit/6c210e08-47b9-4f1d-8f6c-d5c13dc2902d,https://mapd.kcmo.org/kcgis/rest/services/DataLayers/MapServer/34,2026-10-07
NSD-STR-02054,Issued,2027-01-08T00:00:00-06:00,2026-01-07T10:38:03-06:00,4103 E 16th Ct,220928,Short Term Rental Registration ( Resident ) / Resident,https://compasskc.kcmo.org/EnerGov_Prod/SelfService#/permit/8c4c259b-8e77-4464-9424-77088849a03c,https://mapd.kcmo.org/kcgis/rest/services/DataLayers/MapServer/34,2026-10-07
NSD-STR-02057,Issued,2026-12-24T00:00:00-06:00,2025-12-23T15:36:03-06:00,3840 Wyandotte St,132209,Short Term Rental Registration ( Resident ) / Resident,https://compasskc.kcmo.org/EnerGov_Prod/SelfService#/permit/677d6629-7168-479e-9630-77390347aeb8,https://mapd.kcmo.org/kcgis/rest/services/DataLayers/MapServer/34,2026-10-07
NSD-STR-02058,Issued,2027-02-14T00:00:00-06:00,2026-02-13T22:53:02-06:00,4337 Fairmount Ave,141133,Short Term Rental Registration ( Resident ) / Resident,https://compasskc.kcmo.org/EnerGov_Prod/SelfService#/permit/e5f1f72e-cc9f-438f-92bc-cef393a34d66,https://mapd.kcmo.org/kcgis/rest/services/DataLayers/MapServer/34,2026-10-07
NSD-STR-02060,Issued,2027-01-07T00:00:00-06:00,2026-01-06T09:48:03-06:00,116 W 3rd St 300,148499,Short Term Rental Registration ( Non-Resident ) / Non-Resident,https://compasskc.kcmo.org/EnerGov_Prod/SelfService#/permit/ba642837-e594-4dbd-a2fb-a0808ad4fa86,https://mapd.kcmo.org/kcgis/rest/services/DataLayers/MapServer/34,2026-10-07
NSD-STR-02061,Issued,2026-11-22T00:00:00-06:00,2025-11-21T15:44:02-06:00,123 W 82nd St,118982,Short Term Rental Registration ( Non-Resident ) / Non-Resident,https://compasskc.kcmo.org/EnerGov_Prod/SelfService#/permit/14cd86ae-f83a-496c-b757-c15bbbdb379e,https://mapd.kcmo.org/kcgis/rest/services/DataLayers/MapServer/34,2026-10-07
NSD-STR-02062,Issued,2026-12-15T00:00:00-06:00,2025-12-14T10:11:02-06:00,3921 Roanoke Rd,131210,Short Term Rental Registration ( Resident ) / Resident,https://compasskc.kcmo.org/EnerGov_Prod/SelfService#/permit/dae612c9-9443-44bf-a882-1db25cd124de,https://mapd.kcmo.org/kcgis/rest/services/DataLayers/MapServer/34,2026-10-07
NSD-STR-02063,Issued,2027-05-20T00:00:00-05:00,2026-05-19T16:10:02-05:00,2821 Independence Blvd,10524,Short Term Rental Registration ( Resident ) / Resident,https://compasskc.kcmo.org/EnerGov_Prod/SelfService#/permit/a7877eb2-6646-477f-bef8-49eca8b2f988,https://mapd.kcmo.org/kcgis/rest/services/DataLayers/MapServer/34,2026-10-07
NSD-STR-02064,Issued,2027-01-17T00:00:00-06:00,2026-01-16T09:25:03-06:00,627 E 69th Ter,111345,Short Term Rental Registration ( Resident ) / Resident,https://compasskc.kcmo.org/EnerGov_Prod/SelfService#/permit/449319a7-571a-4e04-96b9-e6049bd1f5bd,https://mapd.kcmo.org/kcgis/rest/services/DataLayers/MapServer/34,2026-10-07
NSD-STR-02066,Issued,2026-12-05T00:00:00-06:00,2025-12-04T16:50:03-06:00,11400 Monroe Ave,62361,Short Term Rental Registration ( Resident ) / Resident,https://compasskc.kcmo.org/EnerGov_Prod/SelfService#/permit/02357759-04a1-4e8c-92db-cbab406ac615,https://mapd.kcmo.org/kcgis/rest/services/DataLayers/MapServer/34,2026-10-07
NSD-STR-02067,Issued,2026-12-27T00:00:00-06:00,2025-12-26T11:13:04-06:00,1732 Madison Ave,239575,Short Term Rental Registration ( Resident ) / Resident,https://compasskc.kcmo.org/EnerGov_Prod/SelfService#/permit/d2ff324f-76fc-4404-b3c2-4eb368410031,https://mapd.kcmo.org/kcgis/rest/services/DataLayers/MapServer/34,2026-10-07
NSD-STR-02068,Issued,2026-11-15T00:00:00-06:00,2025-11-14T10:24:02-06:00,3841 Wyandotte St,132306,Short Term Rental Registration ( Non-Resident ) / Non-Resident,https://compasskc.kcmo.org/EnerGov_Prod/SelfService#/permit/dc005dfe-db3a-4393-aeed-b85b9676720b,https://mapd.kcmo.org/kcgis/rest/services/DataLayers/MapServer/34,2026-10-07
NSD-STR-02070,Issued,2027-01-09T00:00:00-06:00,2026-01-08T10:58:03-06:00,6113 N Mattox Rd,166798,Short Term Rental Registration ( Resident ) / Resident,https://compasskc.kcmo.org/EnerGov_Prod/SelfService#/permit/611268db-ba9a-4c4f-8873-cef193f32bef,https://mapd.kcmo.org/kcgis/rest/services/DataLayers/MapServer/34,2026-10-07
NSD-STR-02071,Issued,2027-01-09T00:00:00-06:00,2026-01-08T21:30:03-06:00,2711 Forest Ave,27219,Short Term Rental Registration ( Resident ) / Resident,https://compasskc.kcmo.org/EnerGov_Prod/SelfService#/permit/d751053f-5f19-4cda-994c-8db91de619ff,https://mapd.kcmo.org/kcgis/rest/services/DataLayers/MapServer/34,2026-10-07
NSD-STR-02072,Issued,2027-02-28T00:00:00-06:00,2026-02-27T15:11:24-06:00,4430 Forest Ave,137705,Short Term Rental Registration ( Resident ) / Resident,https://compasskc.kcmo.org/EnerGov_Prod/SelfService#/permit/10f496fa-7b86-4ccc-af2b-3693288dbc0a,https://mapd.kcmo.org/kcgis/rest/services/DataLayers/MapServer/34,2026-10-07
NSD-STR-02073,Issued,2026-12-13T00:00:00-06:00,2025-12-12T08:47:03-06:00,3931 Wyandotte St,132720,Short Term Rental Registration ( Non-Resident ) / Non-Resident,https://compasskc.kcmo.org/EnerGov_Prod/SelfService#/permit/80140d92-04b9-405f-91ef-fc44a40a0e97,https://mapd.kcmo.org/kcgis/rest/services/DataLayers/MapServer/34,2026-10-07
NSD-STR-02074,Issued,2026-12-05T00:00:00-06:00,2025-12-04T16:56:03-06:00,1753 Holly St,219307,Short Term Rental Registration ( Resident ) / Resident,https://compasskc.kcmo.org/EnerGov_Prod/SelfService#/permit/26bc390d-276f-4d50-be0d-d0279c86bb5e,https://mapd.kcmo.org/kcgis/rest/services/DataLayers/MapServer/34,2026-10-07
NSD-STR-02075,Issued,2026-11-24T00:00:00-06:00,2025-11-23T17:31:02-06:00,4408 Paseo,228349,Short Term Rental Registration ( Non-Resident ) / Non-Resident,https://compasskc.kcmo.org/EnerGov_Prod/SelfService#/permit/6406e9b5-c10d-40d5-a1af-df5a4e5ae6c0,https://mapd.kcmo.org/kcgis/rest/services/DataLayers/MapServer/34,2026-10-07
NSD-STR-02076,Issued,2027-03-30T00:00:00-05:00,2026-03-29T09:58:02-05:00,9317 Fairwood Dr,69276,Short Term Rental Registration ( Resident ) / Resident,https://compasskc.kcmo.org/EnerGov_Prod/SelfService#/permit/8ccfd485-43bd-4506-a6e5-76631cdc47b1,https://mapd.kcmo.org/kcgis/rest/services/DataLayers/MapServer/34,2026-10-07
NSD-STR-02078,Issued,2026-12-17T00:00:00-06:00,2025-12-16T20:00:03-06:00,3005 McGee St,127351,Short Term Rental Registration ( Resident ) / Resident,https://compasskc.kcmo.org/EnerGov_Prod/SelfService#/permit/e4c2b44a-20b9-42e2-a5a1-aefcff80246a,https://mapd.kcmo.org/kcgis/rest/services/DataLayers/MapServer/34,2026-10-07
NSD-STR-02079,Issued,2026-12-19T00:00:00-06:00,2025-12-18T12:36:04-06:00,2 Janssen Pl Fl 1 & 2,131745,Short Term Rental Registration ( Resident ) / Resident,https://compasskc.kcmo.org/EnerGov_Prod/SelfService#/permit/fe839431-0d01-4811-927d-b01779ea7512,https://mapd.kcmo.org/kcgis/rest/services/DataLayers/MapServer/34,2026-10-07
NSD-STR-02082,Issued,2026-11-22T00:00:00-06:00,2025-11-21T15:41:04-06:00,2912 Charlotte St,127115,Short Term Rental Registration ( Non-Resident ) / Non-Resident,https://compasskc.kcmo.org/EnerGov_Prod/SelfService#/permit/a86f7a84-bfe7-4b38-a71d-1e48c44e92b6,https://mapd.kcmo.org/kcgis/rest/services/DataLayers/MapServer/34,2026-10-07
NSD-STR-02083,Issued,2026-12-13T00:00:00-06:00,2025-12-12T07:38:02-06:00,5406 N Northwood Rd,167308,Short Term Rental Registration ( Resident ) / Resident,https://compasskc.kcmo.org/EnerGov_Prod/SelfService#/permit/53793181-684c-4b56-accf-c767dae74c8e,https://mapd.kcmo.org/kcgis/rest/services/DataLayers/MapServer/34,2026-10-07
NSD-STR-02084,Issued,2026-12-12T00:00:00-06:00,2025-12-11T16:21:03-06:00,3529 N Bellefontaine Ave,78483,Short Term Rental Registration ( Non-Resident ) / Non-Resident,https://compasskc.kcmo.org/EnerGov_Prod/SelfService#/permit/273d722e-0c01-44ac-a5a5-745de2f21182,https://mapd.kcmo.org/kcgis/rest/services/DataLayers/MapServer/34,2026-10-07
NSD-STR-02085,Issued,2026-11-25T00:00:00-06:00,2025-11-24T11:16:02-06:00,4216 Bridger Rd,131551,Short Term Rental Registration ( Non-Resident ) / Non-Resident,https://compasskc.kcmo.org/EnerGov_Prod/SelfService#/permit/6733e5e0-e4c5-4101-9331-33574a32dab9,https://mapd.kcmo.org/kcgis/rest/services/DataLayers/MapServer/34,2026-10-07
NSD-STR-02086,Issued,2026-12-16T00:00:00-06:00,2025-12-15T15:36:03-06:00,2842 E 7th St,10559,Short Term Rental Registration ( Resident ) / Resident,https://compasskc.kcmo.org/EnerGov_Prod/SelfService#/permit/29018174-c6f0-4e12-903e-6e5878c03ace,https://mapd.kcmo.org/kcgis/rest/services/DataLayers/MapServer/34,2026-10-07
NSD-STR-02089,Issued,2027-02-08T00:00:00-06:00,2026-02-07T08:49:08-06:00,1125 Grand Blvd 405,206965,Short Term Rental Registration ( Resident ) / Resident,https://compasskc.kcmo.org/EnerGov_Prod/SelfService#/permit/3d35ba99-39a4-4bb2-bc4e-eba9f7cefb75,https://mapd.kcmo.org/kcgis/rest/services/DataLayers/MapServer/34,2026-10-07
NSD-STR-02090,Issued,2027-01-06T00:00:00-06:00,2026-01-05T20:43:02-06:00,2533 Flora Ave,13962,Short Term Rental Registration ( Resident ) / Resident,https://compasskc.kcmo.org/EnerGov_Prod/SelfService#/permit/c252d816-6874-44f8-81f8-0e23eeabd908,https://mapd.kcmo.org/kcgis/rest/services/DataLayers/MapServer/34,2026-10-07
NSD-STR-02092,Issued,2026-12-17T00:00:00-06:00,2025-12-16T23:40:03-06:00,5805 Forest Ave,147287,Short Term Rental Registration ( Resident ) / Resident,https://compasskc.kcmo.org/EnerGov_Prod/SelfService#/permit/b69c0925-ba73-49c1-b2b5-040c4952482a,https://mapd.kcmo.org/kcgis/rest/services/DataLayers/MapServer/34,2026-10-07
NSD-STR-02094,Issued,2026-12-17T00:00:00-06:00,2025-12-16T14:19:02-06:00,4346 Harrison St,139030,Short Term Rental Registration ( Resident ) / Resident,https://compasskc.kcmo.org/EnerGov_Prod/SelfService#/permit/52078c83-ae46-4758-9aed-5c516402205d,https://mapd.kcmo.org/kcgis/rest/services/DataLayers/MapServer/34,2026-10-07
NSD-STR-02096,Issued,2026-12-09T00:00:00-06:00,2025-12-08T19:31:06-06:00,4625 Wyoming St,141388,Short Term Rental Registration ( Non-Resident ) / Non-Resident,https://compasskc.kcmo.org/EnerGov_Prod/SelfService#/permit/1e492092-fb27-4663-b5fa-bfdc157dd1c8,https://mapd.kcmo.org/kcgis/rest/services/DataLayers/MapServer/34,2026-10-07
NSD-STR-02097,Issued,2026-12-19T00:00:00-06:00,2025-12-18T12:36:02-06:00,2 Janssen Pl Fl 3,131745,Short Term Rental Registration ( Resident ) / Resident,https://compasskc.kcmo.org/EnerGov_Prod/SelfService#/permit/83c68c17-da71-491c-86e6-f69039d01399,https://mapd.kcmo.org/kcgis/rest/services/DataLayers/MapServer/34,2026-10-07
NSD-STR-02098,Issued,2027-02-08T00:00:00-06:00,2026-02-07T08:49:06-06:00,1125 Grand Blvd 505,206965,Short Term Rental Registration ( Resident ) / Resident,https://compasskc.kcmo.org/EnerGov_Prod/SelfService#/permit/c1c09df8-de2b-4b77-828b-f8d7076b3052,https://mapd.kcmo.org/kcgis/rest/services/DataLayers/MapServer/34,2026-10-07
NSD-STR-02099,Issued,2026-12-25T00:00:00-06:00,2025-12-24T12:29:03-06:00,600 E 72nd St,113240,Short Term Rental Registration ( Resident ) / Resident,https://compasskc.kcmo.org/EnerGov_Prod/SelfService#/permit/939d9a6d-aff4-4a7b-b850-d7eae65ccd11,https://mapd.kcmo.org/kcgis/rest/services/DataLayers/MapServer/34,2026-10-07
NSD-STR-02100,Issued,2026-12-10T00:00:00-06:00,2025-12-09T10:54:02-06:00,3137 McGee St,127568,Short Term Rental Registration ( Non-Resident ) / Non-Resident,https://compasskc.kcmo.org/EnerGov_Prod/SelfService#/permit/b84fd70f-1f95-46a7-b905-4bee8f946e9c,https://mapd.kcmo.org/kcgis/rest/services/DataLayers/MapServer/34,2026-10-07
NSD-STR-02101,Issued,2027-01-20T00:00:00-06:00,2026-01-19T11:23:02-06:00,633 E Armour Blvd,131817,Short Term Rental Registration ( Resident ) / Resident,https://compasskc.kcmo.org/EnerGov_Prod/SelfService#/permit/bbb27c0f-eead-47e1-ab20-632224a13d2a,https://mapd.kcmo.org/kcgis/rest/services/DataLayers/MapServer/34,2026-10-07
NSD-STR-02102,Issued,2027-01-15T00:00:00-06:00,2026-01-14T17:11:03-06:00,506 Brooklyn Ave,40153,Short Term Rental Registration ( Resident ) / Resident,https://compasskc.kcmo.org/EnerGov_Prod/SelfService#/permit/73399b9e-751a-4cb4-a3bb-7ef52dd7d506,https://mapd.kcmo.org/kcgis/rest/services/DataLayers/MapServer/34,2026-10-07
NSD-STR-02103,Issued,2027-01-03T00:00:00-06:00,2026-01-02T19:37:02-06:00,1820 Broadway Blvd,123607,Short Term Rental Registration ( Resident ) / Resident,https://compasskc.kcmo.org/EnerGov_Prod/SelfService#/permit/6472215b-441f-428c-a7d8-ac5b97b728aa,https://mapd.kcmo.org/kcgis/rest/services/DataLayers/MapServer/34,2026-10-07
NSD-STR-02104,Issued,2027-01-24T00:00:00-06:00,2026-01-23T12:18:03-06:00,300 N White Ave C,45743,Short Term Rental Registration ( Resident ) / Resident,https://compasskc.kcmo.org/EnerGov_Prod/SelfService#/permit/c8ae101d-21ca-4170-aefd-ac48c424bf1a,https://mapd.kcmo.org/kcgis/rest/services/DataLayers/MapServer/34,2026-10-07
NSD-STR-02105,Issued,2026-12-27T00:00:00-06:00,2025-12-26T10:15:07-06:00,505 W 77th St,120320,Short Term Rental Registration ( Resident ) / Resident,https://compasskc.kcmo.org/EnerGov_Prod/SelfService#/permit/9482c6fb-a3b9-4a4d-a465-50f80bb9fe98,https://mapd.kcmo.org/kcgis/rest/services/DataLayers/MapServer/34,2026-10-07
NSD-STR-02106,Issued,2026-12-10T00:00:00-06:00,2025-12-09T00:13:03-06:00,3949 Warwick Blvd,132559,Short Term Rental Registration ( Non-Resident ) / Non-Resident,https://compasskc.kcmo.org/EnerGov_Prod/SelfService#/permit/253b9cb7-4d16-452b-84bf-5c00e8f5856c,https://mapd.kcmo.org/kcgis/rest/services/DataLayers/MapServer/34,2026-10-07
NSD-STR-02107,Issued,2027-01-08T00:00:00-06:00,2026-01-07T11:29:09-06:00,1111 W 39th St G7,131358,Short Term Rental Registration ( Non-Resident ) / Non-Resident,https://compasskc.kcmo.org/EnerGov_Prod/SelfService#/permit/e80f0c6f-29d0-4144-a487-874deb138168,https://mapd.kcmo.org/kcgis/rest/services/DataLayers/MapServer/34,2026-10-07
NSD-STR-02108,Issued,2027-01-09T00:00:00-06:00,2026-01-08T18:07:02-06:00,1105 W 86th Ter,148661,Short Term Rental Registration ( Resident ) / Resident,https://compasskc.kcmo.org/EnerGov_Prod/SelfService#/permit/ac1ccdeb-4443-4d7b-90a9-977971aab70a,https://mapd.kcmo.org/kcgis/rest/services/DataLayers/MapServer/34,2026-10-07
NSD-STR-02110,Issued,2027-01-08T00:00:00-06:00,2026-01-07T11:29:07-06:00,1111 W 39th St G5,131358,Short Term Rental Registration ( Non-Resident ) / Non-Resident,https://compasskc.kcmo.org/EnerGov_Prod/SelfService#/permit/d3e5c45a-d43d-4f44-8e65-f3c784802baa,https://mapd.kcmo.org/kcgis/rest/services/DataLayers/MapServer/34,2026-10-07
NSD-STR-02112,Issued,2027-01-20T00:00:00-06:00,2026-01-19T15:45:10-06:00,3434 Charlotte St,128505,Short Term Rental Registration ( Resident ) / Resident,https://compasskc.kcmo.org/EnerGov_Prod/SelfService#/permit/1a7f337e-eec3-4157-b374-5e18b389794a,https://mapd.kcmo.org/kcgis/rest/services/DataLayers/MapServer/34,2026-10-07
NSD-STR-02113,Issued,2026-12-12T00:00:00-06:00,2025-12-11T12:19:02-06:00,4456 Pennsylvania Ave,140873,Short Term Rental Registration ( Non-Resident ) / Non-Resident,https://compasskc.kcmo.org/EnerGov_Prod/SelfService#/permit/3606c633-c7ef-4bd7-bebd-29930ad653b9,https://mapd.kcmo.org/kcgis/rest/services/DataLayers/MapServer/34,2026-10-07
NSD-STR-02114,Issued,2026-12-16T00:00:00-06:00,2025-12-15T12:24:02-06:00,4049 Pennsylvania Ave 400,263341,Short Term Rental Registration ( Non-Resident ) / Non-Resident,https://compasskc.kcmo.org/EnerGov_Prod/SelfService#/permit/7640c389-6055-40df-826d-d3e08a38f185,https://mapd.kcmo.org/kcgis/rest/services/DataLayers/MapServer/34,2026-10-07
NSD-STR-02115,Issued,2027-01-14T00:00:00-06:00,2026-01-13T13:49:03-06:00,8106 McGee St,119133,Short Term Rental Registration ( Resident ) / Resident,https://compasskc.kcmo.org/EnerGov_Prod/SelfService#/permit/d882e1ba-8f8c-4d1d-97b8-037280d7a3a0,https://mapd.kcmo.org/kcgis/rest/services/DataLayers/MapServer/34,2026-10-07
NSD-STR-02116,Issued,2027-01-22T00:00:00-06:00,2026-01-21T08:48:03-06:00,8658 Sleepy Hollow Rd,149702,Short Term Rental Registration ( Resident ) / Resident,https://compasskc.kcmo.org/EnerGov_Prod/SelfService#/permit/76e8a9f4-bf48-4c48-a0a9-156d213fb2a1,https://mapd.kcmo.org/kcgis/rest/services/DataLayers/MapServer/34,2026-10-07
NSD-STR-02117,Issued,2027-01-08T00:00:00-06:00,2026-01-07T11:29:05-06:00,1111 W 39th St G1,131358,Short Term Rental Registration ( Non-Resident ) / Non-Resident,https://compasskc.kcmo.org/EnerGov_Prod/SelfService#/permit/589063b3-6976-4e81-a1f9-ef7b6e664fcf,https://mapd.kcmo.org/kcgis/rest/services/DataLayers/MapServer/34,2026-10-07
NSD-STR-02118,Issued,2027-01-08T00:00:00-06:00,2026-01-07T11:29:11-06:00,501 W 11th St 410,123009,Short Term Rental Registration ( Non-Resident ) / Non-Resident,https://compasskc.kcmo.org/EnerGov_Prod/SelfService#/permit/3283539a-7a95-411a-a564-046bdbc9ef4e,https://mapd.kcmo.org/kcgis/rest/services/DataLayers/MapServer/34,2026-10-07
NSD-STR-02119,Issued,2027-01-05T00:00:00-06:00,2026-01-04T10:27:05-06:00,436 E 81st St,119416,Short Term Rental Registration ( Non-Resident ) / Non-Resident,https://compasskc.kcmo.org/EnerGov_Prod/SelfService#/permit/4bb24390-f381-41d8-8992-d1f81298145e,https://mapd.kcmo.org/kcgis/rest/services/DataLayers/MapServer/34,2026-10-07
NSD-STR-02120,Issued,2027-01-12T00:00:00-06:00,2026-01-11T09:20:03-06:00,426 W 5th St FL 2,148458,Short Term Rental Registration ( Resident ) / Resident,https://compasskc.kcmo.org/EnerGov_Prod/SelfService#/permit/6581377b-279a-4528-8d25-71b362af7597,https://mapd.kcmo.org/kcgis/rest/services/DataLayers/MapServer/34,2026-10-07
NSD-STR-02121,Issued,2027-01-22T00:00:00-06:00,2026-01-21T16:45:03-06:00,7319 Mercier St,110510,Short Term Rental Registration ( Resident ) / Resident,https://compasskc.kcmo.org/EnerGov_Prod/SelfService#/permit/45a9706f-36f2-422a-8227-12af4ed6b915,https://mapd.kcmo.org/kcgis/rest/services/DataLayers/MapServer/34,2026-10-07
NSD-STR-02122,Issued,2026-12-13T00:00:00-06:00,2025-12-12T19:29:02-06:00,3408 Campbell St,285524,Short Term Rental Registration ( Non-Resident ) / Non-Resident,https://compasskc.kcmo.org/EnerGov_Prod/SelfService#/permit/72bb131a-8f46-46ae-b60a-0e45e3ae227e,https://mapd.kcmo.org/kcgis/rest/services/DataLayers/MapServer/34,2026-10-07
NSD-STR-02124,Issued,2026-12-22T00:00:00-06:00,2025-12-21T12:09:04-06:00,4131 Charlotte St,133578,Short Term Rental Registration ( Non-Resident ) / Non-Resident,https://compasskc.kcmo.org/EnerGov_Prod/SelfService#/permit/43137bdb-03c2-4914-91e4-47f1afbb751a,https://mapd.kcmo.org/kcgis/rest/services/DataLayers/MapServer/34,2026-10-07
NSD-STR-02125,Issued,2026-12-22T00:00:00-06:00,2025-12-21T12:09:09-06:00,3921 Clark Ave,131289,Short Term Rental Registration ( Non-Resident ) / Non-Resident,https://compasskc.kcmo.org/EnerGov_Prod/SelfService#/permit/3f9a1c5e-c3ac-430d-a55a-ff9bd2ec1e1c,https://mapd.kcmo.org/kcgis/rest/services/DataLayers/MapServer/34,2026-10-07
NSD-STR-02126,Issued,2027-01-06T00:00:00-06:00,2026-01-05T17:06:03-06:00,11116 Kensington Ave,61269,Short Term Rental Registration ( Resident ) / Resident,https://compasskc.kcmo.org/EnerGov_Prod/SelfService#/permit/7922bfb4-2f7d-45fa-b007-f78e4d278917,https://mapd.kcmo.org/kcgis/rest/services/DataLayers/MapServer/34,2026-10-07
NSD-STR-02127,Issued,2026-12-22T00:00:00-06:00,2025-12-21T12:09:06-06:00,4163 Roanoke Rd,131456,Short Term Rental Registration ( Non-Resident ) / Non-Resident,https://compasskc.kcmo.org/EnerGov_Prod/SelfService#/permit/87ca0955-847e-4d90-8be9-41f69f56e72d,https://mapd.kcmo.org/kcgis/rest/services/DataLayers/MapServer/34,2026-10-07
NSD-STR-02128,Issued,2026-12-22T00:00:00-06:00,2025-12-21T12:09:08-06:00,4240 Holmes St,133440,Short Term Rental Registration ( Non-Resident ) / Non-Resident,https://compasskc.kcmo.org/EnerGov_Prod/SelfService#/permit/923bd857-bbca-49dd-a2f2-bc9de049af87,https://mapd.kcmo.org/kcgis/rest/services/DataLayers/MapServer/34,2026-10-07
NSD-STR-02129,Issued,2026-12-22T00:00:00-06:00,2025-12-21T11:59:02-06:00,323 Emanuel Cleaver II Blvd 8E,225652,Short Term Rental Registration ( Non-Resident ) / Non-Resident,https://compasskc.kcmo.org/EnerGov_Prod/SelfService#/permit/976d8033-e5cf-442f-8fd1-943a602c5a33,https://mapd.kcmo.org/kcgis/rest/services/DataLayers/MapServer/34,2026-10-07
NSD-STR-02130,Issued,2026-12-22T00:00:00-06:00,2025-12-21T12:09:02-06:00,323 Emanuel Cleaver II Blvd 7E,225652,Short Term Rental Registration ( Non-Resident ) / Non-Resident,https://compasskc.kcmo.org/EnerGov_Prod/SelfService#/permit/ba6769e8-7595-402b-8d0c-636a95d0df5a,https://mapd.kcmo.org/kcgis/rest/services/DataLayers/MapServer/34,2026-10-07
NSD-STR-02132,Issued,2026-12-17T00:00:00-06:00,2025-12-16T22:39:02-06:00,5417 Paseo,146702,Short Term Rental Registration ( Non-Resident ) / Non-Resident,https://compasskc.kcmo.org/EnerGov_Prod/SelfService#/permit/7b62a6c0-3cd7-4588-8189-7665f137e4e9,https://mapd.kcmo.org/kcgis/rest/services/DataLayers/MapServer/34,2026-10-07
NSD-STR-02134,Issued,2026-12-20T00:00:00-06:00,2025-12-19T18:42:02-06:00,1119 Garfield Ave,11777,Short Term Rental Registration ( Non-Resident ) / Non-Resident,https://compasskc.kcmo.org/EnerGov_Prod/SelfService#/permit/1670b2ff-caf3-4b94-a708-58ba1303cc03,https://mapd.kcmo.org/kcgis/rest/services/DataLayers/MapServer/34,2026-10-07
NSD-STR-02139,Issued,2026-12-24T00:00:00-06:00,2025-12-23T09:57:03-06:00,3938 Forest Ave,135757,Short Term Rental Registration ( Non-Resident ) / Non-Resident,https://compasskc.kcmo.org/EnerGov_Prod/SelfService#/permit/874b26df-ee68-4cae-8c13-2b9cdf051a97,https://mapd.kcmo.org/kcgis/rest/services/DataLayers/MapServer/34,2026-10-07
NSD-STR-02140,Issued,2026-12-18T00:00:00-06:00,2025-12-17T15:53:03-06:00,4807 Terrace St,142042,Short Term Rental Registration ( Non-Resident ) / Non-Resident,https://compasskc.kcmo.org/EnerGov_Prod/SelfService#/permit/532b2cb4-9572-41de-84b0-2ff610344c3f,https://mapd.kcmo.org/kcgis/rest/services/DataLayers/MapServer/34,2026-10-07
NSD-STR-02143,Issued,2027-01-17T00:00:00-06:00,2026-01-16T15:55:04-06:00,7534 Harrison St,117640,Short Term Rental Registration ( Resident ) / Resident,https://compasskc.kcmo.org/EnerGov_Prod/SelfService#/permit/4137c7a8-11ab-4e76-9ddc-ab018f04e474,https://mapd.kcmo.org/kcgis/rest/services/DataLayers/MapServer/34,2026-10-07
NSD-STR-02144,Issued,2027-02-14T00:00:00-06:00,2026-02-13T15:44:03-06:00,5421 Main St,144011,Short Term Rental Registration ( Resident ) / Resident,https://compasskc.kcmo.org/EnerGov_Prod/SelfService#/permit/90c4e4a3-43f9-4c02-a009-cbc7549512e5,https://mapd.kcmo.org/kcgis/rest/services/DataLayers/MapServer/34,2026-10-07
NSD-STR-02145,Issued,2027-05-21T00:00:00-05:00,2026-05-20T07:07:03-05:00,4804 NW 78th Ter,162411,Short Term Rental Registration ( Resident ) / Resident,https://compasskc.kcmo.org/EnerGov_Prod/SelfService#/permit/181b8aa0-6b0e-487e-bafd-1d61985df2d3,https://mapd.kcmo.org/kcgis/rest/services/DataLayers/MapServer/34,2026-10-07
NSD-STR-02146,Issued,2027-01-10T00:00:00-06:00,2026-01-09T17:15:03-06:00,4500 Jefferson St STE 305,249821,Short Term Rental Registration ( Non-Resident ) / Non-Resident,https://compasskc.kcmo.org/EnerGov_Prod/SelfService#/permit/b3d43165-1768-4ffc-b771-8cfc87926834,https://mapd.kcmo.org/kcgis/rest/services/DataLayers/MapServer/34,2026-10-07
NSD-STR-02148,Issued,2027-02-08T00:00:00-06:00,2026-02-07T14:45:03-06:00,7621 Jarboe St,119916,Short Term Rental Registration ( Resident ) / Resident,https://compasskc.kcmo.org/EnerGov_Prod/SelfService#/permit/948e32a7-6721-4730-aee9-abd0a1c36154,https://mapd.kcmo.org/kcgis/rest/services/DataLayers/MapServer/34,2026-10-07
NSD-STR-02150,Issued,2027-01-31T00:00:00-06:00,2026-01-30T09:13:05-06:00,12605 Charlotte St,242951,Short Term Rental Registration ( Resident ) / Resident,https://compasskc.kcmo.org/EnerGov_Prod/SelfService#/permit/ad389420-fd5c-4853-a2a8-b8ab788c6075,https://mapd.kcmo.org/kcgis/rest/services/DataLayers/MapServer/34,2026-10-07
NSD-STR-02152,Issued,2027-01-03T00:00:00-06:00,2026-01-02T21:07:02-06:00,7209 Washington St,110579,Short Term Rental Registration ( Non-Resident ) / Non-Resident,https://compasskc.kcmo.org/EnerGov_Prod/SelfService#/permit/df97f1c8-9bc2-42fd-aacc-eb3ba8cc957b,https://mapd.kcmo.org/kcgis/rest/services/DataLayers/MapServer/34,2026-10-07
NSD-STR-02153,Issued,2027-01-24T00:00:00-06:00,2026-01-23T17:07:02-06:00,7941 N Lane Ave,225307,Short Term Rental Registration ( Resident ) / Resident,https://compasskc.kcmo.org/EnerGov_Prod/SelfService#/permit/fa8b0a6e-2122-4042-94d9-19fe205ed414,https://mapd.kcmo.org/kcgis/rest/services/DataLayers/MapServer/34,2026-10-07
NSD-STR-02155,Issued,2027-02-19T00:00:00-06:00,2026-02-18T10:31:03-06:00,1211 Michigan Ave,252135,Short Term Rental Registration ( Resident ) / Resident,https://compasskc.kcmo.org/EnerGov_Prod/SelfService#/permit/fd904633-2ddd-4e09-97e6-61d6fab6bac6,https://mapd.kcmo.org/kcgis/rest/services/DataLayers/MapServer/34,2026-10-07
NSD-STR-02156,Issued,2027-01-02T00:00:00-06:00,2026-01-01T07:32:02-06:00,820 W 39th Ter,131283,Short Term Rental Registration ( Non-Resident ) / Non-Resident,https://compasskc.kcmo.org/EnerGov_Prod/SelfService#/permit/0a682a85-4885-4c1a-a894-22de26931019,https://mapd.kcmo.org/kcgis/rest/services/DataLayers/MapServer/34,2026-10-07
NSD-STR-02157,Issued,2027-01-08T00:00:00-06:00,2026-01-07T11:13:04-06:00,1328 E 41st St,135641,Short Term Rental Registration ( Non-Resident ) / Non-Resident,https://compasskc.kcmo.org/EnerGov_Prod/SelfService#/permit/0cbce014-a1bf-4fd5-bfbe-61d0f58e0604,https://mapd.kcmo.org/kcgis/rest/services/DataLayers/MapServer/34,2026-10-07
NSD-STR-02158,Issued,2027-01-06T00:00:00-06:00,2026-01-05T10:13:03-06:00,3316 Summit St,129395,Short Term Rental Registration ( Non-Resident ) / Non-Resident,https://compasskc.kcmo.org/EnerGov_Prod/SelfService#/permit/9e280488-def6-4b56-8702-6a31fc722eee,https://mapd.kcmo.org/kcgis/rest/services/DataLayers/MapServer/34,2026-10-07
NSD-STR-02159,Issued,2027-02-22T00:00:00-06:00,2026-02-21T16:25:03-06:00,4447 Jarboe St,140659,Short Term Rental Registration ( Resident ) / Resident,https://compasskc.kcmo.org/EnerGov_Prod/SelfService#/permit/ee661973-4a14-488c-a91f-214a9196c6ce,https://mapd.kcmo.org/kcgis/rest/services/DataLayers/MapServer/34,2026-10-07
NSD-STR-02160,Issued,2027-01-06T00:00:00-06:00,2026-01-05T16:14:05-06:00,8601 Highland Ave,150655,Short Term Rental Registration ( Non-Resident ) / Non-Resident,https://compasskc.kcmo.org/EnerGov_Prod/SelfService#/permit/06fd86e1-be0d-427a-a4fd-e76809aa8be6,https://mapd.kcmo.org/kcgis/rest/services/DataLayers/MapServer/34,2026-10-07
NSD-STR-02162,Issued,2027-02-10T00:00:00-06:00,2026-02-09T12:01:03-06:00,1807 Jefferson St,260746,Short Term Rental Registration ( Resident ) / Resident,https://compasskc.kcmo.org/EnerGov_Prod/SelfService#/permit/8c77aaa7-dd5c-46f5-aeae-37070ac4d13f,https://mapd.kcmo.org/kcgis/rest/services/DataLayers/MapServer/34,2026-10-07
NSD-STR-02163,Issued,2027-03-02T00:00:00-06:00,2026-03-01T12:08:02-06:00,5429 Garfield Ave,145665,Short Term Rental Registration ( Resident ) / Resident,https://compasskc.kcmo.org/EnerGov_Prod/SelfService#/permit/e0148a85-27d3-4d8c-b03f-9d0a9a5ea339,https://mapd.kcmo.org/kcgis/rest/services/DataLayers/MapServer/34,2026-10-07
NSD-STR-02165,Issued,2027-02-03T00:00:00-06:00,2026-02-02T17:05:04-06:00,4522 Tracy Ave,137946,Short Term Rental Registration ( Resident ) / Resident,https://compasskc.kcmo.org/EnerGov_Prod/SelfService#/permit/80bc5c16-70d2-4099-8ca6-f03446eb5900,https://mapd.kcmo.org/kcgis/rest/services/DataLayers/MapServer/34,2026-10-07
NSD-STR-02168,Issued,2027-01-03T00:00:00-06:00,2026-01-02T20:56:02-06:00,4632 Terrace St,141617,Short Term Rental Registration ( Non-Resident ) / Non-Resident,https://compasskc.kcmo.org/EnerGov_Prod/SelfService#/permit/3698b654-d55d-4808-8875-fccdfc806646,https://mapd.kcmo.org/kcgis/rest/services/DataLayers/MapServer/34,2026-10-07
NSD-STR-02169,Issued,2027-02-21T00:00:00-06:00,2026-02-20T16:26:03-06:00,5117 Walnut St,143594,Short Term Rental Registration ( Resident ) / Resident,https://compasskc.kcmo.org/EnerGov_Prod/SelfService#/permit/0547e908-3b6a-4475-8c16-cab0b4883274,https://mapd.kcmo.org/kcgis/rest/services/DataLayers/MapServer/34,2026-10-07
NSD-STR-02171,Issued,2027-01-08T00:00:00-06:00,2026-01-07T19:03:04-06:00,1042 E 5th St 1,39220,Short Term Rental Registration ( Non-Resident ) / Non-Resident,https://compasskc.kcmo.org/EnerGov_Prod/SelfService#/permit/d18c1ae9-114a-4eb5-bb43-c769971bf030,https://mapd.kcmo.org/kcgis/rest/services/DataLayers/MapServer/34,2026-10-07
NSD-STR-02172,Issued,2027-01-08T00:00:00-06:00,2026-01-07T19:03:02-06:00,1042 E 5th St 2,39220,Short Term Rental Registration ( Non-Resident ) / Non-Resident,https://compasskc.kcmo.org/EnerGov_Prod/SelfService#/permit/2c98adcf-f245-4de4-90fd-7b96c0d98bcf,https://mapd.kcmo.org/kcgis/rest/services/DataLayers/MapServer/34,2026-10-07
NSD-STR-02173,Issued,2027-01-24T00:00:00-06:00,2026-01-23T16:24:03-06:00,115 N Clinton Pl,40615,Short Term Rental Registration ( Resident ) / Resident,https://compasskc.kcmo.org/EnerGov_Prod/SelfService#/permit/cff1a9a7-56d7-430a-bcf5-d4b720ab5315,https://mapd.kcmo.org/kcgis/rest/services/DataLayers/MapServer/34,2026-10-07
NSD-STR-02174,Issued,2027-01-11T00:00:00-06:00,2026-01-10T09:31:02-06:00,2034 Jefferson St,123871,Short Term Rental Registration ( Non-Resident ) / Non-Resident,https://compasskc.kcmo.org/EnerGov_Prod/SelfService#/permit/a16dbb8b-1ac5-4094-aa46-1153caa89059,https://mapd.kcmo.org/kcgis/rest/services/DataLayers/MapServer/34,2026-10-07
NSD-STR-02175,Issued,2027-01-30T00:00:00-06:00,2026-01-29T13:41:02-06:00,3223 Independence Ave,10376,Short Term Rental Registration ( Resident ) / Resident,https://compasskc.kcmo.org/EnerGov_Prod/SelfService#/permit/7d0d5f7a-8e87-4ba4-929f-0b96407b1662,https://mapd.kcmo.org/kcgis/rest/services/DataLayers/MapServer/34,2026-10-07
NSD-STR-02176,Issued,2027-01-11T00:00:00-06:00,2026-01-10T01:04:02-06:00,10243 N Green Hills Rd,171576,Short Term Rental Registration ( Non-Resident ) / Non-Resident,https://compasskc.kcmo.org/EnerGov_Prod/SelfService#/permit/cc9ac019-555d-48ce-8015-8f6fd4423ce0,https://mapd.kcmo.org/kcgis/rest/services/DataLayers/MapServer/34,2026-10-07
NSD-STR-02178,Issued,2027-04-27T00:00:00-05:00,2026-04-26T17:23:02-05:00,3401 Harrison St,128554,Short Term Rental Registration ( Resident ) / Resident,https://compasskc.kcmo.org/EnerGov_Prod/SelfService#/permit/1318f411-019e-4a5d-80aa-7254fd13d50a,https://mapd.kcmo.org/kcgis/rest/services/DataLayers/MapServer/34,2026-10-07
NSD-STR-02179,Issued,2027-02-04T00:00:00-06:00,2026-02-03T20:29:02-06:00,3301 NW 87th St,233720,Short Term Rental Registration ( Resident ) / Resident,https://compasskc.kcmo.org/EnerGov_Prod/SelfService#/permit/0110c7f4-2350-4b5f-8fbd-ae8e1fae28f8,https://mapd.kcmo.org/kcgis/rest/services/DataLayers/MapServer/34,2026-10-07
NSD-STR-02181,Issued,2027-01-14T00:00:00-06:00,2026-01-13T11:06:03-06:00,1005 W 77th St,120058,Short Term Rental Registration ( Non-Resident ) / Non-Resident,https://compasskc.kcmo.org/EnerGov_Prod/SelfService#/permit/521c4913-718b-4d26-aacc-96189c32c785,https://mapd.kcmo.org/kcgis/rest/services/DataLayers/MapServer/34,2026-10-07
NSD-STR-02183,Issued,2027-01-08T00:00:00-06:00,2026-01-07T10:28:02-06:00,1100 W 48th St,142459,Short Term Rental Registration ( Non-Resident ) / Non-Resident,https://compasskc.kcmo.org/EnerGov_Prod/SelfService#/permit/6c9b6e1b-3035-44af-856f-5894f35d6d3c,https://mapd.kcmo.org/kcgis/rest/services/DataLayers/MapServer/34,2026-10-07
NSD-STR-02185,Issued,2027-01-09T00:00:00-06:00,2026-01-08T23:33:02-06:00,3009 Oak St,127026,Short Term Rental Registration ( Non-Resident ) / Non-Resident,https://compasskc.kcmo.org/EnerGov_Prod/SelfService#/permit/e48c7810-0b27-4906-9c72-971947e03bbb,https://mapd.kcmo.org/kcgis/rest/services/DataLayers/MapServer/34,2026-10-07
NSD-STR-02189,Issued,2027-02-26T00:00:00-06:00,2026-02-25T22:37:02-06:00,3331 Woodland Ave Basement,126351,Short Term Rental Registration ( Resident ) / Resident,https://compasskc.kcmo.org/EnerGov_Prod/SelfService#/permit/74bad5bf-ace8-4f48-ac4c-ee30d7eac3c7,https://mapd.kcmo.org/kcgis/rest/services/DataLayers/MapServer/34,2026-10-07
NSD-STR-02190,Issued,2027-01-27T00:00:00-06:00,2026-01-26T13:38:03-06:00,920 Main St 1505,122486,Short Term Rental Registration ( Non-Resident ) / Non-Resident,https://compasskc.kcmo.org/EnerGov_Prod/SelfService#/permit/6541cbee-d9c5-4151-896f-b309e7c2f85b,https://mapd.kcmo.org/kcgis/rest/services/DataLayers/MapServer/34,2026-10-07
NSD-STR-02191,Issued,2027-01-10T00:00:00-06:00,2026-01-09T08:40:03-06:00,4136 Oak St,132930,Short Term Rental Registration ( Non-Resident ) / Non-Resident,https://compasskc.kcmo.org/EnerGov_Prod/SelfService#/permit/7a3ea79d-2601-4b99-9c02-debad492fbe7,https://mapd.kcmo.org/kcgis/rest/services/DataLayers/MapServer/34,2026-10-07
NSD-STR-02192,Issued,2027-02-19T00:00:00-06:00,2026-02-18T11:53:05-06:00,301 N Van Brunt Blvd,43835,Short Term Rental Registration ( Resident ) / Resident,https://compasskc.kcmo.org/EnerGov_Prod/SelfService#/permit/8729637c-6a59-4410-9d8b-684cf08806f1,https://mapd.kcmo.org/kcgis/rest/services/DataLayers/MapServer/34,2026-10-07
NSD-STR-02193,Issued,2027-02-14T00:00:00-06:00,2026-02-13T10:39:02-06:00,2309 Summit St,124240,Short Term Rental Registration ( Resident ) / Resident,https://compasskc.kcmo.org/EnerGov_Prod/SelfService#/permit/047613a2-b8a5-40fa-aa85-6ad1d2c50cb4,https://mapd.kcmo.org/kcgis/rest/services/DataLayers/MapServer/34,2026-10-07
NSD-STR-02194,Issued,2027-01-17T00:00:00-06:00,2026-01-16T14:35:04-06:00,204 W 73rd Ter,112669,Short Term Rental Registration ( Non-Resident ) / Non-Resident,https://compasskc.kcmo.org/EnerGov_Prod/SelfService#/permit/40bf3f8e-eeba-4534-b8e8-322a31d0f5c2,https://mapd.kcmo.org/kcgis/rest/services/DataLayers/MapServer/34,2026-10-07
NSD-STR-02195,Issued,2027-01-08T00:00:00-06:00,2026-01-07T17:52:02-06:00,3221 E 11th St,10948,Short Term Rental Registration ( Non-Resident ) / Non-Resident,https://compasskc.kcmo.org/EnerGov_Prod/SelfService#/permit/2b4f6c1f-b1ee-434c-8c63-acc125fa9745,https://mapd.kcmo.org/kcgis/rest/services/DataLayers/MapServer/34,2026-10-07
NSD-STR-02196,Issued,2027-01-08T00:00:00-06:00,2026-01-07T17:52:04-06:00,908 E 33rd St,128103,Short Term Rental Registration ( Non-Resident ) / Non-Resident,https://compasskc.kcmo.org/EnerGov_Prod/SelfService#/permit/4f96af6b-9847-449b-8be1-c0449e6c3573,https://mapd.kcmo.org/kcgis/rest/services/DataLayers/MapServer/34,2026-10-07
NSD-STR-02197,Issued,2027-02-22T00:00:00-06:00,2026-02-21T00:56:02-06:00,2132 Maddi Ave,122019,Short Term Rental Registration ( Resident ) / Resident,https://compasskc.kcmo.org/EnerGov_Prod/SelfService#/permit/e85bc111-61d8-4996-b31c-92aae8056412,https://mapd.kcmo.org/kcgis/rest/services/DataLayers/MapServer/34,2026-10-07
NSD-STR-02199,Issued,2027-02-18T00:00:00-06:00,2026-02-17T15:56:23-06:00,330 Wabash Ave,40255,Short Term Rental Registration ( Resident ) / Resident,https://compasskc.kcmo.org/EnerGov_Prod/SelfService#/permit/a951a103-cce6-429f-a0ba-a931a8ec6cf1,https://mapd.kcmo.org/kcgis/rest/services/DataLayers/MapServer/34,2026-10-07
NSD-STR-02200,Issued,2027-02-27T00:00:00-06:00,2026-02-26T20:09:02-06:00,4719 Vermont Ave,49495,Short Term Rental Registration ( Resident ) / Resident,https://compasskc.kcmo.org/EnerGov_Prod/SelfService#/permit/e2ccce65-319b-4954-b374-09bef034cd3e,https://mapd.kcmo.org/kcgis/rest/services/DataLayers/MapServer/34,2026-10-07
NSD-STR-02201,Issued,2027-04-15T00:00:00-05:00,2026-04-14T18:58:03-05:00,9215 Montgall Ave,55936,Short Term Rental Registration ( Resident ) / Resident,https://compasskc.kcmo.org/EnerGov_Prod/SelfService#/permit/2e914fd0-5272-41d0-8ffe-3c953bcc067e,https://mapd.kcmo.org/kcgis/rest/services/DataLayers/MapServer/34,2026-10-07
NSD-STR-02202,Issued,2027-03-21T00:00:00-05:00,2026-03-20T10:28:09-05:00,102 W 65th St,107182,Short Term Rental Registration ( Resident ) / Resident,https://compasskc.kcmo.org/EnerGov_Prod/SelfService#/permit/52d94a52-c3ed-479e-8c49-a3262aef0222,https://mapd.kcmo.org/kcgis/rest/services/DataLayers/MapServer/34,2026-10-07
NSD-STR-02203,Issued,2027-04-26T00:00:00-05:00,2026-04-25T15:52:02-05:00,3023 Bellefontaine Ave,24749,Short Term Rental Registration ( Resident ) / Resident,https://compasskc.kcmo.org/EnerGov_Prod/SelfService#/permit/e8ab9be3-fa5a-47bd-bd67-b55594461c01,https://mapd.kcmo.org/kcgis/rest/services/DataLayers/MapServer/34,2026-10-07
NSD-STR-02205,Issued,2027-02-25T00:00:00-06:00,2026-02-24T10:18:02-06:00,4125 Kenwood Ave,133337,Short Term Rental Registration ( Resident ) / Resident,https://compasskc.kcmo.org/EnerGov_Prod/SelfService#/permit/9d3ec824-47cd-4086-8404-42020758adb4,https://mapd.kcmo.org/kcgis/rest/services/DataLayers/MapServer/34,2026-10-07
NSD-STR-02207,Issued,2027-01-23T00:00:00-06:00,2026-01-22T15:36:03-06:00,2500 NE 43rd St,83221,Short Term Rental Registration ( Non-Resident ) / Non-Resident,https://compasskc.kcmo.org/EnerGov_Prod/SelfService#/permit/d24108cb-17ca-4caf-95d3-fc0e8cc78a5c,https://mapd.kcmo.org/kcgis/rest/services/DataLayers/MapServer/34,2026-10-07
NSD-STR-02208,Issued,2027-01-14T00:00:00-06:00,2026-01-13T22:31:02-06:00,3532 St John Ave,40549,Short Term Rental Registration ( Non-Resident ) / Non-Resident,https://compasskc.kcmo.org/EnerGov_Prod/SelfService#/permit/392e2aca-4599-430c-811a-f4998555edfc,https://mapd.kcmo.org/kcgis/rest/services/DataLayers/MapServer/34,2026-10-07
NSD-STR-02209,Issued,2027-03-03T00:00:00-06:00,2026-03-02T21:18:02-06:00,997 Pennsylvania Ave,247598,Short Term Rental Registration ( Resident ) / Resident,https://compasskc.kcmo.org/EnerGov_Prod/SelfService#/permit/a466dfeb-e19d-4821-9f3c-5196cacb9719,https://mapd.kcmo.org/kcgis/rest/services/DataLayers/MapServer/34,2026-10-07
NSD-STR-02210,Issued,2027-02-19T00:00:00-06:00,2026-02-18T11:08:04-06:00,6737 Rockhill Rd,111317,Short Term Rental Registration ( Resident ) / Resident,https://compasskc.kcmo.org/EnerGov_Prod/SelfService#/permit/5644acf8-2ea5-4089-b89e-8b0ccd9b7f4b,https://mapd.kcmo.org/kcgis/rest/services/DataLayers/MapServer/34,2026-10-07
NSD-STR-02211,Issued,2027-03-03T00:00:00-06:00,2026-03-02T14:09:02-06:00,3222 Tracy Ave,125635,Short Term Rental Registration ( Resident ) / Resident,https://compasskc.kcmo.org/EnerGov_Prod/SelfService#/permit/3a05477e-dfbb-4a5f-9c85-cfac8f1440a0,https://mapd.kcmo.org/kcgis/rest/services/DataLayers/MapServer/34,2026-10-07
NSD-STR-02212,Issued,2027-04-12T00:00:00-05:00,2026-04-11T06:22:05-05:00,5101 Lister Ave,37614,Short Term Rental Registration ( Resident ) / Resident,https://compasskc.kcmo.org/EnerGov_Prod/SelfService#/permit/e2d3829f-136b-41cf-85ae-66732fe36915,https://mapd.kcmo.org/kcgis/rest/services/DataLayers/MapServer/34,2026-10-07
NSD-STR-02217,Issued,2027-03-07T00:00:00-06:00,2026-03-06T11:01:03-06:00,5102 Walnut St,143601,Short Term Rental Registration ( Resident ) / Resident,https://compasskc.kcmo.org/EnerGov_Prod/SelfService#/permit/cadec232-f5ee-4971-ac68-f182d4e4a3ce,https://mapd.kcmo.org/kcgis/rest/services/DataLayers/MapServer/34,2026-10-07
NSD-STR-02218,Issued,2027-01-22T00:00:00-06:00,2026-01-21T12:04:03-06:00,5830 Virginia Ave,147297,Short Term Rental Registration ( Non-Resident ) / Non-Resident,https://compasskc.kcmo.org/EnerGov_Prod/SelfService#/permit/ca649c5e-f950-4aab-9075-1fc23bc72a3f,https://mapd.kcmo.org/kcgis/rest/services/DataLayers/MapServer/34,2026-10-07
NSD-STR-02220,Issued,2027-03-11T00:00:00-06:00,2026-03-10T13:14:03-05:00,4129 Woodland Ave,259247,Short Term Rental Registration ( Resident ) / Resident,https://compasskc.kcmo.org/EnerGov_Prod/SelfService#/permit/29d9a40c-b61a-4bdd-a9ee-8f9a7f56c9c3,https://mapd.kcmo.org/kcgis/rest/services/DataLayers/MapServer/34,2026-10-07
NSD-STR-02221,Issued,2027-03-05T00:00:00-06:00,2026-03-04T11:18:05-06:00,2924 E 29th St,24904,Short Term Rental Registration ( Resident ) / Resident,https://compasskc.kcmo.org/EnerGov_Prod/SelfService#/permit/518a3394-11b2-4c13-824d-edfd18918397,https://mapd.kcmo.org/kcgis/rest/services/DataLayers/MapServer/34,2026-10-07
NSD-STR-02224,Issued,2027-06-09T00:00:00-05:00,2026-06-08T13:52:07-05:00,321 Bellefontaine Ave,40814,Short Term Rental Registration ( Resident ) / Resident,https://compasskc.kcmo.org/EnerGov_Prod/SelfService#/permit/1ca653db-fca6-4df5-a2e0-860b7f80b1b5,https://mapd.kcmo.org/kcgis/rest/services/DataLayers/MapServer/34,2026-10-07
NSD-STR-02225,Issued,2027-02-14T00:00:00-06:00,2026-02-13T17:12:03-06:00,5924 Harrison St,105741,Short Term Rental Registration ( Resident ) / Resident,https://compasskc.kcmo.org/EnerGov_Prod/SelfService#/permit/26c383c0-42b0-4545-b7a5-61aa077fbefd,https://mapd.kcmo.org/kcgis/rest/services/DataLayers/MapServer/34,2026-10-07
NSD-STR-02227,Issued,2027-02-19T00:00:00-06:00,2026-02-18T16:07:03-06:00,408 E 74th St,113411,Short Term Rental Registration ( Resident ) / Resident,https://compasskc.kcmo.org/EnerGov_Prod/SelfService#/permit/dda76c9f-853a-4c59-bb03-bc53c0fb3ebd,https://mapd.kcmo.org/kcgis/rest/services/DataLayers/MapServer/34,2026-10-07
NSD-STR-02229,Issued,2027-01-31T00:00:00-06:00,2026-01-30T11:07:10-06:00,3316 Summit St 2,129395,Short Term Rental Registration ( Non-Resident ) / Non-Resident,https://compasskc.kcmo.org/EnerGov_Prod/SelfService#/permit/94f8dd92-b5e7-4f0c-98a3-4d8851eefde7,https://mapd.kcmo.org/kcgis/rest/services/DataLayers/MapServer/34,2026-10-07
NSD-STR-02230,Issued,2027-03-04T00:00:00-06:00,2026-03-03T16:23:02-06:00,501 W 11th St 501,123009,Short Term Rental Registration ( Non-Resident ) / Non-Resident,https://compasskc.kcmo.org/EnerGov_Prod/SelfService#/permit/6eecb9bd-7e35-4c1d-a6d5-e28cc5958a4c,https://mapd.kcmo.org/kcgis/rest/services/DataLayers/MapServer/34,2026-10-07
NSD-STR-02233,Issued,2027-04-11T00:00:00-05:00,2026-04-10T11:53:02-05:00,8602 E 59th St,52052,Short Term Rental Registration ( Resident ) / Resident,https://compasskc.kcmo.org/EnerGov_Prod/SelfService#/permit/2d539dc4-e165-431f-b63c-b9fdf47e9ef6,https://mapd.kcmo.org/kcgis/rest/services/DataLayers/MapServer/34,2026-10-07
NSD-STR-02234,Issued,2027-02-11T00:00:00-06:00,2026-02-10T10:59:05-06:00,4205 State Line Rd,130815,Short Term Rental Registration ( Non-Resident ) / Non-Resident,https://compasskc.kcmo.org/EnerGov_Prod/SelfService#/permit/4a36b0d1-823c-4f45-ab3a-f604929ea97c,https://mapd.kcmo.org/kcgis/rest/services/DataLayers/MapServer/34,2026-10-07
NSD-STR-02236,Issued,2027-03-11T00:00:00-06:00,2026-03-10T22:19:02-05:00,4032 Holmes St,133285,Short Term Rental Registration ( Resident ) / Resident,https://compasskc.kcmo.org/EnerGov_Prod/SelfService#/permit/220c7b3b-0e7a-4040-bdea-9567249692e0,https://mapd.kcmo.org/kcgis/rest/services/DataLayers/MapServer/34,2026-10-07
NSD-STR-02237,Issued,2027-02-20T00:00:00-06:00,2026-02-19T17:12:03-06:00,7446 Paseo,114839,Short Term Rental Registration ( Resident ) / Resident,https://compasskc.kcmo.org/EnerGov_Prod/SelfService#/permit/b9a7e553-16da-40f5-bb83-c882825f1b33,https://mapd.kcmo.org/kcgis/rest/services/DataLayers/MapServer/34,2026-10-07
NSD-STR-02238,Issued,2027-02-05T00:00:00-06:00,2026-02-04T17:31:03-06:00,3624 Walnut St,132048,Short Term Rental Registration ( Non-Resident ) / Non-Resident,https://compasskc.kcmo.org/EnerGov_Prod/SelfService#/permit/c9b25932-f6da-44b6-8a38-3c3f1bf04abc,https://mapd.kcmo.org/kcgis/rest/services/DataLayers/MapServer/34,2026-10-07
NSD-STR-02241,Issued,2027-03-25T00:00:00-05:00,2026-03-24T14:07:03-05:00,600 W 57th St,142996,Short Term Rental Registration ( Resident ) / Resident,https://compasskc.kcmo.org/EnerGov_Prod/SelfService#/permit/5bfc6647-8d40-4b62-a1ab-bec782e0eb2d,https://mapd.kcmo.org/kcgis/rest/services/DataLayers/MapServer/34,2026-10-07
NSD-STR-02242,Issued,2027-02-25T00:00:00-06:00,2026-02-24T08:51:02-06:00,4747 NE Staley Rd,99562,Short Term Rental Registration ( Resident ) / Resident,https://compasskc.kcmo.org/EnerGov_Prod/SelfService#/permit/228a313e-baa7-494d-9f9e-108f45e4739c,https://mapd.kcmo.org/kcgis/rest/services/DataLayers/MapServer/34,2026-10-07
NSD-STR-02243,Issued,2027-02-12T00:00:00-06:00,2026-02-11T10:26:03-06:00,3725 Warwick Blvd,132386,Short Term Rental Registration ( Non-Resident ) / Non-Resident,https://compasskc.kcmo.org/EnerGov_Prod/SelfService#/permit/211e0aaf-c656-43a0-aa77-e472ab961b3f,https://mapd.kcmo.org/kcgis/rest/services/DataLayers/MapServer/34,2026-10-07
NSD-STR-02244,Issued,2027-01-29T00:00:00-06:00,2026-01-28T11:53:04-06:00,920 Main St 1604,122486,Short Term Rental Registration ( Non-Resident ) / Non-Resident,https://compasskc.kcmo.org/EnerGov_Prod/SelfService#/permit/f5d8c101-cc10-4f68-8388-d136acf55cdd,https://mapd.kcmo.org/kcgis/rest/services/DataLayers/MapServer/34,2026-10-07
NSD-STR-02245,Issued,2027-02-14T00:00:00-06:00,2026-02-13T12:02:02-06:00,920 Main St 1605,122486,Short Term Rental Registration ( Non-Resident ) / Non-Resident,https://compasskc.kcmo.org/EnerGov_Prod/SelfService#/permit/e36ec858-8b92-419b-96f9-a467e00f78d2,https://mapd.kcmo.org/kcgis/rest/services/DataLayers/MapServer/34,2026-10-07
NSD-STR-02246,Issued,2027-02-14T00:00:00-06:00,2026-02-13T12:02:04-06:00,920 Main St 1807,122486,Short Term Rental Registration ( Non-Resident ) / Non-Resident,https://compasskc.kcmo.org/EnerGov_Prod/SelfService#/permit/027dd93a-1089-451c-8971-79effdb016e2,https://mapd.kcmo.org/kcgis/rest/services/DataLayers/MapServer/34,2026-10-07
NSD-STR-02247,Issued,2027-02-14T00:00:00-06:00,2026-02-13T12:02:06-06:00,920 Main St 2008,122486,Short Term Rental Registration ( Non-Resident ) / Non-Resident,https://compasskc.kcmo.org/EnerGov_Prod/SelfService#/permit/c05a9d35-eb2e-4dce-91da-5cc5a38064b2,https://mapd.kcmo.org/kcgis/rest/services/DataLayers/MapServer/34,2026-10-07
NSD-STR-02249,Issued,2027-03-24T00:00:00-05:00,2026-03-23T11:54:03-05:00,9106 E 43rd St,48290,Short Term Rental Registration ( Resident ) / Resident,https://compasskc.kcmo.org/EnerGov_Prod/SelfService#/permit/a43ed442-f553-4b81-88b7-7691491c30de,https://mapd.kcmo.org/kcgis/rest/services/DataLayers/MapServer/34,2026-10-07
NSD-STR-02253,Issued,2027-02-06T00:00:00-06:00,2026-02-05T10:44:04-06:00,5001 Lydia Ave,138364,Short Term Rental Registration ( Resident ) / Resident,https://compasskc.kcmo.org/EnerGov_Prod/SelfService#/permit/ac7db444-ffae-42b6-8c85-c9c579cbe7b5,https://mapd.kcmo.org/kcgis/rest/services/DataLayers/MapServer/34,2026-10-07
NSD-STR-02254,Issued,2027-02-04T00:00:00-06:00,2026-02-03T12:21:05-06:00,920 Main St 2108,122486,Short Term Rental Registration ( Non-Resident ) / Non-Resident,https://compasskc.kcmo.org/EnerGov_Prod/SelfService#/permit/016faa8b-6bc4-4591-81b8-5409671b9cab,https://mapd.kcmo.org/kcgis/rest/services/DataLayers/MapServer/34,2026-10-07
NSD-STR-02255,Issued,2027-01-31T00:00:00-06:00,2026-01-30T12:31:02-06:00,4018 Oak St,132902,Short Term Rental Registration ( Non-Resident ) / Non-Resident,https://compasskc.kcmo.org/EnerGov_Prod/SelfService#/permit/f1cb7834-6ede-4350-9fef-46c7f9391fd0,https://mapd.kcmo.org/kcgis/rest/services/DataLayers/MapServer/34,2026-10-07
NSD-STR-02256,Issued,2027-02-25T00:00:00-06:00,2026-02-24T10:03:24-06:00,1029 NW 70th Ct,95777,Short Term Rental Registration ( Resident ) / Resident,https://compasskc.kcmo.org/EnerGov_Prod/SelfService#/permit/1a90655b-0d4c-4b58-b734-70b681b3ef06,https://mapd.kcmo.org/kcgis/rest/services/DataLayers/MapServer/34,2026-10-07
NSD-STR-02257,Issued,2027-04-17T00:00:00-05:00,2026-04-16T09:32:03-05:00,7 E 62nd Ter,106859,Short Term Rental Registration ( Resident ) / Resident,https://compasskc.kcmo.org/EnerGov_Prod/SelfService#/permit/0a7f3510-7753-4d07-8212-de1f40819823,https://mapd.kcmo.org/kcgis/rest/services/DataLayers/MapServer/34,2026-10-07
NSD-STR-02258,Issued,2027-02-11T00:00:00-06:00,2026-02-10T08:32:08-06:00,4403 Holly St,140628,Short Term Rental Registration ( Non-Resident ) / Non-Resident,https://compasskc.kcmo.org/EnerGov_Prod/SelfService#/permit/ab72772f-168a-46d7-a7e6-dd7dfca44f48,https://mapd.kcmo.org/kcgis/rest/services/DataLayers/MapServer/34,2026-10-07
NSD-STR-02259,Issued,2027-02-11T00:00:00-06:00,2026-02-10T08:32:06-06:00,4407 Holly St,140628,Short Term Rental Registration ( Non-Resident ) / Non-Resident,https://compasskc.kcmo.org/EnerGov_Prod/SelfService#/permit/b890ba99-5b92-4eb1-98e1-785afcb11d0d,https://mapd.kcmo.org/kcgis/rest/services/DataLayers/MapServer/34,2026-10-07
NSD-STR-02263,Issued,2027-04-22T00:00:00-05:00,2026-04-21T15:31:03-05:00,5105 Fairway Dr,54485,Short Term Rental Registration ( Resident ) / Resident,https://compasskc.kcmo.org/EnerGov_Prod/SelfService#/permit/a5b7f35d-4c4a-40d9-8804-a0e0645cb17c,https://mapd.kcmo.org/kcgis/rest/services/DataLayers/MapServer/34,2026-10-07
NSD-STR-02264,Issued,2027-02-19T00:00:00-06:00,2026-02-18T06:29:02-06:00,6129 Harrison St,106337,Short Term Rental Registration ( Non-Resident ) / Non-Resident,https://compasskc.kcmo.org/EnerGov_Prod/SelfService#/permit/65f57505-1fa6-407a-a87b-72ab0973fe3f,https://mapd.kcmo.org/kcgis/rest/services/DataLayers/MapServer/34,2026-10-07
NSD-STR-02265,Issued,2027-03-04T00:00:00-06:00,2026-03-03T11:46:35-06:00,1742 Belleview Ave,123680,Short Term Rental Registration ( Resident ) / Resident,https://compasskc.kcmo.org/EnerGov_Prod/SelfService#/permit/47de1254-8247-4889-a9be-28aa20b7e34a,https://mapd.kcmo.org/kcgis/rest/services/DataLayers/MapServer/34,2026-10-07
NSD-STR-02266,Issued,2027-02-05T00:00:00-06:00,2026-02-04T16:03:04-06:00,4128 McGee St,132965,Short Term Rental Registration ( Non-Resident ) / Non-Resident,https://compasskc.kcmo.org/EnerGov_Prod/SelfService#/permit/99315e15-c9e8-41a1-b0cd-14453ea36c54,https://mapd.kcmo.org/kcgis/rest/services/DataLayers/MapServer/34,2026-10-07
NSD-STR-02270,Issued,2027-03-11T00:00:00-06:00,2026-03-10T15:10:03-05:00,3345 Forest Ave,249143,Short Term Rental Registration ( Resident ) / Resident,https://compasskc.kcmo.org/EnerGov_Prod/SelfService#/permit/d1205202-a72d-49ce-94e5-ec5264ccd677,https://mapd.kcmo.org/kcgis/rest/services/DataLayers/MapServer/34,2026-10-07
NSD-STR-02271,Issued,2027-05-16T00:00:00-05:00,2026-05-15T17:02:03-05:00,4509 Genessee St,141424,Short Term Rental Registration ( Resident ) / Resident,https://compasskc.kcmo.org/EnerGov_Prod/SelfService#/permit/fcdc64ef-aac7-4bfe-8397-e078d0e27755,https://mapd.kcmo.org/kcgis/rest/services/DataLayers/MapServer/34,2026-10-07
NSD-STR-02272,Issued,2027-04-02T00:00:00-05:00,2026-04-01T16:47:02-05:00,5227 Franklin Ave,37716,Short Term Rental Registration ( Resident ) / Resident,https://compasskc.kcmo.org/EnerGov_Prod/SelfService#/permit/c43906e9-0f71-4cd3-a96d-ac4b4c685268,https://mapd.kcmo.org/kcgis/rest/services/DataLayers/MapServer/34,2026-10-07
NSD-STR-02273,Issued,2027-03-13T00:00:00-06:00,2026-03-12T11:35:03-05:00,9400 Lewis Ave,68843,Short Term Rental Registration ( Resident ) / Resident,https://compasskc.kcmo.org/EnerGov_Prod/SelfService#/permit/485c4285-4cbb-4057-8302-ff8243018747,https://mapd.kcmo.org/kcgis/rest/services/DataLayers/MapServer/34,2026-10-07
NSD-STR-02277,Issued,2027-02-05T00:00:00-06:00,2026-02-04T17:43:03-06:00,3833 Wyandotte St,132308,Short Term Rental Registration ( Non-Resident ) / Non-Resident,https://compasskc.kcmo.org/EnerGov_Prod/SelfService#/permit/a6481053-dd4a-42f3-9b18-17e23a30d5cd,https://mapd.kcmo.org/kcgis/rest/services/DataLayers/MapServer/34,2026-10-07
NSD-STR-02279,Issued,2027-05-06T00:00:00-05:00,2026-05-05T10:59:03-05:00,2959 E 28th St,24286,Short Term Rental Registration ( Resident ) / Resident,https://compasskc.kcmo.org/EnerGov_Prod/SelfService#/permit/3aa88d83-e6e9-4d9f-975f-8894829a5b29,https://mapd.kcmo.org/kcgis/rest/services/DataLayers/MapServer/34,2026-10-07
NSD-STR-02281,Issued,2027-05-06T00:00:00-05:00,2026-05-05T09:44:04-05:00,4813 Hedges Ave,49394,Short Term Rental Registration ( Resident ) / Resident,https://compasskc.kcmo.org/EnerGov_Prod/SelfService#/permit/d26d4e42-b862-47e5-b4a5-9fecfff319e1,https://mapd.kcmo.org/kcgis/rest/services/DataLayers/MapServer/34,2026-10-07
NSD-STR-02285,Issued,2027-02-10T00:00:00-06:00,2026-02-09T11:38:06-06:00,2538 Holmes St,125339,Short Term Rental Registration ( Non-Resident ) / Non-Resident,https://compasskc.kcmo.org/EnerGov_Prod/SelfService#/permit/ef2eb2f9-e90c-4308-8391-6487efabb2a7,https://mapd.kcmo.org/kcgis/rest/services/DataLayers/MapServer/34,2026-10-07
NSD-STR-02287,Issued,2027-02-18T00:00:00-06:00,2026-02-17T10:16:11-06:00,920 Main St STE 1805,122486,Short Term Rental Registration ( Non-Resident ) / Non-Resident,https://compasskc.kcmo.org/EnerGov_Prod/SelfService#/permit/601cd0ea-3c44-469a-a07a-08ba8fc40436,https://mapd.kcmo.org/kcgis/rest/services/DataLayers/MapServer/34,2026-10-07
NSD-STR-02290,Issued,2027-03-29T00:00:00-05:00,2026-03-28T09:46:02-05:00,2009 NE 91st St,240553,Short Term Rental Registration ( Resident ) / Resident,https://compasskc.kcmo.org/EnerGov_Prod/SelfService#/permit/27fe70c9-f6c3-4a69-a4ae-4a0031333bb5,https://mapd.kcmo.org/kcgis/rest/services/DataLayers/MapServer/34,2026-10-07
NSD-STR-02292,Issued,2027-04-11T00:00:00-05:00,2026-04-10T21:59:02-05:00,2103 Madison Ave,123800,Short Term Rental Registration ( Resident ) / Resident,https://compasskc.kcmo.org/EnerGov_Prod/SelfService#/permit/22b63ed1-162e-4984-a3d2-1e58d39a9c3c,https://mapd.kcmo.org/kcgis/rest/services/DataLayers/MapServer/34,2026-10-07
NSD-STR-02293,Issued,2027-05-02T00:00:00-05:00,2026-05-01T08:21:03-05:00,126 Park Ave,39905,Short Term Rental Registration ( Resident ) / Resident,https://compasskc.kcmo.org/EnerGov_Prod/SelfService#/permit/545ceac1-744c-4578-b192-d83688a7c032,https://mapd.kcmo.org/kcgis/rest/services/DataLayers/MapServer/34,2026-10-07
NSD-STR-02294,Issued,2027-02-24T00:00:00-06:00,2026-02-23T08:35:06-06:00,4716 Fairmount Ave,141856,Short Term Rental Registration ( Non-Resident ) / Non-Resident,https://compasskc.kcmo.org/EnerGov_Prod/SelfService#/permit/6cd886ab-404d-455a-8a3b-f6e19253421f,https://mapd.kcmo.org/kcgis/rest/services/DataLayers/MapServer/34,2026-10-07
NSD-STR-02295,Issued,2027-02-24T00:00:00-06:00,2026-02-23T08:35:04-06:00,3406 Campbell St,285524,Short Term Rental Registration ( Non-Resident ) / Non-Resident,https://compasskc.kcmo.org/EnerGov_Prod/SelfService#/permit/711efb69-15ed-41d5-82cd-3663a47f93a7,https://mapd.kcmo.org/kcgis/rest/services/DataLayers/MapServer/34,2026-10-07
NSD-STR-02297,Issued,2027-02-13T00:00:00-06:00,2026-02-12T10:22:03-06:00,4621 Harrison St,139351,Short Term Rental Registration ( Non-Resident ) / Non-Resident,https://compasskc.kcmo.org/EnerGov_Prod/SelfService#/permit/3bf38080-5b2a-41b6-856d-b0035c769832,https://mapd.kcmo.org/kcgis/rest/services/DataLayers/MapServer/34,2026-10-07
NSD-STR-02298,Issued,2027-03-11T00:00:00-06:00,2026-03-10T12:23:04-05:00,4617 Harrison St,139350,Short Term Rental Registration ( Resident ) / Resident,https://compasskc.kcmo.org/EnerGov_Prod/SelfService#/permit/d80a8819-8701-4ca1-a70a-dcd4a7aa51b1,https://mapd.kcmo.org/kcgis/rest/services/DataLayers/MapServer/34,2026-10-07
NSD-STR-02299,Issued,2027-04-28T06:51:29-05:00,2026-04-28T06:51:29-05:00,323 Emanuel Cleaver II Blvd 8A,240073,Short Term Rental Registration ( Resident ) / Resident,https://compasskc.kcmo.org/EnerGov_Prod/SelfService#/permit/1198000f-b16e-42d6-8b81-d2fbd4feadd5,https://mapd.kcmo.org/kcgis/rest/services/DataLayers/MapServer/34,2026-10-07
NSD-STR-02301,Issued,2027-04-24T00:00:00-05:00,2026-04-23T23:23:02-05:00,11807 Locust St,156902,Short Term Rental Registration ( Resident ) / Resident,https://compasskc.kcmo.org/EnerGov_Prod/SelfService#/permit/ef6d6d4b-f2cf-473d-bbe3-2dfa71228c7d,https://mapd.kcmo.org/kcgis/rest/services/DataLayers/MapServer/34,2026-10-07
NSD-STR-02302,Issued,2027-03-26T00:00:00-05:00,2026-03-25T07:10:03-05:00,1301 E 24th St,225840,Short Term Rental Registration ( Resident ) / Resident,https://compasskc.kcmo.org/EnerGov_Prod/SelfService#/permit/fa72ae11-f949-44ac-be4c-78e8b7eb5e9e,https://mapd.kcmo.org/kcgis/rest/services/DataLayers/MapServer/34,2026-10-07
NSD-STR-02303,Issued,2027-02-14T00:00:00-06:00,2026-02-13T14:33:03-06:00,4900 Brookside Blvd,140241,Short Term Rental Registration ( Non-Resident ) / Non-Resident,https://compasskc.kcmo.org/EnerGov_Prod/SelfService#/permit/7a7059b0-d732-4802-a1de-0962d5fdf6d9,https://mapd.kcmo.org/kcgis/rest/services/DataLayers/MapServer/34,2026-10-07
NSD-STR-02305,Issued,2027-02-20T00:00:00-06:00,2026-02-19T07:59:06-06:00,1125 Grand Blvd 701,206965,Short Term Rental Registration ( Non-Resident ) / Non-Resident,https://compasskc.kcmo.org/EnerGov_Prod/SelfService#/permit/adf4cc80-08c5-4b79-8e35-3de39f9af36e,https://mapd.kcmo.org/kcgis/rest/services/DataLayers/MapServer/34,2026-10-07
NSD-STR-02306,Issued,2027-02-20T00:00:00-06:00,2026-02-19T07:59:10-06:00,1125 Grand Blvd 707,206965,Short Term Rental Registration ( Non-Resident ) / Non-Resident,https://compasskc.kcmo.org/EnerGov_Prod/SelfService#/permit/2e7298e4-93b0-4f38-9c6a-ed8232074f61,https://mapd.kcmo.org/kcgis/rest/services/DataLayers/MapServer/34,2026-10-07
NSD-STR-02307,Issued,2027-02-20T00:00:00-06:00,2026-02-19T07:59:08-06:00,1125 Grand Blvd 1202,206965,Short Term Rental Registration ( Non-Resident ) / Non-Resident,https://compasskc.kcmo.org/EnerGov_Prod/SelfService#/permit/d06afb27-83da-440e-88a3-de0b66e031cd,https://mapd.kcmo.org/kcgis/rest/services/DataLayers/MapServer/34,2026-10-07
NSD-STR-02308,Issued,2027-02-20T00:00:00-06:00,2026-02-19T07:59:12-06:00,1125 Grand Blvd 1302,206965,Short Term Rental Registration ( Non-Resident ) / Non-Resident,https://compasskc.kcmo.org/EnerGov_Prod/SelfService#/permit/e0619108-312b-4cdc-a470-a7d33feffd2c,https://mapd.kcmo.org/kcgis/rest/services/DataLayers/MapServer/34,2026-10-07
NSD-STR-02309,Issued,2027-05-13T00:00:00-05:00,2026-05-12T04:50:05-05:00,1100 NE 44th Ter,82886,Short Term Rental Registration ( Resident ) / Resident,https://compasskc.kcmo.org/EnerGov_Prod/SelfService#/permit/71db1b27-4cdf-4980-b5e2-eb44e19f415e,https://mapd.kcmo.org/kcgis/rest/services/DataLayers/MapServer/34,2026-10-07
NSD-STR-02310,Issued,2027-05-13T00:00:00-05:00,2026-05-12T04:50:03-05:00,1104 NE 44th Ter,82887,Short Term Rental Registration ( Resident ) / Resident,https://compasskc.kcmo.org/EnerGov_Prod/SelfService#/permit/5f806cd8-3520-4a71-9ad9-7382c032d8a1,https://mapd.kcmo.org/kcgis/rest/services/DataLayers/MapServer/34,2026-10-07
NSD-STR-02311,Issued,2027-02-26T00:00:00-06:00,2026-02-25T14:29:03-06:00,5708 Oak St,144370,Short Term Rental Registration ( Non-Resident ) / Non-Resident,https://compasskc.kcmo.org/EnerGov_Prod/SelfService#/permit/9bd2b3d0-0f01-4116-b60a-fa655b8b6699,https://mapd.kcmo.org/kcgis/rest/services/DataLayers/MapServer/34,2026-10-07
NSD-STR-02312,Issued,2027-02-19T00:00:00-06:00,2026-02-18T17:45:03-06:00,4123 Oak St,133375,Short Term Rental Registration ( Non-Resident ) / Non-Resident,https://compasskc.kcmo.org/EnerGov_Prod/SelfService#/permit/2192a0cf-557d-4c07-a83a-4a5074637709,https://mapd.kcmo.org/kcgis/rest/services/DataLayers/MapServer/34,2026-10-07
NSD-STR-02313,Issued,2027-03-10T00:00:00-06:00,2026-03-09T20:17:02-05:00,4020 Oak St,132901,Short Term Rental Registration ( Non-Resident ) / Non-Resident,https://compasskc.kcmo.org/EnerGov_Prod/SelfService#/permit/71bb139a-ebb8-4e30-a552-08b533adb258,https://mapd.kcmo.org/kcgis/rest/services/DataLayers/MapServer/34,2026-10-07
NSD-STR-02314,Issued,2027-03-10T00:00:00-06:00,2026-03-09T20:17:04-05:00,4113 Locust St,256056,Short Term Rental Registration ( Non-Resident ) / Non-Resident,https://compasskc.kcmo.org/EnerGov_Prod/SelfService#/permit/c1e4de06-ab2f-4c73-9023-d284d07609ae,https://mapd.kcmo.org/kcgis/rest/services/DataLayers/MapServer/34,2026-10-07
NSD-STR-02316,Issued,2027-04-15T00:00:00-05:00,2026-04-14T11:26:03-05:00,1500 NE 114th St,100918,Short Term Rental Registration ( Resident ) / Resident,https://compasskc.kcmo.org/EnerGov_Prod/SelfService#/permit/92678eb5-41bd-488d-ae35-7081ad3cb8c6,https://mapd.kcmo.org/kcgis/rest/services/DataLayers/MapServer/34,2026-10-07
NSD-STR-02317,Issued,2027-05-06T00:00:00-05:00,2026-05-05T11:20:03-05:00,4141 Pennsylvania Ave STE 203,248533,Short Term Rental Registration ( Non-Resident ) / Non-Resident,https://compasskc.kcmo.org/EnerGov_Prod/SelfService#/permit/4421a2be-7b1c-43a4-bb1c-b0937bdd75e9,https://mapd.kcmo.org/kcgis/rest/services/DataLayers/MapServer/34,2026-10-07
NSD-STR-02319,Issued,2027-03-26T00:00:00-05:00,2026-03-25T10:44:22-05:00,4127 Bell St,130795,Short Term Rental Registration ( Resident ) / Resident,https://compasskc.kcmo.org/EnerGov_Prod/SelfService#/permit/7743e0c2-effa-451c-9081-2ffa28c73490,https://mapd.kcmo.org/kcgis/rest/services/DataLayers/MapServer/34,2026-10-07
NSD-STR-02320,Issued,2027-04-02T00:00:00-05:00,2026-04-01T21:41:12-05:00,600 E 28th St,126896,Short Term Rental Registration ( Resident ) / Resident,https://compasskc.kcmo.org/EnerGov_Prod/SelfService#/permit/5eabe78c-34f0-454a-a347-8da254515d7a,https://mapd.kcmo.org/kcgis/rest/services/DataLayers/MapServer/34,2026-10-07
NSD-STR-02321,Issued,2027-03-18T00:00:00-05:00,2026-03-17T15:45:03-05:00,3608 Campbell St,259249,Short Term Rental Registration ( Resident ) / Resident,https://compasskc.kcmo.org/EnerGov_Prod/SelfService#/permit/b4d27424-48cf-46bc-af89-0aa4e0e4bcba,https://mapd.kcmo.org/kcgis/rest/services/DataLayers/MapServer/34,2026-10-07
NSD-STR-02324,Issued,2027-02-21T00:00:00-06:00,2026-02-20T11:42:04-06:00,8216 Main St,118953,Short Term Rental Registration ( Non-Resident ) / Non-Resident,https://compasskc.kcmo.org/EnerGov_Prod/SelfService#/permit/7574d137-5c38-41d1-93b2-8b0b77b9c93d,https://mapd.kcmo.org/kcgis/rest/services/DataLayers/MapServer/34,2026-10-07
NSD-STR-02325,Issued,2027-03-03T00:00:00-06:00,2026-03-02T10:41:17-06:00,820 W 40th St,131293,Short Term Rental Registration ( Non-Resident ) / Non-Resident,https://compasskc.kcmo.org/EnerGov_Prod/SelfService#/permit/4c691722-30c1-490c-ab96-d9a336aa568d,https://mapd.kcmo.org/kcgis/rest/services/DataLayers/MapServer/34,2026-10-07
NSD-STR-02326,Issued,2027-04-28T00:00:00-05:00,2026-04-27T10:55:03-05:00,2721 Belleview Ave A,128660,Short Term Rental Registration ( Resident ) / Resident,https://compasskc.kcmo.org/EnerGov_Prod/SelfService#/permit/9b206d7a-df22-4716-aea9-1f920afc99d6,https://mapd.kcmo.org/kcgis/rest/services/DataLayers/MapServer/34,2026-10-07
NSD-STR-02327,Issued,2027-04-02T00:00:00-05:00,2026-04-01T09:21:03-05:00,4310 Warwick Blvd,139369,Short Term Rental Registration ( Resident ) / Resident,https://compasskc.kcmo.org/EnerGov_Prod/SelfService#/permit/c76ba6d8-fe94-4efd-bb8c-aedbb450daec,https://mapd.kcmo.org/kcgis/rest/services/DataLayers/MapServer/34,2026-10-07
NSD-STR-02329,Issued,2027-04-17T00:00:00-05:00,2026-04-16T13:13:08-05:00,1125 Grand Blvd 1811,206965,Short Term Rental Registration ( Resident ) / Resident,https://compasskc.kcmo.org/EnerGov_Prod/SelfService#/permit/3de0bc9b-e0d1-4f07-9323-579d78280e17,https://mapd.kcmo.org/kcgis/rest/services/DataLayers/MapServer/34,2026-10-07
NSD-STR-02330,Issued,2027-04-17T00:00:00-05:00,2026-04-16T13:13:10-05:00,1125 Grand Blvd 1002,206965,Short Term Rental Registration ( Resident ) / Resident,https://compasskc.kcmo.org/EnerGov_Prod/SelfService#/permit/07be69cd-6b59-4d0d-922d-ee5c2ccbebd2,https://mapd.kcmo.org/kcgis/rest/services/DataLayers/MapServer/34,2026-10-07
NSD-STR-02331,Issued,2027-04-17T00:00:00-05:00,2026-04-16T13:13:05-05:00,1125 Grand Blvd 902,206965,Short Term Rental Registration ( Resident ) / Resident,https://compasskc.kcmo.org/EnerGov_Prod/SelfService#/permit/4a869904-e1df-45fb-b385-1187ec5570e6,https://mapd.kcmo.org/kcgis/rest/services/DataLayers/MapServer/34,2026-10-07
NSD-STR-02332,Issued,2027-04-17T00:00:00-05:00,2026-04-16T13:13:06-05:00,1125 Grand Blvd 602,206965,Short Term Rental Registration ( Resident ) / Resident,https://compasskc.kcmo.org/EnerGov_Prod/SelfService#/permit/8dcab78b-e32f-4b2c-ab5a-69001bac7707,https://mapd.kcmo.org/kcgis/rest/services/DataLayers/MapServer/34,2026-10-07
NSD-STR-02333,Issued,2027-04-17T00:00:00-05:00,2026-04-16T13:13:02-05:00,1125 Grand Blvd 502,206965,Short Term Rental Registration ( Resident ) / Resident,https://compasskc.kcmo.org/EnerGov_Prod/SelfService#/permit/7e162a7d-c404-4f25-a00b-730faf7b513e,https://mapd.kcmo.org/kcgis/rest/services/DataLayers/MapServer/34,2026-10-07
NSD-STR-02334,Issued,2027-03-30T00:00:00-05:00,2026-03-29T08:53:06-05:00,3226 E 112th Ter,61970,Short Term Rental Registration ( Resident ) / Resident,https://compasskc.kcmo.org/EnerGov_Prod/SelfService#/permit/2103ae0c-0128-464b-8f2a-5ba3468b52c5,https://mapd.kcmo.org/kcgis/rest/services/DataLayers/MapServer/34,2026-10-07
NSD-STR-02335,Issued,2027-04-16T00:00:00-05:00,2026-04-15T12:57:02-05:00,5715 Kenwood Ave,145021,Short Term Rental Registration ( Resident ) / Resident,https://compasskc.kcmo.org/EnerGov_Prod/SelfService#/permit/7de8ee89-dd25-4c9e-99a0-ee899ec85de8,https://mapd.kcmo.org/kcgis/rest/services/DataLayers/MapServer/34,2026-10-07
NSD-STR-02336,Issued,2027-06-18T12:39:22-05:00,2026-06-18T12:39:22-05:00,5023 NE Park Ln,87408,Short Term Rental Registration ( Resident ) / Resident,https://compasskc.kcmo.org/EnerGov_Prod/SelfService#/permit/c1c366ee-2a04-48f5-a7cb-2522d2fefdc0,https://mapd.kcmo.org/kcgis/rest/services/DataLayers/MapServer/34,2026-10-07
NSD-STR-02337,Issued,2027-04-03T00:00:00-05:00,2026-04-02T15:08:06-05:00,8116 Jefferson St,121170,Short Term Rental Registration ( Resident ) / Resident,https://compasskc.kcmo.org/EnerGov_Prod/SelfService#/permit/78789aae-3413-438e-9620-2547b970fc30,https://mapd.kcmo.org/kcgis/rest/services/DataLayers/MapServer/34,2026-10-07
NSD-STR-02338,Issued,2027-04-12T00:00:00-05:00,2026-04-11T08:27:03-05:00,1119 Pacific St,39762,Short Term Rental Registration ( Resident ) / Resident,https://compasskc.kcmo.org/EnerGov_Prod/SelfService#/permit/6eb424ed-ff3c-4675-bfa4-e9d925a2f5b4,https://mapd.kcmo.org/kcgis/rest/services/DataLayers/MapServer/34,2026-10-07
NSD-STR-02339,Issued,2027-02-27T00:00:00-06:00,2026-02-26T09:05:40-06:00,3300 Charlotte St,128480,Short Term Rental Registration ( Non-Resident ) / Non-Resident,https://compasskc.kcmo.org/EnerGov_Prod/SelfService#/permit/7a2d754b-3adc-46b1-9ae3-e30c461ff206,https://mapd.kcmo.org/kcgis/rest/services/DataLayers/MapServer/34,2026-10-07
NSD-STR-02340,Issued,2027-04-08T00:00:00-05:00,2026-04-07T17:10:10-05:00,5600 NE 80th Ter 2B,254039,Short Term Rental Registration ( Resident ) / Resident,https://compasskc.kcmo.org/EnerGov_Prod/SelfService#/permit/1c8a1706-7c98-4957-aa10-c25703046e14,https://mapd.kcmo.org/kcgis/rest/services/DataLayers/MapServer/34,2026-10-07
NSD-STR-02343,Issued,2027-05-12T00:00:00-05:00,2026-05-11T10:23:02-05:00,5118 Hardesty Ave,37388,Short Term Rental Registration ( Resident ) / Resident,https://compasskc.kcmo.org/EnerGov_Prod/SelfService#/permit/b6622643-0c36-4410-a6e1-0130611cf765,https://mapd.kcmo.org/kcgis/rest/services/DataLayers/MapServer/34,2026-10-07
NSD-STR-02348,Issued,2027-05-05T08:16:38-05:00,2026-05-05T08:16:38-05:00,8620 E 50th St,50860,Short Term Rental Registration ( Resident ) / Resident,https://compasskc.kcmo.org/EnerGov_Prod/SelfService#/permit/f6d1a5f3-c1bb-4ce3-9045-2ee4a1e4dcbb,https://mapd.kcmo.org/kcgis/rest/services/DataLayers/MapServer/34,2026-10-07
NSD-STR-02349,Issued,2027-04-28T00:00:00-05:00,2026-04-27T15:49:03-05:00,3704 Baltimore Ave 1N,132340,Short Term Rental Registration ( Resident ) / Resident,https://compasskc.kcmo.org/EnerGov_Prod/SelfService#/permit/73651861-ad0b-494e-99c2-9f3908df4895,https://mapd.kcmo.org/kcgis/rest/services/DataLayers/MapServer/34,2026-10-07
NSD-STR-02351,Issued,2027-03-20T00:00:00-05:00,2026-03-19T10:17:09-05:00,4523 Terrace St,141653,Short Term Rental Registration ( Non-Resident ) / Non-Resident,https://compasskc.kcmo.org/EnerGov_Prod/SelfService#/permit/3a8b203f-ae5e-4313-a885-2685a512827d,https://mapd.kcmo.org/kcgis/rest/services/DataLayers/MapServer/34,2026-10-07
NSD-STR-02352,Issued,2027-03-20T00:00:00-05:00,2026-03-19T10:17:07-05:00,103 E 49th St,140243,Short Term Rental Registration ( Non-Resident ) / Non-Resident,https://compasskc.kcmo.org/EnerGov_Prod/SelfService#/permit/bb266a3d-6f78-4425-844c-c24451c78d12,https://mapd.kcmo.org/kcgis/rest/services/DataLayers/MapServer/34,2026-10-07
NSD-STR-02353,Issued,2027-03-20T00:00:00-05:00,2026-03-19T10:17:04-05:00,105 E 49th St,140244,Short Term Rental Registration ( Non-Resident ) / Non-Resident,https://compasskc.kcmo.org/EnerGov_Prod/SelfService#/permit/f8a68e7d-4c14-471e-a068-27498fbbc427,https://mapd.kcmo.org/kcgis/rest/services/DataLayers/MapServer/34,2026-10-07
NSD-STR-02355,Issued,2027-03-28T00:00:00-05:00,2026-03-27T17:45:03-05:00,9743 N Lucerne Ave,252595,Short Term Rental Registration ( Resident ) / Resident,https://compasskc.kcmo.org/EnerGov_Prod/SelfService#/permit/9a939ecd-0cbe-4de0-9027-6a3480018f37,https://mapd.kcmo.org/kcgis/rest/services/DataLayers/MapServer/34,2026-10-07
NSD-STR-02357,Issued,2027-05-01T12:08:29-05:00,2026-05-01T12:08:29-05:00,4061 McGee St,132892,Short Term Rental Registration ( Resident ) / Resident,https://compasskc.kcmo.org/EnerGov_Prod/SelfService#/permit/137f680f-ad37-4c69-9b0f-57be07212ca4,https://mapd.kcmo.org/kcgis/rest/services/DataLayers/MapServer/34,2026-10-07
NSD-STR-02358,Issued,2027-05-15T00:00:00-05:00,2026-05-14T08:50:02-05:00,6020 McGee St,106514,Short Term Rental Registration ( Resident ) / Resident,https://compasskc.kcmo.org/EnerGov_Prod/SelfService#/permit/67612212-878b-40f6-99c5-a38785c96031,https://mapd.kcmo.org/kcgis/rest/services/DataLayers/MapServer/34,2026-10-07
NSD-STR-02359,Issued,2027-05-16T00:00:00-05:00,2026-05-15T21:45:03-05:00,3709 Walnut St,132410,Short Term Rental Registration ( Resident ) / Resident,https://compasskc.kcmo.org/EnerGov_Prod/SelfService#/permit/46acfbcc-5605-4722-9a1f-a589453592d9,https://mapd.kcmo.org/kcgis/rest/services/DataLayers/MapServer/34,2026-10-07
NSD-STR-02361,Issued,2027-05-09T00:00:00-05:00,2026-05-08T14:47:03-05:00,516 E 61st Ter,106214,Short Term Rental Registration ( Resident ) / Resident,https://compasskc.kcmo.org/EnerGov_Prod/SelfService#/permit/9ad883fb-b328-4506-b14a-370759e92abd,https://mapd.kcmo.org/kcgis/rest/services/DataLayers/MapServer/34,2026-10-07
NSD-STR-02362,Issued,2027-04-02T00:00:00-05:00,2026-04-01T21:41:02-05:00,420 E Armour Blvd Unit 1,296502,Short Term Rental Registration ( Non-Resident ) / Non-Resident,https://compasskc.kcmo.org/EnerGov_Prod/SelfService#/permit/7a5a76f5-857d-469a-b6df-20c21a663adc,https://mapd.kcmo.org/kcgis/rest/services/DataLayers/MapServer/34,2026-10-07
NSD-STR-02363,Issued,2027-04-02T00:00:00-05:00,2026-04-01T21:40:26-05:00,4221 Oak St,133403,Short Term Rental Registration ( Non-Resident ) / Non-Resident,https://compasskc.kcmo.org/EnerGov_Prod/SelfService#/permit/eb838a5a-c72b-46c0-af6b-41c29417b7b0,https://mapd.kcmo.org/kcgis/rest/services/DataLayers/MapServer/34,2026-10-07
NSD-STR-02364,Issued,2027-04-02T00:00:00-05:00,2026-04-01T21:40:32-05:00,4204 Locust St,133388,Short Term Rental Registration ( Non-Resident ) / Non-Resident,https://compasskc.kcmo.org/EnerGov_Prod/SelfService#/permit/50f89c1c-0865-41e3-9bfa-82a150bf8c8f,https://mapd.kcmo.org/kcgis/rest/services/DataLayers/MapServer/34,2026-10-07
NSD-STR-02365,Issued,2027-04-02T00:00:00-05:00,2026-04-01T21:40:03-05:00,1701 Westport Rd,141352,Short Term Rental Registration ( Non-Resident ) / Non-Resident,https://compasskc.kcmo.org/EnerGov_Prod/SelfService#/permit/371a2eba-4092-4724-94d7-4395b53e57df,https://mapd.kcmo.org/kcgis/rest/services/DataLayers/MapServer/34,2026-10-07
NSD-STR-02366,Issued,2027-04-02T00:00:00-05:00,2026-04-01T21:40:13-05:00,4223 Oak St,133402,Short Term Rental Registration ( Non-Resident ) / Non-Resident,https://compasskc.kcmo.org/EnerGov_Prod/SelfService#/permit/d7891d26-cb50-4e14-821a-164f6d333071,https://mapd.kcmo.org/kcgis/rest/services/DataLayers/MapServer/34,2026-10-07
NSD-STR-02368,Issued,2027-04-02T00:00:00-05:00,2026-04-01T21:40:17-05:00,4200 Locust St,133387,Short Term Rental Registration ( Non-Resident ) / Non-Resident,https://compasskc.kcmo.org/EnerGov_Prod/SelfService#/permit/6f10fefa-b9fc-4442-a190-20001a061279,https://mapd.kcmo.org/kcgis/rest/services/DataLayers/MapServer/34,2026-10-07
NSD-STR-02369,Issued,2027-04-02T00:00:00-05:00,2026-04-01T21:40:28-05:00,4311 Bell St,141357,Short Term Rental Registration ( Non-Resident ) / Non-Resident,https://compasskc.kcmo.org/EnerGov_Prod/SelfService#/permit/100b63f0-2525-4274-b9e5-ec201cf90dad,https://mapd.kcmo.org/kcgis/rest/services/DataLayers/MapServer/34,2026-10-07
NSD-STR-02371,Issued,2027-04-02T00:00:00-05:00,2026-04-01T21:40:21-05:00,4746 Roanoke Pkwy STE 705,293748,Short Term Rental Registration ( Non-Resident ) / Non-Resident,https://compasskc.kcmo.org/EnerGov_Prod/SelfService#/permit/26c3c4d4-a481-4576-b7cc-9ed4a5257c49,https://mapd.kcmo.org/kcgis/rest/services/DataLayers/MapServer/34,2026-10-07
NSD-STR-02372,Issued,2027-04-02T00:00:00-05:00,2026-04-01T21:40:09-05:00,4746 Roanoke Pkwy STE 703,293748,Short Term Rental Registration ( Non-Resident ) / Non-Resident,https://compasskc.kcmo.org/EnerGov_Prod/SelfService#/permit/591e52e5-56a0-49f1-a514-93343c0f2814,https://mapd.kcmo.org/kcgis/rest/services/DataLayers/MapServer/34,2026-10-07
NSD-STR-02374,Issued,2027-04-30T00:00:00-05:00,2026-04-29T16:22:03-05:00,13700 E 53rd Ter,64114,Short Term Rental Registration ( Resident ) / Resident,https://compasskc.kcmo.org/EnerGov_Prod/SelfService#/permit/7e6eec4e-90c7-41e4-91c1-65d22a6c7e42,https://mapd.kcmo.org/kcgis/rest/services/DataLayers/MapServer/34,2026-10-07
NSD-STR-02376,Issued,2027-04-02T00:00:00-05:00,2026-04-01T21:40:11-05:00,3521 Gillham Rd,131762,Short Term Rental Registration ( Non-Resident ) / Non-Resident,https://compasskc.kcmo.org/EnerGov_Prod/SelfService#/permit/a4452ca8-95e9-44b6-9543-6428d7bf0bf3,https://mapd.kcmo.org/kcgis/rest/services/DataLayers/MapServer/34,2026-10-07
NSD-STR-02377,Issued,2027-04-02T00:00:00-05:00,2026-04-01T21:40:36-05:00,1717 Westport Rd,141356,Short Term Rental Registration ( Non-Resident ) / Non-Resident,https://compasskc.kcmo.org/EnerGov_Prod/SelfService#/permit/ea64cbcb-fe51-4913-bd19-c7158f76cc2b,https://mapd.kcmo.org/kcgis/rest/services/DataLayers/MapServer/34,2026-10-07
NSD-STR-02378,Issued,2027-04-02T00:00:00-05:00,2026-04-01T21:40:07-05:00,1715 Westport Rd,141356,Short Term Rental Registration ( Non-Resident ) / Non-Resident,https://compasskc.kcmo.org/EnerGov_Prod/SelfService#/permit/bc3c7982-067c-4048-8b6f-52104f85fa5f,https://mapd.kcmo.org/kcgis/rest/services/DataLayers/MapServer/34,2026-10-07
NSD-STR-02379,Issued,2027-04-02T00:00:00-05:00,2026-04-01T21:40:30-05:00,4021 McGee St,132582,Short Term Rental Registration ( Non-Resident ) / Non-Resident,https://compasskc.kcmo.org/EnerGov_Prod/SelfService#/permit/4e0474b1-ed18-46c7-b2df-ada1b5059747,https://mapd.kcmo.org/kcgis/rest/services/DataLayers/MapServer/34,2026-10-07
NSD-STR-02380,Issued,2027-04-02T00:00:00-05:00,2026-04-01T21:41:08-05:00,4428 Bell St,141302,Short Term Rental Registration ( Non-Resident ) / Non-Resident,https://compasskc.kcmo.org/EnerGov_Prod/SelfService#/permit/cfe28e68-9bad-45df-95e6-28e315afb1dd,https://mapd.kcmo.org/kcgis/rest/services/DataLayers/MapServer/34,2026-10-07
NSD-STR-02381,Issued,2027-04-02T00:00:00-05:00,2026-04-01T21:40:25-05:00,4432 Bell St,141300,Short Term Rental Registration ( Non-Resident ) / Non-Resident,https://compasskc.kcmo.org/EnerGov_Prod/SelfService#/permit/16e255d6-23d3-463c-ae7d-4fe43a042f79,https://mapd.kcmo.org/kcgis/rest/services/DataLayers/MapServer/34,2026-10-07
NSD-STR-02382,Issued,2027-04-02T00:00:00-05:00,2026-04-01T21:41:10-05:00,4214 Locust St,133391,Short Term Rental Registration ( Non-Resident ) / Non-Resident,https://compasskc.kcmo.org/EnerGov_Prod/SelfService#/permit/12a394da-58f9-43af-9a79-153d8a7ef604,https://mapd.kcmo.org/kcgis/rest/services/DataLayers/MapServer/34,2026-10-07
NSD-STR-02383,Issued,2027-04-02T00:00:00-05:00,2026-04-01T21:40:34-05:00,3732 Locust St 25,294056,Short Term Rental Registration ( Non-Resident ) / Non-Resident,https://compasskc.kcmo.org/EnerGov_Prod/SelfService#/permit/a6a5c1f5-faba-439a-95f0-70891486c554,https://mapd.kcmo.org/kcgis/rest/services/DataLayers/MapServer/34,2026-10-07
NSD-STR-02384,Issued,2027-04-02T00:00:00-05:00,2026-04-01T21:40:05-05:00,323 Emanuel Cleaver II Blvd 7F,225652,Short Term Rental Registration ( Non-Resident ) / Non-Resident,https://compasskc.kcmo.org/EnerGov_Prod/SelfService#/permit/d1cb2931-356d-4f02-a3cf-7d37ef47b6b8,https://mapd.kcmo.org/kcgis/rest/services/DataLayers/MapServer/34,2026-10-07
NSD-STR-02385,Issued,2027-04-02T00:00:00-05:00,2026-04-01T21:40:23-05:00,4315 Oak St,139214,Short Term Rental Registration ( Non-Resident ) / Non-Resident,https://compasskc.kcmo.org/EnerGov_Prod/SelfService#/permit/0f3a31ea-78b4-4239-8cde-c28d34bc8666,https://mapd.kcmo.org/kcgis/rest/services/DataLayers/MapServer/34,2026-10-07
NSD-STR-02386,Issued,2027-05-15T12:11:11-05:00,2026-05-15T12:11:10-05:00,4124 Campbell St,133533,Short Term Rental Registration ( Resident ) / Resident,https://compasskc.kcmo.org/EnerGov_Prod/SelfService#/permit/f6f2f508-c4f5-43c2-915e-270032a385e8,https://mapd.kcmo.org/kcgis/rest/services/DataLayers/MapServer/34,2026-10-07
NSD-STR-02387,Issued,2027-05-06T13:35:10-05:00,2026-05-06T13:35:05-05:00,4534 Holly St,141622,Short Term Rental Registration ( Resident ) / Resident,https://compasskc.kcmo.org/EnerGov_Prod/SelfService#/permit/413ddbed-c316-4dee-b40d-d4684e84edb8,https://mapd.kcmo.org/kcgis/rest/services/DataLayers/MapServer/34,2026-10-07
NSD-STR-02388,Issued,2027-04-30T08:40:10-05:00,2026-04-30T08:40:10-05:00,4326 Campbell St,139052,Short Term Rental Registration ( Resident ) / Resident,https://compasskc.kcmo.org/EnerGov_Prod/SelfService#/permit/2022d7db-0435-4a3e-a866-64b2973cbfa2,https://mapd.kcmo.org/kcgis/rest/services/DataLayers/MapServer/34,2026-10-07
NSD-STR-02389,Issued,2027-05-08T00:00:00-05:00,2026-05-07T16:41:09-05:00,4000 NW 80th St,250246,Short Term Rental Registration ( Resident ) / Resident,https://compasskc.kcmo.org/EnerGov_Prod/SelfService#/permit/7fa5cad9-23c3-47bb-9c44-760b18640ad4,https://mapd.kcmo.org/kcgis/rest/services/DataLayers/MapServer/34,2026-10-07
NSD-STR-02392,Issued,2027-04-02T00:00:00-05:00,2026-04-01T21:40:19-05:00,4821 Roanoke Pkwy 1A,293749,Short Term Rental Registration ( Non-Resident ) / Non-Resident,https://compasskc.kcmo.org/EnerGov_Prod/SelfService#/permit/db2e3eab-309b-4d55-be83-5e1c923523f6,https://mapd.kcmo.org/kcgis/rest/services/DataLayers/MapServer/34,2026-10-07
NSD-STR-02393,Issued,2027-04-02T00:00:00-05:00,2026-04-01T21:40:15-05:00,4024 Clark Ave,131342,Short Term Rental Registration ( Non-Resident ) / Non-Resident,https://compasskc.kcmo.org/EnerGov_Prod/SelfService#/permit/dc4dfcdc-e925-4112-ae04-26103df714d2,https://mapd.kcmo.org/kcgis/rest/services/DataLayers/MapServer/34,2026-10-07
NSD-STR-02394,Issued,2027-04-02T00:00:00-05:00,2026-04-01T21:41:06-05:00,4201 Locust St,133419,Short Term Rental Registration ( Non-Resident ) / Non-Resident,https://compasskc.kcmo.org/EnerGov_Prod/SelfService#/permit/c16ae48f-dbf7-406e-afe2-d677dc09fab9,https://mapd.kcmo.org/kcgis/rest/services/DataLayers/MapServer/34,2026-10-07
NSD-STR-02395,Issued,2027-04-02T00:00:00-05:00,2026-04-01T21:41:04-05:00,4201 Locust St,133419,Short Term Rental Registration ( Non-Resident ) / Non-Resident,https://compasskc.kcmo.org/EnerGov_Prod/SelfService#/permit/bed8d9cc-4769-409a-bc50-f3cf5d6d3114,https://mapd.kcmo.org/kcgis/rest/services/DataLayers/MapServer/34,2026-10-07
NSD-STR-02396,Issued,2027-06-25T08:06:22-05:00,2026-06-25T08:06:22-05:00,5510 Holmes St,144685,Short Term Rental Registration ( Resident ) / Resident,https://compasskc.kcmo.org/EnerGov_Prod/SelfService#/permit/289a8f50-a898-45ae-8dde-cc4e1e1893e2,https://mapd.kcmo.org/kcgis/rest/services/DataLayers/MapServer/34,2026-10-07
NSD-STR-02398,Issued,2027-03-11T00:00:00-06:00,2026-03-10T15:01:05-05:00,1748 Madison Ave,123658,Short Term Rental Registration ( Non-Resident ) / Non-Resident,https://compasskc.kcmo.org/EnerGov_Prod/SelfService#/permit/9a4c69c5-24ac-497a-a8f1-a3089edc03b4,https://mapd.kcmo.org/kcgis/rest/services/DataLayers/MapServer/34,2026-10-07
NSD-STR-02400,Issued,2027-05-06T00:00:00-05:00,2026-05-05T11:19:03-05:00,4928 Garfield Ave,138751,Short Term Rental Registration ( Resident ) / Resident,https://compasskc.kcmo.org/EnerGov_Prod/SelfService#/permit/a272e14c-8ba4-4faa-9939-58fa687596fb,https://mapd.kcmo.org/kcgis/rest/services/DataLayers/MapServer/34,2026-10-07
NSD-STR-02402,Issued,2027-05-16T00:00:00-05:00,2026-05-15T21:56:03-05:00,8900 Holly St,149223,Short Term Rental Registration ( Resident ) / Resident,https://compasskc.kcmo.org/EnerGov_Prod/SelfService#/permit/ed0ae1ef-815f-4cf5-ada8-8e40032d93cd,https://mapd.kcmo.org/kcgis/rest/services/DataLayers/MapServer/34,2026-10-07
NSD-STR-02404,Issued,2027-04-29T00:00:00-05:00,2026-04-28T14:32:03-05:00,3237 Gillham Rd,128234,Short Term Rental Registration ( Resident ) / Resident,https://compasskc.kcmo.org/EnerGov_Prod/SelfService#/permit/4c7d94f6-c18a-4371-b85e-98465b07fc2a,https://mapd.kcmo.org/kcgis/rest/services/DataLayers/MapServer/34,2026-10-07
NSD-STR-02406,Issued,2027-03-21T00:00:00-05:00,2026-03-20T10:04:02-05:00,3829 Campbell St 2,132020,Short Term Rental Registration ( Non-Resident ) / Non-Resident,https://compasskc.kcmo.org/EnerGov_Prod/SelfService#/permit/50ad435f-a88f-459e-aca9-49c7b0dca0a8,https://mapd.kcmo.org/kcgis/rest/services/DataLayers/MapServer/34,2026-10-07
NSD-STR-02407,Issued,2027-05-01T11:52:43-05:00,2026-05-01T11:52:43-05:00,8617 N Marston Ave,161584,Short Term Rental Registration ( Resident ) / Resident,https://compasskc.kcmo.org/EnerGov_Prod/SelfService#/permit/af01f5f0-c0cd-4b1c-a7b9-dae4fd7c1476,https://mapd.kcmo.org/kcgis/rest/services/DataLayers/MapServer/34,2026-10-07
NSD-STR-02409,Issued,2027-04-29T14:07:36-05:00,2026-04-29T14:07:36-05:00,5528 Lydia Ave,146970,Short Term Rental Registration ( Resident ) / Resident,https://compasskc.kcmo.org/EnerGov_Prod/SelfService#/permit/eee8fdaf-5d00-4ba9-b2b4-e5ab926a2a10,https://mapd.kcmo.org/kcgis/rest/services/DataLayers/MapServer/34,2026-10-07
NSD-STR-02411,Issued,2027-04-29T00:00:00-05:00,2026-04-28T15:09:04-05:00,4210 NW 52nd St,167268,Short Term Rental Registration ( Resident ) / Resident,https://compasskc.kcmo.org/EnerGov_Prod/SelfService#/permit/05c5eee7-2b7a-4d72-bf67-db27d4ce24dc,https://mapd.kcmo.org/kcgis/rest/services/DataLayers/MapServer/34,2026-10-07
NSD-STR-02412,Issued,2027-04-29T07:53:29-05:00,2026-04-29T07:53:29-05:00,4548 Mercier St,141576,Short Term Rental Registration ( Non-Resident ) / Non-Resident,https://compasskc.kcmo.org/EnerGov_Prod/SelfService#/permit/c5ae76be-5ce0-4e12-879a-48075149551b,https://mapd.kcmo.org/kcgis/rest/services/DataLayers/MapServer/34,2026-10-07
NSD-STR-02413,Issued - Subject To Conditions,2027-04-28T15:13:42-05:00,2026-04-28T15:13:42-05:00,1114 W 48th St,142461,Short Term Rental Registration ( Non-Resident ) / Non-Resident,https://compasskc.kcmo.org/EnerGov_Prod/SelfService#/permit/883d0b43-9e7c-43f0-9d47-4b6d22fd595c,https://mapd.kcmo.org/kcgis/rest/services/DataLayers/MapServer/34,2026-10-07
NSD-STR-02418,Issued,2027-05-06T00:00:00-05:00,2026-05-05T12:16:03-05:00,441 Bellefontaine Ave,41264,Short Term Rental Registration ( Resident ) / Resident,https://compasskc.kcmo.org/EnerGov_Prod/SelfService#/permit/b3b852ef-27a2-4405-8f3e-84286596c8b9,https://mapd.kcmo.org/kcgis/rest/services/DataLayers/MapServer/34,2026-10-07
NSD-STR-02419,Issued,2027-03-28T00:00:00-05:00,2026-03-27T09:59:02-05:00,2123 St John Ave,40008,Short Term Rental Registration ( Non-Resident ) / Non-Resident,https://compasskc.kcmo.org/EnerGov_Prod/SelfService#/permit/1cf02790-ed67-4b49-82cf-664b677f812b,https://mapd.kcmo.org/kcgis/rest/services/DataLayers/MapServer/34,2026-10-07
NSD-STR-02420,Issued,2027-05-08T00:00:00-05:00,2026-05-07T11:24:03-05:00,4321 Jarboe St,140588,Short Term Rental Registration ( Resident ) / Resident,https://compasskc.kcmo.org/EnerGov_Prod/SelfService#/permit/4c7ac375-72d7-43dd-9364-d8f1507f8197,https://mapd.kcmo.org/kcgis/rest/services/DataLayers/MapServer/34,2026-10-07
NSD-STR-02421,Issued,2027-05-02T00:00:00-05:00,2026-05-01T11:32:02-05:00,5134 Grand Ave,143588,Short Term Rental Registration ( Resident ) / Resident,https://compasskc.kcmo.org/EnerGov_Prod/SelfService#/permit/d727e8e5-618a-48c0-a190-1d3e01493394,https://mapd.kcmo.org/kcgis/rest/services/DataLayers/MapServer/34,2026-10-07
NSD-STR-02422,Issued,2027-04-11T00:00:00-05:00,2026-04-10T17:00:03-05:00,4337 State Line Rd,141328,Short Term Rental Registration ( Non-Resident ) / Non-Resident,https://compasskc.kcmo.org/EnerGov_Prod/SelfService#/permit/0457fc5b-e284-4e50-a796-c6256ce7f34f,https://mapd.kcmo.org/kcgis/rest/services/DataLayers/MapServer/34,2026-10-07
NSD-STR-02425,Issued,2027-05-15T09:52:50-05:00,2026-05-15T09:52:50-05:00,3916 Warwick Blvd,132542,Short Term Rental Registration ( Resident ) / Resident,https://compasskc.kcmo.org/EnerGov_Prod/SelfService#/permit/7ae320a5-55ff-486f-ab9e-5173010e71b6,https://mapd.kcmo.org/kcgis/rest/services/DataLayers/MapServer/34,2026-10-07
NSD-STR-02428,Issued,2027-04-30T00:00:00-05:00,2026-04-29T15:39:04-05:00,327 Lawn Ave,43948,Short Term Rental Registration ( Resident ) / Resident,https://compasskc.kcmo.org/EnerGov_Prod/SelfService#/permit/2c8a637d-48af-4abf-80fd-d60e8639d207,https://mapd.kcmo.org/kcgis/rest/services/DataLayers/MapServer/34,2026-10-07
NSD-STR-02429,Issued,2027-05-14T00:00:00-05:00,2026-05-13T09:48:08-05:00,1212 W 18th St,123947,Short Term Rental Registration ( Resident ) / Resident,https://compasskc.kcmo.org/EnerGov_Prod/SelfService#/permit/a299dfc3-84ee-4a65-bfb8-17b255b9baaf,https://mapd.kcmo.org/kcgis/rest/services/DataLayers/MapServer/34,2026-10-07
NSD-STR-02430,Issued,2027-05-01T00:00:00-05:00,2026-04-30T17:02:03-05:00,217 E 78th St,118424,Short Term Rental Registration ( Resident ) / Resident,https://compasskc.kcmo.org/EnerGov_Prod/SelfService#/permit/aaca73e3-f149-4bc0-9842-1b030e87389e,https://mapd.kcmo.org/kcgis/rest/services/DataLayers/MapServer/34,2026-10-07
NSD-STR-02437,Issued,2027-04-24T00:00:00-05:00,2026-04-23T10:34:03-05:00,5501 Phelps Rd,64202,Short Term Rental Registration ( Resident ) / Resident,https://compasskc.kcmo.org/EnerGov_Prod/SelfService#/permit/84140fe9-db3a-4df6-b3f0-301631f9d4b1,https://mapd.kcmo.org/kcgis/rest/services/DataLayers/MapServer/34,2026-10-07
NSD-STR-02438,Issued,2027-05-16T00:00:00-05:00,2026-05-15T14:29:03-05:00,2721 Belleview Ave B,128660,Short Term Rental Registration ( Resident ) / Resident,https://compasskc.kcmo.org/EnerGov_Prod/SelfService#/permit/ab8e2a75-0338-42af-910b-e3078ed9f555,https://mapd.kcmo.org/kcgis/rest/services/DataLayers/MapServer/34,2026-10-07
NSD-STR-02440,Issued,2027-03-18T00:00:00-05:00,2026-03-17T16:28:02-05:00,5119 Baltimore Ave,143796,Short Term Rental Registration ( Non-Resident ) / Non-Resident,https://compasskc.kcmo.org/EnerGov_Prod/SelfService#/permit/22a32f5d-5660-47d8-9f5e-dcbf9bb815e3,https://mapd.kcmo.org/kcgis/rest/services/DataLayers/MapServer/34,2026-10-07
NSD-STR-02449,Issued,2027-05-15T00:00:00-05:00,2026-05-14T08:51:31-05:00,3228 E 29th St,24928,Short Term Rental Registration ( Resident ) / Resident,https://compasskc.kcmo.org/EnerGov_Prod/SelfService#/permit/2ef3c548-828e-4981-b6a6-e9d8769814b5,https://mapd.kcmo.org/kcgis/rest/services/DataLayers/MapServer/34,2026-10-07
NSD-STR-02450,Issued,2027-05-12T00:00:00-05:00,2026-05-11T08:12:31-05:00,323 Emanuel Cleaver II Blvd 4F,240030,Short Term Rental Registration ( Resident ) / Resident,https://compasskc.kcmo.org/EnerGov_Prod/SelfService#/permit/da6d0700-123b-4070-a443-d36b5e41f8ef,https://mapd.kcmo.org/kcgis/rest/services/DataLayers/MapServer/34,2026-10-07
NSD-STR-02451,Issued,2027-05-07T00:00:00-05:00,2026-05-06T22:03:03-05:00,8909 E 31st St,47607,Short Term Rental Registration ( Resident ) / Resident,https://compasskc.kcmo.org/EnerGov_Prod/SelfService#/permit/5726465a-c582-4e11-846e-c9cbd1853428,https://mapd.kcmo.org/kcgis/rest/services/DataLayers/MapServer/34,2026-10-07
NSD-STR-02453,Issued,2027-03-28T00:00:00-05:00,2026-03-27T08:10:03-05:00,7212 Main St,112583,Short Term Rental Registration ( Non-Resident ) / Non-Resident,https://compasskc.kcmo.org/EnerGov_Prod/SelfService#/permit/7a245ad8-98c2-42bb-9886-0d1a551157c2,https://mapd.kcmo.org/kcgis/rest/services/DataLayers/MapServer/34,2026-10-07
NSD-STR-02455,Issued,2027-05-22T00:00:00-05:00,2026-05-21T13:59:25-05:00,1116 E 110th St,154486,Short Term Rental Registration ( Resident ) / Resident,https://compasskc.kcmo.org/EnerGov_Prod/SelfService#/permit/2afca847-4431-42c5-8065-6beadc2f6fa8,https://mapd.kcmo.org/kcgis/rest/services/DataLayers/MapServer/34,2026-10-07
NSD-STR-02456,Issued,2027-03-27T00:00:00-05:00,2026-03-26T15:47:03-05:00,10200 Grandview Rd,57196,Short Term Rental Registration ( Non-Resident ) / Non-Resident,https://compasskc.kcmo.org/EnerGov_Prod/SelfService#/permit/1d8f61e6-6ddd-4a70-be65-c9150ce5525b,https://mapd.kcmo.org/kcgis/rest/services/DataLayers/MapServer/34,2026-10-07
NSD-STR-02457,Issued,2027-05-14T00:00:00-05:00,2026-05-13T08:18:14-05:00,11909 E 44th Ter,48765,Short Term Rental Registration ( Resident ) / Resident,https://compasskc.kcmo.org/EnerGov_Prod/SelfService#/permit/ef6be229-3fbb-4f98-8086-ff5dd31ad5fc,https://mapd.kcmo.org/kcgis/rest/services/DataLayers/MapServer/34,2026-10-07
NSD-STR-02458,Issued,2027-05-09T00:00:00-05:00,2026-05-08T12:01:03-05:00,3936 N Spruce Ave,78849,Short Term Rental Registration ( Resident ) / Resident,https://compasskc.kcmo.org/EnerGov_Prod/SelfService#/permit/92aa3333-9549-4c24-9ce7-c5479dfcdd9d,https://mapd.kcmo.org/kcgis/rest/services/DataLayers/MapServer/34,2026-10-07
NSD-STR-02459,Issued,2027-05-05T00:00:00-05:00,2026-05-04T08:18:03-05:00,3514 Morrell Ave,41638,Short Term Rental Registration ( Resident ) / Resident,https://compasskc.kcmo.org/EnerGov_Prod/SelfService#/permit/1a15d742-369e-45c9-9c64-f688953d74c5,https://mapd.kcmo.org/kcgis/rest/services/DataLayers/MapServer/34,2026-10-07
NSD-STR-02460,Issued,2027-04-09T00:00:00-05:00,2026-04-08T17:09:02-05:00,4009 Campbell St,133069,Short Term Rental Registration ( Resident ) / Resident,https://compasskc.kcmo.org/EnerGov_Prod/SelfService#/permit/44517f25-743d-4846-ae01-7a255b019ac4,https://mapd.kcmo.org/kcgis/rest/services/DataLayers/MapServer/34,2026-10-07
NSD-STR-02461,Issued,2027-04-28T00:00:00-05:00,2026-04-27T10:00:07-05:00,901 Westport Rd,131432,Short Term Rental Registration ( Non-Resident ) / Non-Resident,https://compasskc.kcmo.org/EnerGov_Prod/SelfService#/permit/5f1a4b68-4cc6-4c89-b33e-0191e6dc2eb3,https://mapd.kcmo.org/kcgis/rest/services/DataLayers/MapServer/34,2026-10-07
NSD-STR-02462,Issued,2027-04-28T00:00:00-05:00,2026-04-27T10:00:04-05:00,903 Westport Rd,131432,Short Term Rental Registration ( Non-Resident ) / Non-Resident,https://compasskc.kcmo.org/EnerGov_Prod/SelfService#/permit/d5224cce-41ed-4bd9-a103-2bb288cd92b5,https://mapd.kcmo.org/kcgis/rest/services/DataLayers/MapServer/34,2026-10-07
NSD-STR-02464,Issued,2027-04-11T00:00:00-05:00,2026-04-10T21:23:02-05:00,331 W 77th St,118390,Short Term Rental Registration ( Non-Resident ) / Non-Resident,https://compasskc.kcmo.org/EnerGov_Prod/SelfService#/permit/047ed90f-1271-4454-8c78-5e1bb735f9ef,https://mapd.kcmo.org/kcgis/rest/services/DataLayers/MapServer/34,2026-10-07
NSD-STR-02465,Issued,2027-04-27T00:00:00-05:00,2026-04-26T15:36:06-05:00,3637 Central St,132184,Short Term Rental Registration ( Resident ) / Resident,https://compasskc.kcmo.org/EnerGov_Prod/SelfService#/permit/46688d58-0623-4761-9e8f-35686cbbeb78,https://mapd.kcmo.org/kcgis/rest/services/DataLayers/MapServer/34,2026-10-07
NSD-STR-02468,Issued,2027-05-09T00:00:00-05:00,2026-05-08T16:14:02-05:00,4501 Askew Ave,34101,Short Term Rental Registration ( Resident ) / Resident,https://compasskc.kcmo.org/EnerGov_Prod/SelfService#/permit/39247d3e-ac59-47d7-adad-1e6dff224410,https://mapd.kcmo.org/kcgis/rest/services/DataLayers/MapServer/34,2026-10-07
NSD-STR-02470,Issued,2027-03-27T11:02:50-05:00,2026-03-27T11:02:50-05:00,2747 Cherry St,126891,Short Term Rental Registration ( Non-Resident ) / Non-Resident,https://compasskc.kcmo.org/EnerGov_Prod/SelfService#/permit/fdf0d41d-7d1f-4b38-bdd6-1e2be12b2d5f,https://mapd.kcmo.org/kcgis/rest/services/DataLayers/MapServer/34,2026-10-07
NSD-STR-02471,Issued,2027-03-26T00:00:00-05:00,2026-03-25T12:45:02-05:00,2543 Holmes St,125332,Short Term Rental Registration ( Non-Resident ) / Non-Resident,https://compasskc.kcmo.org/EnerGov_Prod/SelfService#/permit/cb45670c-59db-41e7-9ceb-1cc1a2bae0ac,https://mapd.kcmo.org/kcgis/rest/services/DataLayers/MapServer/34,2026-10-07
NSD-STR-02473,Issued,2027-03-26T00:00:00-05:00,2026-03-25T12:45:05-05:00,3240 Bell St,129194,Short Term Rental Registration ( Non-Resident ) / Non-Resident,https://compasskc.kcmo.org/EnerGov_Prod/SelfService#/permit/8cac7790-5a7c-413b-bf5c-5b25002d17ea,https://mapd.kcmo.org/kcgis/rest/services/DataLayers/MapServer/34,2026-10-07
NSD-STR-02474,Issued,2027-04-09T00:00:00-05:00,2026-04-08T10:54:08-05:00,2516 NE 34th Ter,86077,Short Term Rental Registration ( Resident ) / Resident,https://compasskc.kcmo.org/EnerGov_Prod/SelfService#/permit/5fe88bb0-05d2-4d88-a27c-0c3ebbb72452,https://mapd.kcmo.org/kcgis/rest/services/DataLayers/MapServer/34,2026-10-07
NSD-STR-02476,Issued - Subject To Conditions,2027-04-19T00:00:00-05:00,2026-04-18T05:27:03-05:00,5909 Ridgeway Ave,64683,Short Term Rental Registration ( Non-Resident ) / Non-Resident,https://compasskc.kcmo.org/EnerGov_Prod/SelfService#/permit/eb5ecb1e-2b05-40c3-8a44-f2f1c6acf263,https://mapd.kcmo.org/kcgis/rest/services/DataLayers/MapServer/34,2026-10-07
NSD-STR-02477,Issued - Subject To Conditions,2027-04-25T14:58:43-05:00,2026-04-25T14:58:43-05:00,11203 E 50th St,49756,Short Term Rental Registration ( Non-Resident ) / Non-Resident,https://compasskc.kcmo.org/EnerGov_Prod/SelfService#/permit/accc2672-3e29-4192-aa00-0cf5425b3880,https://mapd.kcmo.org/kcgis/rest/services/DataLayers/MapServer/34,2026-10-07
NSD-STR-02480,Issued,2027-04-29T00:00:00-05:00,2026-04-28T07:35:04-05:00,3829 Laurel Ave,48235,Short Term Rental Registration ( Resident ) / Resident,https://compasskc.kcmo.org/EnerGov_Prod/SelfService#/permit/7ffa24f5-f589-44f6-8a80-3e4252450a9f,https://mapd.kcmo.org/kcgis/rest/services/DataLayers/MapServer/34,2026-10-07
NSD-STR-02484,Issued,2027-05-20T00:00:00-05:00,2026-05-19T20:36:02-05:00,2934 Walnut St,221151,Short Term Rental Registration ( Resident ) / Resident,https://compasskc.kcmo.org/EnerGov_Prod/SelfService#/permit/953c12ac-239e-4ea1-9752-8742a6778bbf,https://mapd.kcmo.org/kcgis/rest/services/DataLayers/MapServer/34,2026-10-07
NSD-STR-02485,Issued,2027-04-22T00:00:00-05:00,2026-04-21T13:08:03-05:00,572 Harrison St,39391,Short Term Rental Registration ( Resident ) / Resident,https://compasskc.kcmo.org/EnerGov_Prod/SelfService#/permit/9596298f-6d65-48b7-a462-79945d6a135f,https://mapd.kcmo.org/kcgis/rest/services/DataLayers/MapServer/34,2026-10-07
NSD-STR-02488,Issued,2027-05-01T08:59:30-05:00,2026-05-01T08:59:30-05:00,108-110 e missouri ave 108a,39124,Short Term Rental Registration ( Non-Resident ) / Non-Resident,https://compasskc.kcmo.org/EnerGov_Prod/SelfService#/permit/f004b654-763c-4f27-a7cd-226c127475d3,https://mapd.kcmo.org/kcgis/rest/services/DataLayers/MapServer/34,2026-10-07
NSD-STR-02491,Issued,2027-05-02T00:00:00-05:00,2026-05-01T09:32:07-05:00,9823 E 52nd St,52128,Short Term Rental Registration ( Resident ) / Resident,https://compasskc.kcmo.org/EnerGov_Prod/SelfService#/permit/66a92958-2c4b-4cde-960c-93f2ff15b787,https://mapd.kcmo.org/kcgis/rest/services/DataLayers/MapServer/34,2026-10-07
NSD-STR-02492,Issued,2027-04-28T00:00:00-05:00,2026-04-27T11:13:03-05:00,6 Janssen Pl,131746,Short Term Rental Registration ( Resident ) / Resident,https://compasskc.kcmo.org/EnerGov_Prod/SelfService#/permit/3b9a9af1-c4eb-4f18-9dc7-b2e619e65bb3,https://mapd.kcmo.org/kcgis/rest/services/DataLayers/MapServer/34,2026-10-07
NSD-STR-02493,Issued,2027-04-15T00:00:00-05:00,2026-04-14T15:05:04-05:00,3612 Karnes Blvd,130108,Short Term Rental Registration ( Non-Resident ) / Non-Resident,https://compasskc.kcmo.org/EnerGov_Prod/SelfService#/permit/e62f5c2e-3117-41eb-b32d-8872661a90f2,https://mapd.kcmo.org/kcgis/rest/services/DataLayers/MapServer/34,2026-10-07
NSD-STR-02498,Issued,2027-05-12T00:00:00-05:00,2026-05-11T17:54:02-05:00,4355 Terrace St,141067,Short Term Rental Registration ( Resident ) / Resident,https://compasskc.kcmo.org/EnerGov_Prod/SelfService#/permit/86df50b2-fba4-4973-9993-4f6bf493d695,https://mapd.kcmo.org/kcgis/rest/services/DataLayers/MapServer/34,2026-10-07
NSD-STR-02501,Issued,2027-05-06T00:00:00-05:00,2026-05-05T22:33:02-05:00,905 Washington St STE 304,250702,Short Term Rental Registration ( Resident ) / Resident,https://compasskc.kcmo.org/EnerGov_Prod/SelfService#/permit/04238539-dc59-44a6-a7a8-a7ea20bd7230,https://mapd.kcmo.org/kcgis/rest/services/DataLayers/MapServer/34,2026-10-07
NSD-STR-02503,Issued,2027-05-14T09:49:30-05:00,2026-05-14T09:49:30-05:00,11117 E 44th Ter,49276,Short Term Rental Registration ( Resident ) / Resident,https://compasskc.kcmo.org/EnerGov_Prod/SelfService#/permit/78c69628-ccc3-44bc-8a4f-9d059d53b360,https://mapd.kcmo.org/kcgis/rest/services/DataLayers/MapServer/34,2026-10-07
NSD-STR-02505,Issued,2027-04-30T00:00:00-05:00,2026-04-29T07:52:03-05:00,2315 Belleview Ave,286681,Short Term Rental Registration ( Resident ) / Resident,https://compasskc.kcmo.org/EnerGov_Prod/SelfService#/permit/b24c1c09-7d96-409c-bf2d-2379fc512711,https://mapd.kcmo.org/kcgis/rest/services/DataLayers/MapServer/34,2026-10-07
NSD-STR-02506,Issued,2027-05-05T15:06:36-05:00,2026-05-05T15:06:36-05:00,15401 Ess Rd,65578,Short Term Rental Registration ( Resident ) / Resident,https://compasskc.kcmo.org/EnerGov_Prod/SelfService#/permit/7c9ca6f5-9e03-458a-9b50-e10be13d7719,https://mapd.kcmo.org/kcgis/rest/services/DataLayers/MapServer/34,2026-10-07
NSD-STR-02508,Issued,2027-05-06T00:00:00-05:00,2026-05-05T07:44:03-05:00,11953 Avila Dr,156475,Short Term Rental Registration ( Resident ) / Resident,https://compasskc.kcmo.org/EnerGov_Prod/SelfService#/permit/97e75d47-1e76-486b-8515-cc857c721d70,https://mapd.kcmo.org/kcgis/rest/services/DataLayers/MapServer/34,2026-10-07
NSD-STR-02509,Issued,2027-04-28T07:26:27-05:00,2026-04-28T07:26:27-05:00,3814 Wyandotte St,132280,Short Term Rental Registration ( Non-Resident ) / Non-Resident,https://compasskc.kcmo.org/EnerGov_Prod/SelfService#/permit/c34c67d1-54d4-41a7-9caa-c99455a3a95f,https://mapd.kcmo.org/kcgis/rest/services/DataLayers/MapServer/34,2026-10-07
NSD-STR-02510,Issued,2027-05-16T00:00:00-05:00,2026-05-15T13:46:02-05:00,1704 E 131st St,158127,Short Term Rental Registration ( Resident ) / Resident,https://compasskc.kcmo.org/EnerGov_Prod/SelfService#/permit/9d1c044d-b6f4-4e40-91ce-b1b7f93fd149,https://mapd.kcmo.org/kcgis/rest/services/DataLayers/MapServer/34,2026-10-07
NSD-STR-02513,Issued,2027-05-30T07:07:37-05:00,2026-05-30T07:07:37-05:00,1218 NW 67th Ter,96186,Short Term Rental Registration ( Resident ) / Resident,https://compasskc.kcmo.org/EnerGov_Prod/SelfService#/permit/fc7e72e1-8778-46be-aac6-fcb31a7511c5,https://mapd.kcmo.org/kcgis/rest/services/DataLayers/MapServer/34,2026-10-07
NSD-STR-02516,Issued,2027-05-27T00:00:00-05:00,2026-05-26T10:47:05-05:00,1810 E 48th Ter,138584,Short Term Rental Registration ( Resident ) / Resident,https://compasskc.kcmo.org/EnerGov_Prod/SelfService#/permit/15c29f95-0d28-4b14-8415-93883bb41bf8,https://mapd.kcmo.org/kcgis/rest/services/DataLayers/MapServer/34,2026-10-07
NSD-STR-02517,Issued,2027-06-02T00:00:00-05:00,2026-06-01T15:00:05-05:00,1617 Oak St,122775,Short Term Rental Registration ( Non-Resident ) / Non-Resident,https://compasskc.kcmo.org/EnerGov_Prod/SelfService#/permit/3f021c33-ad4c-4206-81ac-4aecd816c4e4,https://mapd.kcmo.org/kcgis/rest/services/DataLayers/MapServer/34,2026-10-07
NSD-STR-02518,Issued,2027-04-15T12:34:36-05:00,2026-04-15T12:34:31-05:00,508 Harrison St,39359,Short Term Rental Registration ( Resident ) / Resident,https://compasskc.kcmo.org/EnerGov_Prod/SelfService#/permit/2b470eb3-5725-417d-a1b3-ca1696b4ba7e,https://mapd.kcmo.org/kcgis/rest/services/DataLayers/MapServer/34,2026-10-07
NSD-STR-02519,Issued,2027-04-14T00:00:00-05:00,2026-04-13T10:12:05-05:00,4215 Oak St,133406,Short Term Rental Registration ( Non-Resident ) / Non-Resident,https://compasskc.kcmo.org/EnerGov_Prod/SelfService#/permit/23f7a471-673f-4561-933b-cb965005598f,https://mapd.kcmo.org/kcgis/rest/services/DataLayers/MapServer/34,2026-10-07
NSD-STR-02523,Issued,2027-05-04T00:00:00-05:00,2026-05-03T12:08:09-05:00,4042 Harrison St Unit 101,133087,Short Term Rental Registration ( Non-Resident ) / Non-Resident,https://compasskc.kcmo.org/EnerGov_Prod/SelfService#/permit/1ed24b14-ce56-472b-87d0-0f89307d9365,https://mapd.kcmo.org/kcgis/rest/services/DataLayers/MapServer/34,2026-10-07
NSD-STR-02524,Issued,2027-05-04T00:00:00-05:00,2026-05-03T12:08:06-05:00,4042 Harrison St Unit 102,133087,Short Term Rental Registration ( Non-Resident ) / Non-Resident,https://compasskc.kcmo.org/EnerGov_Prod/SelfService#/permit/6544958a-3369-4500-905b-3042d49a5a21,https://mapd.kcmo.org/kcgis/rest/services/DataLayers/MapServer/34,2026-10-07
NSD-STR-02525,Issued,2027-05-04T00:00:00-05:00,2026-05-03T12:08:07-05:00,4042 Harrison St Unit 103,133087,Short Term Rental Registration ( Non-Resident ) / Non-Resident,https://compasskc.kcmo.org/EnerGov_Prod/SelfService#/permit/1ac29bc3-4f29-4716-a3ef-b15f9bc7c328,https://mapd.kcmo.org/kcgis/rest/services/DataLayers/MapServer/34,2026-10-07
NSD-STR-02526,Issued - Subject To Conditions,2027-04-14T00:00:00-05:00,2026-04-13T14:08:03-05:00,5629 Oak St,144770,Short Term Rental Registration ( Non-Resident ) / Non-Resident,https://compasskc.kcmo.org/EnerGov_Prod/SelfService#/permit/d50d5c1a-1390-4a3e-af69-c49f673f977f,https://mapd.kcmo.org/kcgis/rest/services/DataLayers/MapServer/34,2026-10-07
NSD-STR-02527,Issued,2027-05-21T00:00:00-05:00,2026-05-20T10:57:04-05:00,7025 N Cambridge Ave,262728,Short Term Rental Registration ( Resident ) / Resident,https://compasskc.kcmo.org/EnerGov_Prod/SelfService#/permit/85c0330a-07a3-46f9-a4bc-3c43a1f9e2cc,https://mapd.kcmo.org/kcgis/rest/services/DataLayers/MapServer/34,2026-10-07
NSD-STR-02528,Issued,2027-05-02T00:00:00-05:00,2026-05-01T16:00:04-05:00,10748 Bridlespur Ter,154919,Short Term Rental Registration ( Resident ) / Resident,https://compasskc.kcmo.org/EnerGov_Prod/SelfService#/permit/e0ebc591-1799-4c7f-9045-1c4c92e21969,https://mapd.kcmo.org/kcgis/rest/services/DataLayers/MapServer/34,2026-10-07
NSD-STR-02537,Issued,2027-06-03T00:00:00-05:00,2026-06-02T16:39:02-05:00,621 Forest Ave,12007,Short Term Rental Registration ( Resident ) / Resident,https://compasskc.kcmo.org/EnerGov_Prod/SelfService#/permit/5d69751c-dbc5-4a98-9b55-4234a5a14b3a,https://mapd.kcmo.org/kcgis/rest/services/DataLayers/MapServer/34,2026-10-07
NSD-STR-02538,Issued,2027-04-27T08:12:30-05:00,2026-04-27T08:12:30-05:00,3744 Walnut St,132429,Short Term Rental Registration ( Resident ) / Resident,https://compasskc.kcmo.org/EnerGov_Prod/SelfService#/permit/7a4206d4-a99a-48f4-a9e0-a982557e0ca6,https://mapd.kcmo.org/kcgis/rest/services/DataLayers/MapServer/34,2026-10-07
NSD-STR-02539,Issued,2027-05-14T00:00:00-05:00,2026-05-13T08:18:33-05:00,1317 E 5th St,39771,Short Term Rental Registration ( Resident ) / Resident,https://compasskc.kcmo.org/EnerGov_Prod/SelfService#/permit/5eb178ed-4f1d-439b-8b5c-9081ff3f2e64,https://mapd.kcmo.org/kcgis/rest/services/DataLayers/MapServer/34,2026-10-07
NSD-STR-02540,Issued,2027-05-29T00:00:00-05:00,2026-05-28T18:46:02-05:00,5504 N Fairmount Ave,241131,Short Term Rental Registration ( Resident ) / Resident,https://compasskc.kcmo.org/EnerGov_Prod/SelfService#/permit/619cfdaa-83cd-49ff-98bc-587fd891ab6f,https://mapd.kcmo.org/kcgis/rest/services/DataLayers/MapServer/34,2026-10-07
NSD-STR-02542,Issued,2027-06-10T00:00:00-05:00,2026-06-09T13:41:03-05:00,6608 NE 48th Ter,82622,Short Term Rental Registration ( Resident ) / Resident,https://compasskc.kcmo.org/EnerGov_Prod/SelfService#/permit/19faf939-8e5d-43c0-a716-d260b1c7b9ab,https://mapd.kcmo.org/kcgis/rest/services/DataLayers/MapServer/34,2026-10-07
NSD-STR-02544,Issued,2027-05-20T00:00:00-05:00,2026-05-19T16:08:13-05:00,21 E 52nd St,143647,Short Term Rental Registration ( Resident ) / Resident,https://compasskc.kcmo.org/EnerGov_Prod/SelfService#/permit/8f34c349-613b-44f6-a0e4-aa85f6ed145f,https://mapd.kcmo.org/kcgis/rest/services/DataLayers/MapServer/34,2026-10-07
NSD-STR-02545,Issued,2027-04-28T00:00:00-05:00,2026-04-27T19:00:03-05:00,200 W 5th St,216480,Short Term Rental Registration ( Resident ) / Resident,https://compasskc.kcmo.org/EnerGov_Prod/SelfService#/permit/2747d4c0-fd53-40cc-bbb8-98ddc5018cdf,https://mapd.kcmo.org/kcgis/rest/services/DataLayers/MapServer/34,2026-10-07
NSD-STR-02546,Issued,2027-05-17T00:00:00-05:00,2026-05-16T12:43:03-05:00,5115 Grand Ave,143567,Short Term Rental Registration ( Resident ) / Resident,https://compasskc.kcmo.org/EnerGov_Prod/SelfService#/permit/08774c15-9565-46eb-b0e9-790c33852dd8,https://mapd.kcmo.org/kcgis/rest/services/DataLayers/MapServer/34,2026-10-07
NSD-STR-02547,Issued,2027-05-14T00:00:00-05:00,2026-05-13T08:22:34-05:00,3618 Campbell St,172852,Short Term Rental Registration ( Resident ) / Resident,https://compasskc.kcmo.org/EnerGov_Prod/SelfService#/permit/cf8af6d9-c127-40eb-bd7d-aa4a2f971811,https://mapd.kcmo.org/kcgis/rest/services/DataLayers/MapServer/34,2026-10-07
NSD-STR-02548,Issued,2027-05-15T12:06:46-05:00,2026-05-15T12:06:46-05:00,3231 E 10th St,10924,Short Term Rental Registration ( Resident ) / Resident,https://compasskc.kcmo.org/EnerGov_Prod/SelfService#/permit/03e344f3-bd73-4d40-bc17-7a8acaf88068,https://mapd.kcmo.org/kcgis/rest/services/DataLayers/MapServer/34,2026-10-07
NSD-STR-02549,Issued,2027-05-16T00:00:00-05:00,2026-05-15T15:56:02-05:00,10906 Blue Ridge Blvd,59374,Short Term Rental Registration ( Resident ) / Resident,https://compasskc.kcmo.org/EnerGov_Prod/SelfService#/permit/7d483f00-c547-4930-9229-01053f147018,https://mapd.kcmo.org/kcgis/rest/services/DataLayers/MapServer/34,2026-10-07
NSD-STR-02550,Issued,2027-05-01T00:00:00-05:00,2026-04-30T14:26:03-05:00,1106 NW 70th Ct,95786,Short Term Rental Registration ( Resident ) / Resident,https://compasskc.kcmo.org/EnerGov_Prod/SelfService#/permit/ecd6315d-92f4-45a3-9ab9-6fa7c2ecb1f9,https://mapd.kcmo.org/kcgis/rest/services/DataLayers/MapServer/34,2026-10-07
NSD-STR-02551,Issued,2027-05-08T00:00:00-05:00,2026-05-07T16:25:03-05:00,910 E 5th St,264985,Short Term Rental Registration ( Non-Resident ) / Non-Resident,https://compasskc.kcmo.org/EnerGov_Prod/SelfService#/permit/81ce4197-1069-417a-ae21-0b0898864792,https://mapd.kcmo.org/kcgis/rest/services/DataLayers/MapServer/34,2026-10-07
NSD-STR-02552,Issued,2027-05-19T00:00:00-05:00,2026-05-18T18:52:02-05:00,401 NE 88th St,92698,Short Term Rental Registration ( Resident ) / Resident,https://compasskc.kcmo.org/EnerGov_Prod/SelfService#/permit/00a25e3f-68d5-47f5-b438-e2678c8e2712,https://mapd.kcmo.org/kcgis/rest/services/DataLayers/MapServer/34,2026-10-07
NSD-STR-02554,Issued,2027-05-10T00:00:00-05:00,2026-05-09T18:25:03-05:00,700 Broadway Blvd STE 505,238001,Short Term Rental Registration ( Non-Resident ) / Non-Resident,https://compasskc.kcmo.org/EnerGov_Prod/SelfService#/permit/9c648200-90e4-4474-ac96-e913f4f6ab64,https://mapd.kcmo.org/kcgis/rest/services/DataLayers/MapServer/34,2026-10-07
NSD-STR-02555,Issued,2027-04-19T00:00:00-05:00,2026-04-18T09:42:06-05:00,620 W 85th St,121229,Short Term Rental Registration ( Non-Resident ) / Non-Resident,https://compasskc.kcmo.org/EnerGov_Prod/SelfService#/permit/c6fff80b-91dd-4403-8677-2599c6f250d8,https://mapd.kcmo.org/kcgis/rest/services/DataLayers/MapServer/34,2026-10-07
NSD-STR-02556,Issued,2027-04-28T13:21:25-05:00,2026-04-28T13:21:25-05:00,5902 Westridge Rd,64643,Short Term Rental Registration ( Resident ) / Resident,https://compasskc.kcmo.org/EnerGov_Prod/SelfService#/permit/4a99bf45-90d0-4789-9c96-3d6b5ace5238,https://mapd.kcmo.org/kcgis/rest/services/DataLayers/MapServer/34,2026-10-07
NSD-STR-02557,Issued,2027-05-23T00:00:00-05:00,2026-05-22T11:18:04-05:00,1864 E 76th Ter,115612,Short Term Rental Registration ( Resident ) / Resident,https://compasskc.kcmo.org/EnerGov_Prod/SelfService#/permit/760dca39-0f93-4774-8fca-18cf514df5c5,https://mapd.kcmo.org/kcgis/rest/services/DataLayers/MapServer/34,2026-10-07
NSD-STR-02558,Issued,2027-05-01T00:00:00-05:00,2026-04-30T14:15:04-05:00,4328 Jarboe St,140616,Short Term Rental Registration ( Non-Resident ) / Non-Resident,https://compasskc.kcmo.org/EnerGov_Prod/SelfService#/permit/5eee534b-a067-48cc-b0e4-6fc846263422,https://mapd.kcmo.org/kcgis/rest/services/DataLayers/MapServer/34,2026-10-07
NSD-STR-02560,Issued,2027-05-23T00:00:00-05:00,2026-05-22T13:05:03-05:00,4226 N Kansas Ave,77429,Short Term Rental Registration ( Resident ) / Resident,https://compasskc.kcmo.org/EnerGov_Prod/SelfService#/permit/cd8ee9c6-45f4-4ef1-ad1d-b5f3687f112d,https://mapd.kcmo.org/kcgis/rest/services/DataLayers/MapServer/34,2026-10-07
NSD-STR-02563,Issued,2027-04-17T00:00:00-05:00,2026-04-16T21:08:06-05:00,1008 E 44th St,139005,Short Term Rental Registration ( Non-Resident ) / Non-Resident,https://compasskc.kcmo.org/EnerGov_Prod/SelfService#/permit/80ff24f0-355d-432a-808b-03c0d5c4e2ae,https://mapd.kcmo.org/kcgis/rest/services/DataLayers/MapServer/34,2026-10-07
NSD-STR-02564,Issued,2027-04-17T00:00:00-05:00,2026-04-16T21:08:04-05:00,4346 Troost Ave,139004,Short Term Rental Registration ( Non-Resident ) / Non-Resident,https://compasskc.kcmo.org/EnerGov_Prod/SelfService#/permit/a9c09526-ff5a-4451-8549-d084d87ef408,https://mapd.kcmo.org/kcgis/rest/services/DataLayers/MapServer/34,2026-10-07
NSD-STR-02565,Issued,2027-04-17T00:00:00-05:00,2026-04-16T21:08:02-05:00,4334 Troost Ave,139002,Short Term Rental Registration ( Non-Resident ) / Non-Resident,https://compasskc.kcmo.org/EnerGov_Prod/SelfService#/permit/567d5349-3319-45bb-ac67-bb957d48877f,https://mapd.kcmo.org/kcgis/rest/services/DataLayers/MapServer/34,2026-10-07
NSD-STR-02566,Issued,2027-04-17T00:00:00-05:00,2026-04-16T21:08:07-05:00,4332 Troost Ave,139001,Short Term Rental Registration ( Non-Resident ) / Non-Resident,https://compasskc.kcmo.org/EnerGov_Prod/SelfService#/permit/52101ced-8e0a-4857-b626-20a12c5201f0,https://mapd.kcmo.org/kcgis/rest/services/DataLayers/MapServer/34,2026-10-07
NSD-STR-02568,Issued,2027-04-26T00:00:00-05:00,2026-04-25T21:11:02-05:00,8831 Virginia Ln,150009,Short Term Rental Registration ( Resident ) / Resident,https://compasskc.kcmo.org/EnerGov_Prod/SelfService#/permit/d50ce9db-972b-469d-a507-5a8ea11d0065,https://mapd.kcmo.org/kcgis/rest/services/DataLayers/MapServer/34,2026-10-07
NSD-STR-02569,Issued,2027-05-06T00:00:00-05:00,2026-05-05T12:02:03-05:00,300 W 34th St,127877,Short Term Rental Registration ( Resident ) / Resident,https://compasskc.kcmo.org/EnerGov_Prod/SelfService#/permit/a348af35-ff5d-439f-aa99-e879b9ff9ac2,https://mapd.kcmo.org/kcgis/rest/services/DataLayers/MapServer/34,2026-10-07
NSD-STR-02570,Issued,2027-04-23T00:00:00-05:00,2026-04-22T21:20:05-05:00,4209 Oak St,133407,Short Term Rental Registration ( Non-Resident ) / Non-Resident,https://compasskc.kcmo.org/EnerGov_Prod/SelfService#/permit/908b1804-3a28-487f-b208-3317a8a84337,https://mapd.kcmo.org/kcgis/rest/services/DataLayers/MapServer/34,2026-10-07
NSD-STR-02571,Issued,2027-04-23T00:00:00-05:00,2026-04-22T21:20:03-05:00,6523 Charlotte St,108135,Short Term Rental Registration ( Non-Resident ) / Non-Resident,https://compasskc.kcmo.org/EnerGov_Prod/SelfService#/permit/3cd85407-d46f-4ad7-8e99-320b56f6c3f4,https://mapd.kcmo.org/kcgis/rest/services/DataLayers/MapServer/34,2026-10-07
NSD-STR-02575,Issued,2027-05-27T00:00:00-05:00,2026-05-26T16:03:03-05:00,429 Wallace Ave,46812,Short Term Rental Registration ( Resident ) / Resident,https://compasskc.kcmo.org/EnerGov_Prod/SelfService#/permit/c29f723a-80ef-4bb5-af78-f9439f8467e2,https://mapd.kcmo.org/kcgis/rest/services/DataLayers/MapServer/34,2026-10-07
NSD-STR-02576,Issued,2027-04-28T00:00:00-05:00,2026-04-27T10:46:03-05:00,3316 Harrison St,128438,Short Term Rental Registration ( Resident ) / Resident,https://compasskc.kcmo.org/EnerGov_Prod/SelfService#/permit/fd077260-1806-4636-9558-8944911c4e8e,https://mapd.kcmo.org/kcgis/rest/services/DataLayers/MapServer/34,2026-10-07
NSD-STR-02578,Issued,2027-05-08T00:00:00-05:00,2026-05-07T20:56:02-05:00,323 Emanuel Cleaver II Blvd 3D,240055,Short Term Rental Registration ( Resident ) / Resident,https://compasskc.kcmo.org/EnerGov_Prod/SelfService#/permit/20a571fb-4c8d-4900-b27d-b7f0363c7fdf,https://mapd.kcmo.org/kcgis/rest/services/DataLayers/MapServer/34,2026-10-07
NSD-STR-02579,Issued,2027-04-23T00:00:00-05:00,2026-04-22T12:29:02-05:00,323 Emanuel Cleaver II Blvd 4A,240033,Short Term Rental Registration ( Non-Resident ) / Non-Resident,https://compasskc.kcmo.org/EnerGov_Prod/SelfService#/permit/b29af01d-9f2a-4aea-a058-02e2cf737500,https://mapd.kcmo.org/kcgis/rest/services/DataLayers/MapServer/34,2026-10-07
NSD-STR-02580,Issued,2027-04-23T00:00:00-05:00,2026-04-22T12:34:02-05:00,7602 Washington St,119715,Short Term Rental Registration ( Non-Resident ) / Non-Resident,https://compasskc.kcmo.org/EnerGov_Prod/SelfService#/permit/82598c0c-4c6c-49f3-9925-608273dd5e23,https://mapd.kcmo.org/kcgis/rest/services/DataLayers/MapServer/34,2026-10-07
NSD-STR-02584,Issued,2027-06-05T00:00:00-05:00,2026-06-04T10:38:05-05:00,110 E Sweeney Blvd,149799,Short Term Rental Registration ( Resident ) / Resident,https://compasskc.kcmo.org/EnerGov_Prod/SelfService#/permit/af14bfca-9b84-43a7-8a76-438ae104a3e2,https://mapd.kcmo.org/kcgis/rest/services/DataLayers/MapServer/34,2026-10-07
NSD-STR-02585,Issued,2027-04-24T00:00:00-05:00,2026-04-23T06:56:04-05:00,3238 N Chippewa Dr,86002,Short Term Rental Registration ( Non-Resident ) / Non-Resident,https://compasskc.kcmo.org/EnerGov_Prod/SelfService#/permit/08c8031d-76cf-46f3-a953-4d2ebef445d8,https://mapd.kcmo.org/kcgis/rest/services/DataLayers/MapServer/34,2026-10-07
NSD-STR-02587,Issued,2027-04-24T00:00:00-05:00,2026-04-23T06:56:02-05:00,8024 Holmes Rd,119441,Short Term Rental Registration ( Non-Resident ) / Non-Resident,https://compasskc.kcmo.org/EnerGov_Prod/SelfService#/permit/f342d7e9-c15d-4e9e-8186-0c251af27242,https://mapd.kcmo.org/kcgis/rest/services/DataLayers/MapServer/34,2026-10-07
NSD-STR-02588,Issued,2027-05-12T00:00:00-05:00,2026-05-11T19:44:02-05:00,112 E 99th St,152094,Short Term Rental Registration ( Resident ) / Resident,https://compasskc.kcmo.org/EnerGov_Prod/SelfService#/permit/5b918f14-2597-4ce9-9e19-d9bd2f284178,https://mapd.kcmo.org/kcgis/rest/services/DataLayers/MapServer/34,2026-10-07
NSD-STR-02589,Issued,2027-05-02T00:00:00-05:00,2026-05-01T09:55:03-05:00,3933 Genessee St,282129,Short Term Rental Registration ( Resident ) / Resident,https://compasskc.kcmo.org/EnerGov_Prod/SelfService#/permit/182611cc-789b-463f-9c4b-027a4fd1e81e,https://mapd.kcmo.org/kcgis/rest/services/DataLayers/MapServer/34,2026-10-07
NSD-STR-02592,Issued,2027-04-25T00:00:00-05:00,2026-04-24T10:12:08-05:00,6818 Locust St,111176,Short Term Rental Registration ( Non-Resident ) / Non-Resident,https://compasskc.kcmo.org/EnerGov_Prod/SelfService#/permit/ff7ebd07-fb05-4be2-9164-2b1cae5040ee,https://mapd.kcmo.org/kcgis/rest/services/DataLayers/MapServer/34,2026-10-07
NSD-STR-02593,Issued,2027-05-12T00:00:00-05:00,2026-05-11T08:12:25-05:00,4063 McGee St,132893,Short Term Rental Registration ( Resident ) / Resident,https://compasskc.kcmo.org/EnerGov_Prod/SelfService#/permit/b466ede9-af9f-4e09-b37e-747c07c9c2f1,https://mapd.kcmo.org/kcgis/rest/services/DataLayers/MapServer/34,2026-10-07
NSD-STR-02594,Issued,2027-05-13T00:00:00-05:00,2026-05-12T08:14:03-05:00,425 Washington St Apt 207,148459,Short Term Rental Registration ( Non-Resident ) / Non-Resident,https://compasskc.kcmo.org/EnerGov_Prod/SelfService#/permit/78b27a35-8fad-4a71-adcf-81a659685592,https://mapd.kcmo.org/kcgis/rest/services/DataLayers/MapServer/34,2026-10-07
NSD-STR-02595,Issued,2027-04-28T00:00:00-05:00,2026-04-27T14:19:03-05:00,323 Emanuel Cleaver II Blvd 8C,240074,Short Term Rental Registration ( Non-Resident ) / Non-Resident,https://compasskc.kcmo.org/EnerGov_Prod/SelfService#/permit/68d3a249-d17e-47f2-accd-1eb3bd7666ff,https://mapd.kcmo.org/kcgis/rest/services/DataLayers/MapServer/34,2026-10-07
NSD-STR-02597,Issued,2027-05-23T00:00:00-05:00,2026-05-22T13:41:03-05:00,9222 Wyandotte St,151572,Short Term Rental Registration ( Resident ) / Resident,https://compasskc.kcmo.org/EnerGov_Prod/SelfService#/permit/72d7cd72-45a6-42aa-8e2e-942a48a8c8ab,https://mapd.kcmo.org/kcgis/rest/services/DataLayers/MapServer/34,2026-10-07
NSD-STR-02598,Issued,2027-05-09T00:00:00-05:00,2026-05-08T08:21:04-05:00,5117 N Brighton Pl,81377,Short Term Rental Registration ( Resident ) / Resident,https://compasskc.kcmo.org/EnerGov_Prod/SelfService#/permit/b5304c57-d15c-4fbf-8cd9-260c600e8d6e,https://mapd.kcmo.org/kcgis/rest/services/DataLayers/MapServer/34,2026-10-07
NSD-STR-02599,Issued,2027-05-08T00:00:00-05:00,2026-05-07T17:06:03-05:00,3608 Genessee St,130198,Short Term Rental Registration ( Resident ) / Resident,https://compasskc.kcmo.org/EnerGov_Prod/SelfService#/permit/36057528-5ef0-4c27-a8c3-ff7e75277d69,https://mapd.kcmo.org/kcgis/rest/services/DataLayers/MapServer/34,2026-10-07
NSD-STR-02601,Issued,2027-05-04T00:00:00-05:00,2026-05-03T20:54:02-05:00,11815 Oakley Ave,74380,Short Term Rental Registration ( Resident ) / Resident,https://compasskc.kcmo.org/EnerGov_Prod/SelfService#/permit/b815a7c6-d0f4-442a-b4a6-6d4fbe446e56,https://mapd.kcmo.org/kcgis/rest/services/DataLayers/MapServer/34,2026-10-07
NSD-STR-02602,Issued,2027-05-16T00:00:00-05:00,2026-05-15T11:59:03-05:00,4516 N Olive St,82821,Short Term Rental Registration ( Resident ) / Resident,https://compasskc.kcmo.org/EnerGov_Prod/SelfService#/permit/8ba7d58a-4288-4626-9dac-399dcf4528f5,https://mapd.kcmo.org/kcgis/rest/services/DataLayers/MapServer/34,2026-10-07
NSD-STR-02609,Issued,2027-05-01T13:19:28-05:00,2026-05-01T13:19:28-05:00,1018 E Missouri Ave,39411,Short Term Rental Registration ( Resident ) / Resident,https://compasskc.kcmo.org/EnerGov_Prod/SelfService#/permit/29b31f61-8282-4ae2-81d0-f63799a2ca2a,https://mapd.kcmo.org/kcgis/rest/services/DataLayers/MapServer/34,2026-10-07
NSD-STR-02610,Issued,2027-06-11T00:00:00-05:00,2026-06-10T15:33:03-05:00,3787 Washington St Apt 1,129919,Short Term Rental Registration ( Resident ) / Resident,https://compasskc.kcmo.org/EnerGov_Prod/SelfService#/permit/125ca5dd-9cc0-4bcb-885b-de8a27e041af,https://mapd.kcmo.org/kcgis/rest/services/DataLayers/MapServer/34,2026-10-07
NSD-STR-02613,Issued,2027-05-19T08:39:40-05:00,2026-05-19T08:39:31-05:00,4522 Mercier St,141638,Short Term Rental Registration ( Resident ) / Resident,https://compasskc.kcmo.org/EnerGov_Prod/SelfService#/permit/aae7945b-b024-4d15-822e-0855900882e5,https://mapd.kcmo.org/kcgis/rest/services/DataLayers/MapServer/34,2026-10-07
NSD-STR-02614,Issued,2027-05-14T00:00:00-05:00,2026-05-13T22:11:02-05:00,3833 Wyandotte St,132308,Short Term Rental Registration ( Resident ) / Resident,https://compasskc.kcmo.org/EnerGov_Prod/SelfService#/permit/8e716c01-27dd-4513-a846-0fdc39f288c2,https://mapd.kcmo.org/kcgis/rest/services/DataLayers/MapServer/34,2026-10-07
NSD-STR-02615,Issued,2027-05-14T00:00:00-05:00,2026-05-13T08:53:05-05:00,3114 McGee St,127543,Short Term Rental Registration ( Non-Resident ) / Non-Resident,https://compasskc.kcmo.org/EnerGov_Prod/SelfService#/permit/d9a32aef-8542-4a08-820a-05ea08ffac12,https://mapd.kcmo.org/kcgis/rest/services/DataLayers/MapServer/34,2026-10-07
NSD-STR-02616,Issued,2027-05-21T00:00:00-05:00,2026-05-20T15:23:03-05:00,7511 Main St,118029,Short Term Rental Registration ( Resident ) / Resident,https://compasskc.kcmo.org/EnerGov_Prod/SelfService#/permit/ba6e6740-4451-474c-be62-ce96775bc391,https://mapd.kcmo.org/kcgis/rest/services/DataLayers/MapServer/34,2026-10-07
NSD-STR-02617,Issued,2027-06-11T00:00:00-05:00,2026-06-10T08:49:03-05:00,510 Brooklyn Ave,40155,Short Term Rental Registration ( Resident ) / Resident,https://compasskc.kcmo.org/EnerGov_Prod/SelfService#/permit/885e9aac-5282-4572-a567-8a93160e998d,https://mapd.kcmo.org/kcgis/rest/services/DataLayers/MapServer/34,2026-10-07
NSD-STR-02618,Issued,2027-05-19T00:00:00-05:00,2026-05-18T16:16:03-05:00,4143 Tracy Ave,135930,Short Term Rental Registration ( Non-Resident ) / Non-Resident,https://compasskc.kcmo.org/EnerGov_Prod/SelfService#/permit/e13c73a7-c722-44f4-8b16-8bfe1471d837,https://mapd.kcmo.org/kcgis/rest/services/DataLayers/MapServer/34,2026-10-07
NSD-STR-02621,Issued,2027-06-03T00:00:00-05:00,2026-06-02T12:55:03-05:00,9105 N Brooklyn Ave,240574,Short Term Rental Registration ( Resident ) / Resident,https://compasskc.kcmo.org/EnerGov_Prod/SelfService#/permit/ac8b1a41-bf16-4b49-92d9-d2fc0c2526f0,https://mapd.kcmo.org/kcgis/rest/services/DataLayers/MapServer/34,2026-10-07
NSD-STR-02622,Issued,2027-05-08T00:00:00-05:00,2026-05-07T13:35:03-05:00,4322 Terrace St,141091,Short Term Rental Registration ( Resident ) / Resident,https://compasskc.kcmo.org/EnerGov_Prod/SelfService#/permit/73854d37-1bde-45ff-8e3c-ce14c601895b,https://mapd.kcmo.org/kcgis/rest/services/DataLayers/MapServer/34,2026-10-07
NSD-STR-02626,Issued,2027-05-14T00:00:00-05:00,2026-05-13T21:19:02-05:00,1712 W 34th Ter,129159,Short Term Rental Registration ( Resident ) / Resident,https://compasskc.kcmo.org/EnerGov_Prod/SelfService#/permit/4532df72-815c-4238-aca1-4e3aa74f5bdf,https://mapd.kcmo.org/kcgis/rest/services/DataLayers/MapServer/34,2026-10-07
NSD-STR-02627,Issued,2027-05-21T00:00:00-05:00,2026-05-20T16:40:03-05:00,3954 Warwick Blvd,132549,Short Term Rental Registration ( Non-Resident ) / Non-Resident,https://compasskc.kcmo.org/EnerGov_Prod/SelfService#/permit/f0692d2b-9790-4a10-940e-44162fb3a68e,https://mapd.kcmo.org/kcgis/rest/services/DataLayers/MapServer/34,2026-10-07
NSD-STR-02628,Issued,2027-05-01T12:09:52-05:00,2026-05-01T12:09:52-05:00,114 W 3rd St,249795,Short Term Rental Registration ( Non-Resident ) / Non-Resident,https://compasskc.kcmo.org/EnerGov_Prod/SelfService#/permit/b9ca65a3-128e-43fe-a0bb-d524dcf68d14,https://mapd.kcmo.org/kcgis/rest/services/DataLayers/MapServer/34,2026-10-07
NSD-STR-02631,Issued,2027-05-07T00:00:00-05:00,2026-05-06T17:00:06-05:00,9810 Lawndale Ave,57175,Short Term Rental Registration ( Resident ) / Resident,https://compasskc.kcmo.org/EnerGov_Prod/SelfService#/permit/267da001-c093-4164-bc6d-e38086d3ba05,https://mapd.kcmo.org/kcgis/rest/services/DataLayers/MapServer/34,2026-10-07
NSD-STR-02634,Issued,2027-05-12T00:00:00-05:00,2026-05-11T08:12:49-05:00,929 St Andrews Dr,159389,Short Term Rental Registration ( Resident ) / Resident,https://compasskc.kcmo.org/EnerGov_Prod/SelfService#/permit/ead73859-f83f-4aaf-ab63-bd29c67cf137,https://mapd.kcmo.org/kcgis/rest/services/DataLayers/MapServer/34,2026-10-07
NSD-STR-02635,Issued,2027-06-12T00:00:00-05:00,2026-06-11T11:58:05-05:00,5037 Walnut St,140232,Short Term Rental Registration ( Non-Resident ) / Non-Resident,https://compasskc.kcmo.org/EnerGov_Prod/SelfService#/permit/248c112a-c6ce-41bc-9260-e5f947a084b4,https://mapd.kcmo.org/kcgis/rest/services/DataLayers/MapServer/34,2026-10-07
NSD-STR-02636,Issued,2027-06-17T16:09:07-05:00,2026-06-17T16:09:07-05:00,5039 Walnut St,140232,Short Term Rental Registration ( Non-Resident ) / Non-Resident,https://compasskc.kcmo.org/EnerGov_Prod/SelfService#/permit/f3a4d0b8-8eae-41d6-8d94-1513abc8aef2,https://mapd.kcmo.org/kcgis/rest/services/DataLayers/MapServer/34,2026-10-07
NSD-STR-02640,Issued,2027-05-07T00:00:00-05:00,2026-05-06T15:05:04-05:00,34 E 32nd St,127646,Short Term Rental Registration ( Non-Resident ) / Non-Resident,https://compasskc.kcmo.org/EnerGov_Prod/SelfService#/permit/ab735a93-f129-4442-b263-438c0dd9149e,https://mapd.kcmo.org/kcgis/rest/services/DataLayers/MapServer/34,2026-10-07
NSD-STR-02641,Issued,2027-05-04T12:32:25-05:00,2026-05-04T12:32:25-05:00,8421 E 55th Ter,51896,Short Term Rental Registration ( Resident ) / Resident,https://compasskc.kcmo.org/EnerGov_Prod/SelfService#/permit/5917418a-a176-4bf8-9f53-a2c091dde0b3,https://mapd.kcmo.org/kcgis/rest/services/DataLayers/MapServer/34,2026-10-07
NSD-STR-02647,Issued,2027-05-25T00:00:00-05:00,2026-05-24T19:14:02-05:00,4945 N Fremont Ave,82007,Short Term Rental Registration ( Resident ) / Resident,https://compasskc.kcmo.org/EnerGov_Prod/SelfService#/permit/a8628474-6ba6-47a5-98f3-dc29041bf6e9,https://mapd.kcmo.org/kcgis/rest/services/DataLayers/MapServer/34,2026-10-07
NSD-STR-02650,Issued,2027-05-27T00:00:00-05:00,2026-05-26T18:00:04-05:00,8109 E 67th St,52726,Short Term Rental Registration ( Resident ) / Resident,https://compasskc.kcmo.org/EnerGov_Prod/SelfService#/permit/ba1898dd-4e1c-4535-a96c-ade06714d0f1,https://mapd.kcmo.org/kcgis/rest/services/DataLayers/MapServer/34,2026-10-07
NSD-STR-02652,Issued,2027-05-28T00:00:00-05:00,2026-05-27T10:51:04-05:00,4056 Warwick Blvd 15-C,252680,Short Term Rental Registration ( Resident ) / Resident,https://compasskc.kcmo.org/EnerGov_Prod/SelfService#/permit/5f6e553d-06a3-41d7-8e5b-4b7de4095362,https://mapd.kcmo.org/kcgis/rest/services/DataLayers/MapServer/34,2026-10-07
NSD-STR-02654,Issued,2027-05-08T00:00:00-05:00,2026-05-07T14:52:03-05:00,3931 Central St,132651,Short Term Rental Registration ( Non-Resident ) / Non-Resident,https://compasskc.kcmo.org/EnerGov_Prod/SelfService#/permit/b490486d-50d8-4015-a109-a70e15ae6221,https://mapd.kcmo.org/kcgis/rest/services/DataLayers/MapServer/34,2026-10-07
NSD-STR-02656,Issued,2027-06-17T08:17:51-05:00,2026-06-17T08:17:50-05:00,3028 E 6th St,10288,Short Term Rental Registration ( Resident ) / Resident,https://compasskc.kcmo.org/EnerGov_Prod/SelfService#/permit/aeba4f32-e42d-4212-8fcb-e7d0684b2303,https://mapd.kcmo.org/kcgis/rest/services/DataLayers/MapServer/34,2026-10-07
NSD-STR-02657,Issued,2027-05-16T00:00:00-05:00,2026-05-15T12:11:05-05:00,323 Emanuel Cleaver II Blvd 6C,240050,Short Term Rental Registration ( Resident ) / Resident,https://compasskc.kcmo.org/EnerGov_Prod/SelfService#/permit/ed1d80a4-e628-4ab6-b344-a46d4640463f,https://mapd.kcmo.org/kcgis/rest/services/DataLayers/MapServer/34,2026-10-07
NSD-STR-02658,Issued,2027-05-20T00:00:00-05:00,2026-05-19T18:23:02-05:00,8603 E 47th St,50856,Short Term Rental Registration ( Resident ) / Resident,https://compasskc.kcmo.org/EnerGov_Prod/SelfService#/permit/574957e8-5786-4000-9ef0-6f42791b57a1,https://mapd.kcmo.org/kcgis/rest/services/DataLayers/MapServer/34,2026-10-07
NSD-STR-02660,Issued,2027-06-04T00:00:00-05:00,2026-06-03T14:51:06-05:00,339 N Hardesty Ave,43118,Short Term Rental Registration ( Resident ) / Resident,https://compasskc.kcmo.org/EnerGov_Prod/SelfService#/permit/1fc7230d-4e83-4cbd-bfab-4595c3d469af,https://mapd.kcmo.org/kcgis/rest/services/DataLayers/MapServer/34,2026-10-07
NSD-STR-02665,Issued,2027-07-07T14:15:41-05:00,2026-07-07T14:15:40-05:00,3530 Pennsylvania Ave,129722,Short Term Rental Registration ( Resident ) / Resident,https://compasskc.kcmo.org/EnerGov_Prod/SelfService#/permit/1ab2f534-f878-4094-af8e-2a2c17df3550,https://mapd.kcmo.org/kcgis/rest/services/DataLayers/MapServer/34,2026-10-07
NSD-STR-02666,Issued,2027-08-14T00:00:00-05:00,2026-08-13T10:25:04-05:00,102 NE Evansdale Rd,84193,Short Term Rental Registration ( Resident ) / Resident,https://compasskc.kcmo.org/EnerGov_Prod/SelfService#/permit/1837aeeb-97fc-4860-a25d-0791ffcdb4b5,https://mapd.kcmo.org/kcgis/rest/services/DataLayers/MapServer/34,2026-10-07
NSD-STR-02670,Issued,2027-05-30T00:00:00-05:00,2026-05-29T07:16:03-05:00,916 W 79th St,120087,Short Term Rental Registration ( Resident ) / Resident,https://compasskc.kcmo.org/EnerGov_Prod/SelfService#/permit/a777e9b3-9ded-4c58-b5b4-bbf8d5a5549b,https://mapd.kcmo.org/kcgis/rest/services/DataLayers/MapServer/34,2026-10-07
NSD-STR-02672,Issued,2027-05-31T00:00:00-05:00,2026-05-30T08:29:03-05:00,10312 E 43rd St,48623,Short Term Rental Registration ( Resident ) / Resident,https://compasskc.kcmo.org/EnerGov_Prod/SelfService#/permit/da5dfa32-27df-48b1-a5d8-28a8ff71d5d3,https://mapd.kcmo.org/kcgis/rest/services/DataLayers/MapServer/34,2026-10-07
NSD-STR-02673,Issued,2027-06-03T00:00:00-05:00,2026-06-02T10:24:06-05:00,311 N Clinton Pl,40578,Short Term Rental Registration ( Resident ) / Resident,https://compasskc.kcmo.org/EnerGov_Prod/SelfService#/permit/52a0ec68-771d-40b6-825f-109021ae9c27,https://mapd.kcmo.org/kcgis/rest/services/DataLayers/MapServer/34,2026-10-07
NSD-STR-02674,Issued,2027-05-31T00:00:00-05:00,2026-05-30T17:14:03-05:00,5705 Holmes St,145243,Short Term Rental Registration ( Resident ) / Resident,https://compasskc.kcmo.org/EnerGov_Prod/SelfService#/permit/862dc770-8f71-459e-88fe-01e82cecda74,https://mapd.kcmo.org/kcgis/rest/services/DataLayers/MapServer/34,2026-10-07
NSD-STR-02675,Issued,2027-05-27T00:00:00-05:00,2026-05-26T13:41:02-05:00,5716 Grand Ave,144459,Short Term Rental Registration ( Resident ) / Resident,https://compasskc.kcmo.org/EnerGov_Prod/SelfService#/permit/879958ad-0de0-464c-9d6c-a909b947cace,https://mapd.kcmo.org/kcgis/rest/services/DataLayers/MapServer/34,2026-10-07
NSD-STR-02678,Issued,2027-05-15T00:00:00-05:00,2026-05-14T08:45:06-05:00,706 E 19th St,124656,Short Term Rental Registration ( Non-Resident ) / Non-Resident,https://compasskc.kcmo.org/EnerGov_Prod/SelfService#/permit/65af7299-716a-4bad-a5db-b1213c10fd8a,https://mapd.kcmo.org/kcgis/rest/services/DataLayers/MapServer/34,2026-10-07
NSD-STR-02679,Issued,2027-05-16T00:00:00-05:00,2026-05-15T12:11:02-05:00,323 Emanuel Cleaver II Blvd 6A,240049,Short Term Rental Registration ( Resident ) / Resident,https://compasskc.kcmo.org/EnerGov_Prod/SelfService#/permit/982ace4a-511f-42a4-8614-b2ba2f6274e8,https://mapd.kcmo.org/kcgis/rest/services/DataLayers/MapServer/34,2026-10-07
NSD-STR-02682,Issued,2027-05-19T00:00:00-05:00,2026-05-18T01:22:02-05:00,3727 Jefferson St,129982,Short Term Rental Registration ( Non-Resident ) / Non-Resident,https://compasskc.kcmo.org/EnerGov_Prod/SelfService#/permit/eb98ef69-0870-45c0-8fae-3681b5fab7e7,https://mapd.kcmo.org/kcgis/rest/services/DataLayers/MapServer/34,2026-10-07
NSD-STR-02683,Issued,2027-05-12T00:00:00-05:00,2026-05-11T08:12:44-05:00,920 Main St STE 1514,122486,Short Term Rental Registration ( Non-Resident ) / Non-Resident,https://compasskc.kcmo.org/EnerGov_Prod/SelfService#/permit/af85225a-a5c3-4649-9941-ba8c7562eb3a,https://mapd.kcmo.org/kcgis/rest/services/DataLayers/MapServer/34,2026-10-07
NSD-STR-02684,Issued,2027-06-02T00:00:00-05:00,2026-06-01T09:00:05-05:00,4626 NE 83rd Ter,234466,Short Term Rental Registration ( Resident ) / Resident,https://compasskc.kcmo.org/EnerGov_Prod/SelfService#/permit/18038acd-6b58-4ec3-89e6-d7508fc264d4,https://mapd.kcmo.org/kcgis/rest/services/DataLayers/MapServer/34,2026-10-07
NSD-STR-02686,Issued,2027-06-16T00:00:00-05:00,2026-06-15T11:47:04-05:00,7901 Ward Parkway Plz,120964,Short Term Rental Registration ( Resident ) / Resident,https://compasskc.kcmo.org/EnerGov_Prod/SelfService#/permit/c4c3c3f0-5772-4e50-9368-385bd83db176,https://mapd.kcmo.org/kcgis/rest/services/DataLayers/MapServer/34,2026-10-07
NSD-STR-02687,Issued,2027-05-15T00:00:00-05:00,2026-05-14T17:32:03-05:00,4433 State Line Rd,141343,Short Term Rental Registration ( Non-Resident ) / Non-Resident,https://compasskc.kcmo.org/EnerGov_Prod/SelfService#/permit/08205f3d-cd74-4953-8d2a-1e0a623f9a0c,https://mapd.kcmo.org/kcgis/rest/services/DataLayers/MapServer/34,2026-10-07
NSD-STR-02688,Issued,2027-07-16T00:00:00-05:00,2026-07-15T16:39:02-05:00,1000 Ward Pkwy,142407,Short Term Rental Registration ( Resident ) / Resident,https://compasskc.kcmo.org/EnerGov_Prod/SelfService#/permit/dea6ce2c-d7ca-4180-bdc0-4f4b0ee7e585,https://mapd.kcmo.org/kcgis/rest/services/DataLayers/MapServer/34,2026-10-07
NSD-STR-02691,Issued,2027-06-27T00:00:00-05:00,2026-06-26T08:11:03-05:00,230 E 74th Ter,112942,Short Term Rental Registration ( Resident ) / Resident,https://compasskc.kcmo.org/EnerGov_Prod/SelfService#/permit/889cb51a-7937-4487-8b02-90b89f3a5452,https://mapd.kcmo.org/kcgis/rest/services/DataLayers/MapServer/34,2026-10-07
NSD-STR-02692,Issued,2027-05-30T13:59:18-05:00,2026-05-30T13:59:18-05:00,4810 Jarboe St,142376,Short Term Rental Registration ( Resident ) / Resident,https://compasskc.kcmo.org/EnerGov_Prod/SelfService#/permit/91e8b241-eb44-48db-a3f0-063960f5ad04,https://mapd.kcmo.org/kcgis/rest/services/DataLayers/MapServer/34,2026-10-07
NSD-STR-02693,Issued,2027-05-29T00:00:00-05:00,2026-05-28T23:17:03-05:00,4821 Roanoke Pkwy 10C,293749,Short Term Rental Registration ( Non-Resident ) / Non-Resident,https://compasskc.kcmo.org/EnerGov_Prod/SelfService#/permit/ff281f71-f681-4536-a32b-4ffff6b296b7,https://mapd.kcmo.org/kcgis/rest/services/DataLayers/MapServer/34,2026-10-07
NSD-STR-02694,Issued,2027-05-28T00:00:00-05:00,2026-05-27T10:23:03-05:00,12311 E 54th Ter,63101,Short Term Rental Registration ( Resident ) / Resident,https://compasskc.kcmo.org/EnerGov_Prod/SelfService#/permit/dd660fc1-850d-430e-899a-872230dc2ac1,https://mapd.kcmo.org/kcgis/rest/services/DataLayers/MapServer/34,2026-10-07
NSD-STR-02698,Issued,2027-05-29T00:00:00-05:00,2026-05-28T07:09:03-05:00,3200 E Red Bridge Rd,61933,Short Term Rental Registration ( Resident ) / Resident,https://compasskc.kcmo.org/EnerGov_Prod/SelfService#/permit/2fe9627f-6963-4c76-9c3d-ff4ae841c00b,https://mapd.kcmo.org/kcgis/rest/services/DataLayers/MapServer/34,2026-10-07
NSD-STR-02700,Issued,2027-05-16T00:00:00-05:00,2026-05-15T15:46:02-05:00,9516 Manning Ave,68268,Short Term Rental Registration ( Resident ) / Resident,https://compasskc.kcmo.org/EnerGov_Prod/SelfService#/permit/69594ca0-9339-4005-b783-9957ad744e94,https://mapd.kcmo.org/kcgis/rest/services/DataLayers/MapServer/34,2026-10-07
NSD-STR-02701,Issued,2027-05-29T00:00:00-05:00,2026-05-28T10:59:04-05:00,148 W 54th St,143863,Short Term Rental Registration ( Resident ) / Resident,https://compasskc.kcmo.org/EnerGov_Prod/SelfService#/permit/78a1a5d5-7ae8-4c29-99e8-6053e2ce5917,https://mapd.kcmo.org/kcgis/rest/services/DataLayers/MapServer/34,2026-10-07
NSD-STR-02703,Issued,2027-05-21T00:00:00-05:00,2026-05-20T15:14:03-05:00,1219 White Ave,6389,Short Term Rental Registration ( Resident ) / Resident,https://compasskc.kcmo.org/EnerGov_Prod/SelfService#/permit/01203117-3e92-4c89-b3e0-eac3b1216fc6,https://mapd.kcmo.org/kcgis/rest/services/DataLayers/MapServer/34,2026-10-07
NSD-STR-02704,Issued,2027-05-28T00:00:00-05:00,2026-05-27T11:51:03-05:00,7723 Pennsylvania Ave,120251,Short Term Rental Registration ( Resident ) / Resident,https://compasskc.kcmo.org/EnerGov_Prod/SelfService#/permit/e6909141-0a65-41d3-bbe9-03871361e847,https://mapd.kcmo.org/kcgis/rest/services/DataLayers/MapServer/34,2026-10-07
NSD-STR-02705,Issued,2027-05-29T00:00:00-05:00,2026-05-28T16:28:03-05:00,121 W 73rd St,112698,Short Term Rental Registration ( Resident ) / Resident,https://compasskc.kcmo.org/EnerGov_Prod/SelfService#/permit/42845e3c-0a15-43f8-a6b2-2c82d77fbd24,https://mapd.kcmo.org/kcgis/rest/services/DataLayers/MapServer/34,2026-10-07
NSD-STR-02706,Issued,2027-05-28T00:00:00-05:00,2026-05-27T15:48:04-05:00,3617 E Gregory Blvd,4181,Short Term Rental Registration ( Resident ) / Resident,https://compasskc.kcmo.org/EnerGov_Prod/SelfService#/permit/bb8d142f-b85e-412e-83ca-862fbb51ad06,https://mapd.kcmo.org/kcgis/rest/services/DataLayers/MapServer/34,2026-10-07
NSD-STR-02707,Issued,2027-06-02T00:00:00-05:00,2026-06-01T12:41:02-05:00,4727 Jarboe St STE 1010,232030,Short Term Rental Registration ( Resident ) / Resident,https://compasskc.kcmo.org/EnerGov_Prod/SelfService#/permit/d5134e4c-2676-4e11-844e-23c03841137a,https://mapd.kcmo.org/kcgis/rest/services/DataLayers/MapServer/34,2026-10-07
NSD-STR-02709,Issued,2027-05-28T00:00:00-05:00,2026-05-27T15:48:02-05:00,3615 E Gregory Blvd,4181,Short Term Rental Registration ( Resident ) / Resident,https://compasskc.kcmo.org/EnerGov_Prod/SelfService#/permit/cbd08d88-9477-495c-9410-2fe98be87391,https://mapd.kcmo.org/kcgis/rest/services/DataLayers/MapServer/34,2026-10-07
NSD-STR-02711,Issued,2027-05-21T00:00:00-05:00,2026-05-20T19:02:03-05:00,4233 Bell St,130837,Short Term Rental Registration ( Non-Resident ) / Non-Resident,https://compasskc.kcmo.org/EnerGov_Prod/SelfService#/permit/b7fc4ee6-5612-467d-829b-fc7ab24cb55b,https://mapd.kcmo.org/kcgis/rest/services/DataLayers/MapServer/34,2026-10-07
NSD-STR-02714,Issued,2027-06-16T00:00:00-05:00,2026-06-15T01:11:03-05:00,9443 Bristol Ave,56306,Short Term Rental Registration ( Resident ) / Resident,https://compasskc.kcmo.org/EnerGov_Prod/SelfService#/permit/1f6e0338-a2c6-465a-a8da-2076cda4aa59,https://mapd.kcmo.org/kcgis/rest/services/DataLayers/MapServer/34,2026-10-07
NSD-STR-02716,Issued,2027-05-28T00:00:00-05:00,2026-05-27T14:36:14-05:00,5740 Cherry St,144956,Short Term Rental Registration ( Resident ) / Resident,https://compasskc.kcmo.org/EnerGov_Prod/SelfService#/permit/0c6d79d1-4f01-4f4a-b8f9-6ab18822f357,https://mapd.kcmo.org/kcgis/rest/services/DataLayers/MapServer/34,2026-10-07
NSD-STR-02717,Issued,2027-05-28T00:00:00-05:00,2026-05-27T13:10:08-05:00,207 W 90th St,150148,Short Term Rental Registration ( Resident ) / Resident,https://compasskc.kcmo.org/EnerGov_Prod/SelfService#/permit/32f710eb-35b4-42ca-863d-38c620fc6d56,https://mapd.kcmo.org/kcgis/rest/services/DataLayers/MapServer/34,2026-10-07
NSD-STR-02719,Issued,2027-06-06T00:00:00-05:00,2026-06-05T16:05:03-05:00,5619 Palmer Ave,51717,Short Term Rental Registration ( Resident ) / Resident,https://compasskc.kcmo.org/EnerGov_Prod/SelfService#/permit/b9938999-233b-449d-866b-5aba28f841d5,https://mapd.kcmo.org/kcgis/rest/services/DataLayers/MapServer/34,2026-10-07
NSD-STR-02720,Issued,2027-05-29T00:00:00-05:00,2026-05-28T08:11:05-05:00,556 Harrison St,39397,Short Term Rental Registration ( Resident ) / Resident,https://compasskc.kcmo.org/EnerGov_Prod/SelfService#/permit/99779722-e634-4abf-87e1-6698fd041c0b,https://mapd.kcmo.org/kcgis/rest/services/DataLayers/MapServer/34,2026-10-07
NSD-STR-02721,Issued,2027-06-16T00:00:00-05:00,2026-06-15T09:22:02-05:00,3 Janssen Pl,131759,Short Term Rental Registration ( Resident ) / Resident,https://compasskc.kcmo.org/EnerGov_Prod/SelfService#/permit/ce63ef0c-4103-4092-86e1-3dc06b89a791,https://mapd.kcmo.org/kcgis/rest/services/DataLayers/MapServer/34,2026-10-07
NSD-STR-02722,Issued,2027-05-23T00:00:00-05:00,2026-05-22T15:29:03-05:00,5831 Wayne Ave,147354,Short Term Rental Registration ( Resident ) / Resident,https://compasskc.kcmo.org/EnerGov_Prod/SelfService#/permit/7aedec13-c9b1-4d2d-9065-d1b8b63c84f5,https://mapd.kcmo.org/kcgis/rest/services/DataLayers/MapServer/34,2026-10-07
NSD-STR-02723,Issued,2027-06-17T00:00:00-05:00,2026-06-16T10:27:03-05:00,11301 E 139th St,257698,Short Term Rental Registration ( Resident ) / Resident,https://compasskc.kcmo.org/EnerGov_Prod/SelfService#/permit/b297a4d3-95e3-4f48-beb3-41608b666495,https://mapd.kcmo.org/kcgis/rest/services/DataLayers/MapServer/34,2026-10-07
NSD-STR-02726,Issued,2027-07-10T00:00:00-05:00,2026-07-09T11:11:03-05:00,6431 Wyandotte St,107186,Short Term Rental Registration ( Resident ) / Resident,https://compasskc.kcmo.org/EnerGov_Prod/SelfService#/permit/e731bece-fe56-4a84-a96b-6c34e28734c6,https://mapd.kcmo.org/kcgis/rest/services/DataLayers/MapServer/34,2026-10-07
NSD-STR-02727,Issued,2027-06-03T00:00:00-05:00,2026-06-02T09:56:03-05:00,321 Oakley Ave,44730,Short Term Rental Registration ( Resident ) / Resident,https://compasskc.kcmo.org/EnerGov_Prod/SelfService#/permit/95d7e509-37de-433f-ac6a-d8cd62ec5c73,https://mapd.kcmo.org/kcgis/rest/services/DataLayers/MapServer/34,2026-10-07
NSD-STR-02731,Issued,2027-05-30T00:00:00-05:00,2026-05-29T19:13:02-05:00,7311 Washington St,111018,Short Term Rental Registration ( Resident ) / Resident,https://compasskc.kcmo.org/EnerGov_Prod/SelfService#/permit/6417dc67-ea2f-486f-a8cb-a5759811e423,https://mapd.kcmo.org/kcgis/rest/services/DataLayers/MapServer/34,2026-10-07
NSD-STR-02733,Issued,2027-06-06T00:00:00-05:00,2026-06-05T06:17:04-05:00,719 W 16th St,229348,Short Term Rental Registration ( Resident ) / Resident,https://compasskc.kcmo.org/EnerGov_Prod/SelfService#/permit/076f75ec-78d0-4e1b-961e-ff6c71830368,https://mapd.kcmo.org/kcgis/rest/services/DataLayers/MapServer/34,2026-10-07
NSD-STR-02734,Issued,2027-06-04T00:00:00-05:00,2026-06-03T12:33:02-05:00,104 E 79th St,118494,Short Term Rental Registration ( Resident ) / Resident,https://compasskc.kcmo.org/EnerGov_Prod/SelfService#/permit/94906421-94cf-4b3e-a099-1e95a4edc92d,https://mapd.kcmo.org/kcgis/rest/services/DataLayers/MapServer/34,2026-10-07
NSD-STR-02738,Issued,2027-06-01T00:00:00-05:00,2026-05-31T22:00:05-05:00,5801 N Ava Ave,166534,Short Term Rental Registration ( Resident ) / Resident,https://compasskc.kcmo.org/EnerGov_Prod/SelfService#/permit/6c32a192-feeb-43d5-89ab-0465c53977f9,https://mapd.kcmo.org/kcgis/rest/services/DataLayers/MapServer/34,2026-10-07
NSD-STR-02740,Issued,2027-06-07T00:00:00-05:00,2026-06-06T09:18:03-05:00,408 E 70th Ter,111402,Short Term Rental Registration ( Resident ) / Resident,https://compasskc.kcmo.org/EnerGov_Prod/SelfService#/permit/cab9f11d-ab3a-4d68-877b-65e10e7ec421,https://mapd.kcmo.org/kcgis/rest/services/DataLayers/MapServer/34,2026-10-07
NSD-STR-02741,Issued,2027-05-28T00:00:00-05:00,2026-05-27T16:28:02-05:00,323 Emanuel Cleaver II Blvd 4C,240034,Short Term Rental Registration ( Non-Resident ) / Non-Resident,https://compasskc.kcmo.org/EnerGov_Prod/SelfService#/permit/c12e739a-388e-4596-a970-2e75cf28d8a5,https://mapd.kcmo.org/kcgis/rest/services/DataLayers/MapServer/34,2026-10-07
NSD-STR-02743,Issued,2027-07-22T00:00:00-05:00,2026-07-21T15:53:23-05:00,2612 E 10th St,10695,Short Term Rental Registration ( Resident ) / Resident,https://compasskc.kcmo.org/EnerGov_Prod/SelfService#/permit/5a1ec481-b409-4a89-a440-884eaf9ac9cc,https://mapd.kcmo.org/kcgis/rest/services/DataLayers/MapServer/34,2026-10-07
NSD-STR-02745,Issued,2027-06-12T00:00:00-05:00,2026-06-11T07:18:03-05:00,512 Wabash Ave,40296,Short Term Rental Registration ( Resident ) / Resident,https://compasskc.kcmo.org/EnerGov_Prod/SelfService#/permit/eade3b0a-c529-4dfe-83f3-214a06207a08,https://mapd.kcmo.org/kcgis/rest/services/DataLayers/MapServer/34,2026-10-07
NSD-STR-02746,Issued,2027-06-02T00:00:00-05:00,2026-06-01T14:09:03-05:00,3006 Blue Ridge Blvd,47581,Short Term Rental Registration ( Resident ) / Resident,https://compasskc.kcmo.org/EnerGov_Prod/SelfService#/permit/eaeea1f5-f43d-4180-9df5-0171a30e3508,https://mapd.kcmo.org/kcgis/rest/services/DataLayers/MapServer/34,2026-10-07
NSD-STR-02747,Issued,2027-05-31T00:00:00-05:00,2026-05-30T17:48:02-05:00,5514 NW 66th Ter,283734,Short Term Rental Registration ( Resident ) / Resident,https://compasskc.kcmo.org/EnerGov_Prod/SelfService#/permit/5172d52e-594f-478b-802c-401624a32ce5,https://mapd.kcmo.org/kcgis/rest/services/DataLayers/MapServer/34,2026-10-07
NSD-STR-02749,Issued,2027-06-13T00:00:00-05:00,2026-06-12T11:27:02-05:00,102 Garfield Pl,40018,Short Term Rental Registration ( Resident ) / Resident,https://compasskc.kcmo.org/EnerGov_Prod/SelfService#/permit/a2ac5ddf-d5ef-41e6-8295-a97bb04443fe,https://mapd.kcmo.org/kcgis/rest/services/DataLayers/MapServer/34,2026-10-07
NSD-STR-02750,Issued,2027-06-09T00:00:00-05:00,2026-06-08T15:55:15-05:00,4605 State Line Rd,141532,Short Term Rental Registration ( Resident ) / Resident,https://compasskc.kcmo.org/EnerGov_Prod/SelfService#/permit/0df78536-ce19-408e-830e-dff81cbf16b5,https://mapd.kcmo.org/kcgis/rest/services/DataLayers/MapServer/34,2026-10-07
NSD-STR-02751,Issued,2027-05-30T08:25:38-05:00,2026-05-30T08:25:38-05:00,3529 State Line Rd,130142,Short Term Rental Registration ( Non-Resident ) / Non-Resident,https://compasskc.kcmo.org/EnerGov_Prod/SelfService#/permit/71faa152-8ece-477a-af60-690836a45dde,https://mapd.kcmo.org/kcgis/rest/services/DataLayers/MapServer/34,2026-10-07
NSD-STR-02753,Issued,2027-06-11T00:00:00-05:00,2026-06-10T19:01:02-05:00,523 Tracy Ave,39687,Short Term Rental Registration ( Resident ) / Resident,https://compasskc.kcmo.org/EnerGov_Prod/SelfService#/permit/d0bca6d4-e418-4c57-8d9a-8be08a73bc46,https://mapd.kcmo.org/kcgis/rest/services/DataLayers/MapServer/34,2026-10-07
NSD-STR-02756,Issued,2027-06-16T00:00:00-05:00,2026-06-15T09:55:10-05:00,828 E 82nd St,119556,Short Term Rental Registration ( Resident ) / Resident,https://compasskc.kcmo.org/EnerGov_Prod/SelfService#/permit/3eb782d6-b861-4487-ae26-8a52621bb1b0,https://mapd.kcmo.org/kcgis/rest/services/DataLayers/MapServer/34,2026-10-07
NSD-STR-02759,Issued,2027-06-03T00:00:00-05:00,2026-06-02T20:20:04-05:00,3516 NE 34th Ter,78547,Short Term Rental Registration ( Resident ) / Resident,https://compasskc.kcmo.org/EnerGov_Prod/SelfService#/permit/2b929ca3-048f-42ef-a6b5-9dec46d81619,https://mapd.kcmo.org/kcgis/rest/services/DataLayers/MapServer/34,2026-10-07
NSD-STR-02760,Issued,2027-06-06T00:00:00-05:00,2026-06-05T16:37:03-05:00,11311 E 87th St,67177,Short Term Rental Registration ( Resident ) / Resident,https://compasskc.kcmo.org/EnerGov_Prod/SelfService#/permit/893d855a-a253-4642-bf97-41e522d0ff0a,https://mapd.kcmo.org/kcgis/rest/services/DataLayers/MapServer/34,2026-10-07
NSD-STR-02761,Issued,2027-06-12T00:00:00-05:00,2026-06-11T09:10:03-05:00,5742 N London Ave,166181,Short Term Rental Registration ( Resident ) / Resident,https://compasskc.kcmo.org/EnerGov_Prod/SelfService#/permit/f24ae6cf-de98-4e9c-96d2-952fe11e737d,https://mapd.kcmo.org/kcgis/rest/services/DataLayers/MapServer/34,2026-10-07
NSD-STR-02762,Issued,2027-06-17T00:00:00-05:00,2026-06-16T08:38:23-05:00,506 E 44th St STE 100,253943,Short Term Rental Registration ( Resident ) / Resident,https://compasskc.kcmo.org/EnerGov_Prod/SelfService#/permit/126c2f61-011a-47d6-a0cc-a05e977886ee,https://mapd.kcmo.org/kcgis/rest/services/DataLayers/MapServer/34,2026-10-07
NSD-STR-02763,Issued,2027-06-11T00:00:00-05:00,2026-06-10T10:07:06-05:00,3763 Washington St,222458,Short Term Rental Registration ( Resident ) / Resident,https://compasskc.kcmo.org/EnerGov_Prod/SelfService#/permit/84b9ea38-dbe5-4d6f-99dc-91f4d967b467,https://mapd.kcmo.org/kcgis/rest/services/DataLayers/MapServer/34,2026-10-07
NSD-STR-02764,Issued,2027-06-10T00:00:00-05:00,2026-06-09T12:04:10-05:00,3646 Olive St,133863,Short Term Rental Registration ( Resident ) / Resident,https://compasskc.kcmo.org/EnerGov_Prod/SelfService#/permit/1b544a59-f7c1-4b51-a7d4-96dc07f963c2,https://mapd.kcmo.org/kcgis/rest/services/DataLayers/MapServer/34,2026-10-07
NSD-STR-02765,Issued,2027-06-24T00:00:00-05:00,2026-06-23T09:33:05-05:00,3841 E 59th St,550,Short Term Rental Registration ( Resident ) / Resident,https://compasskc.kcmo.org/EnerGov_Prod/SelfService#/permit/aeb898cf-65ea-4255-8809-4c6c8391691a,https://mapd.kcmo.org/kcgis/rest/services/DataLayers/MapServer/34,2026-10-07
NSD-STR-02768,Issued,2027-06-05T00:00:00-05:00,2026-06-04T09:53:03-05:00,4424 Troost Ave,139153,Short Term Rental Registration ( Non-Resident ) / Non-Resident,https://compasskc.kcmo.org/EnerGov_Prod/SelfService#/permit/93835d81-71b8-4fc4-a8b2-4c14959581e6,https://mapd.kcmo.org/kcgis/rest/services/DataLayers/MapServer/34,2026-10-07
NSD-STR-02771,Issued,2027-06-11T00:00:00-05:00,2026-06-10T15:42:03-05:00,3001 McGee St,127349,Short Term Rental Registration ( Resident ) / Resident,https://compasskc.kcmo.org/EnerGov_Prod/SelfService#/permit/33c2bf18-616a-4979-94f3-9609135761d1,https://mapd.kcmo.org/kcgis/rest/services/DataLayers/MapServer/34,2026-10-07
NSD-STR-02772,Issued,2027-06-17T00:00:00-05:00,2026-06-16T10:26:28-05:00,47 W 73rd Ter,112743,Short Term Rental Registration ( Resident ) / Resident,https://compasskc.kcmo.org/EnerGov_Prod/SelfService#/permit/da9f9028-0ee4-4f30-b75b-70064c8cd5db,https://mapd.kcmo.org/kcgis/rest/services/DataLayers/MapServer/34,2026-10-07
NSD-STR-02774,Issued,2027-06-24T00:00:00-05:00,2026-06-23T10:03:07-05:00,5118 Pleasant St,64036,Short Term Rental Registration ( Resident ) / Resident,https://compasskc.kcmo.org/EnerGov_Prod/SelfService#/permit/959110d7-4676-4f36-8c4b-d90a8b2159f3,https://mapd.kcmo.org/kcgis/rest/services/DataLayers/MapServer/34,2026-10-07
NSD-STR-02776,Issued,2027-06-04T00:00:00-05:00,2026-06-03T17:11:03-05:00,5101 NW 67th Ter,164208,Short Term Rental Registration ( Resident ) / Resident,https://compasskc.kcmo.org/EnerGov_Prod/SelfService#/permit/0f98d490-517f-46e1-abaf-0f2db3357273,https://mapd.kcmo.org/kcgis/rest/services/DataLayers/MapServer/34,2026-10-07
NSD-STR-02778,Issued,2027-06-15T08:55:30-05:00,2026-06-15T08:55:30-05:00,11700 E 97th St,67646,Short Term Rental Registration ( Resident ) / Resident,https://compasskc.kcmo.org/EnerGov_Prod/SelfService#/permit/35e0bb7f-0837-4c2f-818e-ab0643148bd4,https://mapd.kcmo.org/kcgis/rest/services/DataLayers/MapServer/34,2026-10-07
NSD-STR-02779,Issued,2027-06-16T00:00:00-05:00,2026-06-15T10:38:11-05:00,620 E 75th St,113519,Short Term Rental Registration ( Resident ) / Resident,https://compasskc.kcmo.org/EnerGov_Prod/SelfService#/permit/d85f1f87-b99b-4b8d-8dba-feeae948b158,https://mapd.kcmo.org/kcgis/rest/services/DataLayers/MapServer/34,2026-10-07
NSD-STR-02780,Issued,2027-06-12T00:00:00-05:00,2026-06-11T10:42:03-05:00,3439 Charlotte St,128529,Short Term Rental Registration ( Resident ) / Resident,https://compasskc.kcmo.org/EnerGov_Prod/SelfService#/permit/0e4262cb-22f4-4b55-bf30-1e7b1f27c887,https://mapd.kcmo.org/kcgis/rest/services/DataLayers/MapServer/34,2026-10-07
NSD-STR-02782,Issued,2027-06-12T00:00:00-05:00,2026-06-11T10:42:05-05:00,3439 Charlotte St,128529,Short Term Rental Registration ( Resident ) / Resident,https://compasskc.kcmo.org/EnerGov_Prod/SelfService#/permit/6714d7ee-b445-461f-a275-5dcf9c35aee8,https://mapd.kcmo.org/kcgis/rest/services/DataLayers/MapServer/34,2026-10-07
NSD-STR-02789,Issued,2027-07-22T00:00:00-05:00,2026-07-21T09:47:08-05:00,602 E Missouri Ave,245877,Short Term Rental Registration ( Non-Resident ) / Non-Resident,https://compasskc.kcmo.org/EnerGov_Prod/SelfService#/permit/89bbc5cf-bf74-4a3a-b568-653fddb380d4,https://mapd.kcmo.org/kcgis/rest/services/DataLayers/MapServer/34,2026-10-07
NSD-STR-02790,Issued,2027-06-25T00:00:00-05:00,2026-06-24T08:59:03-05:00,409 NW 71st Ter,210941,Short Term Rental Registration ( Resident ) / Resident,https://compasskc.kcmo.org/EnerGov_Prod/SelfService#/permit/059f5b65-c3b6-46a3-a530-e5fccbb27d22,https://mapd.kcmo.org/kcgis/rest/services/DataLayers/MapServer/34,2026-10-07
NSD-STR-02794,Issued,2027-06-17T00:00:00-05:00,2026-06-16T15:43:03-05:00,517 NW 65th Ter,96606,Short Term Rental Registration ( Resident ) / Resident,https://compasskc.kcmo.org/EnerGov_Prod/SelfService#/permit/99c8cc6a-1e65-4d0d-a7ae-230e0d86922a,https://mapd.kcmo.org/kcgis/rest/services/DataLayers/MapServer/34,2026-10-07
NSD-STR-02796,Issued,2027-06-12T00:00:00-05:00,2026-06-11T10:30:04-05:00,5544 E 53rd St,37427,Short Term Rental Registration ( Resident ) / Resident,https://compasskc.kcmo.org/EnerGov_Prod/SelfService#/permit/17d4a097-d86c-4d40-ae7b-c570218dbafd,https://mapd.kcmo.org/kcgis/rest/services/DataLayers/MapServer/34,2026-10-07
NSD-STR-02797,Issued,2027-06-16T00:00:00-05:00,2026-06-15T12:07:15-05:00,4604 E 51st St,33474,Short Term Rental Registration ( Resident ) / Resident,https://compasskc.kcmo.org/EnerGov_Prod/SelfService#/permit/3602f75e-4e53-4dcc-9e37-6167ac9e7f2a,https://mapd.kcmo.org/kcgis/rest/services/DataLayers/MapServer/34,2026-10-07
NSD-STR-02798,Issued,2027-07-11T00:00:00-05:00,2026-07-10T14:13:03-05:00,2004 NE 37th Ter,85636,Short Term Rental Registration ( Resident ) / Resident,https://compasskc.kcmo.org/EnerGov_Prod/SelfService#/permit/d896b4c6-b224-4db5-af6c-d54977d371ab,https://mapd.kcmo.org/kcgis/rest/services/DataLayers/MapServer/34,2026-10-07
NSD-STR-02799,Issued,2027-07-01T00:00:00-05:00,2026-06-30T14:39:03-05:00,4819 Greenway Dr,54288,Short Term Rental Registration ( Resident ) / Resident,https://compasskc.kcmo.org/EnerGov_Prod/SelfService#/permit/6de64915-b963-4c5a-ba84-bd31e71101c3,https://mapd.kcmo.org/kcgis/rest/services/DataLayers/MapServer/34,2026-10-07
NSD-STR-02805,Issued,2027-07-02T00:00:00-05:00,2026-07-01T08:52:03-05:00,4401 Jarboe St,140644,Short Term Rental Registration ( Non-Resident ) / Non-Resident,https://compasskc.kcmo.org/EnerGov_Prod/SelfService#/permit/73767f73-2148-455e-a4d7-9d2e6934101e,https://mapd.kcmo.org/kcgis/rest/services/DataLayers/MapServer/34,2026-10-07
NSD-STR-02808,Issued,2027-07-15T00:00:00-05:00,2026-07-14T09:45:04-05:00,4946 Tracy Ave,138188,Short Term Rental Registration ( Resident ) / Resident,https://compasskc.kcmo.org/EnerGov_Prod/SelfService#/permit/d0387fea-1650-4c99-a2a9-ef90bd4cabe6,https://mapd.kcmo.org/kcgis/rest/services/DataLayers/MapServer/34,2026-10-07
NSD-STR-02809,Issued,2027-09-15T00:00:00-05:00,2026-09-14T14:13:03-05:00,7712 Ward Pkwy,120526,Short Term Rental Registration ( Resident ) / Resident,https://compasskc.kcmo.org/EnerGov_Prod/SelfService#/permit/063ee816-bc7b-4a41-8fe2-61418f745bb7,https://mapd.kcmo.org/kcgis/rest/services/DataLayers/MapServer/34,2026-10-07
NSD-STR-02811,Issued,2027-07-01T00:00:00-05:00,2026-06-30T09:29:10-05:00,2117 Olive St,13098,Short Term Rental Registration ( Resident ) / Resident,https://compasskc.kcmo.org/EnerGov_Prod/SelfService#/permit/d7219095-0dd8-4630-85dc-d62d5589b420,https://mapd.kcmo.org/kcgis/rest/services/DataLayers/MapServer/34,2026-10-07
NSD-STR-02814,Issued,2027-06-30T00:00:00-05:00,2026-06-29T07:28:02-05:00,3035 E 59th St,953,Short Term Rental Registration ( Non-Resident ) / Non-Resident,https://compasskc.kcmo.org/EnerGov_Prod/SelfService#/permit/f9abdfab-b1c3-4d43-a3be-376128f69923,https://mapd.kcmo.org/kcgis/rest/services/DataLayers/MapServer/34,2026-10-07
NSD-STR-02815,Issued,2027-08-05T00:00:00-05:00,2026-08-04T11:07:04-05:00,3741 Bell St,130243,Short Term Rental Registration ( Resident ) / Resident,https://compasskc.kcmo.org/EnerGov_Prod/SelfService#/permit/a32e5efb-031a-4083-a8a7-42f789a6e679,https://mapd.kcmo.org/kcgis/rest/services/DataLayers/MapServer/34,2026-10-07
NSD-STR-02816,Issued,2027-07-02T00:00:00-05:00,2026-07-01T11:10:03-05:00,1118 Virginia Ave,12066,Short Term Rental Registration ( Non-Resident ) / Non-Resident,https://compasskc.kcmo.org/EnerGov_Prod/SelfService#/permit/e86b9fdd-6bf9-4c72-861b-3d419035abbb,https://mapd.kcmo.org/kcgis/rest/services/DataLayers/MapServer/34,2026-10-07
NSD-STR-02817,Issued,2027-06-30T00:00:00-05:00,2026-06-29T18:10:02-05:00,4514 Mercier St,141635,Short Term Rental Registration ( Non-Resident ) / Non-Resident,https://compasskc.kcmo.org/EnerGov_Prod/SelfService#/permit/8c180860-1350-4f1e-b5d2-45e5e0a54267,https://mapd.kcmo.org/kcgis/rest/services/DataLayers/MapServer/34,2026-10-07
NSD-STR-02818,Issued,2027-06-25T00:00:00-05:00,2026-06-24T13:37:02-05:00,4442 Harrison St,139132,Short Term Rental Registration ( Non-Resident ) / Non-Resident,https://compasskc.kcmo.org/EnerGov_Prod/SelfService#/permit/6ba8b52f-c74c-425a-8c15-1d7f1e63ec59,https://mapd.kcmo.org/kcgis/rest/services/DataLayers/MapServer/34,2026-10-07
NSD-STR-02819,Issued,2027-06-25T00:00:00-05:00,2026-06-24T13:34:02-05:00,7910 Jefferson St,120787,Short Term Rental Registration ( Non-Resident ) / Non-Resident,https://compasskc.kcmo.org/EnerGov_Prod/SelfService#/permit/23fc4a33-8204-4c01-9a40-f0afc1031cfe,https://mapd.kcmo.org/kcgis/rest/services/DataLayers/MapServer/34,2026-10-07
NSD-STR-02820,Issued,2027-07-02T00:00:00-05:00,2026-07-01T18:18:02-05:00,220 Admiral Blvd,12696,Short Term Rental Registration ( Non-Resident ) / Non-Resident,https://compasskc.kcmo.org/EnerGov_Prod/SelfService#/permit/446d8055-31d5-4b0a-bc5e-1a49db6b9acf,https://mapd.kcmo.org/kcgis/rest/services/DataLayers/MapServer/34,2026-10-07
NSD-STR-02821,Issued,2027-07-10T00:00:00-05:00,2026-07-09T09:46:04-05:00,620 NE 90th St,92107,Short Term Rental Registration ( Resident ) / Resident,https://compasskc.kcmo.org/EnerGov_Prod/SelfService#/permit/443215a6-a779-4130-ba0e-d3513a9a4456,https://mapd.kcmo.org/kcgis/rest/services/DataLayers/MapServer/34,2026-10-07
NSD-STR-02822,Issued,2027-07-28T00:00:00-05:00,2026-07-27T14:30:04-05:00,701 NE 42nd Ter,84285,Short Term Rental Registration ( Resident ) / Resident,https://compasskc.kcmo.org/EnerGov_Prod/SelfService#/permit/8c8868b4-8d3d-431f-9dba-8463d86b7aab,https://mapd.kcmo.org/kcgis/rest/services/DataLayers/MapServer/34,2026-10-07
NSD-STR-02823,Issued,2027-07-22T00:00:00-05:00,2026-07-21T11:15:15-05:00,4005 NE 49th Ter,80442,Short Term Rental Registration ( Resident ) / Resident,https://compasskc.kcmo.org/EnerGov_Prod/SelfService#/permit/bad0f977-dc78-469b-a63c-76ebf7b3595d,https://mapd.kcmo.org/kcgis/rest/services/DataLayers/MapServer/34,2026-10-07
NSD-STR-02824,Issued,2027-08-02T00:00:00-05:00,2026-08-01T22:57:05-05:00,5219 Sunset Dr,142816,Short Term Rental Registration ( Resident ) / Resident,https://compasskc.kcmo.org/EnerGov_Prod/SelfService#/permit/a8e3f04a-eb63-49a5-b890-f3458a33d7d1,https://mapd.kcmo.org/kcgis/rest/services/DataLayers/MapServer/34,2026-10-07
NSD-STR-02825,Issued,2027-07-10T00:00:00-05:00,2026-07-09T11:32:04-05:00,5810 E Red Bridge Rd,59874,Short Term Rental Registration ( Non-Resident ) / Non-Resident,https://compasskc.kcmo.org/EnerGov_Prod/SelfService#/permit/2b08ac36-8f58-4feb-8a9b-dbb02f63223c,https://mapd.kcmo.org/kcgis/rest/services/DataLayers/MapServer/34,2026-10-07
NSD-STR-02827,Issued,2027-07-28T00:00:00-05:00,2026-07-27T14:23:03-05:00,3320 Brooklyn Ave,126331,Short Term Rental Registration ( Resident ) / Resident,https://compasskc.kcmo.org/EnerGov_Prod/SelfService#/permit/92919cb5-866d-45f7-8832-adbf320b9ac6,https://mapd.kcmo.org/kcgis/rest/services/DataLayers/MapServer/34,2026-10-07
NSD-STR-02829,Issued,2027-07-25T00:00:00-05:00,2026-07-24T10:16:04-05:00,218 Delaware St,148507,Short Term Rental Registration ( Non-Resident ) / Non-Resident,https://compasskc.kcmo.org/EnerGov_Prod/SelfService#/permit/f51374da-c3bb-41bd-be36-f4c66642b7bc,https://mapd.kcmo.org/kcgis/rest/services/DataLayers/MapServer/34,2026-10-07
NSD-STR-02830,Issued,2027-07-23T00:00:00-05:00,2026-07-22T15:40:03-05:00,8612 E 55th St,51277,Short Term Rental Registration ( Resident ) / Resident,https://compasskc.kcmo.org/EnerGov_Prod/SelfService#/permit/d7ed007f-5b8d-40f7-af06-6709410efcb4,https://mapd.kcmo.org/kcgis/rest/services/DataLayers/MapServer/34,2026-10-07
NSD-STR-02831,Issued,2027-07-23T00:00:00-05:00,2026-07-22T13:14:03-05:00,5505 N Wyoming St,230151,Short Term Rental Registration ( Resident ) / Resident,https://compasskc.kcmo.org/EnerGov_Prod/SelfService#/permit/152df558-dd48-4611-97aa-70d83083483c,https://mapd.kcmo.org/kcgis/rest/services/DataLayers/MapServer/34,2026-10-07
NSD-STR-02832,Issued,2027-06-30T00:00:00-05:00,2026-06-29T23:22:02-05:00,323 Emanuel Cleaver II Blvd 6E,225652,Short Term Rental Registration ( Non-Resident ) / Non-Resident,https://compasskc.kcmo.org/EnerGov_Prod/SelfService#/permit/0f13ae81-8bd6-46d0-88bd-385a4daca292,https://mapd.kcmo.org/kcgis/rest/services/DataLayers/MapServer/34,2026-10-07
NSD-STR-02833,Issued,2027-06-30T00:00:00-05:00,2026-06-29T23:22:10-05:00,3645 Wyandotte St,132196,Short Term Rental Registration ( Non-Resident ) / Non-Resident,https://compasskc.kcmo.org/EnerGov_Prod/SelfService#/permit/ea7b7304-fd3b-477c-a673-fb700ae5a1d7,https://mapd.kcmo.org/kcgis/rest/services/DataLayers/MapServer/34,2026-10-07
NSD-STR-02834,Issued,2027-06-30T00:00:00-05:00,2026-06-29T23:22:04-05:00,323 Emanuel Cleaver II Blvd 2A,240025,Short Term Rental Registration ( Non-Resident ) / Non-Resident,https://compasskc.kcmo.org/EnerGov_Prod/SelfService#/permit/ff4ffb06-7473-4d66-a5d5-fda79d103a08,https://mapd.kcmo.org/kcgis/rest/services/DataLayers/MapServer/34,2026-10-07
NSD-STR-02835,Issued,2027-06-30T00:00:00-05:00,2026-06-29T23:22:08-05:00,119 W Armour Blvd,132143,Short Term Rental Registration ( Non-Resident ) / Non-Resident,https://compasskc.kcmo.org/EnerGov_Prod/SelfService#/permit/460ad067-0c6b-40b3-a7e0-6fa24f29965e,https://mapd.kcmo.org/kcgis/rest/services/DataLayers/MapServer/34,2026-10-07
NSD-STR-02836,Issued,2027-06-30T00:00:00-05:00,2026-06-29T23:22:06-05:00,117 W Armour Blvd,132143,Short Term Rental Registration ( Non-Resident ) / Non-Resident,https://compasskc.kcmo.org/EnerGov_Prod/SelfService#/permit/d0fa3136-8175-4c43-8722-b6cb15c0108a,https://mapd.kcmo.org/kcgis/rest/services/DataLayers/MapServer/34,2026-10-07
NSD-STR-02837,Issued,2027-07-11T00:00:00-05:00,2026-07-10T17:13:03-05:00,14305 E 56th St,64172,Short Term Rental Registration ( Resident ) / Resident,https://compasskc.kcmo.org/EnerGov_Prod/SelfService#/permit/57eb4d6a-3698-4030-af9b-86e2fbc0989b,https://mapd.kcmo.org/kcgis/rest/services/DataLayers/MapServer/34,2026-10-07
NSD-STR-02838,Issued,2027-07-11T00:00:00-05:00,2026-07-10T15:21:03-05:00,5223 Franklin Ave,37715,Short Term Rental Registration ( Resident ) / Resident,https://compasskc.kcmo.org/EnerGov_Prod/SelfService#/permit/7fbac4b2-2297-4978-9476-085ce86d449a,https://mapd.kcmo.org/kcgis/rest/services/DataLayers/MapServer/34,2026-10-07
NSD-STR-02840,Issued,2027-07-02T00:00:00-05:00,2026-07-01T16:40:04-05:00,807 Ditman Ave,47178,Short Term Rental Registration ( Resident ) / Resident,https://compasskc.kcmo.org/EnerGov_Prod/SelfService#/permit/cdff2378-3165-419d-be30-cc9bd9fdd9e5,https://mapd.kcmo.org/kcgis/rest/services/DataLayers/MapServer/34,2026-10-07
NSD-STR-02841,Issued,2027-07-14T13:44:44-05:00,2026-07-14T13:44:55-05:00,923 W 24th St,124288,Short Term Rental Registration ( Non-Resident ) / Non-Resident,https://compasskc.kcmo.org/EnerGov_Prod/SelfService#/permit/e5c7b4a9-89ea-4e49-bdbf-3258cd4f0c56,https://mapd.kcmo.org/kcgis/rest/services/DataLayers/MapServer/34,2026-10-07
NSD-STR-02842,Issued,2027-07-22T00:00:00-05:00,2026-07-21T08:23:03-05:00,3903 Central St,132634,Short Term Rental Registration ( Non-Resident ) / Non-Resident,https://compasskc.kcmo.org/EnerGov_Prod/SelfService#/permit/80f86097-686d-4719-be08-34f007122cdd,https://mapd.kcmo.org/kcgis/rest/services/DataLayers/MapServer/34,2026-10-07
NSD-STR-02845,Issued,2027-07-18T12:50:28-05:00,2026-07-18T12:50:09-05:00,1101 Park Ave,11868,Short Term Rental Registration ( Non-Resident ) / Non-Resident,https://compasskc.kcmo.org/EnerGov_Prod/SelfService#/permit/6e194ce3-5571-4912-bb4e-2ead0606a6c3,https://mapd.kcmo.org/kcgis/rest/services/DataLayers/MapServer/34,2026-10-07
NSD-STR-02846,Issued,2027-07-30T17:22:27-05:00,2026-07-31T17:22:16-05:00,4330 Forest Ave,137885,Short Term Rental Registration ( Resident ) / Resident,https://compasskc.kcmo.org/EnerGov_Prod/SelfService#/permit/17244a97-d3b5-4069-ac92-c15fa0f4c668,https://mapd.kcmo.org/kcgis/rest/services/DataLayers/MapServer/34,2026-10-07
NSD-STR-02847,Issued,2027-07-23T00:00:00-05:00,2026-07-22T05:57:05-05:00,2111 Park Ave,285731,Short Term Rental Registration ( Resident ) / Resident,https://compasskc.kcmo.org/EnerGov_Prod/SelfService#/permit/3b2e91b4-6dad-4a1a-b68e-8f3997326089,https://mapd.kcmo.org/kcgis/rest/services/DataLayers/MapServer/34,2026-10-07
NSD-STR-02849,Issued,2027-07-26T00:00:00-05:00,2026-07-25T10:09:06-05:00,8513 N Beaman Ave,161120,Short Term Rental Registration ( Resident ) / Resident,https://compasskc.kcmo.org/EnerGov_Prod/SelfService#/permit/c6face97-b267-4c85-af1e-940293caa014,https://mapd.kcmo.org/kcgis/rest/services/DataLayers/MapServer/34,2026-10-07
NSD-STR-02851,Issued,2027-07-09T00:00:00-05:00,2026-07-08T16:51:04-05:00,1208 NE 44th St,82946,Short Term Rental Registration ( Non-Resident ) / Non-Resident,https://compasskc.kcmo.org/EnerGov_Prod/SelfService#/permit/897524bc-e2ce-4823-8b34-18caa010ba42,https://mapd.kcmo.org/kcgis/rest/services/DataLayers/MapServer/34,2026-10-07
NSD-STR-02852,Issued,2027-07-21T00:00:00-05:00,2026-07-20T12:27:07-05:00,4717 Heintz Ave,49604,Short Term Rental Registration ( Resident ) / Resident,https://compasskc.kcmo.org/EnerGov_Prod/SelfService#/permit/e796a7e4-0f69-41b4-979c-00464f39900f,https://mapd.kcmo.org/kcgis/rest/services/DataLayers/MapServer/34,2026-10-07
NSD-STR-02853,Issued,2027-07-16T00:00:00-05:00,2026-07-15T11:19:03-05:00,4033 Warwick Blvd,132872,Short Term Rental Registration ( Non-Resident ) / Non-Resident,https://compasskc.kcmo.org/EnerGov_Prod/SelfService#/permit/1a656dcf-f5bf-446b-964c-e4ff4ce9d93c,https://mapd.kcmo.org/kcgis/rest/services/DataLayers/MapServer/34,2026-10-07
NSD-STR-02854,Issued,2027-07-23T11:15:03-05:00,2026-07-23T11:15:03-05:00,712 W 45th St,140378,Short Term Rental Registration ( Resident ) / Resident,https://compasskc.kcmo.org/EnerGov_Prod/SelfService#/permit/619137d4-269b-49d3-89c5-a4a41c44f798,https://mapd.kcmo.org/kcgis/rest/services/DataLayers/MapServer/34,2026-10-07
NSD-STR-02855,Issued,2027-07-24T00:00:00-05:00,2026-07-23T18:58:03-05:00,11339 Hickman Mills Dr,60185,Short Term Rental Registration ( Non-Resident ) / Non-Resident,https://compasskc.kcmo.org/EnerGov_Prod/SelfService#/permit/669445ed-4d60-401f-a698-04e8c5ce7031,https://mapd.kcmo.org/kcgis/rest/services/DataLayers/MapServer/34,2026-10-07
NSD-STR-02856,Issued,2027-07-16T00:00:00-05:00,2026-07-15T15:27:03-05:00,2818 Peery Ave,10762,Short Term Rental Registration ( Resident ) / Resident,https://compasskc.kcmo.org/EnerGov_Prod/SelfService#/permit/da350fc7-531c-46f4-a0c4-a96b01984531,https://mapd.kcmo.org/kcgis/rest/services/DataLayers/MapServer/34,2026-10-07
NSD-STR-02857,Issued,2027-07-15T00:00:00-05:00,2026-07-14T10:50:04-05:00,4001 Warwick Blvd,132562,Short Term Rental Registration ( Resident ) / Resident,https://compasskc.kcmo.org/EnerGov_Prod/SelfService#/permit/ff179476-dcf9-4da1-aff7-5c72bb1a6af2,https://mapd.kcmo.org/kcgis/rest/services/DataLayers/MapServer/34,2026-10-07
NSD-STR-02858,Issued,2027-07-16T00:00:00-05:00,2026-07-15T13:47:03-05:00,3828 Baltimore Ave,132302,Short Term Rental Registration ( Resident ) / Resident,https://compasskc.kcmo.org/EnerGov_Prod/SelfService#/permit/7ef02755-64fe-44e6-bd25-963aec796d7e,https://mapd.kcmo.org/kcgis/rest/services/DataLayers/MapServer/34,2026-10-07
NSD-STR-02859,Issued,2027-07-24T00:00:00-05:00,2026-07-23T14:37:15-05:00,220 Admiral Blvd,12696,Short Term Rental Registration ( Non-Resident ) / Non-Resident,https://compasskc.kcmo.org/EnerGov_Prod/SelfService#/permit/956051a5-71d9-4bef-a70d-d06bd634ffca,https://mapd.kcmo.org/kcgis/rest/services/DataLayers/MapServer/34,2026-10-07
NSD-STR-02860,Issued,2027-07-24T00:00:00-05:00,2026-07-23T14:37:12-05:00,3535 Broadway Blvd,132106,Short Term Rental Registration ( Non-Resident ) / Non-Resident,https://compasskc.kcmo.org/EnerGov_Prod/SelfService#/permit/d60b239f-87ce-48af-851b-2a7710e47458,https://mapd.kcmo.org/kcgis/rest/services/DataLayers/MapServer/34,2026-10-07
NSD-STR-02861,Issued,2027-07-24T00:00:00-05:00,2026-07-23T14:37:18-05:00,3535 Broadway Blvd,132106,Short Term Rental Registration ( Non-Resident ) / Non-Resident,https://compasskc.kcmo.org/EnerGov_Prod/SelfService#/permit/a98a904e-c75d-4b6c-be61-c719cb6c1581,https://mapd.kcmo.org/kcgis/rest/services/DataLayers/MapServer/34,2026-10-07
NSD-STR-02862,Issued,2027-07-24T00:00:00-05:00,2026-07-23T14:37:09-05:00,3535 Broadway Blvd,132106,Short Term Rental Registration ( Non-Resident ) / Non-Resident,https://compasskc.kcmo.org/EnerGov_Prod/SelfService#/permit/29fbc81c-8f6d-4448-aa45-10b3e7a1807c,https://mapd.kcmo.org/kcgis/rest/services/DataLayers/MapServer/34,2026-10-07
NSD-STR-02863,Issued,2027-07-15T00:00:00-05:00,2026-07-14T13:59:06-05:00,3806 Roanoke Rd,130346,Short Term Rental Registration ( Non-Resident ) / Non-Resident,https://compasskc.kcmo.org/EnerGov_Prod/SelfService#/permit/bb1595f6-7ea4-4a1b-93f8-32743dc19a80,https://mapd.kcmo.org/kcgis/rest/services/DataLayers/MapServer/34,2026-10-07
NSD-STR-02864,Issued,2027-07-22T00:00:00-05:00,2026-07-21T22:46:02-05:00,8700 E 116th St,73362,Short Term Rental Registration ( Resident ) / Resident,https://compasskc.kcmo.org/EnerGov_Prod/SelfService#/permit/8a82cfdc-e830-4fd2-8b06-51d6f59afef5,https://mapd.kcmo.org/kcgis/rest/services/DataLayers/MapServer/34,2026-10-07
NSD-STR-02865,Issued,2027-08-01T00:00:00-05:00,2026-07-31T15:22:03-05:00,2801 Harrison St,126749,Short Term Rental Registration ( Resident ) / Resident,https://compasskc.kcmo.org/EnerGov_Prod/SelfService#/permit/8a5baa82-0dab-4fa4-b69f-4fe1380846fd,https://mapd.kcmo.org/kcgis/rest/services/DataLayers/MapServer/34,2026-10-07
NSD-STR-02866,Issued,2027-07-18T00:00:00-05:00,2026-07-17T11:58:06-05:00,1401 E 108th St,154451,Short Term Rental Registration ( Resident ) / Resident,https://compasskc.kcmo.org/EnerGov_Prod/SelfService#/permit/b09871a5-fe03-48e9-a1f0-16bde6c68199,https://mapd.kcmo.org/kcgis/rest/services/DataLayers/MapServer/34,2026-10-07
NSD-STR-02868,Issued,2027-07-22T00:00:00-05:00,2026-07-21T15:29:03-05:00,1119 Pacific St,39762,Short Term Rental Registration ( Resident ) / Resident,https://compasskc.kcmo.org/EnerGov_Prod/SelfService#/permit/a038074a-f92d-4077-b79c-d4d368d04ae7,https://mapd.kcmo.org/kcgis/rest/services/DataLayers/MapServer/34,2026-10-07
NSD-STR-02869,Issued,2027-09-04T00:00:00-05:00,2026-09-03T09:57:03-05:00,7325 N Rhode Ave,170374,Short Term Rental Registration ( Resident ) / Resident,https://compasskc.kcmo.org/EnerGov_Prod/SelfService#/permit/e83db482-75f1-431b-bbde-25f0329c41fc,https://mapd.kcmo.org/kcgis/rest/services/DataLayers/MapServer/34,2026-10-07
NSD-STR-02870,Issued,2027-07-28T00:00:00-05:00,2026-07-27T08:46:02-05:00,9008 Main St,150099,Short Term Rental Registration ( Resident ) / Resident,https://compasskc.kcmo.org/EnerGov_Prod/SelfService#/permit/4160ae36-c652-4fae-acf8-79fa4e02bd79,https://mapd.kcmo.org/kcgis/rest/services/DataLayers/MapServer/34,2026-10-07
NSD-STR-02871,Issued,2027-07-22T13:48:38-05:00,2026-07-22T13:48:09-05:00,3923 Wyoming St,130509,Short Term Rental Registration ( Non-Resident ) / Non-Resident,https://compasskc.kcmo.org/EnerGov_Prod/SelfService#/permit/f122fe4d-3309-4383-8d82-ad8e02fe0cad,https://mapd.kcmo.org/kcgis/rest/services/DataLayers/MapServer/34,2026-10-07
NSD-STR-02872,Issued,2027-07-18T00:00:00-05:00,2026-07-17T08:42:03-05:00,807 W 75th St,120004,Short Term Rental Registration ( Non-Resident ) / Non-Resident,https://compasskc.kcmo.org/EnerGov_Prod/SelfService#/permit/5eb0eef3-7d79-4847-b463-709f0cb26ced,https://mapd.kcmo.org/kcgis/rest/services/DataLayers/MapServer/34,2026-10-07
NSD-STR-02873,Issued,2027-07-24T00:00:00-05:00,2026-07-23T12:06:04-05:00,2745 Holmes St,126914,Short Term Rental Registration ( Resident ) / Resident,https://compasskc.kcmo.org/EnerGov_Prod/SelfService#/permit/26e6c7af-daba-4cce-a7e5-074a4b5aa6e9,https://mapd.kcmo.org/kcgis/rest/services/DataLayers/MapServer/34,2026-10-07
NSD-STR-02874,Issued,2027-08-12T09:23:31-05:00,2026-08-12T09:23:31-05:00,3908 NW 74th St,162711,Short Term Rental Registration ( Resident ) / Resident,https://compasskc.kcmo.org/EnerGov_Prod/SelfService#/permit/75ddb15e-2a2b-4c9a-8ef7-fdb7ee19d39b,https://mapd.kcmo.org/kcgis/rest/services/DataLayers/MapServer/34,2026-10-07
NSD-STR-02875,Issued,2027-07-24T00:00:00-05:00,2026-07-23T13:31:09-05:00,5511 NW 84th Ct,160370,Short Term Rental Registration ( Non-Resident ) / Non-Resident,https://compasskc.kcmo.org/EnerGov_Prod/SelfService#/permit/6fe83a54-3c15-40d7-89ec-9fd90a7b0594,https://mapd.kcmo.org/kcgis/rest/services/DataLayers/MapServer/34,2026-10-07
NSD-STR-02876,Issued,2027-07-24T00:00:00-05:00,2026-07-23T12:24:06-05:00,204 W 90th Ter,150089,Short Term Rental Registration ( Resident ) / Resident,https://compasskc.kcmo.org/EnerGov_Prod/SelfService#/permit/478087b5-a9bd-44cf-aba9-468bbcfc5a11,https://mapd.kcmo.org/kcgis/rest/services/DataLayers/MapServer/34,2026-10-07
NSD-STR-02877,Issued,2027-08-18T00:00:00-05:00,2026-08-17T18:45:04-05:00,3609 Walnut St,173080,Short Term Rental Registration ( Non-Resident ) / Non-Resident,https://compasskc.kcmo.org/EnerGov_Prod/SelfService#/permit/5d73d8b0-6817-4011-ba8b-ce3a911d680d,https://mapd.kcmo.org/kcgis/rest/services/DataLayers/MapServer/34,2026-10-07
NSD-STR-02879,Issued,2027-08-04T00:00:00-05:00,2026-08-03T10:46:03-05:00,1800 Baltimore Ave FL 6,124874,Short Term Rental Registration ( Non-Resident ) / Non-Resident,https://compasskc.kcmo.org/EnerGov_Prod/SelfService#/permit/0f6f81d2-40d7-4950-b5f0-771672ba40ed,https://mapd.kcmo.org/kcgis/rest/services/DataLayers/MapServer/34,2026-10-07
NSD-STR-02880,Issued,2027-07-23T00:00:00-05:00,2026-07-22T12:33:02-05:00,4607 State Line Rd,141533,Short Term Rental Registration ( Non-Resident ) / Non-Resident,https://compasskc.kcmo.org/EnerGov_Prod/SelfService#/permit/2d24732c-5435-4bb4-828d-cf0b79004505,https://mapd.kcmo.org/kcgis/rest/services/DataLayers/MapServer/34,2026-10-07
NSD-STR-02881,Issued,2027-08-15T00:00:00-05:00,2026-08-14T14:17:03-05:00,9054 E 51st Ter,52204,Short Term Rental Registration ( Resident ) / Resident,https://compasskc.kcmo.org/EnerGov_Prod/SelfService#/permit/2b10db0f-acda-4a66-ade0-443144cfeee0,https://mapd.kcmo.org/kcgis/rest/services/DataLayers/MapServer/34,2026-10-07
NSD-STR-02882,Issued,2027-07-22T00:00:00-05:00,2026-07-21T19:25:03-05:00,502 E 131st Ct,159511,Short Term Rental Registration ( Resident ) / Resident,https://compasskc.kcmo.org/EnerGov_Prod/SelfService#/permit/de5dabbb-9d90-431b-809d-1cd9a642c9c6,https://mapd.kcmo.org/kcgis/rest/services/DataLayers/MapServer/34,2026-10-07
NSD-STR-02883,Issued,2027-08-07T00:00:00-05:00,2026-08-06T13:27:03-05:00,3526 Walnut St,132037,Short Term Rental Registration ( Resident ) / Resident,https://compasskc.kcmo.org/EnerGov_Prod/SelfService#/permit/27a7d275-9dd7-417a-9ebe-8ef47787669f,https://mapd.kcmo.org/kcgis/rest/services/DataLayers/MapServer/34,2026-10-07
NSD-STR-02884,Issued,2027-07-30T00:00:00-05:00,2026-07-29T16:53:02-05:00,1822 Summit St,290060,Short Term Rental Registration ( Resident ) / Resident,https://compasskc.kcmo.org/EnerGov_Prod/SelfService#/permit/ff199b66-28a3-401b-861c-eb4054a12abe,https://mapd.kcmo.org/kcgis/rest/services/DataLayers/MapServer/34,2026-10-07
NSD-STR-02886,Issued,2027-08-05T00:00:00-05:00,2026-08-04T20:17:02-05:00,428 E 63rd Ter,251535,Short Term Rental Registration ( Non-Resident ) / Non-Resident,https://compasskc.kcmo.org/EnerGov_Prod/SelfService#/permit/c8bdaf9f-bf32-4261-9c4a-0e8eee835d50,https://mapd.kcmo.org/kcgis/rest/services/DataLayers/MapServer/34,2026-10-07
NSD-STR-02887,Issued,2027-08-05T00:00:00-05:00,2026-08-04T09:34:03-05:00,3641 Wyandotte St,132198,Short Term Rental Registration ( Non-Resident ) / Non-Resident,https://compasskc.kcmo.org/EnerGov_Prod/SelfService#/permit/f4178e3b-066a-4d27-b902-e90dceae9fe9,https://mapd.kcmo.org/kcgis/rest/services/DataLayers/MapServer/34,2026-10-07
NSD-STR-02888,Issued,2027-09-12T00:00:00-05:00,2026-09-11T16:57:02-05:00,1102 E 8th St,254313,Short Term Rental Registration ( Non-Resident ) / Non-Resident,https://compasskc.kcmo.org/EnerGov_Prod/SelfService#/permit/fbf78131-15f5-4dcb-a658-971799cb1855,https://mapd.kcmo.org/kcgis/rest/services/DataLayers/MapServer/34,2026-10-07
NSD-STR-02889,Issued,2027-08-18T00:00:00-05:00,2026-08-17T20:57:02-05:00,3643 Wyandotte St,132197,Short Term Rental Registration ( Non-Resident ) / Non-Resident,https://compasskc.kcmo.org/EnerGov_Prod/SelfService#/permit/a5f23111-9b35-4025-bdb8-3e2612dfeede,https://mapd.kcmo.org/kcgis/rest/services/DataLayers/MapServer/34,2026-10-07
NSD-STR-02890,Issued,2027-08-18T00:00:00-05:00,2026-08-17T12:30:03-05:00,9819 Lydia Ave,151066,Short Term Rental Registration ( Resident ) / Resident,https://compasskc.kcmo.org/EnerGov_Prod/SelfService#/permit/8f19fe77-ed5d-4010-abcc-5417d947c068,https://mapd.kcmo.org/kcgis/rest/services/DataLayers/MapServer/34,2026-10-07
NSD-STR-02892,Issued,2027-08-03T10:35:05-05:00,2026-08-03T10:34:50-05:00,6331 Agnes Ave,1496,Short Term Rental Registration ( Resident ) / Resident,https://compasskc.kcmo.org/EnerGov_Prod/SelfService#/permit/d00ea6a2-c628-4343-82cf-f0c119628aaa,https://mapd.kcmo.org/kcgis/rest/services/DataLayers/MapServer/34,2026-10-07
NSD-STR-02893,Issued,2027-09-01T00:00:00-05:00,2026-08-31T12:43:02-05:00,4003 Locust St,133271,Short Term Rental Registration ( Non-Resident ) / Non-Resident,https://compasskc.kcmo.org/EnerGov_Prod/SelfService#/permit/794fbf9e-9f44-4443-a03b-312dfeaff4ba,https://mapd.kcmo.org/kcgis/rest/services/DataLayers/MapServer/34,2026-10-07
NSD-STR-02894,Issued,2027-07-31T00:00:00-05:00,2026-07-30T14:55:04-05:00,3609 State Line Rd,130203,Short Term Rental Registration ( Resident ) / Resident,https://compasskc.kcmo.org/EnerGov_Prod/SelfService#/permit/b1ca1052-49b1-403c-b070-9fa9ec87e267,https://mapd.kcmo.org/kcgis/rest/services/DataLayers/MapServer/34,2026-10-07
NSD-STR-02898,Issued,2027-07-31T00:00:00-05:00,2026-07-30T13:56:04-05:00,3435 Euclid Ave,126416,Short Term Rental Registration ( Resident ) / Resident,https://compasskc.kcmo.org/EnerGov_Prod/SelfService#/permit/103d7b40-5308-44c5-b0dd-aab2f47d2599,https://mapd.kcmo.org/kcgis/rest/services/DataLayers/MapServer/34,2026-10-07
NSD-STR-02902,Issued,2027-07-30T00:00:00-05:00,2026-07-29T17:11:02-05:00,10830 N Oak Trfy,101997,Short Term Rental Registration ( Resident ) / Resident,https://compasskc.kcmo.org/EnerGov_Prod/SelfService#/permit/77f49afc-e5f1-49ee-8ae3-5031b0748cb6,https://mapd.kcmo.org/kcgis/rest/services/DataLayers/MapServer/34,2026-10-07
NSD-STR-02903,Issued,2027-08-13T00:00:00-05:00,2026-08-12T10:09:09-05:00,6035 Belleview Ave,108383,Short Term Rental Registration ( Resident ) / Resident,https://compasskc.kcmo.org/EnerGov_Prod/SelfService#/permit/a02e1fdf-8af9-4723-8955-ad928855ffc3,https://mapd.kcmo.org/kcgis/rest/services/DataLayers/MapServer/34,2026-10-07
NSD-STR-02904,Issued,2027-08-07T00:00:00-05:00,2026-08-06T11:37:04-05:00,7424 Charlotte St,113552,Short Term Rental Registration ( Resident ) / Resident,https://compasskc.kcmo.org/EnerGov_Prod/SelfService#/permit/53b4aaf8-c8fe-4187-8441-1d286e1de713,https://mapd.kcmo.org/kcgis/rest/services/DataLayers/MapServer/34,2026-10-07
NSD-STR-02906,Issued,2027-10-04T00:00:00-05:00,2026-10-03T08:55:04-05:00,5501 South Benton Ave,36570,Short Term Rental Registration ( Resident ) / Resident,https://compasskc.kcmo.org/EnerGov_Prod/SelfService#/permit/26930b5d-f21a-4a28-9f40-2f0ec4ef4a45,https://mapd.kcmo.org/kcgis/rest/services/DataLayers/MapServer/34,2026-10-07
NSD-STR-02907,Issued,2027-08-01T00:00:00-05:00,2026-07-31T08:49:05-05:00,1812 E 128th St,240953,Short Term Rental Registration ( Resident ) / Resident,https://compasskc.kcmo.org/EnerGov_Prod/SelfService#/permit/34bc8c05-4673-4a26-9015-55118d301c90,https://mapd.kcmo.org/kcgis/rest/services/DataLayers/MapServer/34,2026-10-07
NSD-STR-02909,Issued,2027-08-25T00:00:00-05:00,2026-08-24T14:19:07-05:00,4218 Greenwood Pl,131395,Short Term Rental Registration ( Non-Resident ) / Non-Resident,https://compasskc.kcmo.org/EnerGov_Prod/SelfService#/permit/2920d6e4-6f56-48eb-8a5c-0aeb42047d34,https://mapd.kcmo.org/kcgis/rest/services/DataLayers/MapServer/34,2026-10-07
NSD-STR-02910,Issued,2027-08-01T00:00:00-05:00,2026-07-31T16:24:03-05:00,3931 Holmes St,133045,Short Term Rental Registration ( Resident ) / Resident,https://compasskc.kcmo.org/EnerGov_Prod/SelfService#/permit/0c32fb98-176c-4d67-b406-508696e92b0a,https://mapd.kcmo.org/kcgis/rest/services/DataLayers/MapServer/34,2026-10-07
NSD-STR-02911,Issued,2027-08-08T00:00:00-05:00,2026-08-07T14:26:03-05:00,4975 Ward Pkwy,142531,Short Term Rental Registration ( Resident ) / Resident,https://compasskc.kcmo.org/EnerGov_Prod/SelfService#/permit/ca42faac-dc0c-4bfa-a9fb-dc4ef02a7717,https://mapd.kcmo.org/kcgis/rest/services/DataLayers/MapServer/34,2026-10-07
NSD-STR-02912,Issued,2027-08-28T00:00:00-05:00,2026-08-27T07:45:05-05:00,3707 Ruysser Rd,61612,Short Term Rental Registration ( Resident ) / Resident,https://compasskc.kcmo.org/EnerGov_Prod/SelfService#/permit/61937c79-0219-4fc9-b4d3-4888a6e571a1,https://mapd.kcmo.org/kcgis/rest/services/DataLayers/MapServer/34,2026-10-07
NSD-STR-02914,Issued,2027-08-12T00:00:00-05:00,2026-08-11T14:53:03-05:00,600 E Missouri Ave,245876,Short Term Rental Registration ( Non-Resident ) / Non-Resident,https://compasskc.kcmo.org/EnerGov_Prod/SelfService#/permit/f08aafd0-aa01-4cd0-a16f-26e47d78889a,https://mapd.kcmo.org/kcgis/rest/services/DataLayers/MapServer/34,2026-10-07
NSD-STR-02915,Issued,2027-08-04T09:47:55-05:00,2026-08-04T09:47:48-05:00,512 Pierce St,207647,Short Term Rental Registration ( Resident ) / Resident,https://compasskc.kcmo.org/EnerGov_Prod/SelfService#/permit/15ad39c6-5350-4899-9634-4774167395c3,https://mapd.kcmo.org/kcgis/rest/services/DataLayers/MapServer/34,2026-10-07
NSD-STR-02916,Issued,2027-08-05T00:00:00-05:00,2026-08-04T12:15:04-05:00,2811 Harrison St,281887,Short Term Rental Registration ( Resident ) / Resident,https://compasskc.kcmo.org/EnerGov_Prod/SelfService#/permit/5680e44a-03fd-41e8-bda5-1504a81d295e,https://mapd.kcmo.org/kcgis/rest/services/DataLayers/MapServer/34,2026-10-07
NSD-STR-02917,Issued,2027-08-13T00:00:00-05:00,2026-08-12T08:15:06-05:00,4230 E 104th Ter,58019,Short Term Rental Registration ( Resident ) / Resident,https://compasskc.kcmo.org/EnerGov_Prod/SelfService#/permit/14c76719-3d19-4115-a48e-195c247c97bc,https://mapd.kcmo.org/kcgis/rest/services/DataLayers/MapServer/34,2026-10-07
NSD-STR-02920,Issued,2027-09-17T00:00:00-05:00,2026-09-16T20:56:02-05:00,5007 Laramie Ln,50986,Short Term Rental Registration ( Resident ) / Resident,https://compasskc.kcmo.org/EnerGov_Prod/SelfService#/permit/583eb445-05d7-4c29-bbdb-d23714b91f2c,https://mapd.kcmo.org/kcgis/rest/services/DataLayers/MapServer/34,2026-10-07
NSD-STR-02921,Issued,2027-08-18T00:00:00-05:00,2026-08-17T23:32:02-05:00,4533 Mercier St,141628,Short Term Rental Registration ( Non-Resident ) / Non-Resident,https://compasskc.kcmo.org/EnerGov_Prod/SelfService#/permit/e5cbec14-b63c-452a-bf3c-6d2482440fe8,https://mapd.kcmo.org/kcgis/rest/services/DataLayers/MapServer/34,2026-10-07
NSD-STR-02922,Issued,2027-08-07T00:00:00-05:00,2026-08-06T11:44:03-05:00,1152 Beacon Hill Ln,251953,Short Term Rental Registration ( Resident ) / Resident,https://compasskc.kcmo.org/EnerGov_Prod/SelfService#/permit/aaa213a8-9843-4e24-84d3-1414e5150eab,https://mapd.kcmo.org/kcgis/rest/services/DataLayers/MapServer/34,2026-10-07
NSD-STR-02924,Issued,2027-08-12T00:00:00-05:00,2026-08-11T13:15:09-05:00,120 W 5th St,148514,Short Term Rental Registration ( Non-Resident ) / Non-Resident,https://compasskc.kcmo.org/EnerGov_Prod/SelfService#/permit/bbc042ab-94d5-4c28-af77-0677aab3098b,https://mapd.kcmo.org/kcgis/rest/services/DataLayers/MapServer/34,2026-10-07
NSD-STR-02925,Issued,2027-08-27T00:00:00-05:00,2026-08-26T10:43:02-05:00,4308 Jarboe St,140622,Short Term Rental Registration ( Non-Resident ) / Non-Resident,https://compasskc.kcmo.org/EnerGov_Prod/SelfService#/permit/d5c3739b-a324-495d-925e-6fb54c444cc2,https://mapd.kcmo.org/kcgis/rest/services/DataLayers/MapServer/34,2026-10-07
NSD-STR-02926,Issued,2027-08-16T00:00:00-05:00,2026-08-15T11:19:02-05:00,4235 Holly St,130923,Short Term Rental Registration ( Non-Resident ) / Non-Resident,https://compasskc.kcmo.org/EnerGov_Prod/SelfService#/permit/9f938d93-4963-4bfe-b4ef-015b13cdb536,https://mapd.kcmo.org/kcgis/rest/services/DataLayers/MapServer/34,2026-10-07
NSD-STR-02927,Issued,2027-08-20T00:00:00-05:00,2026-08-19T06:03:02-05:00,2424 Tracy Ave,249885,Short Term Rental Registration ( Non-Resident ) / Non-Resident,https://compasskc.kcmo.org/EnerGov_Prod/SelfService#/permit/bf9492fb-115e-48f6-b2d7-a31e4e078f7f,https://mapd.kcmo.org/kcgis/rest/services/DataLayers/MapServer/34,2026-10-07
NSD-STR-02928,Issued,2027-08-14T13:54:35-05:00,2026-08-14T13:53:29-05:00,4804 Liberty St,141833,Short Term Rental Registration ( Non-Resident ) / Non-Resident,https://compasskc.kcmo.org/EnerGov_Prod/SelfService#/permit/8af75a36-bd6c-4b20-85a7-273ac1b29491,https://mapd.kcmo.org/kcgis/rest/services/DataLayers/MapServer/34,2026-10-07
NSD-STR-02929,Issued,2027-08-18T00:00:00-05:00,2026-08-17T16:29:05-05:00,708 E 18th St 208,220779,Short Term Rental Registration ( Non-Resident ) / Non-Resident,https://compasskc.kcmo.org/EnerGov_Prod/SelfService#/permit/4c7ec51b-fe56-4fe3-abf5-48fcb1695925,https://mapd.kcmo.org/kcgis/rest/services/DataLayers/MapServer/34,2026-10-07
NSD-STR-02930,Issued,2027-08-18T00:00:00-05:00,2026-08-17T16:29:02-05:00,708 E 18th St 206,220779,Short Term Rental Registration ( Non-Resident ) / Non-Resident,https://compasskc.kcmo.org/EnerGov_Prod/SelfService#/permit/d436aac1-a1fe-4a99-b486-4f7d4532758e,https://mapd.kcmo.org/kcgis/rest/services/DataLayers/MapServer/34,2026-10-07
NSD-STR-02933,Issued,2027-09-16T00:00:00-05:00,2026-09-15T10:38:12-05:00,3919 Bell St,130686,Short Term Rental Registration ( Non-Resident ) / Non-Resident,https://compasskc.kcmo.org/EnerGov_Prod/SelfService#/permit/1513dca3-e14a-45e8-a6a5-dc7e09e4e2b7,https://mapd.kcmo.org/kcgis/rest/services/DataLayers/MapServer/34,2026-10-07
NSD-STR-02934,Issued,2027-09-16T00:00:00-05:00,2026-09-15T10:38:10-05:00,3917 Bell St,130686,Short Term Rental Registration ( Non-Resident ) / Non-Resident,https://compasskc.kcmo.org/EnerGov_Prod/SelfService#/permit/ca412bdc-2a79-401e-9907-6ef76bfcb975,https://mapd.kcmo.org/kcgis/rest/services/DataLayers/MapServer/34,2026-10-07
NSD-STR-02936,Issued,2027-09-16T00:00:00-05:00,2026-09-15T10:38:20-05:00,4504 Holly St 1,253101,Short Term Rental Registration ( Non-Resident ) / Non-Resident,https://compasskc.kcmo.org/EnerGov_Prod/SelfService#/permit/f510a63c-5dd9-4544-b01d-80a34fce51c0,https://mapd.kcmo.org/kcgis/rest/services/DataLayers/MapServer/34,2026-10-07
NSD-STR-02937,Issued,2027-09-07T00:00:00-05:00,2026-09-06T16:46:02-05:00,8708 E 110th Ter,71541,Short Term Rental Registration ( Resident ) / Resident,https://compasskc.kcmo.org/EnerGov_Prod/SelfService#/permit/01cf976c-01e4-4907-9b87-9f21d8197e38,https://mapd.kcmo.org/kcgis/rest/services/DataLayers/MapServer/34,2026-10-07
NSD-STR-02938,Issued,2027-08-22T00:00:00-05:00,2026-08-21T10:40:05-05:00,11318 Jackson Ave,62385,Short Term Rental Registration ( Resident ) / Resident,https://compasskc.kcmo.org/EnerGov_Prod/SelfService#/permit/99c9cfaf-15e6-43da-9034-71cc4e3f4cb4,https://mapd.kcmo.org/kcgis/rest/services/DataLayers/MapServer/34,2026-10-07
NSD-STR-02941,Issued,2027-09-10T00:00:00-05:00,2026-09-09T18:54:02-05:00,3704 NW cookingham Dr,171319,Short Term Rental Registration ( Resident ) / Resident,https://compasskc.kcmo.org/EnerGov_Prod/SelfService#/permit/06ee36dd-79f5-4bb1-bf21-08611d71129e,https://mapd.kcmo.org/kcgis/rest/services/DataLayers/MapServer/34,2026-10-07
NSD-STR-02942,Issued,2027-09-12T00:00:00-05:00,2026-09-11T22:10:04-05:00,2141 Belleview Ave,258918,Short Term Rental Registration ( Resident ) / Resident,https://compasskc.kcmo.org/EnerGov_Prod/SelfService#/permit/c81bbf4f-4f22-46b4-870f-c97c051e6af4,https://mapd.kcmo.org/kcgis/rest/services/DataLayers/MapServer/34,2026-10-07
NSD-STR-02948,Issued,2027-09-04T00:00:00-05:00,2026-09-03T15:47:03-05:00,3720 Paseo,134997,Short Term Rental Registration ( Non-Resident ) / Non-Resident,https://compasskc.kcmo.org/EnerGov_Prod/SelfService#/permit/816c17fe-f8ec-48a4-836c-3bdacecf8793,https://mapd.kcmo.org/kcgis/rest/services/DataLayers/MapServer/34,2026-10-07
NSD-STR-02949,Issued,2027-09-04T00:00:00-05:00,2026-09-03T15:47:06-05:00,3722 Paseo,134997,Short Term Rental Registration ( Non-Resident ) / Non-Resident,https://compasskc.kcmo.org/EnerGov_Prod/SelfService#/permit/d6a78a30-1872-49b5-b049-50cadc3fefc7,https://mapd.kcmo.org/kcgis/rest/services/DataLayers/MapServer/34,2026-10-07
NSD-STR-02951,Issued,2027-08-20T00:00:00-05:00,2026-08-19T10:33:03-05:00,2710 Paseo,27133,Short Term Rental Registration ( Resident ) / Resident,https://compasskc.kcmo.org/EnerGov_Prod/SelfService#/permit/f8a7b7c3-8c83-4870-bc88-c6f37e9d2598,https://mapd.kcmo.org/kcgis/rest/services/DataLayers/MapServer/34,2026-10-07
NSD-STR-02952,Issued,2027-08-19T00:00:00-05:00,2026-08-18T15:31:35-05:00,114 Park Ave,39909,Short Term Rental Registration ( Resident ) / Resident,https://compasskc.kcmo.org/EnerGov_Prod/SelfService#/permit/80b1b26e-4686-48b3-bd07-86c7b5323ed6,https://mapd.kcmo.org/kcgis/rest/services/DataLayers/MapServer/34,2026-10-07
NSD-STR-02955,Issued,2027-08-21T00:00:00-05:00,2026-08-20T14:47:03-05:00,4910 Westwood Rd,142195,Short Term Rental Registration ( Resident ) / Resident,https://compasskc.kcmo.org/EnerGov_Prod/SelfService#/permit/944bd34c-68b2-460a-8d0f-d6cb5a329840,https://mapd.kcmo.org/kcgis/rest/services/DataLayers/MapServer/34,2026-10-07
NSD-STR-02956,Issued,2027-08-27T00:00:00-05:00,2026-08-26T13:49:32-05:00,2626 Tracy Ave,13923,Short Term Rental Registration ( Resident ) / Resident,https://compasskc.kcmo.org/EnerGov_Prod/SelfService#/permit/3c45bc0a-ef55-4067-a04e-570d5df4778a,https://mapd.kcmo.org/kcgis/rest/services/DataLayers/MapServer/34,2026-10-07
NSD-STR-02957,Issued,2027-09-04T00:00:00-05:00,2026-09-03T10:47:03-05:00,7603 E 100th St,70229,Short Term Rental Registration ( Resident ) / Resident,https://compasskc.kcmo.org/EnerGov_Prod/SelfService#/permit/81cdad72-d0a8-4814-a3dd-a71b0b79efdf,https://mapd.kcmo.org/kcgis/rest/services/DataLayers/MapServer/34,2026-10-07
NSD-STR-02960,Issued,2027-09-18T00:00:00-05:00,2026-09-17T15:54:07-05:00,7007 NW 73rd St,170715,Short Term Rental Registration ( Resident ) / Resident,https://compasskc.kcmo.org/EnerGov_Prod/SelfService#/permit/3c226b17-d3ae-4564-86eb-c50ab40a67a5,https://mapd.kcmo.org/kcgis/rest/services/DataLayers/MapServer/34,2026-10-07
NSD-STR-02962,Issued,2027-08-30T00:00:00-05:00,2026-08-29T08:30:04-05:00,4400 Grandview Rd,60819,Short Term Rental Registration ( Resident ) / Resident,https://compasskc.kcmo.org/EnerGov_Prod/SelfService#/permit/fda76d91-e8fe-4540-9174-056765986843,https://mapd.kcmo.org/kcgis/rest/services/DataLayers/MapServer/34,2026-10-07
NSD-STR-02963,Issued,2027-08-22T00:00:00-05:00,2026-08-21T12:06:02-05:00,6000 NW Cookingham Dr,292967,Short Term Rental Registration ( Non-Resident ) / Non-Resident,https://compasskc.kcmo.org/EnerGov_Prod/SelfService#/permit/e1a9e7ca-96e2-455f-b122-c0e5fe82e2f0,https://mapd.kcmo.org/kcgis/rest/services/DataLayers/MapServer/34,2026-10-07
NSD-STR-02964,Issued,2027-09-16T00:00:00-05:00,2026-09-15T10:38:05-05:00,4508 Holly St 3N,253101,Short Term Rental Registration ( Non-Resident ) / Non-Resident,https://compasskc.kcmo.org/EnerGov_Prod/SelfService#/permit/d8599c13-af19-4f9e-84c8-b6fc88dc6dbf,https://mapd.kcmo.org/kcgis/rest/services/DataLayers/MapServer/34,2026-10-07
NSD-STR-02965,Issued,2027-08-28T00:00:00-05:00,2026-08-27T16:46:06-05:00,7623 Pennsylvania Ave,119708,Short Term Rental Registration ( Non-Resident ) / Non-Resident,https://compasskc.kcmo.org/EnerGov_Prod/SelfService#/permit/ef88d710-874f-445a-bf05-bb9139b009a1,https://mapd.kcmo.org/kcgis/rest/services/DataLayers/MapServer/34,2026-10-07
NSD-STR-02966,Issued,2027-08-21T00:00:00-05:00,2026-08-20T14:05:04-05:00,4037 Warwick Blvd Apt 2,132873,Short Term Rental Registration ( Non-Resident ) / Non-Resident,https://compasskc.kcmo.org/EnerGov_Prod/SelfService#/permit/5173ea0a-00dd-4fb1-a437-602774352a4f,https://mapd.kcmo.org/kcgis/rest/services/DataLayers/MapServer/34,2026-10-07
NSD-STR-02967,Issued,2027-09-02T00:00:00-05:00,2026-09-01T15:42:03-05:00,4037 Warwick Blvd Apt 4,132873,Short Term Rental Registration ( Resident ) / Resident,https://compasskc.kcmo.org/EnerGov_Prod/SelfService#/permit/9095183b-e2ca-4d6c-b843-8888921e0045,https://mapd.kcmo.org/kcgis/rest/services/DataLayers/MapServer/34,2026-10-07
NSD-STR-02968,Issued,2027-09-02T00:00:00-05:00,2026-09-01T15:42:06-05:00,4037 Warwick Blvd Apt 3,132873,Short Term Rental Registration ( Resident ) / Resident,https://compasskc.kcmo.org/EnerGov_Prod/SelfService#/permit/45fa36d0-f939-4078-8953-e3ce3c2662bb,https://mapd.kcmo.org/kcgis/rest/services/DataLayers/MapServer/34,2026-10-07
NSD-STR-02974,Issued,2027-09-15T00:00:00-05:00,2026-09-14T13:58:02-05:00,2914 Cherry St A,126996,Short Term Rental Registration ( Non-Resident ) / Non-Resident,https://compasskc.kcmo.org/EnerGov_Prod/SelfService#/permit/e98bb7b0-b66c-4058-b7a4-d467972344dc,https://mapd.kcmo.org/kcgis/rest/services/DataLayers/MapServer/34,2026-10-07
NSD-STR-02975,Issued,2027-09-04T00:00:00-05:00,2026-09-03T16:18:02-05:00,3708 Walnut St,132417,Short Term Rental Registration ( Non-Resident ) / Non-Resident,https://compasskc.kcmo.org/EnerGov_Prod/SelfService#/permit/f68fe1cd-8226-4180-8a77-576da081ce3a,https://mapd.kcmo.org/kcgis/rest/services/DataLayers/MapServer/34,2026-10-07
NSD-STR-02979,Issued,2027-08-28T00:00:00-05:00,2026-08-27T11:55:24-05:00,1305 NE 86th St,93682,Short Term Rental Registration ( Resident ) / Resident,https://compasskc.kcmo.org/EnerGov_Prod/SelfService#/permit/ba877810-3d02-47a6-9863-d9bf4e71212d,https://mapd.kcmo.org/kcgis/rest/services/DataLayers/MapServer/34,2026-10-07
NSD-STR-02981,Issued,2027-09-10T00:00:00-05:00,2026-09-09T07:19:03-05:00,7825 N Platte Purchase Dr,294993,Short Term Rental Registration ( Resident ) / Resident,https://compasskc.kcmo.org/EnerGov_Prod/SelfService#/permit/bda96b2a-d826-407d-b8ad-ac5e8005b8cd,https://mapd.kcmo.org/kcgis/rest/services/DataLayers/MapServer/34,2026-10-07
NSD-STR-02983,Issued,2027-09-02T00:00:00-05:00,2026-09-01T16:56:05-05:00,4201 E 104th Ter,58010,Short Term Rental Registration ( Resident ) / Resident,https://compasskc.kcmo.org/EnerGov_Prod/SelfService#/permit/524b0bb7-0c73-4e96-a7ce-224d12594c30,https://mapd.kcmo.org/kcgis/rest/services/DataLayers/MapServer/34,2026-10-07
NSD-STR-02985,Issued,2027-09-08T00:00:00-05:00,2026-09-07T07:47:02-05:00,3705 Warwick Blvd,132391,Short Term Rental Registration ( Resident ) / Resident,https://compasskc.kcmo.org/EnerGov_Prod/SelfService#/permit/50963451-f453-4504-8ddd-3d977f581fde,https://mapd.kcmo.org/kcgis/rest/services/DataLayers/MapServer/34,2026-10-07
NSD-STR-02986,Issued,2027-09-12T00:00:00-05:00,2026-09-11T08:17:03-05:00,219 NW 107th St,102220,Short Term Rental Registration ( Resident ) / Resident,https://compasskc.kcmo.org/EnerGov_Prod/SelfService#/permit/3fadeb61-79a4-43dd-b89a-77a74f1cb3a7,https://mapd.kcmo.org/kcgis/rest/services/DataLayers/MapServer/34,2026-10-07
NSD-STR-02987,Issued,2027-09-18T00:00:00-05:00,2026-09-17T13:03:05-05:00,500 Duke Gibson Dr,159418,Short Term Rental Registration ( Resident ) / Resident,https://compasskc.kcmo.org/EnerGov_Prod/SelfService#/permit/8e9c0b1c-d9f7-4ec2-b8bf-f0cfad9ec8c1,https://mapd.kcmo.org/kcgis/rest/services/DataLayers/MapServer/34,2026-10-07
NSD-STR-02988,Issued,2027-10-07T15:30:46-05:00,2026-10-07T15:30:46-05:00,3621 N Olive St,288509,Short Term Rental Registration ( Resident ) / Resident,https://compasskc.kcmo.org/EnerGov_Prod/SelfService#/permit/9a4a6fce-46c5-454c-8e0a-381c017cc12a,https://mapd.kcmo.org/kcgis/rest/services/DataLayers/MapServer/34,2026-10-07
NSD-STR-02990,Issued,2027-09-10T11:48:30-05:00,2026-09-10T11:48:10-05:00,4014 Oak St,132586,Short Term Rental Registration ( Resident ) / Resident,https://compasskc.kcmo.org/EnerGov_Prod/SelfService#/permit/9b311f4f-9683-40ac-8a6c-7a094960a9a8,https://mapd.kcmo.org/kcgis/rest/services/DataLayers/MapServer/34,2026-10-07
NSD-STR-02991,Issued,2027-09-14T10:21:43-05:00,2026-09-14T10:20:23-05:00,9817 N Home Ave,239650,Short Term Rental Registration ( Resident ) / Resident,https://compasskc.kcmo.org/EnerGov_Prod/SelfService#/permit/b465782d-6820-4dce-8039-682a13cb8bb0,https://mapd.kcmo.org/kcgis/rest/services/DataLayers/MapServer/34,2026-10-07
NSD-STR-02992,Issued,2027-08-30T00:00:00-05:00,2026-08-29T06:53:09-05:00,8521 E 47th St,50850,Short Term Rental Registration ( Resident ) / Resident,https://compasskc.kcmo.org/EnerGov_Prod/SelfService#/permit/498ae693-97df-4bde-ac55-edcce887cbbc,https://mapd.kcmo.org/kcgis/rest/services/DataLayers/MapServer/34,2026-10-07
NSD-STR-02993,Issued,2027-09-03T13:55:20-05:00,2026-09-03T13:54:59-05:00,7466 N Rhode Ave,170191,Short Term Rental Registration ( Non-Resident ) / Non-Resident,https://compasskc.kcmo.org/EnerGov_Prod/SelfService#/permit/75bcc9e7-6b41-4628-95b0-aeaf4b348885,https://mapd.kcmo.org/kcgis/rest/services/DataLayers/MapServer/34,2026-10-07
NSD-STR-02994,Issued,2027-09-15T00:00:00-05:00,2026-09-14T09:44:02-05:00,5617 NE 51st St,81306,Short Term Rental Registration ( Non-Resident ) / Non-Resident,https://compasskc.kcmo.org/EnerGov_Prod/SelfService#/permit/b5e121e0-9d7b-4219-8b4b-ee31a8388c9e,https://mapd.kcmo.org/kcgis/rest/services/DataLayers/MapServer/34,2026-10-07
NSD-STR-02995,Issued,2027-09-12T00:00:00-05:00,2026-09-11T10:32:05-05:00,5619 NE 51st St,81306,Short Term Rental Registration ( Non-Resident ) / Non-Resident,https://compasskc.kcmo.org/EnerGov_Prod/SelfService#/permit/a14db4c8-b073-495e-84f3-2751ce263995,https://mapd.kcmo.org/kcgis/rest/services/DataLayers/MapServer/34,2026-10-07
NSD-STR-02996,Issued,2027-09-03T10:49:14-05:00,2026-09-03T10:49:08-05:00,3805 Benton Blvd,29321,Short Term Rental Registration ( Resident ) / Resident,https://compasskc.kcmo.org/EnerGov_Prod/SelfService#/permit/6cee757d-a08f-4334-8b9c-6f95298d9e6e,https://mapd.kcmo.org/kcgis/rest/services/DataLayers/MapServer/34,2026-10-07
NSD-STR-02997,Issued,2027-09-19T00:00:00-05:00,2026-09-18T06:51:02-05:00,3937 Wyoming St,130512,Short Term Rental Registration ( Non-Resident ) / Non-Resident,https://compasskc.kcmo.org/EnerGov_Prod/SelfService#/permit/9dca93f7-5a12-4874-ba2f-4b99629fed69,https://mapd.kcmo.org/kcgis/rest/services/DataLayers/MapServer/34,2026-10-07
NSD-STR-02998,Issued,2027-09-19T00:00:00-05:00,2026-09-18T10:35:15-05:00,3212 Charlotte St,128034,Short Term Rental Registration ( Non-Resident ) / Non-Resident,https://compasskc.kcmo.org/EnerGov_Prod/SelfService#/permit/502b2279-5a62-4f20-917e-3d8ae7f6be97,https://mapd.kcmo.org/kcgis/rest/services/DataLayers/MapServer/34,2026-10-07
NSD-STR-02999,Issued,2027-09-18T00:00:00-05:00,2026-09-17T08:51:07-05:00,8817 E 35th St,48162,Short Term Rental Registration ( Resident ) / Resident,https://compasskc.kcmo.org/EnerGov_Prod/SelfService#/permit/e4c1e7de-450c-4f33-b655-0d1380c5905b,https://mapd.kcmo.org/kcgis/rest/services/DataLayers/MapServer/34,2026-10-07
NSD-STR-03000,Issued,2027-09-09T00:00:00-05:00,2026-09-08T11:34:02-05:00,4422 Troost Ave,139152,Short Term Rental Registration ( Non-Resident ) / Non-Resident,https://compasskc.kcmo.org/EnerGov_Prod/SelfService#/permit/f4e552db-6d83-43ea-be9b-a26f5e1e7b4b,https://mapd.kcmo.org/kcgis/rest/services/DataLayers/MapServer/34,2026-10-07
NSD-STR-03002,Issued,2027-09-29T00:00:00-05:00,2026-09-28T20:41:03-05:00,4115 Baltimore Ave,132812,Short Term Rental Registration ( Non-Resident ) / Non-Resident,https://compasskc.kcmo.org/EnerGov_Prod/SelfService#/permit/eab1d615-2525-4124-951e-e26edddd7f18,https://mapd.kcmo.org/kcgis/rest/services/DataLayers/MapServer/34,2026-10-07
NSD-STR-03003,Issued,2027-09-09T00:00:00-05:00,2026-09-08T16:01:02-05:00,1109 Park Ave,11866,Short Term Rental Registration ( Non-Resident ) / Non-Resident,https://compasskc.kcmo.org/EnerGov_Prod/SelfService#/permit/bb0d86b2-80da-48ee-95f6-51931ec352a2,https://mapd.kcmo.org/kcgis/rest/services/DataLayers/MapServer/34,2026-10-07
NSD-STR-03004,Issued,2027-09-10T00:00:00-05:00,2026-09-09T11:11:03-05:00,2005 E 47th Ter,138543,Short Term Rental Registration ( Resident ) / Resident,https://compasskc.kcmo.org/EnerGov_Prod/SelfService#/permit/e52576c5-49b7-47ce-b236-be3d3b7514aa,https://mapd.kcmo.org/kcgis/rest/services/DataLayers/MapServer/34,2026-10-07
NSD-STR-03010,Issued,2027-09-23T00:00:00-05:00,2026-09-22T10:10:04-05:00,4242 E 53rd Ter,37772,Short Term Rental Registration ( Non-Resident ) / Non-Resident,https://compasskc.kcmo.org/EnerGov_Prod/SelfService#/permit/629324fd-1916-4ae4-bd21-6d66ae253020,https://mapd.kcmo.org/kcgis/rest/services/DataLayers/MapServer/34,2026-10-07
NSD-STR-03011,Issued,2027-09-16T00:00:00-05:00,2026-09-15T16:00:07-05:00,431 E 63rd Ter,251530,Short Term Rental Registration ( Non-Resident ) / Non-Resident,https://compasskc.kcmo.org/EnerGov_Prod/SelfService#/permit/bc20c46a-3eef-405a-a99d-ba49a96c51b0,https://mapd.kcmo.org/kcgis/rest/services/DataLayers/MapServer/34,2026-10-07
NSD-STR-03015,Issued,2027-10-01T00:00:00-05:00,2026-09-30T19:04:02-05:00,6116 NW Cookingham Dr,171354,Short Term Rental Registration ( Non-Resident ) / Non-Resident,https://compasskc.kcmo.org/EnerGov_Prod/SelfService#/permit/dfc99aa8-f628-42bc-86fb-973963f3cd5d,https://mapd.kcmo.org/kcgis/rest/services/DataLayers/MapServer/34,2026-10-07
NSD-STR-03018,Issued,2027-10-01T00:00:00-05:00,2026-09-30T06:01:03-05:00,2114 Elma St,40067,Short Term Rental Registration ( Resident ) / Resident,https://compasskc.kcmo.org/EnerGov_Prod/SelfService#/permit/0367339b-707b-46ba-b6a9-b79e2c4fbad9,https://mapd.kcmo.org/kcgis/rest/services/DataLayers/MapServer/34,2026-10-07
NSD-STR-03020,Issued,2027-10-06T00:00:00-05:00,2026-10-05T11:21:04-05:00,1600 Locust St,122777,Short Term Rental Registration ( Non-Resident ) / Non-Resident,https://compasskc.kcmo.org/EnerGov_Prod/SelfService#/permit/599e536a-d2f7-44cd-bd3d-00b9085e7d66,https://mapd.kcmo.org/kcgis/rest/services/DataLayers/MapServer/34,2026-10-07
NSD-STR-03021,Issued,2027-10-04T00:00:00-05:00,2026-10-03T19:51:03-05:00,2112 Tracy Ave 1S,13418,Short Term Rental Registration ( Resident ) / Resident,https://compasskc.kcmo.org/EnerGov_Prod/SelfService#/permit/29885ff0-2603-4c0f-974d-8d356de99f2d,https://mapd.kcmo.org/kcgis/rest/services/DataLayers/MapServer/34,2026-10-07
NSD-STR-03023,Issued,2027-10-03T00:00:00-05:00,2026-10-02T02:53:03-05:00,4319 Campbell St,139039,Short Term Rental Registration ( Resident ) / Resident,https://compasskc.kcmo.org/EnerGov_Prod/SelfService#/permit/d62c081f-391c-4f5a-b33e-f0df28bbf93e,https://mapd.kcmo.org/kcgis/rest/services/DataLayers/MapServer/34,2026-10-07
NSD-STR-03044,Issued,2027-10-06T00:00:00-05:00,2026-10-05T14:22:05-05:00,2123 St John Ave,40008,Short Term Rental Registration ( Non-Resident ) / Non-Resident,https://compasskc.kcmo.org/EnerGov_Prod/SelfService#/permit/383114e2-3514-4163-8ff9-822d7c0431ef,https://mapd.kcmo.org/kcgis/rest/services/DataLayers/MapServer/34,2026-10-07
NSD-STR-03047,Issued,2027-10-07T00:00:00-05:00,2026-10-06T07:58:03-05:00,708 E 34th St,128389,Short Term Rental Registration ( Non-Resident ) / Non-Resident,https://compasskc.kcmo.org/EnerGov_Prod/SelfService#/permit/d4fec994-b966-45e9-8297-5ecbe1c3a6ab,https://mapd.kcmo.org/kcgis/rest/services/DataLayers/MapServer/34,2026-10-07
