{"type":"FeatureCollection","features":[{"type":"Feature","geometry":{"type":"Polygon","coordinates":[[[-94.56008890694635,39.29989218335542],[-94.55973603048932,39.29988913944493],[-94.55973201947315,39.300296884262096],[-94.55973188386076,39.300310565941444],[-94.5600846732175,39.30031345089334],[-94.56008480876072,39.30029976864166],[-94.56008890694635,39.29989218335542]]]},"properties":{"parcel":"100918","address":"1500 NE 114th St","owner":"Fry Annette Marise & Robert","current_permit":true,"point":[-94.55991044118204,39.30009453380876]}},{"type":"Feature","geometry":{"type":"Polygon","coordinates":[[[-94.57591194000038,39.290419005629836],[-94.5756324849526,39.29041639727908],[-94.57555899317501,39.290415758594925],[-94.57555413110602,39.29082318425683],[-94.57591049782266,39.29082791741602],[-94.57591049453715,39.29082487438636],[-94.57591194328717,39.29042204980372],[-94.57591194000038,39.290419005629836]]]},"properties":{"parcel":"101997","address":"10830 N Oak Trfy","owner":"Crist Linda J","current_permit":true,"point":[-94.57573387327672,39.29062261703028]}},{"type":"Feature","geometry":{"type":"Polygon","coordinates":[[[-94.58357884459659,39.2869659682021],[-94.58357994829845,39.28696688031997],[-94.58359479978827,39.286980320485156],[-94.58360721240994,39.28699604090543],[-94.58361684127362,39.287013604782416],[-94.58362341883735,39.28703252409651],[-94.58362676234077,39.28705227316674],[-94.58362677888329,39.28707230325703],[-94.58468927621809,39.287143743879575],[-94.58466698995251,39.28617681834452],[-94.58357884459659,39.2869659682021]]]},"properties":{"parcel":"102220","address":"219 NW 107th St","owner":"Hagan Amy R","current_permit":true,"point":[-94.58439950081046,39.286571393273306]}},{"type":"Feature","geometry":{"type":"Polygon","coordinates":[[[-94.54480869380662,39.105285304552794],[-94.54463178527911,39.10527944574353],[-94.54461588674775,39.1056344219884],[-94.5447927668669,39.105640395235525],[-94.54480869380662,39.105285304552794]]]},"properties":{"parcel":"10288","address":"3028 E 6th St","owner":"Perez Vivian M & Torres William","current_permit":true,"point":[-94.54471228455435,39.105459863270596]}},{"type":"Feature","geometry":{"type":"Polygon","coordinates":[[[-94.5428238297737,39.1055764737139],[-94.5428060624945,39.10557586303248],[-94.54268216152533,39.10557176705572],[-94.54266387583623,39.10592907772065],[-94.54280551467056,39.10593373979412],[-94.54280563104577,39.105930719503036],[-94.5428238297737,39.1055764737139]]]},"properties":{"parcel":"10376","address":"3223 Independence Ave","owner":"Pitia Sara W","current_permit":true,"point":[-94.5427438354143,39.10575277571728]}},{"type":"Feature","geometry":{"type":"Polygon","coordinates":[[[-94.54734429932803,39.1056788561909],[-94.54729184895147,39.105677047024436],[-94.54713446848652,39.105671642848016],[-94.54706448646505,39.10566924519619],[-94.54704703093024,39.10605044419313],[-94.54709319690576,39.10605204951012],[-94.5473266993044,39.106060215452125],[-94.54734429932803,39.1056788561909]]]},"properties":{"parcel":"10524","address":"2821 Independence Blvd","owner":"Herrington Cynthia Dawn","current_permit":true,"point":[-94.54719563172011,39.10586465019202]}},{"type":"Feature","geometry":{"type":"Polygon","coordinates":[[[-94.54697314452825,39.104458940218365],[-94.54682252121542,39.104453784011966],[-94.54675994015327,39.104451635463555],[-94.54664734714002,39.10444781315989],[-94.54663064660474,39.10481791531834],[-94.54680573335882,39.10482367973189],[-94.54695626923682,39.10482865294931],[-94.54697314452825,39.104458940218365]]]},"properties":{"parcel":"10559","address":"2842 E 7th St","owner":"Atkinson Leah Marie","current_permit":true,"point":[-94.54680184888078,39.10463842776835]}},{"type":"Feature","geometry":{"type":"Polygon","coordinates":[[[-94.57600570506666,39.01898744165365],[-94.57598097888072,39.01898656482893],[-94.57552577380014,39.018969402775596],[-94.5755219019739,39.01896926799606],[-94.57551436337363,39.01910662699757],[-94.57551823520795,39.01910676234938],[-94.57597358782304,39.019123924907376],[-94.57599831554717,39.01912482404161],[-94.57600570506666,39.01898744165365]]]},"properties":{"parcel":"105741","address":"5924 Harrison St","owner":"Haase Jordan","current_permit":true,"point":[-94.57576006683207,39.01904703432561]}},{"type":"Feature","geometry":{"type":"Polygon","coordinates":[[[-94.57946284457996,39.01952803573789],[-94.57943823480737,39.019527205900836],[-94.57897909672933,39.019511546696805],[-94.57897481683148,39.019593509357776],[-94.5789719752218,39.019648746029276],[-94.57943108407002,39.01966435951853],[-94.57945566529214,39.01966518937649],[-94.57946284457996,39.01952803573789]]]},"properties":{"parcel":"105888","address":"5914 Holmes St","owner":"Carol Beth Paysinger Living Trust Dated 01-10-2023","current_permit":true,"point":[-94.57921882862357,39.019560772547834]}},{"type":"Feature","geometry":{"type":"Polygon","coordinates":[[[-94.5817646089729,39.01609118150019],[-94.58162775061967,39.01608615141753],[-94.58161024004404,39.016085523571554],[-94.58158997421417,39.016443740093216],[-94.58158905346195,39.01645987185479],[-94.58158888171295,39.016462915150264],[-94.58160642173831,39.01646356643182],[-94.58174333950305,39.01646861880624],[-94.58174351197869,39.016465575510054],[-94.58174440192587,39.01644946664989],[-94.5817646089729,39.01609118150019]]]},"properties":{"parcel":"106214","address":"516 E 61st Ter","owner":"Ashley Jordan & Hilla All T","current_permit":true,"point":[-94.5816773070095,39.0162674607967]}},{"type":"Feature","geometry":{"type":"Polygon","coordinates":[[[-94.57783108667634,39.015642337385785],[-94.57733058333461,39.015619812647735],[-94.57732671090528,39.01561963273834],[-94.57732139701939,39.0157225545229],[-94.57732529802634,39.01572271210451],[-94.57782592016908,39.01574526023839],[-94.57783108667634,39.015642337385785]]]},"properties":{"parcel":"106292","address":"6129 Charlotte St","owner":"Shofco Investments","current_permit":true,"point":[-94.57757627057501,39.01568244595434]}},{"type":"Feature","geometry":{"type":"Polygon","coordinates":[[[-94.57552708350043,39.01548576788214],[-94.57509483608712,39.01546739773525],[-94.5750701982015,39.01546633932762],[-94.57506410313235,39.01558317260526],[-94.5750679755311,39.0155833308528],[-94.57508874106026,39.01558423273023],[-94.57552140047935,39.015602555154224],[-94.57552642359809,39.01549956499384],[-94.57552708350043,39.01548576788214]]]},"properties":{"parcel":"106337","address":"6129 Harrison St","owner":"Ohana House LLC","current_permit":true,"point":[-94.57529533435113,39.015541368799546]}},{"type":"Feature","geometry":{"type":"Polygon","coordinates":[[[-94.58528638855682,39.01778510490973],[-94.58528251607147,39.017784993335574],[-94.58482034117209,39.01777169262355],[-94.58481644082428,39.017771581054205],[-94.58480871856828,39.017936467240695],[-94.58481261892514,39.01793657881028],[-94.58527456095779,39.01794985626929],[-94.58527846131608,39.0179499678233],[-94.58528043706826,39.01790935258339],[-94.58528638855682,39.01778510490973]]]},"properties":{"parcel":"106514","address":"6020 McGee St","owner":"Gutierrez Louis D Jr","current_permit":true,"point":[-94.58504815538183,39.01784722874656]}},{"type":"Feature","geometry":{"type":"Polygon","coordinates":[[[-94.5878534991574,39.014295125377934],[-94.58766176717353,39.0142883824132],[-94.58763970898197,39.01461820608005],[-94.58783138294348,39.01462533752942],[-94.58783158524588,39.01462231822596],[-94.5878534991574,39.014295125377934]]]},"properties":{"parcel":"106859","address":"7 E 62nd Ter","owner":"Journot Living Trust Dated 04/30/2025","current_permit":true,"point":[-94.58774659625273,39.01445666572899]}},{"type":"Feature","geometry":{"type":"Polygon","coordinates":[[[-94.55047259907465,39.10163976779517],[-94.55029655110036,39.10163332287759],[-94.55027990177071,39.10200742983129],[-94.55045598016956,39.10201302760292],[-94.55047259907465,39.10163976779517]]]},"properties":{"parcel":"10695","address":"2612 E 10th St","owner":"Ingram Averlie","current_permit":true,"point":[-94.55037624863073,39.101823598813226]}},{"type":"Feature","geometry":{"type":"Polygon","coordinates":[[[-94.59029546860903,39.010448858426706],[-94.58983391522194,39.010427341029406],[-94.5898257554683,39.0105611327547],[-94.58982962688978,39.01056128879717],[-94.5902882171501,39.01058187095314],[-94.59029546860903,39.010448858426706]]]},"properties":{"parcel":"107182","address":"102 W 65th St","owner":"Valdivia Alexander & Anna Michelle","current_permit":true,"point":[-94.59006079368069,39.01050499559071]}},{"type":"Feature","geometry":{"type":"Polygon","coordinates":[[[-94.59074630812299,39.01087709338036],[-94.590273255856,39.01085592931092],[-94.59026571870201,39.01099381685297],[-94.5907383605649,39.01101498069925],[-94.59074630812299,39.01087709338036]]]},"properties":{"parcel":"107186","address":"6431 Wyandotte St","owner":"Goldsborough Jack S","current_permit":true,"point":[-94.59050592655677,39.010935455116666]}},{"type":"Feature","geometry":{"type":"Polygon","coordinates":[[[-94.54845586079084,39.09975534609409],[-94.54827996323978,39.09974919494286],[-94.54826474043142,39.10007497712016],[-94.54826459566814,39.10007799743145],[-94.54844049341007,39.10008430819809],[-94.5484406087861,39.10008126559013],[-94.54845586079084,39.09975534609409]]]},"properties":{"parcel":"10762","address":"2818 Peery Ave","owner":"Trott Daniel Gallagher & Wagner Chelsea","current_permit":true,"point":[-94.54836029502604,39.09991516160713]}},{"type":"Feature","geometry":{"type":"Polygon","coordinates":[[[-94.57818624223964,39.00893342630229],[-94.57818237014763,39.00893322353967],[-94.57776878401569,39.008914462924984],[-94.57769091752401,39.00891089959687],[-94.57768521002029,39.00902839757774],[-94.57768908138418,39.00902860150136],[-94.57817619422633,39.009050721857726],[-94.57818006632596,39.00905092576457],[-94.57818624223964,39.00893342630229]]]},"properties":{"parcel":"108135","address":"6523 Charlotte St","owner":"Moroney Brogan J","current_permit":true,"point":[-94.57793563149409,39.008980911940014]}},{"type":"Feature","geometry":{"type":"Polygon","coordinates":[[[-94.59937997412216,39.0178387494719],[-94.59910387607742,39.01768419373461],[-94.59894929011462,39.01784247792412],[-94.59899160144782,39.018064892349656],[-94.5989967627882,39.01806376622851],[-94.59901508839464,39.01805947192765],[-94.5990333550506,39.01805497174484],[-94.59905153339267,39.018050242252066],[-94.59906962348694,39.01804533092735],[-94.59908762600033,39.01804019029212],[-94.59910551019946,39.018034866134506],[-94.59912330462085,39.01802931495641],[-94.5991410129905,39.018023579656564],[-94.5991585443526,39.01801763800343],[-94.59917604606167,39.01801146756274],[-94.59919337229583,39.018005138245584],[-94.59921060874913,39.01799858019213],[-94.59922772761986,39.017991838044],[-94.59924467244915,39.01798491356535],[-94.59926152752924,39.017977783231515],[-94.59927823566638,39.01797044766322],[-94.59937183104347,39.017930279876055],[-94.59937567016594,39.01792853707709],[-94.59937936384785,39.01792661249786],[-94.59938288058774,39.017924526758144],[-94.59938622038878,39.017922282146046],[-94.59938935608587,39.01791985408762],[-94.59939228551285,39.01791726660979],[-94.59939500869937,39.017914540877506],[-94.59939752791169,39.017911724366925],[-94.59939978292549,39.01790874791434],[-94.59940177237038,39.017905680163935],[-94.59940358717073,39.01790252103825],[-94.59940504914415,39.01789927068918],[-94.5994063049749,39.01789595187265],[-94.59940726820233,39.01789261042446],[-94.59940796735951,39.01788920055823],[-94.59940834381848,39.01788574577699],[-94.59940848566511,39.01788231350463],[-94.59940833414244,39.017878835148224],[-94.59940785931657,39.01787540340133],[-94.59940715137859,39.017872018187106],[-94.59940617949722,39.01786865493476],[-94.5994048835795,39.01786533829254],[-94.59940338397553,39.017862136228906],[-94.59940158966575,39.017858980750376],[-94.5993995322108,39.017855893567045],[-94.59939724033522,39.017852965606444],[-94.59939471468017,39.01785013108509],[-94.59939195307474,39.01784741059771],[-94.59938898787932,39.017844873331796],[-94.59938581533068,39.017842450075456],[-94.59938243922645,39.01784023463763],[-94.59937997412216,39.0178387494719]]]},"properties":{"parcel":"108383","address":"6035 Belleview Ave","owner":"Fees Family Trust U/A Dated February 9, 2024","current_permit":true,"point":[-94.59918136854644,39.01787371079422]}},{"type":"Feature","geometry":{"type":"Polygon","coordinates":[[[-94.5429454440843,39.10084264565203],[-94.54285188494785,39.10083924797218],[-94.54283862492888,39.101053415521875],[-94.54283844984761,39.1010564598618],[-94.54292808935487,39.101134197208],[-94.54292811841525,39.10113369496619],[-94.5429454440843,39.10084264565203]]]},"properties":{"parcel":"10924","address":"3231 E 10th St","owner":"Shuck Christine D","current_permit":true,"point":[-94.54289216022747,39.10094803058695]}},{"type":"Feature","geometry":{"type":"Polygon","coordinates":[[[-94.5436424031371,39.100868058987786],[-94.54355430737367,39.100864842872],[-94.54353332336557,39.101219547715075],[-94.54362147904736,39.10122278613266],[-94.5436424031371,39.100868058987786]]]},"properties":{"parcel":"10928","address":"3215 E 10th St","owner":"Shuck Christine D & David A","current_permit":true,"point":[-94.543587878421,39.10104380335143]}},{"type":"Feature","geometry":{"type":"Polygon","coordinates":[[[-94.54343205072665,39.09993904362128],[-94.54330898234579,39.09993465111765],[-94.5432886441486,39.10028937804238],[-94.54341177260824,39.10029377054472],[-94.54341194767842,39.10029075137228],[-94.54343205072665,39.09993904362128]]]},"properties":{"parcel":"10948","address":"3221 E 11th St","owner":"Hardscar Investments LLC","current_permit":true,"point":[-94.54336036288836,39.10011421083183]}},{"type":"Feature","geometry":{"type":"Polygon","coordinates":[[[-94.6043510214274,38.99582500940662],[-94.60387741996003,38.995803100050765],[-94.60386382249546,38.99604853478667],[-94.6038677217785,38.99604871379238],[-94.60433777741851,38.99607042099886],[-94.6043510214274,38.99582500940662]]]},"properties":{"parcel":"110510","address":"7319 Mercier St","owner":"Latimer Cindy M","current_permit":true,"point":[-94.60410750215294,38.99593677209664]}},{"type":"Feature","geometry":{"type":"Polygon","coordinates":[[[-94.59497389541093,38.99744492326553],[-94.59453424287102,38.99742448081802],[-94.59452665564945,38.99756211729809],[-94.59496630894648,38.99758249055742],[-94.59497389541093,38.99744492326553]]]},"properties":{"parcel":"110579","address":"7209 Washington St","owner":"Darmitzel Sarah L & David","current_permit":true,"point":[-94.59475027487915,38.99750352028181]}},{"type":"Feature","geometry":{"type":"Polygon","coordinates":[[[-94.5950893541544,38.99526732692448],[-94.59508545490436,38.99526712417221],[-94.59465962748119,38.99524774632827],[-94.59465118904119,38.9953843539088],[-94.5950823532441,38.99540390991072],[-94.5950893541544,38.99526732692448]]]},"properties":{"parcel":"111018","address":"7311 Washington St","owner":"Rowse Olivia","current_permit":true,"point":[-94.59487057919829,38.99532584041664]}},{"type":"Feature","geometry":{"type":"Polygon","coordinates":[[[-94.58363682357053,39.00496786082108],[-94.5836258695631,39.004879777152425],[-94.5836148000802,39.004793843240044],[-94.58346605017543,39.00485691843422],[-94.58342721377252,39.00487339826712],[-94.58310356715339,39.00501057183127],[-94.58311546090678,39.0050257792657],[-94.58312533086564,39.00504005058925],[-94.5831349655999,39.005054412459764],[-94.58314430939421,39.00506886720503],[-94.58315344582262,39.005083412477504],[-94.58316228913692,39.005098072363495],[-94.58317092872659,39.00511280218122],[-94.58317466084836,39.005119480790896],[-94.58363277826625,39.00496919082252],[-94.58363682357053,39.00496786082108]]]},"properties":{"parcel":"111176","address":"6818 Locust St","owner":"Mauldin Michael V & Angelique E","current_permit":true,"point":[-94.58346979897318,39.004923818986754]}},{"type":"Feature","geometry":{"type":"Polygon","coordinates":[[[-94.58084036103658,39.00611283245619],[-94.58083983148309,39.00611134555428],[-94.5808301518254,39.00608428454029],[-94.58082076681771,39.00605715353401],[-94.58081161563715,39.00602997717479],[-94.580802757615,39.00600270908749],[-94.58079416352955,39.00597544081658],[-94.5807858626546,39.00594812715182],[-94.58077785420267,39.00592072061558],[-94.58077008177591,39.00589326872516],[-94.58076704933697,39.005882150629475],[-94.58029427982436,39.00597530540614],[-94.58054280566647,39.006252451964706],[-94.58054547770078,39.00625544811074],[-94.58054550778554,39.00625547097102],[-94.58054703034519,39.00625466908285],[-94.5805493750477,39.00625347707708],[-94.58055046015602,39.00625288199243],[-94.58057868372688,39.00623849319898],[-94.5806070254525,39.00622421929434],[-94.58063554484463,39.006210172354486],[-94.58066420883806,39.00619628719118],[-94.58069302038949,39.00618258496719],[-94.58072197805753,39.00616908742044],[-94.58084036103658,39.00611283245619]]]},"properties":{"parcel":"111317","address":"6737 Rockhill Rd","owner":"6737 Rockhill Road LLC","current_permit":true,"point":[-94.58060264974154,39.006070719037155]}},{"type":"Feature","geometry":{"type":"Polygon","coordinates":[[[-94.58078754832988,39.001319399679176],[-94.58070159745687,39.00131586625922],[-94.5806524194138,39.00131384096683],[-94.58057453144646,39.00131062335866],[-94.58055080882787,39.0016993663525],[-94.58055063712084,39.00170245541631],[-94.58062849579815,39.001705971086295],[-94.58076348090333,39.00171205561796],[-94.58076365265312,39.001709012315985],[-94.58078754832988,39.001319399679176]]]},"properties":{"parcel":"111345","address":"627 E 69th Ter","owner":"Voss Hannah M","current_permit":true,"point":[-94.58066914932425,39.001509383015836]}},{"type":"Feature","geometry":{"type":"Polygon","coordinates":[[[-94.58412233904802,39.00017097606106],[-94.58403190190481,39.00016717375472],[-94.58398627347863,39.000165215953615],[-94.58398607116304,39.00016832849835],[-94.58396086174128,39.00054769151002],[-94.58400643179291,39.00054967224397],[-94.58409690034598,39.00055358838035],[-94.58412233904802,39.00017097606106]]]},"properties":{"parcel":"111402","address":"408 E 70th Ter","owner":"Hughes Tim & Kristine","current_permit":true,"point":[-94.58404159710678,39.00035933378554]}},{"type":"Feature","geometry":{"type":"Polygon","coordinates":[[[-94.58987363610264,38.99704000949491],[-94.58939402349006,38.997020311215344],[-94.5893901520723,38.99702015344166],[-94.58938245200262,38.99716920735269],[-94.58986626037643,38.997189108377256],[-94.58986637415269,38.99718691170471],[-94.58986923352616,38.997129340673105],[-94.58987140721027,38.997085452490595],[-94.58987363610264,38.99704000949491]]]},"properties":{"parcel":"112583","address":"7212 Main St","owner":"Brake Scott R & Dana L","current_permit":true,"point":[-94.58962798274615,38.99710739658185]}},{"type":"Feature","geometry":{"type":"Polygon","coordinates":[[[-94.59231349546867,38.995066005817925],[-94.59213735440893,38.99505870868242],[-94.59210868631249,38.99544932370478],[-94.59228477030383,38.99545708941834],[-94.59231349546867,38.995066005817925]]]},"properties":{"parcel":"112669","address":"204 W 73rd Ter","owner":"Schieber Loren & Elizabeth","current_permit":true,"point":[-94.59221108533356,38.995257664761354]}},{"type":"Feature","geometry":{"type":"Polygon","coordinates":[[[-94.59159903932289,38.99541500226866],[-94.59159854083418,38.99541498035089],[-94.59149661422327,38.99541080386542],[-94.59146125170946,38.9954093443184],[-94.59143128385375,38.99540810934451],[-94.59139489507218,38.99540662770043],[-94.59137233897077,38.995811320476406],[-94.59137216622314,38.99581436379769],[-94.59157628420036,38.99582305876058],[-94.59159903932289,38.99541500226866]]]},"properties":{"parcel":"112698","address":"121 W 73rd St","owner":"Brown Elizabeth M","current_permit":true,"point":[-94.59148568634485,38.99561316137253]}},{"type":"Feature","geometry":{"type":"Polygon","coordinates":[[[-94.59164979516295,38.99450635388632],[-94.5915313329787,38.99450166415155],[-94.59151089788308,38.994890454131536],[-94.59151072660887,38.99489349688033],[-94.59162402901451,38.99489823587742],[-94.59162790032072,38.99489839300512],[-94.5916280715892,38.994895349684164],[-94.59164979516295,38.99450635388632]]]},"properties":{"parcel":"112743","address":"47 W 73rd Ter","owner":"Shil Uttam","current_permit":true,"point":[-94.59158003112785,38.99469840400893]}},{"type":"Feature","geometry":{"type":"Polygon","coordinates":[[[-94.5858993442201,38.9929853142266],[-94.58587785102449,38.99298347610541],[-94.58586430385995,38.992982456425246],[-94.58585383483044,38.992981640980744],[-94.58582984970019,38.99298003463938],[-94.58580577541939,38.992978656025684],[-94.58578170209417,38.99297746102723],[-94.58573557863379,38.99297575653418],[-94.58571499080035,38.993359876263725],[-94.58571481854847,38.99336291900562],[-94.58584145992647,38.993367906084934],[-94.58587658663946,38.99336927655727],[-94.5858993442201,38.9929853142266]]]},"properties":{"parcel":"112942","address":"230 E 74th Ter","owner":"Allen Barbara Kay","current_permit":true,"point":[-94.58580663629613,38.99317259524516]}},{"type":"Feature","geometry":{"type":"Polygon","coordinates":[[[-94.58218759065979,38.99737832190974],[-94.58200695903157,38.997370738075894],[-94.58197828839036,38.997757380036916],[-94.582167601927,38.99776504932504],[-94.58218759065979,38.99737832190974]]]},"properties":{"parcel":"113240","address":"600 E 72nd St","owner":"Leshner Laura & Vervynck Brian","current_permit":true,"point":[-94.58208506851166,38.997567850973326]}},{"type":"Feature","geometry":{"type":"Polygon","coordinates":[[[-94.58437528968027,38.993833507747524],[-94.58419839059736,38.993825970361335],[-94.58417735307702,38.99420958727902],[-94.58433331874136,38.99421640763254],[-94.58435082264712,38.9942171729377],[-94.58437508878309,38.99383655107999],[-94.58437528968027,38.993833507747524]]]},"properties":{"parcel":"113411","address":"408 E 74th St","owner":"Schieber Loren & Elizabeth","current_permit":true,"point":[-94.58427538961858,38.994023069179505]}},{"type":"Feature","geometry":{"type":"Polygon","coordinates":[[[-94.58164912527967,38.9918950832893],[-94.5814732274946,38.991887586828724],[-94.58145637036999,38.99227277926674],[-94.58163218143632,38.992280527504775],[-94.58164912527967,38.9918950832893]]]},"properties":{"parcel":"113519","address":"620 E 75th St","owner":"Wells-Morgan Aaron C","current_permit":true,"point":[-94.5815527292802,38.99208393127802]}},{"type":"Feature","geometry":{"type":"Polygon","coordinates":[[[-94.57965168736584,38.9924439625993],[-94.57917201727038,38.99242191189282],[-94.57916744312982,38.9924217096384],[-94.57916418048868,38.99249337435238],[-94.5791606600038,38.99257046378002],[-94.579165176273,38.992570689527135],[-94.57963698846342,38.99259238009833],[-94.5796439377172,38.992592740881015],[-94.57964666495594,38.992540845229364],[-94.57964798536356,38.99251558415221],[-94.57964901963743,38.99249597433297],[-94.57965168736584,38.9924439625993]]]},"properties":{"parcel":"113552","address":"7424 Charlotte St","owner":"Wolfington Stephen P","current_permit":true,"point":[-94.57940605824415,38.99250577924259]}},{"type":"Feature","geometry":{"type":"Polygon","coordinates":[[[-94.56833124394173,38.99805547879332],[-94.56785743545124,38.998035756662404],[-94.56785347677035,38.998035576487894],[-94.5678505447682,38.99809568682086],[-94.56784804261858,38.99814765180666],[-94.56785194263864,38.99814780856238],[-94.56832176455171,38.99816730423847],[-94.56832563378656,38.99816746214042],[-94.56832822293146,38.99811561149917],[-94.56833124394173,38.99805547879332]]]},"properties":{"parcel":"114389","address":"7105 Wayne Ave","owner":"Murrell Fred III","current_permit":true,"point":[-94.56808939425235,38.99810564916002]}},{"type":"Feature","geometry":{"type":"Polygon","coordinates":[[[-94.56705817634685,38.991301235237515],[-94.56669858638327,38.99128549262553],[-94.56669371988825,38.9912852894771],[-94.56669084653507,38.99128524478512],[-94.56668976171409,38.99128524540514],[-94.56668483616971,38.99128538607889],[-94.5666798522225,38.99128577847811],[-94.56667498499145,38.99128635328736],[-94.56667011946183,38.991287179215696],[-94.56666534133039,38.9912881892869],[-94.56666065137081,38.99128942697468],[-94.5666560495627,38.99129087054196],[-94.56665153513063,38.991292474799025],[-94.56664719831787,38.99129433121878],[-94.56664297895344,38.991296369476196],[-94.56663887628498,38.991298568978706],[-94.56663497755733,38.99130095026947],[-94.56663128643751,38.991303515634606],[-94.56662774204258,38.99130621705846],[-94.56662440159054,38.99130910255876],[-94.56662129726689,38.99131210175773],[-94.56661842544963,38.99131526041966],[-94.56661576117644,38.991318535084716],[-94.56661333083163,38.99132192230566],[-94.56661119447952,38.991325378574125],[-94.56660926200549,38.99132894970377],[-94.56660765284211,38.991332588148126],[-94.56660624902287,38.99133634145286],[-94.56660513839805,38.99134009401818],[-94.5666043217666,38.99134391620311],[-94.56660420444183,38.99134464846587],[-94.5666038257543,38.99134728001059],[-94.566603682352,38.991350689379075],[-94.56660043441799,38.99141944899286],[-94.56660445061291,38.99141960744033],[-94.56705162066912,38.991438914120536],[-94.56705803279317,38.991304460985674],[-94.56705817634685,38.991301235237515]]]},"properties":{"parcel":"114839","address":"7446 Paseo","owner":"Burko Ekaterina","current_permit":true,"point":[-94.56682812347034,38.99138506918597]}},{"type":"Feature","geometry":{"type":"Polygon","coordinates":[[[-94.55994130350541,38.990395331395405],[-94.55976579249916,38.990387413029865],[-94.55976556065984,38.99039063995893],[-94.55975913481622,38.990489351268245],[-94.5597376868393,38.99081864561579],[-94.55983848957017,38.990823009450324],[-94.55991891466621,38.99082651475299],[-94.55994112950162,38.99039846619859],[-94.55994130350541,38.990395331395405]]]},"properties":{"parcel":"115551","address":"2437 E 75th St","owner":"Collins Missouri Trustee","current_permit":true,"point":[-94.559838139367,38.99065399844201]}},{"type":"Feature","geometry":{"type":"Polygon","coordinates":[[[-94.56367784324274,38.988029366183376],[-94.56332422473933,38.988015692082705],[-94.56332393608368,38.9880207718506],[-94.56330051747982,38.988456944672144],[-94.56365308239094,38.98847107646824],[-94.56367752507269,38.988035016852415],[-94.56367784324274,38.988029366183376]]]},"properties":{"parcel":"115612","address":"1864 E 76th Ter","owner":"Miller Renee & Bryan","current_permit":true,"point":[-94.56348877208356,38.98824598076228]}},{"type":"Feature","geometry":{"type":"Polygon","coordinates":[[[-94.5780644002262,38.99023707731851],[-94.57757278786978,38.99021850479928],[-94.57756891760674,38.990218370085444],[-94.57755413702094,38.990322374606585],[-94.57755803660808,38.9903225087294],[-94.57805862150173,38.99034057192356],[-94.57806106536945,38.99029663853622],[-94.5780644002262,38.99023707731851]]]},"properties":{"parcel":"117640","address":"7534 Harrison St","owner":"Carlson Briena S","current_permit":true,"point":[-94.57781237978136,38.99026685792737]}},{"type":"Feature","geometry":{"type":"Polygon","coordinates":[[[-94.55707196919305,39.099588261821864],[-94.55663439836016,39.099573488334606],[-94.55661623308428,39.09958660779409],[-94.55661114772704,39.0996910154382],[-94.55661508339189,39.09969115023936],[-94.55706607346457,39.09970651155743],[-94.55707196919305,39.099588261821864]]]},"properties":{"parcel":"11777","address":"1119 Garfield Ave","owner":"Sorrentino Vincent Paul","current_permit":true,"point":[-94.55684152887912,39.09963963863003]}},{"type":"Feature","geometry":{"type":"Polygon","coordinates":[[[-94.58946163502102,38.991520420489266],[-94.58945776390277,38.99152026271735],[-94.58897053440505,38.99149967613896],[-94.58896328289211,38.991632551729765],[-94.58895617610682,38.991763368478516],[-94.58944956064026,38.99178143404644],[-94.58946163502102,38.991520420489266]]]},"properties":{"parcel":"118029","address":"7511 Main St","owner":"Roos Kathleen","current_permit":true,"point":[-94.58920657580514,38.99169796010414]}},{"type":"Feature","geometry":{"type":"Polygon","coordinates":[[[-94.59182837155119,38.9863469208758],[-94.59168781576115,38.986341379760994],[-94.59166646669591,38.98672321459355],[-94.59166629401096,38.986726280229085],[-94.59180682091788,38.986731569699415],[-94.59180699289192,38.98672852580132],[-94.59182837155119,38.9863469208758]]]},"properties":{"parcel":"118317","address":"113 W 78th St","owner":"Blue Bird LLC","current_permit":true,"point":[-94.5917474086591,38.98653506773468]}},{"type":"Feature","geometry":{"type":"Polygon","coordinates":[[[-94.59357121689892,38.98860445246703],[-94.59346723040463,38.98818475922872],[-94.59342087511986,38.98818289721669],[-94.59340013518121,38.9885976805757],[-94.59357121689892,38.98860445246703]]]},"properties":{"parcel":"118390","address":"331 W 77th St","owner":"Kuhn Jane","current_permit":true,"point":[-94.59346442166088,38.98839121990221]}},{"type":"Feature","geometry":{"type":"Polygon","coordinates":[[[-94.58974020692845,38.98653454621535],[-94.58928490473596,38.98650997792365],[-94.5892792784677,38.986628826840764],[-94.58973454555544,38.98664762913484],[-94.58974020692845,38.98653454621535]]]},"properties":{"parcel":"118406","address":"7801 Main St","owner":"KC Cottages LLC","current_permit":true,"point":[-94.58950967848727,38.986581686528055]}},{"type":"Feature","geometry":{"type":"Polygon","coordinates":[[[-94.58675041044462,38.98613064476118],[-94.58660601523648,38.986124779470885],[-94.58646546081984,38.986119072468014],[-94.58644658470894,38.98650827112053],[-94.58658711003848,38.986514138335],[-94.58672971856869,38.986520142262734],[-94.58675041044462,38.98613064476118]]]},"properties":{"parcel":"118424","address":"217 E 78th St","owner":"Gavin Jason G","current_permit":true,"point":[-94.58659806098389,38.98631945794085]}},{"type":"Feature","geometry":{"type":"Polygon","coordinates":[[[-94.58853338223588,38.984912462645376],[-94.58839274321865,38.98490705548089],[-94.58837221510322,38.98529106232635],[-94.58844253534097,38.985293754786696],[-94.58851284019255,38.98529644721635],[-94.58853338223588,38.984912462645376]]]},"properties":{"parcel":"118494","address":"104 E 79th St","owner":"Hendricks Felicity","current_permit":true,"point":[-94.5884527949429,38.98510176248586]}},{"type":"Feature","geometry":{"type":"Polygon","coordinates":[[[-94.55476888943555,39.09973005979996],[-94.55476501250071,39.09972992490889],[-94.5543096181495,39.09971460135905],[-94.55430574194959,39.09971446530834],[-94.55430339915267,39.09976006819257],[-94.55429983841447,39.099828575216954],[-94.55430374545236,39.099828710109435],[-94.55476325165861,39.09984416846266],[-94.55476481213941,39.09981254661262],[-94.55476666294348,39.09977568551937],[-94.55476724090168,39.099763626550754],[-94.55476888943555,39.09973005979996]]]},"properties":{"parcel":"11866","address":"1109 Park Ave","owner":"Hatchett Mark Edward Sr & Magee Toni Y","current_permit":true,"point":[-94.55453368350668,39.09979411606599]}},{"type":"Feature","geometry":{"type":"Polygon","coordinates":[[[-94.55475648561449,39.09998115834476],[-94.55475260939959,39.099981022880954],[-94.55429668487587,39.099965700102615],[-94.55429274920009,39.09996556522323],[-94.55428924937148,39.100034070500456],[-94.55428569009231,39.10010260097318],[-94.55474971957989,39.10011819398459],[-94.55475313305725,39.10004966471048],[-94.55475559042127,39.099999737887],[-94.55475648561449,39.09998115834476]]]},"properties":{"parcel":"11868","address":"1101 Park Ave","owner":"Magee Toni","current_permit":true,"point":[-94.55452118061865,39.10004186760547]}},{"type":"Feature","geometry":{"type":"Polygon","coordinates":[[[-94.5907934211039,38.97876201171385],[-94.59034146157269,38.978745339464645],[-94.59033759191023,38.97874520460131],[-94.5903321616212,38.978854946871564],[-94.59078808095528,38.97887177681573],[-94.5907934211039,38.97876201171385]]]},"properties":{"parcel":"118953","address":"8216 Main St","owner":"Ad Real Estate Services LLC","current_permit":true,"point":[-94.59056281068155,38.97880847929271]}},{"type":"Feature","geometry":{"type":"Polygon","coordinates":[[[-94.59246110364103,38.979092524921754],[-94.59239526096158,38.979090128787746],[-94.59232481574159,38.979087598971056],[-94.59225864987951,38.97908520301563],[-94.59225474941634,38.9790850693843],[-94.5923166132586,38.97947624258055],[-94.59244085444243,38.97948069700727],[-94.59246110364103,38.979092524921754]]]},"properties":{"parcel":"118982","address":"123 W 82nd St","owner":"Webber John C & Xi","current_permit":true,"point":[-94.59236868305383,38.97928438375115]}},{"type":"Feature","geometry":{"type":"Polygon","coordinates":[[[-94.58735833101193,38.97830229693281],[-94.58732365010358,38.9783010409723],[-94.58686706345125,38.97828440506061],[-94.58685864504663,38.978448675224826],[-94.5868625146852,38.97844880905948],[-94.58731456083751,38.97846540376718],[-94.58734982669937,38.9784667044828],[-94.58735833101193,38.97830229693281]]]},"properties":{"parcel":"119108","address":"8224 McGee St","owner":"Williams Jacob","current_permit":true,"point":[-94.58710847047465,38.97837548607882]}},{"type":"Feature","geometry":{"type":"Polygon","coordinates":[[[-94.58725048214086,38.980426481745106],[-94.5867583189062,38.98040790309038],[-94.58674998687124,38.98057068584747],[-94.58675385735799,38.98057081968503],[-94.58724209229183,38.980589012886895],[-94.58725048214086,38.980426481745106]]]},"properties":{"parcel":"119133","address":"8106 McGee St","owner":"Grothaus Dashiell Joseph Andrew","current_permit":true,"point":[-94.58700021882564,38.98049858379629]}},{"type":"Feature","geometry":{"type":"Polygon","coordinates":[[[-94.58317950277625,38.981501757095366],[-94.58316548964797,38.98150146962814],[-94.5831158864263,38.981500224196346],[-94.58306628293761,38.981498748788034],[-94.58301667923851,38.9814970914536],[-94.58296710532167,38.981495204121316],[-94.58295244685537,38.98149457386998],[-94.58293664740988,38.98182322712292],[-94.58316373928251,38.98183393405033],[-94.58317950277625,38.981501757095366]]]},"properties":{"parcel":"119416","address":"436 E 81st St","owner":"Dekker Joseph Dylan & Andrea Ramos","current_permit":true,"point":[-94.58305812477528,38.981662492109145]}},{"type":"Feature","geometry":{"type":"Polygon","coordinates":[[[-94.58137849452815,38.98192603086624],[-94.58093903639696,38.981912013474336],[-94.58092991388142,38.98208692333844],[-94.58136925494009,38.98210080413062],[-94.58137849452815,38.98192603086624]]]},"properties":{"parcel":"119441","address":"8024 Holmes Rd","owner":"Tenfold Investment Group LLC","current_permit":true,"point":[-94.58115417562152,38.982006477102345]}},{"type":"Feature","geometry":{"type":"Polygon","coordinates":[[[-94.58013169796764,38.97914102101565],[-94.5798917775556,38.97913157542678],[-94.57987119605063,38.97952054699586],[-94.58010279134879,38.979529699741626],[-94.58010302385122,38.979526610625],[-94.58011887676341,38.97931355437091],[-94.58013169796764,38.97914102101565]]]},"properties":{"parcel":"119556","address":"828 E 82nd St","owner":"Jurcyk Ann Elizabeth","current_permit":true,"point":[-94.57999392410389,38.97941705068338]}},{"type":"Feature","geometry":{"type":"Polygon","coordinates":[[[-94.59587360471436,38.98978935926276],[-94.5962947649697,38.98980642442298],[-94.59629893246685,38.98972298554829],[-94.5962950042764,38.989722840062804],[-94.59591422078333,38.98970889874358],[-94.59587771700672,38.98970755587611],[-94.59587360471436,38.98978935926276]]]},"properties":{"parcel":"119708","address":"7623 Pennsylvania Ave","owner":"Royal Ambassadors LLC","current_permit":true,"point":[-94.59608627396244,38.98975617240552]}},{"type":"Feature","geometry":{"type":"Polygon","coordinates":[[[-94.59583923013295,38.99047499736711],[-94.59542566138896,38.990458655409945],[-94.59542161513625,38.99045849969511],[-94.59541890355028,38.99051341602423],[-94.59541616181745,38.99056826487809],[-94.59542015017104,38.99056842064043],[-94.59582984923702,38.99058462907999],[-94.59583372034731,38.99058480837762],[-94.5958364602933,38.99052996008772],[-94.59583923013295,38.99047499736711]]]},"properties":{"parcel":"119715","address":"7602 Washington St","owner":"Pepper Moon Property LLC","current_permit":true,"point":[-94.59562768360854,38.99052168805598]}},{"type":"Feature","geometry":{"type":"Polygon","coordinates":[[[-94.60209096167108,38.99011210894302],[-94.60208682673245,38.99011195239287],[-94.60169067658407,38.99009678490816],[-94.6016868055179,38.99009662811384],[-94.60168386716215,38.99015307839438],[-94.60168032778789,38.990220305632704],[-94.6016781013566,38.990263072954875],[-94.60208257902411,38.99027720297405],[-94.60208813958714,38.99016814727157],[-94.60208853867978,38.99016022948335],[-94.60209096167108,38.99011210894302]]]},"properties":{"parcel":"119916","address":"7621 Jarboe St","owner":"Heuser Martin F J & Katrin M","current_permit":true,"point":[-94.6018842553285,38.99019422645213]}},{"type":"Feature","geometry":{"type":"Polygon","coordinates":[[[-94.59943963731415,38.992181661503416],[-94.59934533910814,38.99217824158945],[-94.59928244480992,38.99217596067564],[-94.59926222759813,38.99256344659709],[-94.59926194104538,38.992568205539605],[-94.59941922240856,38.99257392977164],[-94.59941953683273,38.992568666848584],[-94.59943963731415,38.992181661503416]]]},"properties":{"parcel":"120004","address":"807 W 75th St","owner":"Rune Properties LLC","current_permit":true,"point":[-94.59935095506108,38.99237255405025]}},{"type":"Feature","geometry":{"type":"Polygon","coordinates":[[[-94.6016828850147,38.9885444906271],[-94.60165579397491,38.988543370175236],[-94.6015977401518,38.98854095014676],[-94.60152461506271,38.988537901387744],[-94.60152447281736,38.98854094412908],[-94.60150543884396,38.988947054880136],[-94.60166368087873,38.98895398795783],[-94.6016828850147,38.9885444906271]]]},"properties":{"parcel":"120058","address":"1005 W 77th St","owner":"Chmielewski Connor S","current_permit":true,"point":[-94.60159415911843,38.98874577275362]}},{"type":"Feature","geometry":{"type":"Polygon","coordinates":[[[-94.56814175260344,39.10611358480802],[-94.56761356834107,39.10609419263472],[-94.567610227265,39.10616352242012],[-94.56761410384253,39.10616365745601],[-94.56813835262028,39.10618296097593],[-94.56814175260344,39.10611358480802]]]},"properties":{"parcel":"12007","address":"621 Forest Ave","owner":"Wilson Adam P","current_permit":true,"point":[-94.56787597973599,39.10613855361407]}},{"type":"Feature","geometry":{"type":"Polygon","coordinates":[[[-94.5681350136113,39.106252382868654],[-94.56761076427644,39.10623303357309],[-94.56760688696095,39.106232898537506],[-94.56760092449075,39.10635487825316],[-94.56812905222655,39.10637454622733],[-94.5681350136113,39.106252382868654]]]},"properties":{"parcel":"12008","address":"617 Forest Ave","owner":"Deliozar Family Trust Dated 6-18-2024","current_permit":true,"point":[-94.56786797116155,39.1063036305609]}},{"type":"Feature","geometry":{"type":"Polygon","coordinates":[[[-94.60136222682331,38.98547860596042],[-94.60129291657209,38.98547587579131],[-94.60118344033523,38.985471531258476],[-94.60115674501358,38.985974756348654],[-94.60115657433668,38.98597791409327],[-94.601338029235,38.98598498651783],[-94.60136222682331,38.98547860596042]]]},"properties":{"parcel":"120087","address":"916 W 79th St","owner":"Biersmith John","current_permit":true,"point":[-94.60126013873939,38.98572668115453]}},{"type":"Feature","geometry":{"type":"Polygon","coordinates":[[[-94.5964297912778,38.98739571827419],[-94.59642577451365,38.98739556142561],[-94.59600879183513,38.9873786300025],[-94.59600428647788,38.987472012173555],[-94.59600334618504,38.98749214834154],[-94.59642029922763,38.98750889561486],[-94.5964243445839,38.98750905301203],[-94.5964253150258,38.987489076983806],[-94.5964297912778,38.98739571827419]]]},"properties":{"parcel":"120251","address":"7723 Pennsylvania Ave","owner":"Wilkins Micah","current_permit":true,"point":[-94.59621704459288,38.98743386522388]}},{"type":"Feature","geometry":{"type":"Polygon","coordinates":[[[-94.59581467066606,38.98845994575097],[-94.59567452036009,38.988454043583346],[-94.59567243910116,38.98849731292718],[-94.59566744696248,38.98860025920511],[-94.59566256894188,38.98870087151268],[-94.59578896707468,38.98870614488472],[-94.59580268959053,38.988706705647196],[-94.59580756750569,38.98860616197741],[-94.5958125894622,38.988503192788095],[-94.59581452817716,38.98846298905775],[-94.59581467066606,38.98845994575097]]]},"properties":{"parcel":"120320","address":"505 W 77th St","owner":"Price Jonathan L & Abby E","current_permit":true,"point":[-94.59574001144705,38.9885517259966]}},{"type":"Feature","geometry":{"type":"Polygon","coordinates":[[[-94.60440109067771,38.98787407581406],[-94.60439707390317,38.98787394212106],[-94.60399205419891,38.987860529338754],[-94.60399073951662,38.98788373254545],[-94.60398839740576,38.9879265904117],[-94.60398054013812,38.988066858720536],[-94.604384094767,38.98807954065634],[-94.60438811228612,38.98807967434913],[-94.60439516037549,38.98796839712517],[-94.60439693658975,38.98794013734441],[-94.60439776705813,38.98792718588358],[-94.60440109067771,38.98787407581406]]]},"properties":{"parcel":"120526","address":"7712 Ward Pkwy","owner":"Earl Prentiss & Jazzmin M","current_permit":true,"point":[-94.60418767001974,38.98801762792286]}},{"type":"Feature","geometry":{"type":"Polygon","coordinates":[[[-94.56674521027651,39.09976781850534],[-94.56664956765356,39.099764807777056],[-94.5663215284402,39.09975442338426],[-94.56631503085492,39.0999033340486],[-94.56673862617957,39.09991668405284],[-94.56674521027651,39.09976781850534]]]},"properties":{"parcel":"12066","address":"1116 Virginia Ave","owner":"Morales Real Estate","current_permit":true,"point":[-94.56653010042933,39.09983557627697]}},{"type":"Feature","geometry":{"type":"Polygon","coordinates":[[[-94.59840426196193,38.984641766761094],[-94.59782038585841,38.984617865810456],[-94.5978156949332,38.984617687265605],[-94.5978111394183,38.98463016130596],[-94.59780532751611,38.984646778457716],[-94.59779978028679,38.98466346231461],[-94.59779452628761,38.98468019340385],[-94.59778953693177,38.984696969461275],[-94.59778481005213,38.98471381336987],[-94.59778034852,38.98473068108108],[-94.59777620806652,38.984747593713294],[-94.59777230297261,38.984764574791534],[-94.59776927433734,38.984778809970436],[-94.59777460880787,38.98477901085906],[-94.59834798837689,38.984800632770565],[-94.59834807293426,38.98479871011151],[-94.59840426196193,38.984641766761094]]]},"properties":{"parcel":"120787","address":"7910 Jefferson St","owner":"Jest Re LLC","current_permit":true,"point":[-94.59808432824322,38.984705391415574]}},{"type":"Feature","geometry":{"type":"Polygon","coordinates":[[[-94.60375532446243,38.98521890796596],[-94.60375124847141,38.98521877373121],[-94.60326520608068,38.98520138103397],[-94.60325868828063,38.98533565274504],[-94.60325854615054,38.98533871951525],[-94.60374875456529,38.98535752716595],[-94.60375532446243,38.98521890796596]]]},"properties":{"parcel":"120964","address":"7901 Ward Parkway Plz","owner":"Parra Abigail","current_permit":true,"point":[-94.60350703983588,38.985277280355504]}},{"type":"Feature","geometry":{"type":"Polygon","coordinates":[[[-94.59845255663924,38.980563665213],[-94.59844535961038,38.98070114070113],[-94.59844934671634,38.98070131981468],[-94.59888637688447,38.98072252836814],[-94.59889243085533,38.9806069041829],[-94.59889649929636,38.980529104802216],[-94.59845940096602,38.98050968221725],[-94.59845538385379,38.980509525438464],[-94.59845255663924,38.980563665213]]]},"properties":{"parcel":"121170","address":"8116 Jefferson St","owner":"Kramer Vincient R","current_permit":true,"point":[-94.59866889505204,38.98065402244201]}},{"type":"Feature","geometry":{"type":"Polygon","coordinates":[[[-94.598240127395,38.9744442292994],[-94.59806559037571,38.974436916833156],[-94.59803946484467,38.97481429463591],[-94.59818108339942,38.97482019446971],[-94.59821441383559,38.9748215616033],[-94.598240127395,38.9744442292994]]]},"properties":{"parcel":"121229","address":"620 W 85th St","owner":"McDonald Ronn Miles","current_permit":true,"point":[-94.59813989635694,38.97462926196766]}},{"type":"Feature","geometry":{"type":"Polygon","coordinates":[[[-94.59116498957407,38.975956650705335],[-94.5911643144043,38.975955896726006],[-94.59109352262159,38.97577249016343],[-94.5910933760848,38.97577251258695],[-94.59065221366532,38.975979244902014],[-94.59064825878181,38.97598112480259],[-94.59065582977341,38.975987547959754],[-94.59068491027885,38.976012534490366],[-94.59071375791166,38.976037636172535],[-94.59074239987179,38.97606291991275],[-94.59077086614909,38.97608834164152],[-94.59079906953596,38.976113900854855],[-94.59083158604565,38.976143781246314],[-94.59116463720008,38.97595674193329],[-94.59116498957407,38.975956650705335]]]},"properties":{"parcel":"121768","address":"8326 Pico St","owner":"Edgar Mia","current_permit":true,"point":[-94.59091041318254,38.975967993417655]}},{"type":"Feature","geometry":{"type":"Polygon","coordinates":[[[-94.563140260716,38.97614344686269],[-94.5629651363863,38.976135624023485],[-94.56294485087918,38.97653131917175],[-94.56294464951421,38.9765356443948],[-94.56297170686152,38.97653684249984],[-94.56311992135342,38.97654342142179],[-94.56312015200136,38.976539073873454],[-94.563140260716,38.97614344686269]]]},"properties":{"parcel":"122019","address":"2132 Maddi Ave","owner":"Owens Kamri","current_permit":true,"point":[-94.56304259827323,38.976337383017224]}},{"type":"Feature","geometry":{"type":"Polygon","coordinates":[[[-94.58407127792924,39.10320214665948],[-94.5836932064241,39.10318848376311],[-94.58369314769256,39.10318848380526],[-94.58366306405367,39.10318737051503],[-94.58366534884458,39.103137795029674],[-94.58366982966001,39.10304057010224],[-94.583670794209,39.103019356734336],[-94.58367688936853,39.102886717649454],[-94.58368388231496,39.10273354937237],[-94.5837015519607,39.10234893935958],[-94.58367030590578,39.102347909847886],[-94.58365207349284,39.1023508974191],[-94.58359091788145,39.102360963018846],[-94.58330985607374,39.102407200116915],[-94.58320988668659,39.102423631192785],[-94.58320857696667,39.102459211584026],[-94.58320655678604,39.10251431027345],[-94.58320453594753,39.10256947646078],[-94.58320254523319,39.10262466607875],[-94.58320146399093,39.10265351881412],[-94.5832056364146,39.1026800122343],[-94.58321433446734,39.1027355603137],[-94.58322300319506,39.10279113129353],[-94.58323170282422,39.102846748011466],[-94.58323670309765,39.10287861779791],[-94.5832381256441,39.10288966757763],[-94.58323975547401,39.10290218271671],[-94.58323978502668,39.102902341716344],[-94.58325522407675,39.103020968148876],[-94.58327353765792,39.10316169296945],[-94.58328266507118,39.10323202222136],[-94.58328989575023,39.10328761709932],[-94.58329576301074,39.103332504794054],[-94.58329715583349,39.10334323483595],[-94.5833001488454,39.1033662277768],[-94.58330429763001,39.103398143355165],[-94.5833067565878,39.10341711025034],[-94.58331152839713,39.10345378399149],[-94.58331875846848,39.10350944750798],[-94.5836479015774,39.10351708278035],[-94.58367767990747,39.10351815968444],[-94.58405757393837,39.103531889385756],[-94.58405991493355,39.10347546395303],[-94.58406276964597,39.10340714019806],[-94.58406559572124,39.103338816462845],[-94.58406845118418,39.103270515586246],[-94.58407127792924,39.10320214665948]]]},"properties":{"parcel":"122486","address":"920 Main St","owner":"10 Main LLC","current_permit":true,"point":[-94.58346044124639,39.10296084922534]}},{"type":"Feature","geometry":{"type":"Polygon","coordinates":[[[-94.57873070536277,39.09367878780667],[-94.57830775873326,39.09366273522329],[-94.57830353009643,39.093742569447706],[-94.57872644725803,39.0937587587782],[-94.57873070536277,39.09367878780667]]]},"properties":{"parcel":"122775","address":"1617 Oak St","owner":"KC Dojo LLC","current_permit":true,"point":[-94.57851711329822,39.09371067862719]}},{"type":"Feature","geometry":{"type":"Polygon","coordinates":[[[-94.57827318498153,39.09431396641846],[-94.57823947470078,39.09428506896758],[-94.5782416607075,39.09424321810611],[-94.57777519504603,39.09422476800485],[-94.57777125959502,39.09422458758418],[-94.57776751844838,39.09429371271123],[-94.57820274359898,39.094311131287384],[-94.57827318498153,39.09431396641846]]]},"properties":{"parcel":"122777","address":"1600 Locust St","owner":"MVT Properties LLC","current_permit":true,"point":[-94.57800484323839,39.09426414353685]}},{"type":"Feature","geometry":{"type":"Polygon","coordinates":[[[-94.59043578920296,39.100652571435184],[-94.59013969180587,39.100643190841254],[-94.59012192441926,39.10101030171313],[-94.59041905161354,39.10102064254111],[-94.59043578920296,39.100652571435184]]]},"properties":{"parcel":"123009","address":"501 W 11th St","owner":"Hedgepath Del R","current_permit":true,"point":[-94.59027911831937,39.100831436574154]}},{"type":"Feature","geometry":{"type":"Polygon","coordinates":[[[-94.5928114848361,39.09267851801502],[-94.592337512636,39.09266326737018],[-94.59233005649051,39.092799641772906],[-94.59233393238256,39.09279977655998],[-94.59253978185541,39.09280633057385],[-94.59280373577894,39.09281473365947],[-94.59280996431181,39.092705702660666],[-94.5928114848361,39.09267851801502]]]},"properties":{"parcel":"123520","address":"1704 Jefferson St","owner":"MD KC LLC","current_permit":true,"point":[-94.59256995281241,39.09275267221679]}},{"type":"Feature","geometry":{"type":"Polygon","coordinates":[[[-94.58994118107162,39.09000619516923],[-94.5899373046029,39.090006060302926],[-94.5895161415175,39.089990825500074],[-94.58951261693912,39.09005944750767],[-94.58951083995352,39.09009374765405],[-94.5895147156908,39.090093881391084],[-94.58993558634582,39.09010897971176],[-94.589937451324,39.090074771586124],[-94.58994118107162,39.09000619516923]]]},"properties":{"parcel":"123598","address":"1827 Washington St","owner":"Gutierrez Chris & Lois","current_permit":true,"point":[-94.58972685872024,39.090032821338454]}},{"type":"Feature","geometry":{"type":"Polygon","coordinates":[[[-94.58944415075187,39.09038658060844],[-94.58902540843255,39.090373058232416],[-94.58902075606666,39.090372901047346],[-94.58901648390997,39.09045506842409],[-94.58902109370854,39.090455225641826],[-94.58943999729131,39.090468771362055],[-94.58944415075187,39.09038658060844]]]},"properties":{"parcel":"123606","address":"1816 Broadway Blvd","owner":"Gibson Matthew","current_permit":true,"point":[-94.58923034231086,39.090420824516265]}},{"type":"Feature","geometry":{"type":"Polygon","coordinates":[[[-94.58944913831408,39.09029066077785],[-94.5890305001421,39.09027720640992],[-94.58902574352574,39.09027702756792],[-94.5890235931551,39.09031812242251],[-94.58902075606666,39.090372901047346],[-94.58902540843255,39.090373058232416],[-94.58944415075187,39.09038658060844],[-94.589447017607,39.09033180137875],[-94.58944913831408,39.09029066077785]]]},"properties":{"parcel":"123607","address":"1820 Broadway Blvd","owner":"Webber Stephanie N & James C","current_permit":true,"point":[-94.58923388125939,39.09035235121305]}},{"type":"Feature","geometry":{"type":"Polygon","coordinates":[[[-94.59516159315302,39.09153469391566],[-94.595157716591,39.09153455922306],[-94.59468328056336,39.091518402685416],[-94.59467699837491,39.091628441172595],[-94.59515536895888,39.09164473123661],[-94.59516159315302,39.09153469391566]]]},"properties":{"parcel":"123658","address":"1748 Madison Ave","owner":"Argerich Oriol Rosell","current_permit":true,"point":[-94.59491930810198,39.091581567544125]}},{"type":"Feature","geometry":{"type":"Polygon","coordinates":[[[-94.59631624410642,39.09168709186151],[-94.59631236826796,39.09168695720668],[-94.5958594237652,39.09167120012656],[-94.59585548920725,39.09167106607686],[-94.59584958990999,39.091781195259635],[-94.59585346648677,39.09178132992922],[-94.59630981702662,39.091797222074916],[-94.59631618662932,39.09168800713778],[-94.59631624410642,39.09168709186151]]]},"properties":{"parcel":"123680","address":"1742 Belleview Ave","owner":"Aaker Joseph & Lauren Bakian","current_permit":true,"point":[-94.59608277750041,39.09173460119871]}},{"type":"Feature","geometry":{"type":"Polygon","coordinates":[[[-94.59472891810924,39.0873769765336],[-94.59428704160533,39.08736253026838],[-94.59428319463404,39.08736239666662],[-94.59427955904445,39.087431178530274],[-94.59427600902067,39.08749973266049],[-94.59427245831935,39.087567782842115],[-94.59471786135825,39.087583827948514],[-94.5947215257951,39.087514427125825],[-94.59472525056641,39.087445690938566],[-94.59472891810924,39.0873769765336]]]},"properties":{"parcel":"123800","address":"2103 Madison Ave","owner":"Kitt A Halterman Revocable Living Trust Dated 08/28/2024","current_permit":true,"point":[-94.59450059729912,39.08747271179953]}},{"type":"Feature","geometry":{"type":"Polygon","coordinates":[[[-94.58956523081918,39.08804050289486],[-94.5891434659766,39.088027669675505],[-94.58913935547723,39.08802753610552],[-94.58913580109476,39.08809602029136],[-94.58913227600746,39.08816445869242],[-94.58913656196827,39.08816461615329],[-94.58955818235343,39.08817749526942],[-94.58956173703494,39.088108987046795],[-94.58956523081918,39.08804050289486]]]},"properties":{"parcel":"123828","address":"2030 Broadway Blvd","owner":"2030 Broadway Qof LLC","current_permit":true,"point":[-94.58934876747156,39.08810250366908]}},{"type":"Feature","geometry":{"type":"Polygon","coordinates":[[[-94.59303778781842,39.088086543261426],[-94.59259464812938,39.08807298394273],[-94.59259206290602,39.0880728944727],[-94.59259074169877,39.0880728726411],[-94.5925868684618,39.088141380636216],[-94.59258874756114,39.08814144778631],[-94.59259068464482,39.08814151431834],[-94.59303382693386,39.08815505076896],[-94.59303778781842,39.088086543261426]]]},"properties":{"parcel":"123871","address":"2034 Jefferson St","owner":"Brooklyn 718 LLC","current_permit":true,"point":[-94.59281231059504,39.08811396194882]}},{"type":"Feature","geometry":{"type":"Polygon","coordinates":[[[-94.59868224750227,39.09147923272253],[-94.59867541058776,39.09148223531096],[-94.5986684559118,39.09148501033551],[-94.59866132484514,39.09148762419982],[-94.59865419425853,39.091490056161554],[-94.5986468857821,39.09149230465557],[-94.59863954845605,39.09149439358051],[-94.59863209266344,39.09149627553465],[-94.59862457933147,39.09149795275455],[-94.5986169475657,39.09149944645635],[-94.59860931554313,39.09150075596807],[-94.59860159512131,39.091501838462904],[-94.59859384508272,39.091502737364486],[-94.59858609402318,39.09150343033992],[-94.598578285423,39.09150391743702],[-94.59857044644116,39.09150419863279],[-94.59856263662826,39.091504341947],[-94.59855482573182,39.091504234145745],[-94.59854698739075,39.091503921012695],[-94.59853917592206,39.09150340192991],[-94.59851714065967,39.09187280631738],[-94.59871589583375,39.09187989140423],[-94.59886398911019,39.09162405101073],[-94.59868224750227,39.09147923272253]]]},"properties":{"parcel":"123947","address":"1212 W 18th St","owner":"Wilmarth Scott","current_permit":true,"point":[-94.59865827647934,39.09174842866406]}},{"type":"Feature","geometry":{"type":"Polygon","coordinates":[[[-94.59367992759609,39.08541406094729],[-94.59324531158653,39.08539640330271],[-94.59324143756591,39.08539626854409],[-94.59323741706154,39.08546438773709],[-94.59324132123773,39.08546456766122],[-94.59367203433524,39.08548268721459],[-94.59367590836135,39.0854828219589],[-94.59367992759609,39.08541406094729]]]},"properties":{"parcel":"124240","address":"2309 Summit St","owner":"Stallman Jake","current_permit":true,"point":[-94.59345867949251,39.085439224342196]}},{"type":"Feature","geometry":{"type":"Polygon","coordinates":[[[-94.59600507700839,39.08376173620914],[-94.59590056273699,39.08378234624535],[-94.5958920271417,39.08396137225968],[-94.59589185511487,39.083964415540976],[-94.5959938494956,39.08396778604209],[-94.59600507700839,39.08376173620914]]]},"properties":{"parcel":"124288","address":"923 W 24th St","owner":"Boulevard Ventures LLC","current_permit":true,"point":[-94.59594768570966,39.08387185925251]}},{"type":"Feature","geometry":{"type":"Polygon","coordinates":[[[-94.5752187149035,39.09026107910156],[-94.57499856212891,39.090254013483225],[-94.57499571353988,39.09033659129139],[-94.57499337862893,39.090405189787305],[-94.57499108697066,39.09047374134908],[-94.57499497809277,39.0904738532501],[-94.57520996288106,39.090480464593725],[-94.57521267932061,39.09041191275379],[-94.57521545440237,39.09034329166098],[-94.5752187149035,39.09026107910156]]]},"properties":{"parcel":"124656","address":"704 E 19th St","owner":"Trident 704 LLC","current_permit":true,"point":[-94.57510431742753,39.090374240724145]}},{"type":"Feature","geometry":{"type":"Polygon","coordinates":[[[-94.58518334839012,39.091648737284686],[-94.58490261651376,39.091639354443714],[-94.58489873996628,39.09163922055405],[-94.584895123895,39.0917081845378],[-94.58489038836574,39.09179913999674],[-94.5851749078801,39.09180865681218],[-94.58517970247371,39.09171767899012],[-94.58518334839012,39.091648737284686]]]},"properties":{"parcel":"124874","address":"1800 Baltimore Ave","owner":"Fruition Holdings LLC","current_permit":true,"point":[-94.58503503245888,39.09175840949343]}},{"type":"Feature","geometry":{"type":"Polygon","coordinates":[[[-94.57599308298971,39.07996163177885],[-94.57555096252611,39.07994471215405],[-94.57554705654582,39.07994457797204],[-94.575544350629,39.07999411658941],[-94.57554170271192,39.08004367862148],[-94.57554560722984,39.0800438128046],[-94.57598420686357,39.08006057400606],[-94.57598808202705,39.080060708193486],[-94.57599058358673,39.08001114739094],[-94.57599308298971,39.07996163177885]]]},"properties":{"parcel":"125332","address":"2543 Holmes St","owner":"Schwalenberg Auguste C","current_permit":true,"point":[-94.57576745455083,39.080002631990176]}},{"type":"Feature","geometry":{"type":"Polygon","coordinates":[[[-94.57664402698111,39.08006911145514],[-94.57618596428792,39.08005264059439],[-94.57618432728444,39.08008707664816],[-94.57618093800161,39.080155904212766],[-94.57663938233405,39.08017244462823],[-94.57664247826918,39.080103548029136],[-94.57664402698111,39.08006911145514]]]},"properties":{"parcel":"125339","address":"2538 Holmes St","owner":"Stephens Susan & Simms Paul","current_permit":true,"point":[-94.57641176451173,39.08012972612095]}},{"type":"Feature","geometry":{"type":"Polygon","coordinates":[[[-94.5755160217398,39.07980049556221],[-94.57551179353455,39.079800314682124],[-94.57506726377292,39.079782434934415],[-94.57506714708252,39.07978243500952],[-94.57506228184114,39.07987297734573],[-94.57506236917554,39.0798729772895],[-94.5755057839473,39.079890834896624],[-94.57551118498306,39.079891060206954],[-94.5755160217398,39.07980049556221]]]},"properties":{"parcel":"125423","address":"2546 Charlotte St","owner":"Macintosh Heather E","current_permit":true,"point":[-94.57528915773112,39.079836736425854]}},{"type":"Feature","geometry":{"type":"Polygon","coordinates":[[[-94.57555972263087,39.07899332460412],[-94.5755595457625,39.078993324718745],[-94.57555572936906,39.0789931899069],[-94.57511088461602,39.07897732288932],[-94.57510529949612,39.07908029053489],[-94.57555410914557,39.07909729847099],[-94.57555972263087,39.07899332460412]]]},"properties":{"parcel":"125471","address":"2600 Charlotte St","owner":"Wolf Ryan J & Kena M","current_permit":true,"point":[-94.57533251654178,39.07903680762682]}},{"type":"Feature","geometry":{"type":"Polygon","coordinates":[[[-94.57483805009149,39.08005838648195],[-94.57483799137908,39.080058386519646],[-94.57427720636638,39.08003671146384],[-94.57427318366736,39.08003655328873],[-94.57427214684228,39.08005492720628],[-94.57426684330393,39.080149108398714],[-94.57427124692914,39.08014928806815],[-94.57483175463268,39.0801709175683],[-94.57483704201073,39.080076737505195],[-94.57483704181796,39.080076555031184],[-94.57483805009149,39.08005838648195]]]},"properties":{"parcel":"125485","address":"2537 Charlotte St","owner":"Strive Capital Ventures LLC","current_permit":true,"point":[-94.57455194574962,39.080112922951955]}},{"type":"Feature","geometry":{"type":"Polygon","coordinates":[[[-94.56994145188304,39.06749632395922],[-94.56936890982817,39.06747525005306],[-94.56936132653603,39.06761423150971],[-94.56993413311511,39.06763528298482],[-94.56993963515116,39.06753062396747],[-94.56994145188304,39.06749632395922]]]},"properties":{"parcel":"125635","address":"3222 Tracy Ave","owner":"Bryce Kevin Taylor& Shannon Stacey Renee","current_permit":true,"point":[-94.56965052248583,39.06757242773859]}},{"type":"Feature","geometry":{"type":"Polygon","coordinates":[[[-94.55826546093131,39.065586678363644],[-94.55826161520858,39.065586543572],[-94.55780491256934,39.065571143229825],[-94.55780100961496,39.06557100787932],[-94.5577962986542,39.06566068017482],[-94.55826104261178,39.06567637455621],[-94.55826159310058,39.065666764334],[-94.55826546093131,39.065586678363644]]]},"properties":{"parcel":"126331","address":"3320 Brooklyn Ave","owner":"Thompson And Sons Enterprise LLC","current_permit":true,"point":[-94.55803095822199,39.06562367926924]}},{"type":"Feature","geometry":{"type":"Polygon","coordinates":[[[-94.56224356826847,39.06519622097677],[-94.56223969394324,39.06519608633153],[-94.56177351339059,39.06518040970848],[-94.5617696390661,39.065180273903614],[-94.56176493347049,39.06527031188248],[-94.56176348991379,39.06529779309333],[-94.56175788926659,39.06540567916155],[-94.56175263712448,39.06550681462699],[-94.56175073119559,39.06554344841215],[-94.56174738244835,39.06560758514258],[-94.56174715238758,39.06561218488257],[-94.56175102526713,39.06561231954488],[-94.56221788521911,39.06562804222712],[-94.56222175810139,39.065628178017846],[-94.56222521980295,39.0655594644765],[-94.5622321729296,39.06542164954513],[-94.5622375389892,39.06531566268851],[-94.56223903933515,39.06528621426245],[-94.56224154890876,39.06523624119489],[-94.56224356826847,39.06519622097677]]]},"properties":{"parcel":"126351","address":"3331 Woodland Ave","owner":"Golutions Co LLC","current_permit":true,"point":[-94.56199774300353,39.06536067092503]}},{"type":"Feature","geometry":{"type":"Polygon","coordinates":[[[-94.56002225946447,39.06331518581647],[-94.56002193735634,39.06331518598225],[-94.55988311134801,39.063310521014834],[-94.55981261241794,39.06330817701367],[-94.55974211347366,39.06330581066107],[-94.55963677602341,39.06330234149705],[-94.55960152728105,39.063301147404154],[-94.55955051534544,39.06329943394739],[-94.5595504012383,39.0633024765848],[-94.55954606939359,39.06338645260776],[-94.55954338446585,39.0634386217114],[-94.56001489322836,39.06345435084897],[-94.56001515810595,39.06345435071267],[-94.56002225946447,39.06331518581647]]]},"properties":{"parcel":"126416","address":"3435 Euclid Ave","owner":"Gebre Haimonot & Wassie Almaz","current_permit":true,"point":[-94.5597841743296,39.063350819295]}},{"type":"Feature","geometry":{"type":"Polygon","coordinates":[[[-94.5721629489355,39.07730422066231],[-94.57167956974278,39.07728578000235],[-94.57167569471471,39.07728562164673],[-94.57167304634825,39.0773380431406],[-94.57167212718021,39.077356554256134],[-94.57167093233747,39.07738112951957],[-94.57167482278042,39.077381286149844],[-94.57215817319978,39.07739965934844],[-94.57215857579385,39.07739215477576],[-94.57215946917329,39.077375108042375],[-94.5721629489355,39.07730422066231]]]},"properties":{"parcel":"126733","address":"2709 Harrison St","owner":"H.L. Buell Holdings LLC","current_permit":true,"point":[-94.57191671052962,39.07734729869837]}},{"type":"Feature","geometry":{"type":"Polygon","coordinates":[[[-94.57222933838504,39.07596750771583],[-94.57222927894219,39.07596750775264],[-94.57174235674994,39.07594886189709],[-94.57173602608846,39.076074619156486],[-94.57173588237379,39.07607763950842],[-94.57222289325597,39.076096033074734],[-94.57222300994029,39.07609603300247],[-94.57222933838504,39.07596750771583]]]},"properties":{"parcel":"126749","address":"2801 Harrison St","owner":"Veldhuizen Nicholas","current_permit":true,"point":[-94.57198271172946,39.07602106345456]}},{"type":"Feature","geometry":{"type":"Polygon","coordinates":[[[-94.5773344052061,39.07612483416078],[-94.57689286753948,39.076109910418175],[-94.57688896323464,39.07610977513583],[-94.57688557346506,39.0761780301764],[-94.57688944915296,39.076178165477735],[-94.57733069367283,39.07619306597455],[-94.5773344052061,39.07612483416078]]]},"properties":{"parcel":"126891","address":"2747 Cherry St","owner":"Schwalenberg Auguste","current_permit":true,"point":[-94.57710992639608,39.07615143216859]}},{"type":"Feature","geometry":{"type":"Polygon","coordinates":[[[-94.5773637803151,39.07557842039274],[-94.57707101882906,39.075568730893394],[-94.57707073026366,39.0755733072413],[-94.5770673649967,39.07563691804973],[-94.57706376998996,39.07570521899819],[-94.57735259776865,39.07571486650717],[-94.57735647343144,39.07571500122099],[-94.57736009819408,39.075646653910404],[-94.5773637803151,39.07557842039274]]]},"properties":{"parcel":"126896","address":"600 E 28th St","owner":"Properties Plus","current_permit":true,"point":[-94.57721373482946,39.07564178598007]}},{"type":"Feature","geometry":{"type":"Polygon","coordinates":[[[-94.57618809749768,39.07608621032239],[-94.57576367385424,39.07607182083228],[-94.57575979890814,39.076071685493034],[-94.57575257748424,39.076208082536475],[-94.57617688371639,39.076222404072716],[-94.57618072858305,39.076222539417735],[-94.57618809749768,39.07608621032239]]]},"properties":{"parcel":"126914","address":"2745 Holmes St","owner":"2745 Holmes LLC","current_permit":true,"point":[-94.57597030372442,39.076147146429435]}},{"type":"Feature","geometry":{"type":"Polygon","coordinates":[[[-94.57997875537026,39.105519030632045],[-94.57965238116374,39.1055078915255],[-94.57963626865835,39.10559493944792],[-94.57961545665536,39.10570741328523],[-94.57959470255778,39.10581986190844],[-94.57957389100173,39.1059321973057],[-94.57957779619578,39.10593230904358],[-94.57962096676985,39.10593335553266],[-94.57966713284713,39.10593446802888],[-94.57975614725285,39.10593667235546],[-94.57989297086534,39.105940021644535],[-94.57997875537026,39.105519030632045]]]},"properties":{"parcel":"12696","address":"220 Admiral Blvd","owner":"220 Admiral LLC","current_permit":true,"point":[-94.57976699595001,39.10576363759684]}},{"type":"Feature","geometry":{"type":"Polygon","coordinates":[[[-94.57814763650565,39.07377429720945],[-94.57772190619214,39.07376062444435],[-94.57771803063497,39.073760489170496],[-94.57771467087663,39.07382851657854],[-94.57771136984432,39.07389656682738],[-94.57770809739927,39.07396459303141],[-94.57770476763369,39.07403255120242],[-94.57770864247188,39.074032686477196],[-94.57813375713012,39.074046245298064],[-94.57813726409911,39.07397830930514],[-94.57814071157058,39.07391032816166],[-94.57814415901028,39.07384232413645],[-94.57814763650565,39.07377429720945]]]},"properties":{"parcel":"126996","address":"2908 Cherry St 1N","owner":"Stubbers Steve & Fair Diane","current_permit":true,"point":[-94.57792604961443,39.073903447494516]}},{"type":"Feature","geometry":{"type":"Polygon","coordinates":[[[-94.57988828261789,39.072271566116974],[-94.57944271432227,39.072253610481646],[-94.57943881020151,39.07225345411965],[-94.57943837839706,39.072261027386126],[-94.57943659604038,39.072294503208546],[-94.57943406517546,39.07234106678524],[-94.57943796930299,39.07234122486345],[-94.57988356820812,39.072359156470604],[-94.57988609880341,39.07231261519339],[-94.57988828261789,39.072271566116974]]]},"properties":{"parcel":"127026","address":"3009 Oak St","owner":"J&M 05 LLC","current_permit":true,"point":[-94.57966134220202,39.07230355920097]}},{"type":"Feature","geometry":{"type":"Polygon","coordinates":[[[-94.57582537073742,39.07362534333406],[-94.57537151880015,39.07360884305077],[-94.57536764325624,39.0736087082708],[-94.57536110229282,39.07375059572653],[-94.57535470327484,39.07388866256634],[-94.57581187525936,39.0739056875856],[-94.57581208073485,39.073905687452005],[-94.57581862499501,39.07376771201655],[-94.57582537073742,39.07362534333406]]]},"properties":{"parcel":"127115","address":"2912 Charlotte St","owner":"2912 Charlotte LLC","current_permit":true,"point":[-94.57558986807257,39.073759153871535]}},{"type":"Feature","geometry":{"type":"Polygon","coordinates":[[[-94.58164202767713,39.07254466883695],[-94.58163815291303,39.0725445336928],[-94.58147620489558,39.07253844682938],[-94.58131962875218,39.07253256135036],[-94.58116225934168,39.07252665333238],[-94.58114165406757,39.072525889152246],[-94.58113777857291,39.07252575513596],[-94.58113168115895,39.072635312063056],[-94.58115622064618,39.07263618791108],[-94.58131338485461,39.072642119532894],[-94.58135409943121,39.072643669339534],[-94.58142815983082,39.07264643141576],[-94.58146955102853,39.07264800416247],[-94.58163604921525,39.07265424973135],[-94.58164202767713,39.07254466883695]]]},"properties":{"parcel":"127349","address":"3001 McGee St","owner":"Quintanilla Casey & Ricardo","current_permit":true,"point":[-94.58138687929261,39.07258999045]}},{"type":"Feature","geometry":{"type":"Polygon","coordinates":[[[-94.58165246039154,39.07235161681502],[-94.58148792961804,39.07234541622783],[-94.58133058983125,39.072339394012005],[-94.58117284143474,39.07233346281946],[-94.58115226334263,39.07233267631345],[-94.58114835923938,39.07233254231743],[-94.5811471233163,39.07235546973714],[-94.58114304039866,39.072429880933],[-94.58116752262823,39.0724308020081],[-94.58132506720995,39.07243670932495],[-94.58148202402512,39.0724426185557],[-94.58164332600462,39.07244866010193],[-94.5816472007635,39.072448795245926],[-94.58165246039154,39.07235161681502]]]},"properties":{"parcel":"127351","address":"3005 McGee St","owner":"Mitchell Robbyn & Ke'lan","current_permit":true,"point":[-94.58139766001096,39.07239267533507]}},{"type":"Feature","geometry":{"type":"Polygon","coordinates":[[[-94.58259307058746,39.072673504452126],[-94.58259321540618,39.0726718340514],[-94.58259581686082,39.07263723644426],[-94.58258340056335,39.07263667321778],[-94.58259155207324,39.07252850991748],[-94.58259163855826,39.072527159317175],[-94.5825215409681,39.07252508159954],[-94.58252142428759,39.07252634012596],[-94.58251082002212,39.07266962717984],[-94.58251070326126,39.072670817063894],[-94.58259307058746,39.072673504452126]]]},"properties":{"parcel":"127397","address":"207 E 30th St","owner":"Murphy Abby","current_permit":true,"point":[-94.5825523687987,39.07258259156763]}},{"type":"Feature","geometry":{"type":"Polygon","coordinates":[[[-94.58182463422641,39.070207496325324],[-94.58136044090298,39.070190476305356],[-94.58135751641817,39.070250952889054],[-94.58135628277816,39.07027577942448],[-94.58136015741702,39.07027591400621],[-94.58182088832184,39.07029279802731],[-94.5818219750387,39.07026797159016],[-94.58182463422641,39.070207496325324]]]},"properties":{"parcel":"127543","address":"3114 McGee St","owner":"Martinez Michael A/K/A Michael I And Mallory A/K/A Mallory L","current_permit":true,"point":[-94.5815911229704,39.07022922460719]}},{"type":"Feature","geometry":{"type":"Polygon","coordinates":[[[-94.58123192201823,39.06922968691849],[-94.58075464182305,39.069211713746895],[-94.58074905170274,39.06932884448537],[-94.58075292702186,39.06932897851479],[-94.58122612646324,39.06934679494146],[-94.58123192201823,39.06922968691849]]]},"properties":{"parcel":"127568","address":"3137 McGee St","owner":"Wineinger Kristen Elizabeth & Landon Ross","current_permit":true,"point":[-94.58099044314464,39.06927926570193]}},{"type":"Feature","geometry":{"type":"Polygon","coordinates":[[[-94.58309768963468,39.069201990803364],[-94.58296504521445,39.06919728027449],[-94.58295799904904,39.06919703417016],[-94.582929822557,39.06919801406035],[-94.58281690181934,39.06919397575975],[-94.58280196843279,39.06950047538169],[-94.58280182480165,39.06950315253832],[-94.58280182522942,39.06950351863097],[-94.582942750106,39.06950863473856],[-94.58308247000468,39.069513661155106],[-94.58308246962845,39.06951334025203],[-94.58309768963468,39.069201990803364]]]},"properties":{"parcel":"127646","address":"34 E 32nd St","owner":"SWW Properties LLC","current_permit":true,"point":[-94.58294981697243,39.069351233092526]}},{"type":"Feature","geometry":{"type":"Polygon","coordinates":[[[-94.58918439353081,39.06575855391424],[-94.58903845673916,39.06575283081553],[-94.58901571796927,39.06613228085045],[-94.58916303495157,39.066137956588065],[-94.58918439353081,39.06575855391424]]]},"properties":{"parcel":"127877","address":"300 W 34th St","owner":"Capri Suites LLC","current_permit":true,"point":[-94.58910039493699,39.065945417382345]}},{"type":"Feature","geometry":{"type":"Polygon","coordinates":[[[-94.57610942744446,39.0682158158262],[-94.57610746081099,39.06821572615843],[-94.57610552428527,39.06821565763572],[-94.57561677383518,39.06819648225706],[-94.57561165537844,39.06829521571987],[-94.57561552992343,39.068295373945425],[-94.57610037571503,39.068314415163925],[-94.57610325226743,39.06831452769086],[-94.57610427961285,39.068314572782086],[-94.57610942744446,39.0682158158262]]]},"properties":{"parcel":"128034","address":"3212 Charlotte St","owner":"Pepper Moon Property LLC","current_permit":true,"point":[-94.57586053575196,39.06825551577303]}},{"type":"Feature","geometry":{"type":"Polygon","coordinates":[[[-94.57396742900342,39.067064321216336],[-94.57384379826055,39.06705945730719],[-94.57384190029424,39.06709636527104],[-94.5738410086261,39.067113136904325],[-94.57383571487175,39.06721635620394],[-94.57383398874079,39.06724987769669],[-94.57382978880104,39.06733245723073],[-94.57382961708811,39.06733596954508],[-94.57383355026609,39.06733611578034],[-94.5739529848288,39.06734077700564],[-94.57395298475596,39.067340707219195],[-94.57395928709052,39.06722112863528],[-94.57396555967063,39.06710118340234],[-94.57396742900342,39.067064321216336]]]},"properties":{"parcel":"128103","address":"908 E 33rd St","owner":"Palisade Properties LLC","current_permit":true,"point":[-94.57390029868057,39.067164746554134]}},{"type":"Feature","geometry":{"type":"Polygon","coordinates":[[[-94.57774444476799,39.067308909233134],[-94.57737073376413,39.06729515413359],[-94.577366859295,39.06729501884707],[-94.57736453063774,39.067339021349575],[-94.5773611528762,39.06740471384701],[-94.5777390185242,39.067418625801096],[-94.57774444476799,39.067308909233134]]]},"properties":{"parcel":"128234","address":"3237 Gillham Rd","owner":"Schwartz John M","current_permit":true,"point":[-94.57755208639898,39.0673718675983]}},{"type":"Feature","geometry":{"type":"Polygon","coordinates":[[[-94.57361445283799,39.06612736956062],[-94.57305577402926,39.066106166566215],[-94.57305189963371,39.066106031708266],[-94.57304833159316,39.066174607771025],[-94.5730411052389,39.06631175995032],[-94.57303543561054,39.06642156856842],[-94.57359746215167,39.066442791854456],[-94.5736033666625,39.06633318898887],[-94.5736070808548,39.06626454417647],[-94.5736107665659,39.06619603666606],[-94.57361309830051,39.06615208170486],[-94.57361445283799,39.06612736956062]]]},"properties":{"parcel":"128438","address":"3316 Harrison St","owner":"Fitzgerald Kyle & Abigail Talbott","current_permit":true,"point":[-94.57332407629923,39.06628815206339]}},{"type":"Feature","geometry":{"type":"Polygon","coordinates":[[[-94.5736206720782,39.06601211378203],[-94.57306173075848,39.06599091269724],[-94.57305785636864,39.065990777267444],[-94.57305543824631,39.066037387020565],[-94.57305189963371,39.066106031708266],[-94.57305577402926,39.066106166566215],[-94.57361445283799,39.06612736956062],[-94.57361813780071,39.066058861476826],[-94.57361931827995,39.06603682707039],[-94.5736206720782,39.06601211378203]]]},"properties":{"parcel":"128439","address":"3320 Harrison St","owner":"Citrine Real Estate LLC","current_permit":true,"point":[-94.57333499231325,39.066082446592546]}},{"type":"Feature","geometry":{"type":"Polygon","coordinates":[[[-94.57616417695323,39.06688555742138],[-94.57568990405295,39.06686358085353],[-94.5756860288291,39.06686340089404],[-94.57568009081676,39.0669647662086],[-94.57615888362456,39.066986008821935],[-94.57616417695323,39.06688555742138]]]},"properties":{"parcel":"128480","address":"3300 Charlotte St","owner":"Green Kimarie","current_permit":true,"point":[-94.57592225041891,39.06692516181499]}},{"type":"Feature","geometry":{"type":"Polygon","coordinates":[[[-94.57574350236506,39.06409466811864],[-94.57526335241246,39.06407521050745],[-94.57525947809957,39.06407505284185],[-94.57525178680787,39.064212365672034],[-94.57525566186139,39.06421252276536],[-94.57573607767269,39.064232027140505],[-94.57574350236506,39.06409466811864]]]},"properties":{"parcel":"128505","address":"3434 Charlotte St","owner":"Weidemann Kristen & Keeton Aaron","current_permit":true,"point":[-94.57549770225035,39.06415351689534]}},{"type":"Feature","geometry":{"type":"Polygon","coordinates":[[[-94.57508497795847,39.06400304493903],[-94.57460324319347,39.06398358448578],[-94.57459936812978,39.063983404489925],[-94.57459565425675,39.06405202647946],[-94.5750812925094,39.06407173556785],[-94.57508497795847,39.06400304493903]]]},"properties":{"parcel":"128529","address":"3439 Charlotte St","owner":"Keffer Jacob & Alycia","current_permit":true,"point":[-94.57484032183694,39.06402753570924]}},{"type":"Feature","geometry":{"type":"Polygon","coordinates":[[[-94.57273980047201,39.06480417049696],[-94.57227678985805,39.06478693222317],[-94.57227291480176,39.06478679676768],[-94.57226671856648,39.064898596335965],[-94.57226654483604,39.064901639593785],[-94.57273106935308,39.06498983098358],[-94.57273980047201,39.06480417049696]]]},"properties":{"parcel":"128554","address":"3401 Harrison St","owner":"RCK Trust Dated 09/17/2017","current_permit":true,"point":[-94.57250345770424,39.06485138341647]}},{"type":"Feature","geometry":{"type":"Polygon","coordinates":[[[-94.5972398048103,39.075035543962535],[-94.59715713831726,39.07503222708137],[-94.59715110710677,39.07512933701481],[-94.5971468566682,39.07519734224863],[-94.59723275198675,39.07520095503899],[-94.597235653458,39.07513290516535],[-94.5972398048103,39.075035543962535]]]},"properties":{"parcel":"128627","address":"1008 W 29th St","owner":"Dittami Amanda","current_permit":true,"point":[-94.59719591245796,39.07508244048867]}},{"type":"Feature","geometry":{"type":"Polygon","coordinates":[[[-94.59644068431564,39.07785086442414],[-94.59598242640223,39.077834744904],[-94.59597817472591,39.07790332208456],[-94.59643634575004,39.077919441692856],[-94.59644068431564,39.07785086442414]]]},"properties":{"parcel":"128660","address":"2721 Belleview Ave","owner":"Isham Collin","current_permit":true,"point":[-94.5962094129055,39.07787709325435]}},{"type":"Feature","geometry":{"type":"Polygon","coordinates":[[[-94.60588206947968,39.065409202212635],[-94.60569119399194,39.06540193908679],[-94.60581953532946,39.065711926477285],[-94.60586591137763,39.06571369254446],[-94.60588206947968,39.065409202212635]]]},"properties":{"parcel":"129159","address":"1712 W 34th Ter","owner":"Vauphan Rebecca","current_permit":true,"point":[-94.60581545274617,39.06556056434496]}},{"type":"Feature","geometry":{"type":"Polygon","coordinates":[[[-94.60726960907411,39.068151412159004],[-94.60726932719305,39.06808201549004],[-94.60726904604562,39.068012618247536],[-94.60726870703516,39.06794329027189],[-94.60726842522384,39.067873938217964],[-94.6072646967592,39.067873849552136],[-94.60683999994377,39.06786344080748],[-94.60684001654266,39.06793286003214],[-94.60684006242563,39.06800223461155],[-94.6068400790965,39.06807170131215],[-94.60684015380436,39.06814121314836],[-94.6068440290723,39.06814132400207],[-94.60726643757079,39.068151347005774],[-94.60726960907411,39.068151412159004]]]},"properties":{"parcel":"129194","address":"3240 Bell St","owner":"Schwalenberg Auguste","current_permit":true,"point":[-94.60705454216473,39.068007426429546]}},{"type":"Feature","geometry":{"type":"Polygon","coordinates":[[[-94.59535722424566,39.066999165103866],[-94.59535314430421,39.066999030582934],[-94.5949365194434,39.06698433778868],[-94.59493073763865,39.0670941246563],[-94.59535112090407,39.06710890592103],[-94.59535722424566,39.066999165103866]]]},"properties":{"parcel":"129395","address":"3316 Summit St","owner":"No Coast Investing LLC","current_permit":true,"point":[-94.59514391086046,39.06704664488008]}},{"type":"Feature","geometry":{"type":"Polygon","coordinates":[[[-94.59392114264357,39.06037195867697],[-94.59391459699839,39.06037173513968],[-94.59349334482464,39.06035576012727],[-94.59348879599128,39.06042371987914],[-94.59347972979727,39.06055904445286],[-94.59347521304014,39.060626866891084],[-94.59347908570555,39.06062700050013],[-94.59390016487461,39.06064242770573],[-94.59390403974275,39.060642561298906],[-94.59390832210003,39.060574784794845],[-94.59391685982071,39.06043991937499],[-94.59392114264357,39.06037195867697]]]},"properties":{"parcel":"129674","address":"3669 Jefferson St","owner":"Greene Alison M","current_permit":true,"point":[-94.59369840471479,39.06049948191392]}},{"type":"Feature","geometry":{"type":"Polygon","coordinates":[[[-94.5932834455516,39.06349932111921],[-94.59283244347769,39.06348402992816],[-94.59282709889855,39.06359379352995],[-94.59327681097075,39.06360903943916],[-94.5932781030869,39.06358730161626],[-94.5932834455516,39.06349932111921]]]},"properties":{"parcel":"129722","address":"3530 Pennsylvania Ave","owner":"Terekhov Maxim A","current_permit":true,"point":[-94.59305516564069,39.06354331136774]}},{"type":"Feature","geometry":{"type":"Polygon","coordinates":[[[-94.59180411037516,39.05809750388555],[-94.59133679485994,39.05808082456204],[-94.59132864047903,39.058221274193514],[-94.59179560704878,39.05823859391539],[-94.59180411037516,39.05809750388555]]]},"properties":{"parcel":"129919","address":"3787 Washington St","owner":"CK International LLC","current_permit":true,"point":[-94.59156630705375,39.05815938903953]}},{"type":"Feature","geometry":{"type":"Polygon","coordinates":[[[-94.59404526235438,39.0584745564885],[-94.5935816982658,39.058456350120395],[-94.59357991489011,39.058483739930125],[-94.59357289873273,39.058593276192525],[-94.59403220725956,39.05861121145577],[-94.59403608204804,39.05861136849758],[-94.5940434498109,39.058501946900726],[-94.59404526235438,39.0584745564885]]]},"properties":{"parcel":"129982","address":"3727 Jefferson St","owner":"Desoto Inn Motel LLC","current_permit":true,"point":[-94.59380809937191,39.05854761154663]}},{"type":"Feature","geometry":{"type":"Polygon","coordinates":[[[-94.60038640225395,39.064331273579796],[-94.6003964733982,39.06433423941786],[-94.60040656247843,39.0643369169412],[-94.60041801370649,39.064340339205756],[-94.60042858395963,39.06434341901541],[-94.6004400351898,39.06434684127781],[-94.60045060593127,39.064350264297474],[-94.60046117667375,39.06435368731615],[-94.600472228751,39.06435762702588],[-94.60048280030654,39.06436162206258],[-94.60049289109321,39.06436601563898],[-94.60050346281338,39.0643701250778],[-94.60051403550821,39.064374920939606],[-94.60052372771428,39.0643797175594],[-94.60053341992163,39.064384514178414],[-94.60054311261635,39.064389653436535],[-94.60055280580019,39.06439513647787],[-94.60056161849505,39.06440062027761],[-94.60057131216882,39.06440644652938],[-94.60058012535356,39.06441227353969],[-94.60058893853976,39.06441810054934],[-94.60059775270162,39.064424613982276],[-94.60060656637798,39.06443078420255],[-94.60061450005213,39.06443729839377],[-94.60062243372776,39.06444381258442],[-94.60063036789211,39.06445066998651],[-94.60063830254532,39.064457870600044],[-94.60064535622153,39.0644647287609],[-94.6006524103865,39.06447193013331],[-94.60065946504032,39.06447947471725],[-94.60066651969564,39.06448701930075],[-94.60067269386084,39.064494564643894],[-94.60058258787711,39.06431512400087],[-94.60056964703853,39.0642857676194],[-94.60055913553892,39.06425583082875],[-94.60055349225686,39.06423560561104],[-94.6005489552261,39.06421521584127],[-94.60054553329111,39.06419469011302],[-94.60054323238336,39.064174072466855],[-94.6005420518152,39.06415339608062],[-94.60054199971606,39.06413270270487],[-94.60054307759778,39.06411202437142],[-94.60054527597194,39.06409139712579],[-94.6005945611897,39.06350764236408],[-94.5999061149483,39.06347897243458],[-94.59968069806975,39.063469555372215],[-94.59963224703179,39.06429974928629],[-94.59963256109145,39.06429976217447],[-94.59963255824654,39.06429982624323],[-94.60038640225395,39.064331273579796]]]},"properties":{"parcel":"130108","address":"3612 Karnes Blvd","owner":"3612 Karnes LLC","current_permit":true,"point":[-94.60011567978182,39.06379951974493]}},{"type":"Feature","geometry":{"type":"Polygon","coordinates":[[[-94.60715899488531,39.06344177213297],[-94.60715465108919,39.063441708053716],[-94.60667266834602,39.063436245509145],[-94.60667070311207,39.06357305178567],[-94.60715274506076,39.06357871963884],[-94.60715688268621,39.06357878390761],[-94.60715899488531,39.06344177213297]]]},"properties":{"parcel":"130142","address":"3529 State Line Rd","owner":"Torres Danielle","current_permit":true,"point":[-94.60691481450166,39.06350741195932]}},{"type":"Feature","geometry":{"type":"Polygon","coordinates":[[[-94.60550970505756,39.06176256431512],[-94.60502606575601,39.06176032379901],[-94.60502342461302,39.061899143638925],[-94.60550700737575,39.06190170512034],[-94.60550970505756,39.06176256431512]]]},"properties":{"parcel":"130198","address":"3608 Genessee St","owner":"Mejia Isaiah A. And Madsen Bridger J","current_permit":true,"point":[-94.60526655245934,39.06183085397702]}},{"type":"Feature","geometry":{"type":"Polygon","coordinates":[[[-94.60717792139255,39.06177044775761],[-94.60717167077182,39.0617703837152],[-94.60669032046657,39.06176807935483],[-94.60668718430034,39.06190781548898],[-94.60716918157053,39.061910348075635],[-94.60717467053621,39.06191036648443],[-94.60717792139255,39.06177044775761]]]},"properties":{"parcel":"130203","address":"3609 State Line Rd","owner":"Roe Kevin M","current_permit":true,"point":[-94.60693252570249,39.061839131623294]}},{"type":"Feature","geometry":{"type":"Polygon","coordinates":[[[-94.60600587326596,39.05905393795835],[-94.6060052144686,39.05904563280968],[-94.60600326441755,39.05903735171547],[-94.60600008358344,39.05902930054833],[-94.60599564065761,39.05902163950254],[-94.60599002382042,39.05901446059322],[-94.60598338214467,39.05900785349208],[-94.60597571433581,39.05900193374841],[-94.60596719581585,39.058996748680336],[-94.605957914827,39.05899243206048],[-94.60594804902713,39.05898905465791],[-94.60593774438517,39.05898659345903],[-94.6059270890773,39.05898513819099],[-94.60592019201994,39.05898486988489],[-94.60591631791844,39.05898471266531],[-94.6059124433234,39.05898471618398],[-94.60551780756997,39.05898404425757],[-94.60551721686826,39.05911954516851],[-94.60551693687253,39.05918775379787],[-94.60600119921654,39.05918660592811],[-94.60600513178395,39.059186602353776],[-94.60600549931908,39.05911837133509],[-94.60600587326596,39.05905393795835]]]},"properties":{"parcel":"130243","address":"3739 Bell St","owner":"Jawadi Maroua","current_permit":true,"point":[-94.60576152436158,39.05908615464672]}},{"type":"Feature","geometry":{"type":"Polygon","coordinates":[[[-94.60077802278518,39.05773063604413],[-94.60029301067866,39.05771293364038],[-94.60028472304184,39.05785033971642],[-94.60077355199302,39.057868085189604],[-94.60077802278518,39.05773063604413]]]},"properties":{"parcel":"130346","address":"3806 Roanoke Rd","owner":"3806 Roanoke Road LLC","current_permit":true,"point":[-94.60053220449612,39.05779048788027]}},{"type":"Feature","geometry":{"type":"Polygon","coordinates":[[[-94.6037416373156,39.056274898443064],[-94.60329998381701,39.056261012228326],[-94.60329605121068,39.05626087785422],[-94.60329246109328,39.05631453779062],[-94.60328900055961,39.05636700609095],[-94.60329294857698,39.056367139307596],[-94.60373399004109,39.05638297096572],[-94.6037416373156,39.056274898443064]]]},"properties":{"parcel":"130509","address":"3923 Wyoming St","owner":"Faltico Patrick M","current_permit":true,"point":[-94.60351385344754,39.05634077194078]}},{"type":"Feature","geometry":{"type":"Polygon","coordinates":[[[-94.6037635187942,39.05596616985736],[-94.60332065948737,39.05594967694606],[-94.60331672689829,39.05594954257262],[-94.603315751168,39.055964164878276],[-94.60331061019066,39.05604153018999],[-94.60375699074758,39.0560579279109],[-94.6037635187942,39.05596616985736]]]},"properties":{"parcel":"130512","address":"3937 Wyoming St","owner":"Napolitan Philip & Maria","current_permit":true,"point":[-94.60353697606745,39.05600385002367]}},{"type":"Feature","geometry":{"type":"Polygon","coordinates":[[[-94.60606400817133,39.05652225611666],[-94.60556755751554,39.05650527132436],[-94.60556652259368,39.05651925189278],[-94.60555622441183,39.056658857892906],[-94.6060538492994,39.056675863973574],[-94.60606306128454,39.056536168538805],[-94.60606400817133,39.05652225611666]]]},"properties":{"parcel":"130686","address":"3917 Bell St","owner":"Karat Investment Group LLC","current_permit":true,"point":[-94.60580988278835,39.056597513215856]}},{"type":"Feature","geometry":{"type":"Polygon","coordinates":[[[-94.60623192561847,39.05330857699714],[-94.60622805332973,39.053308443810884],[-94.60576713375985,39.05329264016711],[-94.60576223420789,39.05343059337198],[-94.60622984441278,39.05344673415364],[-94.60623192561847,39.05330857699714]]]},"properties":{"parcel":"130795","address":"4127 Bell St","owner":"Ritter Micah T & Cho Ara","current_permit":true,"point":[-94.60599770378283,39.053369585184555]}},{"type":"Feature","geometry":{"type":"Polygon","coordinates":[[[-94.60723222298779,39.05209227545873],[-94.60723184004445,39.05195547220638],[-94.60683722413053,39.05194249422397],[-94.60683675514912,39.052079184998355],[-94.60723222298779,39.05209227545873]]]},"properties":{"parcel":"130815","address":"4205 State Line Rd","owner":"McCue Meggan & Quinn","current_permit":true,"point":[-94.60703449028543,39.05201732860237]}},{"type":"Feature","geometry":{"type":"Polygon","coordinates":[[[-94.60626488174191,39.05097890846451],[-94.60584459109721,39.05096311385109],[-94.60584065878182,39.05096298070634],[-94.6058394191974,39.05101718606096],[-94.60583823416908,39.0510686239233],[-94.60584213714617,39.05106875709477],[-94.60626404321546,39.05108464119611],[-94.60626488174191,39.05097890846451]]]},"properties":{"parcel":"130837","address":"4233 Bell St","owner":"Sahley Joshua & Julie","current_permit":true,"point":[-94.60605160044639,39.05104290499213]}},{"type":"Feature","geometry":{"type":"Polygon","coordinates":[[[-94.60088421402732,39.050315381888964],[-94.60088380391446,39.05031535936283],[-94.60076756574827,39.05031092885902],[-94.60065088740778,39.05030647688238],[-94.60053429854723,39.05030200125895],[-94.60052802701718,39.05039048703561],[-94.6008742461087,39.050403710714825],[-94.60087729733551,39.05040384593318],[-94.60087814837173,39.050403889814845],[-94.6008812526744,39.05035830955715],[-94.60088421402732,39.050315381888964]]]},"properties":{"parcel":"130923","address":"4235 Holly St","owner":"Yu Peizhen","current_permit":true,"point":[-94.60070728112854,39.05033684572305]}},{"type":"Feature","geometry":{"type":"Polygon","coordinates":[[[-94.60192722210193,39.05138321808572],[-94.60192334842519,39.05138306130475],[-94.60147931557961,39.051366425687526],[-94.60147544187035,39.051366244866784],[-94.60146949702761,39.05145669872064],[-94.60191775625073,39.051473491419834],[-94.60192162996448,39.051473670509814],[-94.60192722210193,39.05138321808572]]]},"properties":{"parcel":"130955","address":"4217 Mercier St","owner":"Lila Homes LLC","current_permit":true,"point":[-94.60169843117728,39.05141995840318]}},{"type":"Feature","geometry":{"type":"Polygon","coordinates":[[[-94.55425876158071,39.085808867213906],[-94.55382823639121,39.08579469764089],[-94.5538243609542,39.08579456157334],[-94.55382303743244,39.08582908980469],[-94.5538204175758,39.085898190871625],[-94.5538242930185,39.08589832693931],[-94.55425423096578,39.085912542561196],[-94.55425723207851,39.08584346361612],[-94.55425876158071,39.085808867213906]]]},"properties":{"parcel":"13098","address":"2117 Olive St","owner":"Bowie Melvin","current_permit":true,"point":[-94.55403874914924,39.08587082724387]}},{"type":"Feature","geometry":{"type":"Polygon","coordinates":[[[-94.5939646833557,39.055137494117524],[-94.59394666409263,39.05513682220761],[-94.59379567187226,39.05513104047194],[-94.593788188256,39.05513072558599],[-94.593788346699,39.05513958092506],[-94.5937706899032,39.055501181407855],[-94.5939290771878,39.05550681993456],[-94.59394659839629,39.05550749224828],[-94.5939646833557,39.055137494117524]]]},"properties":{"parcel":"131133","address":"612 W 40th St","owner":"Holly Street Investors LLC","current_permit":true,"point":[-94.59386763120466,39.05532038116645]}},{"type":"Feature","geometry":{"type":"Polygon","coordinates":[[[-94.59931665773011,39.05630320956846],[-94.59927445668329,39.05621920410225],[-94.59927002804847,39.05622058072335],[-94.59871738313649,39.0563929308127],[-94.59875972975398,39.05647650161864],[-94.59931219904372,39.0563046096696],[-94.59931665773011,39.05630320956846]]]},"properties":{"parcel":"131210","address":"3921 Roanoke Rd","owner":"Case Kellie R","current_permit":true,"point":[-94.59901462494503,39.05634877024115]}},{"type":"Feature","geometry":{"type":"Polygon","coordinates":[[[-94.59966393788193,39.05565213590118],[-94.59965622683642,39.055636743670554],[-94.59959319043314,39.055510678778354],[-94.59957014850019,39.055464593515175],[-94.59956627576678,39.05546578605414],[-94.59914639716516,39.05559420735682],[-94.59916946818001,39.05564027036927],[-94.5992339750952,39.05576908051212],[-94.59924168529787,39.05578444989022],[-94.5996600651728,39.055653351896126],[-94.59966393788193,39.05565213590118]]]},"properties":{"parcel":"131238","address":"3942 Roanoke Rd","owner":"The Loretto LLC","current_permit":true,"point":[-94.59940132078793,39.05561547551369]}},{"type":"Feature","geometry":{"type":"Polygon","coordinates":[[[-94.59676968059179,39.05612676554169],[-94.59659790753375,39.05612054763108],[-94.59659782440514,39.05612361316313],[-94.59658505596538,39.05648777261211],[-94.59658434986015,39.05650800044774],[-94.59660897271975,39.05650887183569],[-94.59672504335835,39.056512847852666],[-94.59675400967957,39.05651385346488],[-94.59675477477427,39.05649387841282],[-94.59676953804446,39.05612983112319],[-94.59676968059179,39.05612676554169]]]},"properties":{"parcel":"131283","address":"820 W 39th Ter","owner":"Woodfill James W","current_permit":true,"point":[-94.59667680569497,39.056308801867644]}},{"type":"Feature","geometry":{"type":"Polygon","coordinates":[[[-94.59786138334432,39.05624803841846],[-94.59781968455786,39.05616467266692],[-94.5976445957972,39.05615836698342],[-94.5975692901237,39.056155615660636],[-94.59756929018747,39.056155661994325],[-94.59756914761087,39.05615868124304],[-94.59756185424818,39.05633990432184],[-94.59756575567506,39.05633871125354],[-94.59763856264838,39.05631638724886],[-94.59786138334432,39.05624803841846]]]},"properties":{"parcel":"131289","address":"3921 Clark Ave","owner":"Citrine Real Estate LLC","current_permit":true,"point":[-94.59770388144963,39.056206355542685]}},{"type":"Feature","geometry":{"type":"Polygon","coordinates":[[[-94.59627231241397,39.05523534980883],[-94.59612933287215,39.05523077716613],[-94.59611138359524,39.05558484985797],[-94.59624922860401,39.05558965556809],[-94.59625310246818,39.05558979022832],[-94.59627231241397,39.05523534980883]]]},"properties":{"parcel":"131293","address":"820 W 40th St","owner":"Hemecker Ralph","current_permit":true,"point":[-94.59619154182576,39.0554100998334]}},{"type":"Feature","geometry":{"type":"Polygon","coordinates":[[[-94.59760297819236,39.054151704320404],[-94.5975588729975,39.05406662496558],[-94.59699189885282,39.05424490392275],[-94.59703424288845,39.05432955136241],[-94.59760297819236,39.054151704320404]]]},"properties":{"parcel":"131342","address":"4024 Clark Ave","owner":"Christmas Vacation LLC","current_permit":true,"point":[-94.5972970278344,39.05419830412158]}},{"type":"Feature","geometry":{"type":"Polygon","coordinates":[[[-94.60150329593485,39.05571656089545],[-94.60140031531591,39.055713011845185],[-94.6013890164853,39.05571261038456],[-94.60122249847309,39.05570692040376],[-94.60106061659712,39.05570134057232],[-94.60104479901194,39.055700805708625],[-94.60089556747303,39.055695694613576],[-94.60086692350276,39.055694689750936],[-94.60076376690313,39.05569116374366],[-94.60069796971788,39.055688909032234],[-94.60069500633549,39.055688797186455],[-94.60068907743556,39.055688619830256],[-94.60051205308743,39.05568254835822],[-94.60021320715217,39.055672280325055],[-94.60011084372779,39.05566877708362],[-94.60010688181407,39.0556686426271],[-94.6001067679605,39.05567166299849],[-94.60010568979966,39.05569786250993],[-94.6000517780161,39.055695757397906],[-94.60005126602914,39.055707268054306],[-94.59931131239793,39.055923552017205],[-94.59983854783516,39.05697649140137],[-94.59999672069964,39.05698244162833],[-94.60005615011389,39.056984701053395],[-94.6014460824224,39.05703717940704],[-94.60150329593485,39.05571656089545]]]},"properties":{"parcel":"131358","address":"1111 W 39th St","owner":"The Loretto LLC","current_permit":true,"point":[-94.60052322506523,39.05645002170929]}},{"type":"Feature","geometry":{"type":"Polygon","coordinates":[[[-94.59876683081694,39.05160991807173],[-94.59869679707339,39.05151268786471],[-94.59869292524428,39.05151385863784],[-94.59834495853002,39.05161945035935],[-94.59834102879593,39.051620665787304],[-94.59837863857231,39.05169822255277],[-94.59838010998459,39.05170124215945],[-94.59838243311825,39.05170426047565],[-94.59838351933053,39.05170565472089],[-94.59838795646976,39.051709540727046],[-94.59839327213021,39.05171264861412],[-94.5983992314912,39.0517149316743],[-94.59840566056064,39.051716299102786],[-94.59841226359869,39.05171668307844],[-94.59841889384874,39.05171605912811],[-94.598425230852,39.05171452076182],[-94.59876674284753,39.051609963907964],[-94.59876683081694,39.05160991807173]]]},"properties":{"parcel":"131395","address":"4218 Greenwood Pl","owner":"4218 Greenwood Place LLC","current_permit":true,"point":[-94.59855591974386,39.05161470713365]}},{"type":"Feature","geometry":{"type":"Polygon","coordinates":[[[-94.59689405702387,39.050612738530255],[-94.5968036914052,39.05043001820071],[-94.59665256836495,39.05049276850547],[-94.59664869714932,39.050494373375145],[-94.59674306932774,39.050689423866764],[-94.59689405702387,39.050612738530255]]]},"properties":{"parcel":"131432","address":"903 Westport Rd","owner":"SSDK Holdings LLC","current_permit":true,"point":[-94.59677105979713,39.0505535559527]}},{"type":"Feature","geometry":{"type":"Polygon","coordinates":[[[-94.5975004443743,39.0526567534307],[-94.59745421230595,39.0525612186606],[-94.59688695164886,39.05273542630859],[-94.59693385717263,39.05283089209866],[-94.59693772907228,39.05282969907524],[-94.5975004443743,39.0526567534307]]]},"properties":{"parcel":"131456","address":"4163 Roanoke Rd","owner":"Citrine Real Estate LLC","current_permit":true,"point":[-94.59719374759314,39.05269608986964]}},{"type":"Feature","geometry":{"type":"Polygon","coordinates":[[[-94.59422893291072,39.05230391937468],[-94.5941903322518,39.05222723155078],[-94.59391594855566,39.05230870280291],[-94.5939546098536,39.052385391239795],[-94.59422893291072,39.05230391937468]]]},"properties":{"parcel":"131551","address":"4216 Bridger Rd","owner":"Sahley Joshua & Julie","current_permit":true,"point":[-94.59407244165355,39.0523063110888]}},{"type":"Feature","geometry":{"type":"Polygon","coordinates":[[[-94.57256195226925,39.05971194469866],[-94.57207019628021,39.0596793011955],[-94.57206774931312,39.05972611749635],[-94.57206527402997,39.05977323012128],[-94.57255635193775,39.0598029453177],[-94.57255912227681,39.05975697539751],[-94.57256195226925,39.05971194469866]]]},"properties":{"parcel":"131729","address":"3642 Troost Ave","owner":"Walker Larry & Nicole","current_permit":true,"point":[-94.57231351530149,39.05974154644693]}},{"type":"Feature","geometry":{"type":"Polygon","coordinates":[[[-94.57940320436819,39.06138014601394],[-94.57940273403433,39.06138012402535],[-94.57940232386349,39.06138010085172],[-94.57933813611844,39.0613777420467],[-94.57841496615733,39.061340018116766],[-94.57840520112548,39.06150579637788],[-94.57837823632856,39.06153821434558],[-94.57835596648677,39.061569919274525],[-94.57835966478062,39.06157026000234],[-94.57836330460447,39.06157080612488],[-94.57836688666802,39.06157153590487],[-94.57837037952284,39.06157254088679],[-94.57837375594374,39.06157375073039],[-94.578377044471,39.06157509791798],[-94.5783801864853,39.0615766528476],[-94.57838309315363,39.06157836695715],[-94.57838588336345,39.06158026361962],[-94.57838846980417,39.06158234403771],[-94.578390848756,39.06158456188023],[-94.57839302388749,39.06158691714478],[-94.57839490414287,39.06158934182205],[-94.5783965512534,39.06159192567785],[-94.57839796218485,39.06159457890691],[-94.5783991090808,39.06159732383681],[-94.57839990528709,39.06160009188331],[-94.57840049539587,39.06160292871087],[-94.57840070278424,39.0616046903962],[-94.5793225228924,39.0616408142674],[-94.57938723953359,39.061643515933405],[-94.5793957729763,39.06150691093351],[-94.57940135990805,39.061411014096755],[-94.57940320436819,39.06138014601394]]]},"properties":{"parcel":"131745","address":"2 Janssen Pl","owner":"Mitchell Stephen G & Barbara J","current_permit":true,"point":[-94.57890329578532,39.06145840523732]}},{"type":"Feature","geometry":{"type":"Polygon","coordinates":[[[-94.57941863770834,39.061115312640446],[-94.57941828552829,39.06111531288027],[-94.5793539814147,39.06111300049672],[-94.57843756700706,39.06107707916053],[-94.57843052305503,39.061076763565985],[-94.57841496615733,39.061340018116766],[-94.57933813611844,39.0613777420467],[-94.57940232386349,39.06138010085172],[-94.57940273403433,39.06138012402535],[-94.57940320436819,39.06138014601394],[-94.57940377995688,39.06136998595644],[-94.57941184413696,39.06123306150867],[-94.57941569928974,39.061164508452514],[-94.57941863770834,39.061115312640446]]]},"properties":{"parcel":"131746","address":"6 Janssen Pl","owner":"Ernst Lee R","current_permit":true,"point":[-94.57891854198657,39.06119878498059]}},{"type":"Feature","geometry":{"type":"Polygon","coordinates":[[[-94.57809299049498,39.06155812783718],[-94.57807511531917,39.06152974525353],[-94.57805417942326,39.06149365387201],[-94.5780639166303,39.0613285151778],[-94.5780569321113,39.0613282229738],[-94.57713887554672,39.06129348290966],[-94.57713811170382,39.06129343708118],[-94.57707421688642,39.06129110028917],[-94.57706678398733,39.061418276919866],[-94.57705883135685,39.061554010753255],[-94.57712272656073,39.061556485410335],[-94.5780474490707,39.06159161068435],[-94.5780475368392,39.061591358936376],[-94.5780475666947,39.06159115298884],[-94.57804853123805,39.06158822359572],[-94.57804973135431,39.061585340378656],[-94.57805116628332,39.06158247931324],[-94.57805289416471,39.06157980052646],[-94.5780548583023,39.06157712215356],[-94.57805708680324,39.061574649531245],[-94.57805951942747,39.06157231405729],[-94.57806215835096,39.06157009284942],[-94.57806500352389,39.06156794071797],[-94.57806802362151,39.061566061895434],[-94.57807121998715,39.0615643436927],[-94.57807462346133,39.06156280839795],[-94.57807805646031,39.06156143324924],[-94.57808166433492,39.06156028679175],[-94.57808539132296,39.061559369062806],[-94.57808914639364,39.06155863436168],[-94.57809299049498,39.06155812783718]]]},"properties":{"parcel":"131759","address":"3 Janssen Pl","owner":"Konicek Andrew D & Kendall F","current_permit":true,"point":[-94.57756048875157,39.061455965395936]}},{"type":"Feature","geometry":{"type":"Polygon","coordinates":[[[-94.5809002288851,39.062682752959546],[-94.58090017165456,39.06268275299926],[-94.58049228903471,39.06266628645414],[-94.58045709729052,39.06266491557859],[-94.58044877184888,39.062802091361654],[-94.58044085019466,39.06293368508263],[-94.58044056293559,39.062939176681205],[-94.58047563681544,39.06294066204715],[-94.5808840037777,39.06295710600441],[-94.58089205104493,39.06281992924314],[-94.5809002288851,39.062682752959546]]]},"properties":{"parcel":"131762","address":"3521 Gillham Rd","owner":"Properties Plus LLC","current_permit":true,"point":[-94.58067040885034,39.0628110103024]}},{"type":"Feature","geometry":{"type":"Polygon","coordinates":[[[-94.57698478833494,39.06280017414679],[-94.57650681835722,39.06278113091983],[-94.57647635764782,39.06322039429553],[-94.57647592382811,39.06322634359697],[-94.57647583829161,39.06322799107315],[-94.57647578080967,39.06322979869675],[-94.5764758744727,39.06323364318755],[-94.57647628879944,39.06323750920487],[-94.57647693860494,39.06324132987813],[-94.57647791120259,39.06324510457802],[-94.57647914791929,39.06324885679588],[-94.57648061933055,39.06325251676444],[-94.57648238418425,39.06325613020689],[-94.57648441308244,39.063259651952784],[-94.57648670602573,39.06326308257416],[-94.57648920426634,39.06326637634786],[-94.5764919959242,39.0632696001425],[-94.57649490549198,39.06327261907628],[-94.57650521542678,39.06328103188843],[-94.57650900488065,39.063283501676665],[-94.57651299813722,39.063285809449106],[-94.5765171093031,39.063287911788606],[-94.57652142571567,39.06328983037458],[-94.57652585935375,39.06329158986168],[-94.57653035070913,39.063293119930385],[-94.57653501943062,39.06329446740783],[-94.576539775218,39.0632955848756],[-94.576544560133,39.06329649696855],[-94.57654943214035,39.06329720364867],[-94.57655436479908,39.06329768033636],[-94.57655932438418,39.063297951650696],[-94.57695364794682,39.06331286211846],[-94.5769777136363,39.062910203604204],[-94.57698478833494,39.06280017414679]]]},"properties":{"parcel":"131817","address":"633 E Armour Blvd","owner":"Real Estate Cashflow LLC","current_permit":true,"point":[-94.57672777839238,39.063065298949866]}},{"type":"Feature","geometry":{"type":"Polygon","coordinates":[[[-94.57432480851045,39.056794714886145],[-94.57388964209943,39.05677991347902],[-94.57388127714076,39.05691958354697],[-94.5743156227269,39.056934408960586],[-94.57432480851045,39.056794714886145]]]},"properties":{"parcel":"132020","address":"3829 Campbell St","owner":"Butler Kenneth L Taylor","current_permit":true,"point":[-94.57410285971875,39.056857149216555]}},{"type":"Feature","geometry":{"type":"Polygon","coordinates":[[[-94.58523731076886,39.06248972994249],[-94.58515066865662,39.06248633880008],[-94.58468126900327,39.06246771179086],[-94.58467425505121,39.062467465766275],[-94.58466579037002,39.06260468771477],[-94.58465753044854,39.06274197872529],[-94.58465632221197,39.0627611995041],[-94.58466345364444,39.06276149177811],[-94.58492514205456,39.06277180381531],[-94.5849674783739,39.06275982918254],[-94.58513292674196,39.06276634396891],[-94.5851338072393,39.06276636563497],[-94.58513418226426,39.06276094317524],[-94.58522073669188,39.06276435727457],[-94.58522902403153,39.06262697582574],[-94.58523731076886,39.06248972994249]]]},"properties":{"parcel":"132037","address":"3526 Walnut St","owner":"McCue Meggan L & Quinn R","current_permit":true,"point":[-94.5849474083997,39.06261583177025]}},{"type":"Feature","geometry":{"type":"Polygon","coordinates":[[[-94.58524133896246,39.06090886691719],[-94.58477506233889,39.060891039967316],[-94.58476795900168,39.06089076998837],[-94.58475981825028,39.0610279923173],[-94.58476686214287,39.061028238887076],[-94.5852333453527,39.061046271645594],[-94.58524133896246,39.06090886691719]]]},"properties":{"parcel":"132048","address":"3624 Walnut St","owner":"3624 Walnut LLC","current_permit":true,"point":[-94.58500061284346,39.06096842961725]}},{"type":"Feature","geometry":{"type":"Polygon","coordinates":[[[-94.5902553131602,39.06259026821408],[-94.5897306728849,39.06256859304525],[-94.58972274740378,39.06270613641543],[-94.58972248739404,39.06270998002372],[-94.5897147625171,39.06284372444516],[-94.5897069822817,39.06298129000483],[-94.59023189059702,39.06300305659342],[-94.59023978639179,39.062865422839735],[-94.59024753549663,39.062727856122216],[-94.5902553131602,39.06259026821408]]]},"properties":{"parcel":"132106","address":"3535 Broadway Blvd","owner":"Congress Lofts LLC","current_permit":true,"point":[-94.58998119039227,39.062785790283684]}},{"type":"Feature","geometry":{"type":"Polygon","coordinates":[[[-94.58868093157004,39.0623895983807],[-94.58821235254966,39.062370871699436],[-94.58820395374046,39.06250834554369],[-94.58867264971025,39.06252716369233],[-94.58867909072268,39.062420145124875],[-94.58868093157004,39.0623895983807]]]},"properties":{"parcel":"132113","address":"3538 Wyandotte St","owner":"Fishtail Properites LLC","current_permit":true,"point":[-94.58844154225166,39.06246424533428]}},{"type":"Feature","geometry":{"type":"Polygon","coordinates":[[[-94.58777064619758,39.063455962437764],[-94.58763654188515,39.063450708600335],[-94.5876284067986,39.063588251394464],[-94.58761986907909,39.063733687802035],[-94.58775397358583,39.06373866708806],[-94.58776256874218,39.06359361845779],[-94.58777064619758,39.063455962437764]]]},"properties":{"parcel":"132143","address":"119 W Armour Blvd","owner":"PNB LLC","current_permit":true,"point":[-94.58769119954869,39.06366365312991]}},{"type":"Feature","geometry":{"type":"Polygon","coordinates":[[[-94.58921655305328,39.06078460293087],[-94.5892095678368,39.06078433313207],[-94.58876175160111,39.06076751475593],[-94.58875531461102,39.06087753017352],[-94.5892029560413,39.06089423487528],[-94.58920999996435,39.06089450405753],[-94.58921655305328,39.06078460293087]]]},"properties":{"parcel":"132184","address":"3637 Central St","owner":"Miller Jeremy & Sommers Jennifer Rose","current_permit":true,"point":[-94.58898590787663,39.0608310665522]}},{"type":"Feature","geometry":{"type":"Polygon","coordinates":[[[-94.58811947541992,39.06035019703462],[-94.5876518787353,39.06033164982199],[-94.5876518790748,39.06033192439187],[-94.5876448929395,39.060448964588915],[-94.5881123428383,39.06046744444129],[-94.58811240226812,39.06046744439637],[-94.58811947541992,39.06035019703462]]]},"properties":{"parcel":"132196","address":"3645 Wyandotte St","owner":"Pepper Moon Property LLC","current_permit":true,"point":[-94.58788216845849,39.06039958081177]}},{"type":"Feature","geometry":{"type":"Polygon","coordinates":[[[-94.58811240226812,39.06046744439637],[-94.5881123428383,39.06046744444129],[-94.5876448929395,39.060448964588915],[-94.58764319622543,39.060476537281076],[-94.58763871175736,39.06055303188401],[-94.5881060159402,39.06057178529672],[-94.58810610398452,39.0605717852302],[-94.5881107327111,39.06049487921757],[-94.58811240226812,39.06046744439637]]]},"properties":{"parcel":"132197","address":"3643 Wyandotte St","owner":"Clemons Navarro Investments LLC","current_permit":true,"point":[-94.58787469952324,39.06052395555079]}},{"type":"Feature","geometry":{"type":"Polygon","coordinates":[[[-94.58810610398452,39.0605717852302],[-94.5881060159402,39.06057178529672],[-94.58763871175736,39.06055303188401],[-94.58763505860371,39.06061353215156],[-94.58763255761129,39.060654649762334],[-94.58809983249508,39.06067349531664],[-94.58809989192507,39.06067349527174],[-94.58810239264561,39.06063237650735],[-94.58810610398452,39.0605717852302]]]},"properties":{"parcel":"132198","address":"3641 Wyandotte St","owner":"Clemons Navarro Investments LLC","current_permit":true,"point":[-94.58787057221636,39.06059265872414]}},{"type":"Feature","geometry":{"type":"Polygon","coordinates":[[[-94.58898967503248,39.056914022262546],[-94.58885218067344,39.05690909330278],[-94.5885398888902,39.05689754715742],[-94.58853982946334,39.05689754720253],[-94.58853155009558,39.0570350674423],[-94.5885316667485,39.057035067353745],[-94.58898125626352,39.05705669083277],[-94.58898967503248,39.056914022262546]]]},"properties":{"parcel":"132209","address":"3840 Wyandotte St","owner":"Gilbreath Jame","current_permit":true,"point":[-94.58876064874242,39.05697454480814]}},{"type":"Feature","geometry":{"type":"Polygon","coordinates":[[[-94.58893570418765,39.05787068970957],[-94.58848321090335,39.05785387324247],[-94.58847783664703,39.05794551456804],[-94.5884849096778,39.05794582896194],[-94.58892651589026,39.05796272351018],[-94.58893039063088,39.05796287957765],[-94.58893570418765,39.05787068970957]]]},"properties":{"parcel":"132280","address":"3814 Wyandotte St","owner":"Lila Homes LLC","current_permit":true,"point":[-94.58870678926127,39.0579081021388]}},{"type":"Feature","geometry":{"type":"Polygon","coordinates":[[[-94.58783951073286,39.057212619326165],[-94.58738379314383,39.05719529878343],[-94.58737968198227,39.057264012504575],[-94.58737139798052,39.057401418253406],[-94.58736722734056,39.057470109707445],[-94.58736308682954,39.057538846899654],[-94.58758815869204,39.05754746490848],[-94.58771504246016,39.057537049711925],[-94.58782022534987,39.057541203516045],[-94.58782741047517,39.057418831860886],[-94.5878354000418,39.05728135708758],[-94.58783951073286,39.057212619326165]]]},"properties":{"parcel":"132302","address":"3828 Baltimore Ave","owner":"Newport Nathan Allen & Bonnibel","current_permit":true,"point":[-94.58760346420465,39.05734138767049]}},{"type":"Feature","geometry":{"type":"Polygon","coordinates":[[[-94.58832394221176,39.056886660012424],[-94.58832276826156,39.05688659111481],[-94.58785959760674,39.05686904926484],[-94.58785155087627,39.05700650006769],[-94.58831486927583,39.05702413450445],[-94.58831580839747,39.057024157246204],[-94.58832394221176,39.056886660012424]]]},"properties":{"parcel":"132306","address":"3841 Wyandotte St","owner":"Pac Investments LLC","current_permit":true,"point":[-94.58808772816113,39.05694658004006]}},{"type":"Feature","geometry":{"type":"Polygon","coordinates":[[[-94.58830767528436,39.05716165333164],[-94.58830697017444,39.05716160924785],[-94.58784347547373,39.0571439280075],[-94.58783951073286,39.057212619326165],[-94.5878354000418,39.05728135708758],[-94.58829907104149,39.05729908284342],[-94.58829956996549,39.057299105918545],[-94.58830767528436,39.05716165333164]]]},"properties":{"parcel":"132308","address":"3833 Wyandotte St","owner":"Remington Jack Matthew & Gelber Rebecca","current_permit":true,"point":[-94.58807004931782,39.05724698820687]}},{"type":"Feature","geometry":{"type":"Polygon","coordinates":[[[-94.58767908560536,39.05990554284012],[-94.58722235522421,39.05988950205413],[-94.58721404338792,39.06002743458229],[-94.58767083408273,39.06004287988078],[-94.58767908560536,39.05990554284012]]]},"properties":{"parcel":"132340","address":"3704 Baltimore Ave","owner":"Ingram Jeremy","current_permit":true,"point":[-94.58744656991715,39.059966488711204]}},{"type":"Feature","geometry":{"type":"Polygon","coordinates":[[[-94.58769556279131,39.05963079955226],[-94.587238950722,39.05961466778946],[-94.58723057949283,39.05975198201486],[-94.58768739799171,39.05976820460587],[-94.58769225578865,39.05968576183386],[-94.58769556279131,39.05963079955226]]]},"properties":{"parcel":"132342","address":"3710 Baltimore Ave","owner":"Johns Timothy M & Janet L","current_permit":true,"point":[-94.58746145142584,39.05971887192436]}},{"type":"Feature","geometry":{"type":"Polygon","coordinates":[[[-94.58347824157967,39.05903986183754],[-94.58303865567143,39.0590236093429],[-94.58303164201209,39.05902331745739],[-94.5830302887991,39.059046245032725],[-94.58302617309984,39.059114776108665],[-94.58302481980299,39.0591376350411],[-94.58303192295807,39.0591379051265],[-94.58347162630879,39.05915422448833],[-94.58347697794049,39.059062721283304],[-94.58347824157967,39.05903986183754]]]},"properties":{"parcel":"132386","address":"3725 Warwick Blvd","owner":"Melrose Rentals LLC","current_permit":true,"point":[-94.58325159595462,39.059088748695984]}},{"type":"Feature","geometry":{"type":"Polygon","coordinates":[[[-94.58344510523924,39.05961138051741],[-94.58299794444528,39.05959481353188],[-94.58299388669921,39.0596633903207],[-94.58298988764095,39.05973196706681],[-94.58298579971832,39.05980047580467],[-94.58299284350905,39.05980074479061],[-94.5834331980829,39.05981706497454],[-94.5834371674493,39.059748556306175],[-94.58344510523924,39.05961138051741]]]},"properties":{"parcel":"132391","address":"3705 Warwick Blvd","owner":"Robinson J Michael & Debra S","current_permit":true,"point":[-94.58321599934715,39.05969767869375]}},{"type":"Feature","geometry":{"type":"Polygon","coordinates":[[[-94.5846338726123,39.059592813563505],[-94.58462676940776,39.05959254529181],[-94.58416637189165,39.05957535115451],[-94.58415932811761,39.059575081095396],[-94.5841555291897,39.05963823612078],[-94.58415388882734,39.05966557991741],[-94.58416099130379,39.05966584821841],[-94.58462127266786,39.05968297439022],[-94.58462831650759,39.05968328903903],[-94.58463007315268,39.059655784413586],[-94.5846338726123,39.059592813563505]]]},"properties":{"parcel":"132410","address":"3709 Walnut St","owner":"Rodriguez Nicholas","current_permit":true,"point":[-94.5843946988073,39.059615524842144]}},{"type":"Feature","geometry":{"type":"Polygon","coordinates":[[[-94.58530541535212,39.059818341887215],[-94.58484040656494,39.05980067385906],[-94.58483327475071,39.059800427357565],[-94.58482783543214,39.05989081065895],[-94.58483487932148,39.059891148748086],[-94.58529296154782,39.059908547293446],[-94.5853000053585,39.05990881671203],[-94.58530541535212,39.059818341887215]]]},"properties":{"parcel":"132417","address":"3708 Walnut St","owner":"Magill Revocable Trust Dated March 2, 2022","current_permit":true,"point":[-94.58506663236727,39.05985457627308]}},{"type":"Feature","geometry":{"type":"Polygon","coordinates":[[[-94.58538782030921,39.05845137963123],[-94.58491495557108,39.058433237146225],[-94.58490710206624,39.05856601987678],[-94.58490681391041,39.05857045954384],[-94.58490769435554,39.058570481211696],[-94.58537874123742,39.05858864850902],[-94.58537962168292,39.058588670173314],[-94.58537990994839,39.05858434605335],[-94.58538747549015,39.05845687128822],[-94.58538782030921,39.05845137963123]]]},"properties":{"parcel":"132429","address":"3744 Walnut St","owner":"Hall Donald G & Craft Patty L","current_permit":true,"point":[-94.58514728321708,39.058511445582496]}},{"type":"Feature","geometry":{"type":"Polygon","coordinates":[[[-94.58394547383813,39.05585888093698],[-94.5839453589707,39.05586162672317],[-94.58394882192667,39.055861716326106],[-94.58458507007455,39.055881483882494],[-94.58458593581312,39.05588150556347],[-94.58458629633117,39.055875602039485],[-94.58458920271853,39.055826726409116],[-94.58459249558963,39.05577096278623],[-94.5839517130458,39.05575124601136],[-94.58394547383813,39.05585888093698]]]},"properties":{"parcel":"132542","address":"3916 Warwick Blvd","owner":"Walker Caleb","current_permit":true,"point":[-94.58426990154092,39.055798844597675]}},{"type":"Feature","geometry":{"type":"Polygon","coordinates":[[[-94.58437635171416,39.05451766036078],[-94.58402442613556,39.0545068635414],[-94.58401838431837,39.05460877813475],[-94.58437028105837,39.05461957670892],[-94.58437030958723,39.05461889026227],[-94.58437635171416,39.05451766036078]]]},"properties":{"parcel":"132549","address":"3954 Warwick Blvd","owner":"Prenger Thomas Rei LLC","current_permit":true,"point":[-94.58419735881256,39.05456321924777]}},{"type":"Feature","geometry":{"type":"Polygon","coordinates":[[[-94.58374222424706,39.05476864001063],[-94.5837352110599,39.05476839392842],[-94.5831930523935,39.05474720468088],[-94.58319214338361,39.0547471824484],[-94.58318583828003,39.0548508372726],[-94.58319288079308,39.05485106105807],[-94.58372951836526,39.05486749447719],[-94.58373653153586,39.05486771825089],[-94.58374222424706,39.05476864001063]]]},"properties":{"parcel":"132559","address":"3949 Warwick Blvd","owner":"Vandeventer Ami & Scardino Matthew","current_permit":true,"point":[-94.58346410053855,39.054809738641616]}},{"type":"Feature","geometry":{"type":"Polygon","coordinates":[[[-94.58379602516506,39.053882722776244],[-94.58378895269512,39.053882522501524],[-94.5833375160396,39.05386815585136],[-94.58331647470796,39.053867553100716],[-94.58330979765844,39.054004088023184],[-94.58330976838592,39.054004774470194],[-94.58333089800955,39.05400556020591],[-94.58378844414666,39.054022713386196],[-94.58379602516506,39.053882722776244]]]},"properties":{"parcel":"132562","address":"4001 Warwick Blvd","owner":"Waltz James & Katrina","current_permit":true,"point":[-94.58355275211497,39.053943405399714]}},{"type":"Feature","geometry":{"type":"Polygon","coordinates":[[[-94.58270159705025,39.053234213450764],[-94.5826945539917,39.05323401194476],[-94.5822401613148,39.053223282342614],[-94.58222003003984,39.05322281603756],[-94.58221914963468,39.05322277089644],[-94.58221558929452,39.0532904321479],[-94.58223657156995,39.05329087497282],[-94.58269061231229,39.053302040146754],[-94.58269765535024,39.05330221820012],[-94.58270159705025,39.053234213450764]]]},"properties":{"parcel":"132582","address":"4021 McGee St","owner":"Properties Plus LLC","current_permit":true,"point":[-94.58245851809158,39.05326232279933]}},{"type":"Feature","geometry":{"type":"Polygon","coordinates":[[[-94.58223724073136,39.05288105574349],[-94.58221611209066,39.05288081837764],[-94.58176558318013,39.052884406484836],[-94.58175848212989,39.052884778128835],[-94.58175150315274,39.0530164847614],[-94.58222986003972,39.05301985575866],[-94.58223724073136,39.05288105574349]]]},"properties":{"parcel":"132586","address":"4014 Oak St","owner":"Phillips Connie","current_permit":true,"point":[-94.58199426684217,39.052950631445114]}},{"type":"Feature","geometry":{"type":"Polygon","coordinates":[[[-94.5894147024351,39.05642560270781],[-94.58941464374234,39.05642560275282],[-94.58940774696569,39.05642531058887],[-94.58906206057927,39.05641342476949],[-94.58899145081003,39.05641100810709],[-94.5889854174994,39.0565141367448],[-94.58899246098642,39.0565144059409],[-94.58940171431793,39.05652848558084],[-94.58940875775019,39.05652870899011],[-94.58940884505583,39.05652870892317],[-94.58941119947806,39.056486903216125],[-94.5894147024351,39.05642560270781]]]},"properties":{"parcel":"132634","address":"3903 Central St","owner":"3903 Central LLC","current_permit":true,"point":[-94.58920087740741,39.056456252984475]}},{"type":"Feature","geometry":{"type":"Polygon","coordinates":[[[-94.58903646253147,39.05549569295507],[-94.5894668112855,39.05551037404841],[-94.58946707539958,39.05551037384583],[-94.5894709644017,39.05544170539134],[-94.5894707450405,39.05544170555963],[-94.58904752788973,39.05542711055916],[-94.58904048453998,39.055426864819054],[-94.58903646253147,39.05549569295507]]]},"properties":{"parcel":"132651","address":"3931 Central St","owner":"Bijou House LLC","current_permit":true,"point":[-94.58925373777032,39.05546869925735]}},{"type":"Feature","geometry":{"type":"Polygon","coordinates":[[[-94.58840955732866,39.05536579526413],[-94.58840248531781,39.05536550374549],[-94.58795112167735,39.05534797446531],[-94.58794721217293,39.05541430903815],[-94.58794505686132,39.05545110309236],[-94.58840381657497,39.05546880926449],[-94.58840955732866,39.05536579526413]]]},"properties":{"parcel":"132720","address":"3931 Wyandotte St","owner":"3931 Wyandotte LLC","current_permit":true,"point":[-94.58817842366192,39.05539005215114]}},{"type":"Feature","geometry":{"type":"Polygon","coordinates":[[[-94.58747494765193,39.05113312672368],[-94.58703896221361,39.05111766508753],[-94.58701956406811,39.0511169468017],[-94.58701536486367,39.05118566179154],[-94.58701110620032,39.0512543533719],[-94.58703059089198,39.05125502526076],[-94.5874663139495,39.05127060152866],[-94.58747494765193,39.05113312672368]]]},"properties":{"parcel":"132812","address":"4113 Baltimore Ave","owner":"Tim Pott Photography LLC","current_permit":true,"point":[-94.58724136344307,39.05122000758172]}},{"type":"Feature","geometry":{"type":"Polygon","coordinates":[[[-94.58334757348308,39.05279657104452],[-94.5833420806807,39.052908780490206],[-94.58336320970905,39.052909337412025],[-94.58337729573712,39.05290971631804],[-94.58338433871153,39.05290987202114],[-94.58339138171151,39.05291004946064],[-94.58384055318214,39.05292357037092],[-94.58384759623938,39.05292379411664],[-94.58384906071235,39.05289725124967],[-94.58385580030898,39.05278913484431],[-94.58384872715885,39.05278888766787],[-94.58339392279387,39.05277452422376],[-94.5833722651409,39.05277357928252],[-94.58334874765839,39.052772552151154],[-94.58334757348308,39.05279657104452]]]},"properties":{"parcel":"132872","address":"4033 Warwick Blvd","owner":"Proper Properties LLC","current_permit":true,"point":[-94.58359865400257,39.05284691114709]}},{"type":"Feature","geometry":{"type":"Polygon","coordinates":[[[-94.58386840993866,39.052583929517624],[-94.58386136688739,39.05258368232027],[-94.58340949861274,39.05256956908643],[-94.58339371130671,39.052569122758065],[-94.58338669689726,39.05256889896446],[-94.58338193451128,39.05263651535634],[-94.5833722651409,39.05277357928252],[-94.58339392279387,39.05277452422376],[-94.58384872715885,39.05278888766787],[-94.58385580030898,39.05278913484431],[-94.58386420575002,39.05265232404923],[-94.58386840993866,39.052583929517624]]]},"properties":{"parcel":"132873","address":"4037 Warwick Blvd","owner":"Munn Jaymi K","current_permit":true,"point":[-94.58361851154343,39.052712951665875]}},{"type":"Feature","geometry":{"type":"Polygon","coordinates":[[[-94.58278169238058,39.05183796558587],[-94.58277467877896,39.05183774175483],[-94.58240448542621,39.05182658633443],[-94.58240278843826,39.05185676741227],[-94.58232276302641,39.051854283573995],[-94.5823025146036,39.05185368122437],[-94.5823016342685,39.05185368184557],[-94.58229757228415,39.05191818476412],[-94.58231870100948,39.05191874187556],[-94.5827691252168,39.0519319228195],[-94.58277616814622,39.051932124321205],[-94.58278169238058,39.05183796558587]]]},"properties":{"parcel":"132892","address":"4061 McGee St","owner":"Rodricks John Kenny-Trustee","current_permit":true,"point":[-94.58253914687594,39.0518874760882]}},{"type":"Feature","geometry":{"type":"Polygon","coordinates":[[[-94.58278724402163,39.05174215940601],[-94.58233068524703,39.05172722103395],[-94.58230964447925,39.05172654945818],[-94.58230958585352,39.05172723592591],[-94.58230212369756,39.05184555878831],[-94.5823016342685,39.05185368184557],[-94.5823025146036,39.05185368122437],[-94.58232276302641,39.051854283573995],[-94.58240278843826,39.05185676741227],[-94.58240448542621,39.05182658633443],[-94.58277467877896,39.05183774175483],[-94.58278169238058,39.05183796558587],[-94.58278724402163,39.05174215940601]]]},"properties":{"parcel":"132893","address":"4063 McGee St","owner":"Purifoy David M & Daskalov Simeon A","current_permit":true,"point":[-94.58254539017372,39.051784372870216]}},{"type":"Feature","geometry":{"type":"Polygon","coordinates":[[[-94.58226296733798,39.05246865444042],[-94.58224186719306,39.052468211703214],[-94.58223482421317,39.05246801131337],[-94.58179150097638,39.052457294463586],[-94.58178445797176,39.052457070593675],[-94.58177605132072,39.052597564494775],[-94.58178315295041,39.052597720253466],[-94.58223313660288,39.052606304517184],[-94.58224719313985,39.052606614365885],[-94.58225420747058,39.05260677015746],[-94.58225717584925,39.05256073174208],[-94.58226296733798,39.05246865444042]]]},"properties":{"parcel":"132901","address":"4020 Oak St","owner":"Properties Plus","current_permit":true,"point":[-94.5820205408209,39.052514693091254]}},{"type":"Feature","geometry":{"type":"Polygon","coordinates":[[[-94.58225420747058,39.05260677015746],[-94.58224719313985,39.052606614365885],[-94.58223313660288,39.052606304517184],[-94.58178315295041,39.052597720253466],[-94.58177605132072,39.052597564494775],[-94.58176747152339,39.05274062174331],[-94.58177445568298,39.0527406866334],[-94.58222440482106,39.05274403123407],[-94.58224559221624,39.05274435950848],[-94.58225138407963,39.05265257966139],[-94.58225420747058,39.05260677015746]]]},"properties":{"parcel":"132902","address":"4018 Oak St","owner":"Hockey Michael & Anna B","current_permit":true,"point":[-94.58200935887612,39.05269660070235]}},{"type":"Feature","geometry":{"type":"Polygon","coordinates":[[[-94.5823927330033,39.05027403528849],[-94.5823916472543,39.05027401317459],[-94.58237160492764,39.05027361604699],[-94.58236456211088,39.050273368758894],[-94.58192192404769,39.05025967682482],[-94.58191488123518,39.05025943065363],[-94.5819094391978,39.050350066231935],[-94.58191648204507,39.050350334712306],[-94.58236637046286,39.05036498254384],[-94.58238048608446,39.050365384430584],[-94.58238749883289,39.05036563173895],[-94.58239008682875,39.050320051188876],[-94.5823927330033,39.05027403528849]]]},"properties":{"parcel":"132930","address":"4136 Oak St","owner":"Coats Richard K & Mary Q","current_permit":true,"point":[-94.58215201638828,39.050297043238686]}},{"type":"Feature","geometry":{"type":"Polygon","coordinates":[[[-94.58350446821787,39.05031019727181],[-94.58349742539431,39.05030995062415],[-94.58305510869938,39.05029605683287],[-94.5830480358281,39.05029583306035],[-94.58304012638311,39.05043257542877],[-94.58304716919048,39.05043279922315],[-94.58348954615832,39.05044669300076],[-94.58349652957328,39.05044693911936],[-94.58350446821787,39.05031019727181]]]},"properties":{"parcel":"132965","address":"4128 McGee St","owner":"4128 Mcgee LLC","current_permit":true,"point":[-94.58327229076065,39.05037138635029]}},{"type":"Feature","geometry":{"type":"Polygon","coordinates":[[[-94.57675763640809,39.05505709940444],[-94.5767571375048,39.055057077423946],[-94.57629457087991,39.05504033468505],[-94.57627000675465,39.05503948127824],[-94.57626507594364,39.05512135224322],[-94.57628969886339,39.055122274827234],[-94.57675232461382,39.055138925450635],[-94.57675270757738,39.05513892519863],[-94.57675763640809,39.05505709940444]]]},"properties":{"parcel":"133045","address":"3931 Holmes St","owner":"Degenhardt Jeffrey","current_permit":true,"point":[-94.57651135603057,39.055089225823835]}},{"type":"Feature","geometry":{"type":"Polygon","coordinates":[[[-94.57448062539834,39.05398903239305],[-94.57399573467228,39.0539732334728],[-94.57399178630558,39.05404078030907],[-94.57398924589604,39.05408242510561],[-94.57447399059338,39.054098179527834],[-94.57447647124562,39.05405648842534],[-94.57448062539834,39.05398903239305]]]},"properties":{"parcel":"133069","address":"4009 Campbell St","owner":"Windser Tyler","current_permit":true,"point":[-94.57423616536757,39.05401490635106]}},{"type":"Feature","geometry":{"type":"Polygon","coordinates":[[[-94.57405544122072,39.05295014597537],[-94.57375631531166,39.05294023590196],[-94.57356982375819,39.052934047717216],[-94.57356210151697,39.05307042260332],[-94.57404742560855,39.05308640667481],[-94.57405004881328,39.05304121528174],[-94.57405544122072,39.05295014597537]]]},"properties":{"parcel":"133087","address":"4042 Harrison St","owner":"Icelandic Rocket 4042 LLC","current_permit":true,"point":[-94.57380953940279,39.052995680628555]}},{"type":"Feature","geometry":{"type":"Polygon","coordinates":[[[-94.5763483337998,39.05357056972433],[-94.57634243580948,39.053679967035485],[-94.57634102654691,39.05370726483825],[-94.57683090649863,39.053723395079736],[-94.57683829861804,39.053586676427024],[-94.57683914654883,39.05357029316373],[-94.57634922517647,39.05355423162581],[-94.5763483337998,39.05357056972433]]]},"properties":{"parcel":"133210","address":"4021 Holmes St","owner":"Paese Audrey","current_permit":true,"point":[-94.57659036360745,39.053633321731255]}},{"type":"Feature","geometry":{"type":"Polygon","coordinates":[[[-94.58030240778804,39.05427841055654],[-94.57985064624951,39.05426316173424],[-94.57984360309784,39.05426296120022],[-94.57984161601631,39.054297146007286],[-94.57983758505019,39.05436524280518],[-94.57983562788824,39.05439929087786],[-94.58029437526827,39.05441453437649],[-94.58029636163425,39.054380555490816],[-94.58030036354937,39.05431245926942],[-94.58030240778804,39.05427841055654]]]},"properties":{"parcel":"133271","address":"4003 Locust St","owner":"4003 Locust Street LLC","current_permit":true,"point":[-94.58006897992276,39.0543388510373]}},{"type":"Feature","geometry":{"type":"Polygon","coordinates":[[[-94.57752445694905,39.05324355840789],[-94.57752357657158,39.053243536112205],[-94.57707234901345,39.05322900892812],[-94.57706530594659,39.05322878477334],[-94.57706426888261,39.05324592266099],[-94.57706008782239,39.05331399602239],[-94.57706715953405,39.05331424303946],[-94.5775190619133,39.05332883900931],[-94.57752330178242,39.053260605426566],[-94.57752445694905,39.05324355840789]]]},"properties":{"parcel":"133285","address":"4032 Holmes St","owner":"Jones Shannon M","current_permit":true,"point":[-94.57729168522341,39.05328730072448]}},{"type":"Feature","geometry":{"type":"Polygon","coordinates":[[[-94.57813025722274,39.05159296244642],[-94.57767105938946,39.051578031053886],[-94.57767025268252,39.05159166802367],[-94.5776661892438,39.05166001591815],[-94.57766206855125,39.05172834154098],[-94.57766911144519,39.05172854220708],[-94.57812138458335,39.051743136175766],[-94.57812535894706,39.05167490273059],[-94.5781294506298,39.05160662287211],[-94.57813025722274,39.05159296244642]]]},"properties":{"parcel":"133337","address":"4125 Kenwood Ave","owner":"Engelbert Macy","current_permit":true,"point":[-94.57789577266465,39.05166745932437]}},{"type":"Feature","geometry":{"type":"Polygon","coordinates":[[[-94.5816162715477,39.05170770237471],[-94.58160922861805,39.05170747849411],[-94.58116261741596,39.05169259723125],[-94.58115557443749,39.051692328133555],[-94.58115473991955,39.05170607955067],[-94.58115068017361,39.051774725012876],[-94.58114987486863,39.05178836314909],[-94.58115694790854,39.051788609345344],[-94.5816033529936,39.05180362805892],[-94.58161041055233,39.05180380616788],[-94.58161129054531,39.05179012278657],[-94.58161540712118,39.05172152360268],[-94.5816162715477,39.05170770237471]]]},"properties":{"parcel":"133375","address":"4123 Oak St","owner":"Stallman Jake","current_permit":true,"point":[-94.58138303209827,39.05174812430778]}},{"type":"Feature","geometry":{"type":"Polygon","coordinates":[[[-94.58095398290865,39.05082139308689],[-94.58095310253347,39.05082134736414],[-94.58070815715143,39.050813691855474],[-94.58070727680384,39.050813670155776],[-94.58070557745869,39.050841104938115],[-94.58070079765324,39.05092199159337],[-94.58075620224648,39.050923853502354],[-94.5809475923217,39.05093049299846],[-94.58095228226928,39.050848895944256],[-94.58095398290865,39.05082139308689]]]},"properties":{"parcel":"133387","address":"4200 Locust St","owner":"Locust Group LLC","current_permit":true,"point":[-94.58082656948662,39.05088544376881]}},{"type":"Feature","geometry":{"type":"Polygon","coordinates":[[[-94.58096060717948,39.05071201672407],[-94.5808973383917,39.05071002479764],[-94.58072076892579,39.05070449555374],[-94.58071372615062,39.05070431738066],[-94.58070963713585,39.05077271059799],[-94.58070727680384,39.050813670155776],[-94.58070815715143,39.050813691855474],[-94.58095310253347,39.05082134736414],[-94.58095398290865,39.05082139308689],[-94.5809566057023,39.050780411033166],[-94.58096060717948,39.05071201672407]]]},"properties":{"parcel":"133388","address":"4204 Locust St","owner":"Locust Group L L C","current_permit":true,"point":[-94.58083514159262,39.05074236366103]}},{"type":"Feature","geometry":{"type":"Polygon","coordinates":[[[-94.58121406314896,39.050363227940224],[-94.58120701893928,39.05036304979787],[-94.58119296361055,39.05036276213156],[-94.58119190647017,39.050362739414545],[-94.58074196042244,39.050348797544046],[-94.58073486043658,39.05034859710294],[-94.58073408296814,39.050362256385185],[-94.58072999399344,39.05043065075126],[-94.58073703676753,39.050430851804286],[-94.58118809851007,39.05044488558439],[-94.58120916749759,39.050445557343146],[-94.58121322734824,39.05037711721913],[-94.58121406314896,39.050363227940224]]]},"properties":{"parcel":"133391","address":"4214 Locust St","owner":"Properties Plus","current_permit":true,"point":[-94.58097161690097,39.0504038839852]}},{"type":"Feature","geometry":{"type":"Polygon","coordinates":[[[-94.5817154814885,39.050049890092104],[-94.58170841019215,39.05004973487986],[-94.58126175282037,39.050036043826985],[-94.58125470971702,39.05003552247343],[-94.58124766698013,39.050035320879594],[-94.58123361098323,39.05003503379063],[-94.58122955179937,39.05010338182333],[-94.58122860316308,39.05011994824514],[-94.5812356745172,39.050120148676136],[-94.58124964189906,39.050120551947124],[-94.58170340123512,39.050134443427176],[-94.58171044400879,39.05013466730234],[-94.58171079038304,39.05012903893388],[-94.58171145221687,39.05011832907181],[-94.5817138697395,39.05007659321489],[-94.5817154814885,39.050049890092104]]]},"properties":{"parcel":"133402","address":"4223 Oak St","owner":"Properties Plus LLC","current_permit":true,"point":[-94.5814717205845,39.05008998751911]}},{"type":"Feature","geometry":{"type":"Polygon","coordinates":[[[-94.58171044400879,39.05013466730234],[-94.58170340123512,39.050134443427176],[-94.58124964189906,39.050120551947124],[-94.5812356745172,39.050120148676136],[-94.58122860316308,39.05011994824514],[-94.58122353515007,39.05020483985923],[-94.58123057785065,39.05020499512076],[-94.5812446339343,39.05020532854382],[-94.58124472196579,39.0502053284825],[-94.58169839383956,39.05021924406752],[-94.58170540654424,39.05021946796404],[-94.5817065297,39.05020038394703],[-94.58170742280706,39.05018665479026],[-94.58170736558664,39.050186654830355],[-94.58170912044774,39.05015681692661],[-94.58171044400879,39.05013466730234]]]},"properties":{"parcel":"133403","address":"4221 Oak St","owner":"Properties Plus LLC","current_permit":true,"point":[-94.58146687723546,39.050171735858434]}},{"type":"Feature","geometry":{"type":"Polygon","coordinates":[[[-94.58169524749594,39.050391859665844],[-94.58169172609635,39.05039174772791],[-94.58123432710138,39.05037776664305],[-94.58121322734824,39.05037711721913],[-94.58120916749759,39.050445557343146],[-94.58120510913065,39.05051401862998],[-94.58121215186256,39.050514174464624],[-94.58122620800742,39.0505145078898],[-94.58168718881618,39.05052869242525],[-94.58169050037601,39.0504740047932],[-94.58169211273996,39.05044654660295],[-94.58169510385915,39.0503945356859],[-94.58169524749594,39.050391859665844]]]},"properties":{"parcel":"133406","address":"4215 Oak St","owner":"Latomco LLC","current_permit":true,"point":[-94.5814498007777,39.05046027569807]}},{"type":"Feature","geometry":{"type":"Polygon","coordinates":[[[-94.58168718881618,39.05052869242525],[-94.58122620800742,39.0505145078898],[-94.58121215186256,39.050514174464624],[-94.58120510913065,39.05051401862998],[-94.58120107894914,39.05058211551821],[-94.58119707828736,39.05065101321587],[-94.58121808985335,39.05065145620412],[-94.5816762258356,39.05066557354855],[-94.58167910092122,39.050665663630696],[-94.58167974724877,39.05066568548693],[-94.58168298656388,39.050599854916676],[-94.58168318954272,39.0505971090685],[-94.58168336171038,39.0505943632419],[-94.58168718881618,39.05052869242525]]]},"properties":{"parcel":"133407","address":"4209 Oak St","owner":"Moroney Madeline & Brogan J","current_permit":true,"point":[-94.58144222097404,39.050588239380055]}},{"type":"Feature","geometry":{"type":"Polygon","coordinates":[[[-94.58051431526876,39.050766599685645],[-94.58050727246258,39.05076639919122],[-94.58005218817964,39.05075193080378],[-94.58004830403726,39.05082041652456],[-94.58004476492349,39.050881967956165],[-94.5800436438613,39.050902012378685],[-94.58005015704495,39.05090223671749],[-94.58050536120679,39.05091741376471],[-94.58051016812956,39.05083501581631],[-94.58051431526876,39.050766599685645]]]},"properties":{"parcel":"133419","address":"4201 Locust St","owner":"Edgemere Associates LP","current_permit":true,"point":[-94.58027924746324,39.05082771617043]}},{"type":"Feature","geometry":{"type":"Polygon","coordinates":[[[-94.57776105027042,39.049375982834995],[-94.57775403692764,39.0493757587017],[-94.57729904863731,39.04936057076565],[-94.5772947218565,39.04942914765691],[-94.57775681174023,39.04944435375626],[-94.57776105027042,39.049375982834995]]]},"properties":{"parcel":"133440","address":"4240 Holmes St","owner":"Citrine Real Estate LLC","current_permit":true,"point":[-94.57752790069296,39.049402565245956]}},{"type":"Feature","geometry":{"type":"Polygon","coordinates":[[[-94.57531862433137,39.05159549842857],[-94.57483363250165,39.05158048042312],[-94.57482611841452,39.05171701545636],[-94.575292974203,39.05173145029865],[-94.57531040615171,39.05173201106616],[-94.57531623166402,39.05163590818031],[-94.57531862433137,39.05159549842857]]]},"properties":{"parcel":"133533","address":"4124 Campbell St","owner":"Coffey Christiana","current_permit":true,"point":[-94.57507106182726,39.05167646181833]}},{"type":"Feature","geometry":{"type":"Polygon","coordinates":[[[-94.5758202870098,39.0512846792648],[-94.5753382325341,39.051269822184814],[-94.57533506062136,39.05132249602298],[-94.57533278435673,39.05136128058717],[-94.57581460401452,39.051376184175695],[-94.57581699810238,39.05133737664479],[-94.5758202870098,39.0512846792648]]]},"properties":{"parcel":"133578","address":"4131 Charlotte St","owner":"Pepper Moon Property LLC","current_permit":true,"point":[-94.5755760432055,39.051329936333886]}},{"type":"Feature","geometry":{"type":"Polygon","coordinates":[[[-94.55610551873436,39.05957920742636],[-94.55610164472665,39.05957907143279],[-94.55579081504527,39.059569038559076],[-94.55578694103914,39.0595689031271],[-94.55578407833669,39.05962226321245],[-94.55578295023506,39.059644114392334],[-94.55578682424525,39.059644249824444],[-94.55610155759686,39.05965439523513],[-94.55610271423261,39.05963256691933],[-94.55610551873436,39.05957920742636]]]},"properties":{"parcel":"133863","address":"3646 Olive St","owner":"Castaneda Isaac","current_permit":true,"point":[-94.55594481026965,39.05960073531941]}},{"type":"Feature","geometry":{"type":"Polygon","coordinates":[[[-94.56849924212634,39.086787370634596],[-94.56797202544932,39.086768734473],[-94.56796811984009,39.086768599465174],[-94.56796659012014,39.086796011486584],[-94.56796370406416,39.086847952454406],[-94.56796280989755,39.08686458727532],[-94.56796084829463,39.08690009933074],[-94.56795897172759,39.08693320885836],[-94.56795510272269,39.087001829886454],[-94.56795129318616,39.08707047547571],[-94.56795519807748,39.0870706099125],[-94.56848335726774,39.08708929192851],[-94.56848696077707,39.087020647587266],[-94.56849059361588,39.08695197977512],[-94.56849419713463,39.08688335945682],[-94.56849777130799,39.086814760319534],[-94.56849791586785,39.08681244927959],[-94.56849924212634,39.086787370634596]]]},"properties":{"parcel":"13418","address":"2110 Tracy Ave 1N","owner":"Taj Mcgraw LLC","current_permit":true,"point":[-94.56822617935767,39.08691665409455]}},{"type":"Feature","geometry":{"type":"Polygon","coordinates":[[[-94.56823449024049,39.061893110716944],[-94.5677524523091,39.061876505688225],[-94.56774451201613,39.062013154680066],[-94.56822658093543,39.062029736842],[-94.56823449024049,39.061893110716944]]]},"properties":{"parcel":"134744","address":"3533 Virginia Ave","owner":"Stiles Corey","current_permit":true,"point":[-94.56798950764318,39.061953132698505]}},{"type":"Feature","geometry":{"type":"Polygon","coordinates":[[[-94.56794364401166,39.058462022883205],[-94.56753074337828,39.058448121754125],[-94.56752312687011,39.0585850686471],[-94.56751548025134,39.05872201498176],[-94.56751938357982,39.05872214943517],[-94.56792794159875,39.058735985062135],[-94.56793579283088,39.058599015128934],[-94.56793971841404,39.058530507566125],[-94.56794364401166,39.058462022883205]]]},"properties":{"parcel":"134997","address":"3722 Paseo","owner":"McGowen Shawn","current_permit":true,"point":[-94.56772946495786,39.05859204188802]}},{"type":"Feature","geometry":{"type":"Polygon","coordinates":[[[-94.56609119236953,39.057429993800916],[-94.56608728911482,39.0574298592996],[-94.56563433493996,39.0574143496005],[-94.56563393100343,39.057421031038494],[-94.56562922432971,39.057503268063904],[-94.56608611096514,39.057518934576194],[-94.56609119236953,39.057429993800916]]]},"properties":{"parcel":"135211","address":"3755 Flora Ave","owner":"Ashley Lezah LLC","current_permit":true,"point":[-94.56586021019201,39.05746663093241]}},{"type":"Feature","geometry":{"type":"Polygon","coordinates":[[[-94.56841769776457,39.052448173687225],[-94.5682703522919,39.0524426084509],[-94.56825974372501,39.05264030601289],[-94.56840705955074,39.05264589358855],[-94.56841769776457,39.052448173687225]]]},"properties":{"parcel":"135641","address":"1328 E 41st St","owner":"Ashley Lezah LLC","current_permit":true,"point":[-94.56833871383373,39.05254423985006]}},{"type":"Feature","geometry":{"type":"Polygon","coordinates":[[[-94.5715570828656,39.05462148294588],[-94.57104113774594,39.05460342501549],[-94.57103450455747,39.05471952658386],[-94.57103837832697,39.05471966150968],[-94.57155045056656,39.054737630304174],[-94.57155128610401,39.054723008916625],[-94.5715570828656,39.05462148294588]]]},"properties":{"parcel":"135757","address":"3938 Forest Ave","owner":"New Beginning Investments LLC","current_permit":true,"point":[-94.57129579460108,39.05467050476487]}},{"type":"Feature","geometry":{"type":"Polygon","coordinates":[[[-94.56992219202343,39.05085838789171],[-94.56957465754904,39.05084605585155],[-94.56956989889613,39.05093078717473],[-94.56957380180006,39.05093092213198],[-94.569917316475,39.05094318679744],[-94.56992219202343,39.05085838789171]]]},"properties":{"parcel":"135930","address":"4143 Tracy Ave","owner":"Yellow Brick Homes LLC","current_permit":true,"point":[-94.56974602131926,39.05089458753322]}},{"type":"Feature","geometry":{"type":"Polygon","coordinates":[[[-94.57205559396304,39.04603272116369],[-94.57205172213331,39.046032586270094],[-94.57154109048393,39.046013406057874],[-94.5715401681538,39.046029880873554],[-94.57153711300144,39.04608452234275],[-94.57205173512074,39.04610386027333],[-94.57205473046024,39.04604921939993],[-94.57205559396304,39.04603272116369]]]},"properties":{"parcel":"137705","address":"4430 Forest Ave","owner":"Repsholdt Alexander","current_permit":true,"point":[-94.57179593138659,39.04606687087134]}},{"type":"Feature","geometry":{"type":"Polygon","coordinates":[[[-94.57195553804056,39.04773908023408],[-94.57144266653418,39.04772088428885],[-94.5714387623369,39.04772074996685],[-94.57143414467058,39.04779738091537],[-94.57143804887264,39.047797515809584],[-94.571950862222,39.04781568778562],[-94.57195553804056,39.04773908023408]]]},"properties":{"parcel":"137885","address":"4330 Forest Ave","owner":"Kithinji Lynette","current_permit":true,"point":[-94.57169483002342,39.047768230574725]}},{"type":"Feature","geometry":{"type":"Polygon","coordinates":[[[-94.57096951333466,39.04428970126412],[-94.57051376545814,39.04427306925246],[-94.57050986291831,39.044272933754144],[-94.57050723774543,39.044318835017776],[-94.57050461399078,39.0443646905183],[-94.57050848719311,39.044364824890465],[-94.57096438087571,39.044381434524695],[-94.57096951333466,39.04428970126412]]]},"properties":{"parcel":"137946","address":"4522 Tracy Ave","owner":"Guess Nicholas Alexander","current_permit":true,"point":[-94.57073626318564,39.04434176276804]}},{"type":"Feature","geometry":{"type":"Polygon","coordinates":[[[-94.57141055949027,39.043081114570604],[-94.57123444750718,39.04307470119704],[-94.57123323885423,39.04309680547042],[-94.57122563064358,39.04323475914698],[-94.5712205112652,39.04336760828447],[-94.57139656460487,39.04337406747623],[-94.57140171219174,39.043241149099224],[-94.57140934866791,39.043103195394124],[-94.57141055949027,39.043081114570604]]]},"properties":{"parcel":"138011","address":"1207 Brush Creek Blvd","owner":"Tyson Elizabeth","current_permit":true,"point":[-94.57131748291705,39.043168977270554]}},{"type":"Feature","geometry":{"type":"Polygon","coordinates":[[[-94.57152781506028,39.03631169741178],[-94.57105443001826,39.03629544438223],[-94.57105206476072,39.03633658518279],[-94.57104658631724,39.036432253160676],[-94.57104647171413,39.03643499894334],[-94.5715202405033,39.03645120715138],[-94.5715203550881,39.03644846136829],[-94.57152553953603,39.03635281642982],[-94.57152781506028,39.03631169741178]]]},"properties":{"parcel":"138188","address":"4946 Tracy Ave","owner":"Johnson Mitchell","current_permit":true,"point":[-94.5712861236963,39.03639253479525]}},{"type":"Feature","geometry":{"type":"Polygon","coordinates":[[[-94.56813037033297,39.036030968565996],[-94.56813025449766,39.0360325479907],[-94.56812624316308,39.036101193160235],[-94.56822150682673,39.03610445522045],[-94.56850536076175,39.03611417342906],[-94.56850923350996,39.03611430786823],[-94.56851327459084,39.03604570900225],[-94.5685198417837,39.03593546419185],[-94.5684213369614,39.035931929704994],[-94.56832651345712,39.035928530264336],[-94.56823157256667,39.035925085625365],[-94.56814056314208,39.03592182108811],[-94.56813666106606,39.03592168550983],[-94.56813037033297,39.036030968565996]]]},"properties":{"parcel":"138364","address":"5001 Lydia Ave","owner":"Brooks John D","current_permit":true,"point":[-94.56832505817445,39.03598321637892]}},{"type":"Feature","geometry":{"type":"Polygon","coordinates":[[[-94.5611348077441,39.03962953069454],[-94.56095838284456,39.039622644344384],[-94.56095739871576,39.03963910825903],[-94.56093878655243,39.03996708119657],[-94.56093861237625,39.039970102142036],[-94.56108000545025,39.03997561113434],[-94.56111518483605,39.03997698844413],[-94.56111535751853,39.03997394519028],[-94.56113388223648,39.039645880175286],[-94.5611348077441,39.03962953069454]]]},"properties":{"parcel":"138543","address":"2005 E 47th Ter","owner":"Alford Mark Allen Jr","current_permit":true,"point":[-94.5610363570774,39.039806480685925]}},{"type":"Feature","geometry":{"type":"Polygon","coordinates":[[[-94.56370667694578,39.038617938994705],[-94.56353025596854,39.03861126188692],[-94.5633538621837,39.03860460795047],[-94.56317755942385,39.03859800003188],[-94.56308942122787,39.038594661358076],[-94.56307064273587,39.03892298943621],[-94.56306971850842,39.03893944189769],[-94.56324611173478,39.03894621066817],[-94.56324524555195,39.03896190688469],[-94.56323767718435,39.03909484976946],[-94.56324155008603,39.03909498495534],[-94.56332599057706,39.039098188235634],[-94.5635025902893,39.039104910744],[-94.56367593254193,39.039111519786566],[-94.5636798061793,39.03911165552949],[-94.56368699188523,39.03897905603959],[-94.56368878174683,39.03894656413991],[-94.56370667694578,39.038617938994705]]]},"properties":{"parcel":"138584","address":"1810 E 48th Ter","owner":"Lewis Debonie","current_permit":true,"point":[-94.56338886876573,39.03877046421546]}},{"type":"Feature","geometry":{"type":"Polygon","coordinates":[[[-94.5610183947746,39.036465822443944],[-94.56101452346785,39.03646566430236],[-94.5605244719523,39.03644672306623],[-94.56051991311915,39.03653737972091],[-94.56052378591468,39.036537560187014],[-94.56101380870012,39.036556479131676],[-94.5610183947746,39.036465822443944]]]},"properties":{"parcel":"138751","address":"4928 Garfield Ave","owner":"Jagears Gabrielle","current_permit":true,"point":[-94.56076914857167,39.03650160108243]}},{"type":"Feature","geometry":{"type":"Polygon","coordinates":[[[-94.57322147084315,39.04767765801418],[-94.57275396721408,39.0476638788112],[-94.57274907075828,39.0477533919303],[-94.57321645767612,39.04776723986848],[-94.57322147084315,39.04767765801418]]]},"properties":{"parcel":"139001","address":"4332 Troost Ave","owner":"At 1016 Vr","current_permit":true,"point":[-94.572985246928,39.04771552497224]}},{"type":"Feature","geometry":{"type":"Polygon","coordinates":[[[-94.57322657027773,39.047586382917814],[-94.57322269694168,39.0475862943979],[-94.57275894926227,39.04757271821255],[-94.5727564732779,39.04761829850269],[-94.57275396721408,39.0476638788112],[-94.57322147084315,39.04767765801418],[-94.57322400590249,39.04763203191585],[-94.57322657027773,39.047586382917814]]]},"properties":{"parcel":"139002","address":"4334 Troost Ave","owner":"At 1016 Vr","current_permit":true,"point":[-94.57299024369186,39.04762516520927]}},{"type":"Feature","geometry":{"type":"Polygon","coordinates":[[[-94.57324794982182,39.04720535736634],[-94.57287135453761,39.047194106475736],[-94.5728673638525,39.04719401744531],[-94.57286360878267,39.047194065552965],[-94.57285688869257,39.04719416184642],[-94.57284635514733,39.04719531247054],[-94.57283605884288,39.047197469133074],[-94.57282620361693,39.047200541327214],[-94.57281687529508,39.04720452785546],[-94.5728082542652,39.04720936167874],[-94.57280045418098,39.047214995248375],[-94.57279359520666,39.04722129177618],[-94.57278773377983,39.047228205465316],[-94.57278298788775,39.04723562240981],[-94.57277941609674,39.04724342645272],[-94.57277710707693,39.04725152830329],[-94.57277643681603,39.04725674499417],[-94.5727761459961,39.047259284955295],[-94.57277591484687,39.04726278530483],[-94.57277165269188,39.047341292895666],[-94.5727640488681,39.0474803219705],[-94.57323178548785,39.04749357529902],[-94.57323956461735,39.047354706250516],[-94.57324777617505,39.047208400062786],[-94.57324794982182,39.04720535736634]]]},"properties":{"parcel":"139004","address":"4346 Troost Ave","owner":"At 1016 Vr","current_permit":true,"point":[-94.57300561346167,39.04734799957309]}},{"type":"Feature","geometry":{"type":"Polygon","coordinates":[[[-94.57336438413712,39.0472088307272],[-94.57324794982182,39.04720535736634],[-94.57324777617505,39.047208400062786],[-94.57323956461735,39.047354706250516],[-94.57323178548785,39.04749357529902],[-94.57334813281479,39.04749688799208],[-94.57335600050199,39.047358041761186],[-94.57336421196246,39.047211873422874],[-94.57336438413712,39.0472088307272]]]},"properties":{"parcel":"139005","address":"1008 E 44th St","owner":"At 1016 Vr LLC","current_permit":true,"point":[-94.57330188642356,39.0472832898367]}},{"type":"Feature","geometry":{"type":"Polygon","coordinates":[[[-94.57437565031056,39.047239284831015],[-94.57398297407252,39.04722722464264],[-94.57397971768204,39.047227134612484],[-94.57397522831342,39.04722718379369],[-94.57396853905477,39.047227302440525],[-94.5739580935751,39.047228476562104],[-94.57394788452243,39.04723056462472],[-94.57393811661056,39.04723361397653],[-94.57392884847546,39.04723757767465],[-94.57392025607885,39.047242365800116],[-94.57391248603578,39.04724788444852],[-94.57390559701001,39.04725411299001],[-94.57389973561743,39.04726095809222],[-94.5738949303248,39.04726828302391],[-94.5738913299746,39.04727601904821],[-94.5738889028808,39.0472840288999],[-94.57388817465497,39.047289154682275],[-94.57388770931536,39.04729242694538],[-94.57388756548596,39.047295195053074],[-94.57388342057762,39.0473731082781],[-94.57388735334611,39.04737322019134],[-94.57436750191002,39.04738694045725],[-94.57437565031056,39.047239284831015]]]},"properties":{"parcel":"139030","address":"4346 Harrison St","owner":"Myer Family Trust Dated 10-13-2022","current_permit":true,"point":[-94.57412795405007,39.04733415166559]}},{"type":"Feature","geometry":{"type":"Polygon","coordinates":[[[-94.57481377801382,39.048225240446875],[-94.57480990461625,39.04822512852685],[-94.57432197353486,39.04821059018917],[-94.5743162717791,39.04831381010538],[-94.57432020460043,39.048313922003935],[-94.57480825327117,39.04832868793797],[-94.57481377801382,39.048225240446875]]]},"properties":{"parcel":"139039","address":"4319 Campbell St","owner":"Mitchell Patrick","current_permit":true,"point":[-94.57456506547598,39.048269525276126]}},{"type":"Feature","geometry":{"type":"Polygon","coordinates":[[[-94.57551615806447,39.04811058869456],[-94.57503521064207,39.048096163794874],[-94.57503130864184,39.04809605190059],[-94.57502405675183,39.04823148857658],[-94.57550975738592,39.048246093491656],[-94.57551188189825,39.048201382278044],[-94.57551615806447,39.04811058869456]]]},"properties":{"parcel":"139052","address":"4326 Campbell St","owner":"Engelbert Bo J","current_permit":true,"point":[-94.57527105975447,39.048155985486304]}},{"type":"Feature","geometry":{"type":"Polygon","coordinates":[[[-94.57446580787872,39.04557869111369],[-94.57398573248334,39.04556643557559],[-94.57398179983873,39.045566346546416],[-94.57397440320213,39.0457046434214],[-94.57397827646076,39.04570475536937],[-94.57445430558198,39.04571820332749],[-94.57445817884205,39.04571831525952],[-94.57446580787872,39.04557869111369]]]},"properties":{"parcel":"139132","address":"4442 Harrison St","owner":"Sas Properties LLC","current_permit":true,"point":[-94.5742200691386,39.045641667267546]}},{"type":"Feature","geometry":{"type":"Polygon","coordinates":[[[-94.57330289923006,39.04623251793772],[-94.57330275251913,39.046232518029946],[-94.57283376171502,39.04621851126581],[-94.57283148635643,39.04625935509621],[-94.57282800006257,39.04632250856128],[-94.5732930307547,39.046336906811916],[-94.57329696346483,39.046337018745156],[-94.57330289923006,39.04623251793772]]]},"properties":{"parcel":"139152","address":"4422 Troost Ave","owner":"Gizmoing LLC","current_permit":true,"point":[-94.5730646622319,39.04629093182875]}},{"type":"Feature","geometry":{"type":"Polygon","coordinates":[[[-94.57331050768592,39.04609840818938],[-94.57284116660168,39.0460853169107],[-94.57283376171502,39.04621851126581],[-94.57330275251913,39.046232518029946],[-94.57330289923006,39.04623251793772],[-94.57330863429014,39.046131151937864],[-94.57331050768592,39.04609840818938]]]},"properties":{"parcel":"139153","address":"4424 Troost Ave","owner":"Gizmoing LLC","current_permit":true,"point":[-94.57307117653073,39.04617483160184]}},{"type":"Feature","geometry":{"type":"Polygon","coordinates":[[[-94.58180831077154,39.048383318920095],[-94.58125860726777,39.04836640465737],[-94.58124510114118,39.0486665198433],[-94.58133994120105,39.048668970640286],[-94.58132812907003,39.04893634208502],[-94.58132956820307,39.04893684503312],[-94.58136787370047,39.04894770904837],[-94.58140817214048,39.04895710785504],[-94.58145451678057,39.04896650299753],[-94.58149815904133,39.04897537260535],[-94.58154382872938,39.0489846989692],[-94.58158791294592,39.04899384337712],[-94.58163237745185,39.04900195786213],[-94.58164493823813,39.04900355073259],[-94.58165764455605,39.049004113859766],[-94.58167037905811,39.04900367020665],[-94.58168293631478,39.04900219760824],[-94.58169525766263,39.04899971669853],[-94.58170722505031,39.04899627618212],[-94.5817186353006,39.04899189851037],[-94.58172942760355,39.0489866512247],[-94.58173945600295,39.04898055788042],[-94.58174863254783,39.04897368718208],[-94.5817568700473,39.04896613071452],[-94.58176407832421,39.04895793487501],[-94.5817701717065,39.04894923586505],[-94.58177509006708,39.048940056607904],[-94.58177874702962,39.048930558474495],[-94.58178114269944,39.04892083241645],[-94.5817819269991,39.04891392126566],[-94.58178227571543,39.048910969958335],[-94.58178241886976,39.0489078809378],[-94.58180831077154,39.048383318920095]]]},"properties":{"parcel":"139214","address":"4315 Oak St","owner":"39th Street LLC","current_permit":true,"point":[-94.58156148944548,39.04878842578904]}},{"type":"Feature","geometry":{"type":"Polygon","coordinates":[[[-94.56897297847554,39.07831501033267],[-94.56896910341992,39.07831487533997],[-94.56894582377559,39.07831411115985],[-94.56842310345444,39.078296228826325],[-94.56841922766698,39.07829609381575],[-94.56841764416289,39.078328242235116],[-94.56841464895321,39.07838805491243],[-94.56841852401126,39.07838818935156],[-94.56894112903392,39.078406049464526],[-94.56896816565656,39.07840699332578],[-94.56897297847554,39.07831501033267]]]},"properties":{"parcel":"13923","address":"2626 Tracy Ave","owner":"Vision 20/20 Properties LLC","current_permit":true,"point":[-94.56869343395738,39.07835814857377]}},{"type":"Feature","geometry":{"type":"Polygon","coordinates":[[[-94.57397891576943,39.04277373334085],[-94.57397504411345,39.042773597938826],[-94.57351273239844,39.04275714253889],[-94.57350883066992,39.04275700714036],[-94.57350191210674,39.042875923044186],[-94.57350110478983,39.042889652101834],[-94.57350090341163,39.04289351967539],[-94.57350477653915,39.04289365394815],[-94.57396705819293,39.04290997382859],[-94.57397096066362,39.04291010863929],[-94.57397891576943,39.04277373334085]]]},"properties":{"parcel":"139350","address":"4617 Harrison St","owner":"Swanson Josiah And Mary","current_permit":true,"point":[-94.57374041005099,39.04282482819252]}},{"type":"Feature","geometry":{"type":"Polygon","coordinates":[[[-94.57398698774873,39.042636214490784],[-94.57351643389313,39.0426192815453],[-94.57350883066992,39.04275700714036],[-94.57351273239844,39.04275714253889],[-94.57397504411345,39.042773597938826],[-94.57397891576943,39.04277373334085],[-94.57398698774873,39.042636214490784]]]},"properties":{"parcel":"139351","address":"4621 Harrison St","owner":"Swanson Josiah & Mary","current_permit":true,"point":[-94.5737478037675,39.04269661081557]}},{"type":"Feature","geometry":{"type":"Polygon","coordinates":[[[-94.58486569463207,39.048783288385],[-94.5848618204004,39.04878313103764],[-94.58483992857681,39.04878227748974],[-94.58483984128071,39.048782277553244],[-94.58436363947017,39.048765919914864],[-94.58436352283084,39.04876591999924],[-94.58435964862777,39.048765784944045],[-94.58435168354387,39.04890282435612],[-94.58435561644099,39.04890295936916],[-94.58483221432988,39.04891972860746],[-94.5848580237163,39.048920739472855],[-94.58486405695507,39.048813057042814],[-94.58486569463207,39.048783288385]]]},"properties":{"parcel":"139369","address":"4310 Warwick Blvd","owner":"Englert Luke & Bangert Reid H","current_permit":true,"point":[-94.58460791725405,39.04885794069946]}},{"type":"Feature","geometry":{"type":"Polygon","coordinates":[[[-94.5644670732374,39.07977447190017],[-94.5648183492335,39.07978599555777],[-94.56482281111411,39.07968948255856],[-94.5644723136324,39.079678070027406],[-94.5644670732374,39.07977447190017]]]},"properties":{"parcel":"13962","address":"2533 Flora Ave","owner":"Maudlin Nathan","current_permit":true,"point":[-94.56464511489557,39.079731977229365]}},{"type":"Feature","geometry":{"type":"Polygon","coordinates":[[[-94.5860282263645,39.03519545022788],[-94.585860289292,39.0351890763454],[-94.5855539610737,39.03517747197277],[-94.5855466425555,39.03531231531238],[-94.58602125941421,39.03533036198001],[-94.5860282263645,39.03519545022788]]]},"properties":{"parcel":"140232","address":"5037 Walnut St","owner":"Moonbeam Hill LLC","current_permit":true,"point":[-94.58578751139908,39.035253882770135]}},{"type":"Feature","geometry":{"type":"Polygon","coordinates":[[[-94.5851458741721,39.038207847405424],[-94.5849592098626,39.03820043280534],[-94.58503970445433,39.03838621307514],[-94.58513767216397,39.038390328249285],[-94.58513781512498,39.03838721691034],[-94.5851458741721,39.038207847405424]]]},"properties":{"parcel":"140241","address":"115 E 49th St","owner":"Stephens Susanne","current_permit":true,"point":[-94.5850714653257,39.03829703024029]}},{"type":"Feature","geometry":{"type":"Polygon","coordinates":[[[-94.5857609279755,39.038252221138634],[-94.58564004677639,39.03824752726469],[-94.58563011843225,39.03840790700158],[-94.58562994620975,39.038411064696504],[-94.58574986064941,39.038416101933336],[-94.5857500916551,39.03841303571874],[-94.5857609279755,39.038252221138634]]]},"properties":{"parcel":"140243","address":"103 E 49th St","owner":"Sahley Joshua & Julie","current_permit":true,"point":[-94.58569530996428,39.03833006407011]}},{"type":"Feature","geometry":{"type":"Polygon","coordinates":[[[-94.58564004677639,39.03824752726469],[-94.58551746315136,39.03824278989577],[-94.58551729005218,39.038245832614585],[-94.58550762202285,39.03840273424884],[-94.58550745055665,39.03840591539597],[-94.58562994620975,39.038411064696504],[-94.58563011843225,39.03840790700158],[-94.58564004677639,39.03824752726469]]]},"properties":{"parcel":"140244","address":"105 E 49th St","owner":"Sahley Joshua & Julie","current_permit":true,"point":[-94.58557382327061,39.03832513075676]}},{"type":"Feature","geometry":{"type":"Polygon","coordinates":[[[-94.59512877901476,39.04612747783302],[-94.59500923353362,39.0461233423052],[-94.59499665928237,39.04637442465162],[-94.59499674733972,39.046374447460785],[-94.59511626472604,39.04637865109466],[-94.59512877901476,39.04612747783302]]]},"properties":{"parcel":"140378","address":"712 W 45th St","owner":"Rodney D Adams Trust Dated 08/31/2021","current_permit":true,"point":[-94.59506273500605,39.046250951242314]}},{"type":"Feature","geometry":{"type":"Polygon","coordinates":[[[-94.59927260431677,39.048922357829255],[-94.5988148538411,39.048904487588686],[-94.59881098030644,39.048904330704104],[-94.5988072017063,39.048972839283444],[-94.59880597249274,39.04899567545068],[-94.5988098460324,39.048995832335436],[-94.59926759706447,39.049013679713745],[-94.59926885694092,39.04899084408772],[-94.59927260431677,39.048922357829255]]]},"properties":{"parcel":"140588","address":"4321 Jarboe St","owner":"Rodrigo Palominos","current_permit":true,"point":[-94.59903990853854,39.04894759855635]}},{"type":"Feature","geometry":{"type":"Polygon","coordinates":[[[-94.59993119446496,39.04871989446519],[-94.59992732093717,39.048719737045616],[-94.59947238747449,39.04870214211371],[-94.59946851541659,39.0487019852497],[-94.59946728357342,39.048723837548884],[-94.59946347700694,39.048792346175176],[-94.59992615747394,39.04881032405157],[-94.5999299928739,39.048741770196145],[-94.59993119446496,39.04871989446519]]]},"properties":{"parcel":"140616","address":"4328 Jarboe St","owner":"Hopkins Caitlin A","current_permit":true,"point":[-94.59969673008591,39.04876705818566]}},{"type":"Feature","geometry":{"type":"Polygon","coordinates":[[[-94.59989067035775,39.04944772443653],[-94.59943182823791,39.04942972027019],[-94.5994279561083,39.04942954052401],[-94.59942529286988,39.0494774553691],[-94.59942297445586,39.04951859717766],[-94.59942687736893,39.04951875401685],[-94.5995396802289,39.04952318821784],[-94.59965638601679,39.04952777914121],[-94.59977300382195,39.04953239347596],[-94.59988571795957,39.04953682684611],[-94.5998880375092,39.04949563983787],[-94.59989067035775,39.04944772443653]]]},"properties":{"parcel":"140622","address":"4308 Jarboe St","owner":"Stewart William & Laura","current_permit":true,"point":[-94.59965665880715,39.049486547603486]}},{"type":"Feature","geometry":{"type":"Polygon","coordinates":[[[-94.6004898276762,39.04778578208204],[-94.60048976825702,39.047785782133225],[-94.60017528521587,39.04777406364009],[-94.60017141103796,39.04777392911002],[-94.60016806461611,39.04783426889656],[-94.60016420024921,39.04790289258201],[-94.60016039379326,39.04797149219184],[-94.60015518608773,39.04806494279585],[-94.60047342657018,39.04807684172449],[-94.60047869397846,39.04798336874632],[-94.6004790355816,39.047976984683366],[-94.60048252793719,39.04791472276889],[-94.60048484770434,39.04787396990222],[-94.6004864220739,39.04784609961955],[-94.6004898276762,39.04778578208204]]]},"properties":{"parcel":"140628","address":"4403 Holly St","owner":"Jkah Properties One LLC","current_permit":true,"point":[-94.60032145230227,39.047943107480364]}},{"type":"Feature","geometry":{"type":"Polygon","coordinates":[[[-94.59932661392186,39.04794991979389],[-94.59886881143913,39.04793287351571],[-94.59886490864724,39.04793274011058],[-94.5988596264525,39.0480166024837],[-94.59932136167967,39.04803382849576],[-94.59932661392186,39.04794991979389]]]},"properties":{"parcel":"140644","address":"4401 Jarboe St","owner":"Johnson Justin","current_permit":true,"point":[-94.5990931267178,39.047983261138796]}},{"type":"Feature","geometry":{"type":"Polygon","coordinates":[[[-94.59941536716534,39.04633161634318],[-94.59895742910018,39.04631507389874],[-94.59895355573776,39.04631493932747],[-94.59895226853835,39.04633873655356],[-94.59894849033462,39.04640733726286],[-94.59895236443404,39.046407470689616],[-94.59941030242526,39.046424058915285],[-94.59941408011981,39.04635541300205],[-94.59941536716534,39.04633161634318]]]},"properties":{"parcel":"140659","address":"4447 Jarboe St","owner":"Patterson Calvin","current_permit":true,"point":[-94.59918128579429,39.046381375132455]}},{"type":"Feature","geometry":{"type":"Polygon","coordinates":[[[-94.59395084627488,39.04584562409451],[-94.5934083730304,39.0458251472168],[-94.59340374137983,39.04591816178721],[-94.59394604004682,39.045938662279355],[-94.59395015933707,39.04585921647485],[-94.59395084627488,39.04584562409451]]]},"properties":{"parcel":"140873","address":"4456 Pennsylvania Ave","owner":"Doughty Daniel J","current_permit":true,"point":[-94.59367692006902,39.04588868913103]}},{"type":"Feature","geometry":{"type":"Polygon","coordinates":[[[-94.59330008532395,39.0438057188907],[-94.59312602590646,39.0438000468114],[-94.5929892028009,39.04379557978943],[-94.59295064610261,39.043794328618695],[-94.5927753543515,39.04378861123629],[-94.59273333598952,39.04378724948657],[-94.59260012133954,39.04378291585267],[-94.59247747070194,39.04377891690511],[-94.5924249176673,39.043777197873645],[-94.59224974339291,39.04377150191705],[-94.59209214520659,39.04376634039147],[-94.59207459845689,39.04376578222127],[-94.59190541016527,39.043760338432314],[-94.59190247480846,39.04381203386699],[-94.5919024281911,39.043812853612295],[-94.59189684576964,39.04391116983942],[-94.59158481860642,39.04390041011256],[-94.59157711158677,39.04405566369919],[-94.5918855309138,39.04406564776541],[-94.59204271891348,39.04407076413148],[-94.59206061789308,39.04407136779024],[-94.59215363374892,39.044074383261005],[-94.59223570486961,39.04407706409931],[-94.5924108505861,39.0440827829799],[-94.59256055636389,39.04408769807561],[-94.59258605577627,39.04408852443117],[-94.59261158379697,39.04408935075843],[-94.59276125946737,39.04409421985861],[-94.59293394127327,39.04409989472335],[-94.59293655200344,39.04409996071389],[-94.59293807784026,39.04410002814087],[-94.59311190321988,39.044105678377974],[-94.59328481831237,39.04411132851204],[-94.59328496101736,39.044108285809195],[-94.59330008532395,39.0438057188907]]]},"properties":{"parcel":"140935","address":"515 W 46th St","owner":"Ma 3 LLC","current_permit":true,"point":[-94.59243595041724,39.04398341676931]}},{"type":"Feature","geometry":{"type":"Polygon","coordinates":[[[-94.60260950145474,39.0480533596591],[-94.60260556860524,39.04805324871444],[-94.60225487570737,39.048042642507866],[-94.6022578893938,39.04805649424515],[-94.60227953909018,39.04815498893703],[-94.60260341636504,39.048167381061944],[-94.60260878774446,39.04806708882143],[-94.60260950145474,39.0480533596591]]]},"properties":{"parcel":"141067","address":"4355 Terrace St","owner":"Hamilton Varonica","current_permit":true,"point":[-94.60243815625759,39.04811103887923]}},{"type":"Feature","geometry":{"type":"Polygon","coordinates":[[[-94.60311877285451,39.04907923221324],[-94.6027338250745,39.04906447110077],[-94.60272995152353,39.04906431491839],[-94.60272240443562,39.04920158285968],[-94.60272630660556,39.049201740161166],[-94.60311128454002,39.04921654760488],[-94.60311374106743,39.04917096670779],[-94.60311877285451,39.04907923221324]]]},"properties":{"parcel":"141091","address":"4322 Terrace St","owner":"Harris Linda Dean","current_permit":true,"point":[-94.60292143325383,39.04912509946051]}},{"type":"Feature","geometry":{"type":"Polygon","coordinates":[[[-94.60314372666011,39.048623400559286],[-94.60313985313152,39.04862324381845],[-94.60275881149177,39.0486086846879],[-94.60275493723123,39.04860852793492],[-94.60275253609002,39.04865248366506],[-94.60274996280026,39.04869914063534],[-94.60313487995828,39.04871387941459],[-94.60313875202547,39.04871403672891],[-94.60314132496096,39.04866731167997],[-94.60314372666011,39.048623400559286]]]},"properties":{"parcel":"141096","address":"4336 Terrace St","owner":"Doppell Kristen","current_permit":true,"point":[-94.60294692882461,39.048659897672515]}},{"type":"Feature","geometry":{"type":"Polygon","coordinates":[[[-94.60353795432451,39.048544844964276],[-94.6031488726139,39.04853001852987],[-94.60314372666011,39.048623400559286],[-94.60314132496096,39.04866731167997],[-94.60353035030185,39.04868220511546],[-94.60353795432451,39.048544844964276]]]},"properties":{"parcel":"141133","address":"4337 Fairmount Ave","owner":"Delich Dianne","current_permit":true,"point":[-94.60334083554686,39.04858412276178]}},{"type":"Feature","geometry":{"type":"Polygon","coordinates":[[[-94.60694949448825,39.04699952536175],[-94.60665071508501,39.04698977710999],[-94.60664681233011,39.04698964339315],[-94.6066422846711,39.04710080291666],[-94.60664621750819,39.04710093660614],[-94.60694696554597,39.047111667514386],[-94.60694949448825,39.04699952536175]]]},"properties":{"parcel":"141300","address":"4432 Bell St","owner":"Carroll John & Annette","current_permit":true,"point":[-94.60679634988526,39.04705016413921]}},{"type":"Feature","geometry":{"type":"Polygon","coordinates":[[[-94.60694446142378,39.04722227490618],[-94.6066416894631,39.047211844438024],[-94.60663781530498,39.04721171069476],[-94.6066334575506,39.04731879725941],[-94.60663738966534,39.0473189303778],[-94.6069420392959,39.047328399281646],[-94.60694446142378,39.04722227490618]]]},"properties":{"parcel":"141302","address":"4428 Bell St","owner":"Carroll John & Annette","current_permit":true,"point":[-94.60678939070735,39.04727053608279]}},{"type":"Feature","geometry":{"type":"Polygon","coordinates":[[[-94.60724197531331,39.04883897250886],[-94.60690844010517,39.048826007789565],[-94.60690593394796,39.04893485446557],[-94.60724099687366,39.048948229070845],[-94.60724197531331,39.04883897250886]]]},"properties":{"parcel":"141328","address":"4337 State Line Rd","owner":"Ashley Lezah LLC","current_permit":true,"point":[-94.60707429187681,39.048886913487216]}},{"type":"Feature","geometry":{"type":"Polygon","coordinates":[[[-94.60725790910286,39.04689950433761],[-94.60695197024302,39.04689006089235],[-94.60694949448825,39.04699952536175],[-94.60725699140727,39.047009608045386],[-94.60725790910286,39.04689950433761]]]},"properties":{"parcel":"141343","address":"4433 State Line Rd","owner":"Walker Prentice & Janine","current_permit":true,"point":[-94.60710405892418,39.04694951484968]}},{"type":"Feature","geometry":{"type":"Polygon","coordinates":[[[-94.60570669914058,39.049818806446005],[-94.60562268331962,39.04981554137851],[-94.60561880968652,39.04981536183928],[-94.60560407763639,39.05008971753661],[-94.60569208406953,39.05009316090404],[-94.60570669914058,39.049818806446005]]]},"properties":{"parcel":"141352","address":"1701 Westport Rd","owner":"Properties Plus","current_permit":true,"point":[-94.60565541724978,39.0499542619913]}},{"type":"Feature","geometry":{"type":"Polygon","coordinates":[[[-94.60638840549461,39.04985390310808],[-94.60612467828165,39.049843595852984],[-94.60612450754073,39.04984666147467],[-94.60610996415923,39.0501095079781],[-94.60637788802418,39.050119971604175],[-94.60638840549461,39.04985390310808]]]},"properties":{"parcel":"141356","address":"1715 Westport Rd","owner":"Properties Plus","current_permit":true,"point":[-94.60625019453886,39.04998170554309]}},{"type":"Feature","geometry":{"type":"Polygon","coordinates":[[[-94.60639570000032,39.049669339247885],[-94.60639182567321,39.049669182043786],[-94.60604695940629,39.04965576758227],[-94.6060448455662,39.04969427860384],[-94.60603718626457,39.0498317310349],[-94.60603670151329,39.04984017394952],[-94.60612467828165,39.049843595852984],[-94.60638840549461,39.04985390310808],[-94.60639570000032,39.049669339247885]]]},"properties":{"parcel":"141357","address":"4311 Bell St","owner":"Properties Plus","current_permit":true,"point":[-94.60621650698864,39.04976300481937]}},{"type":"Feature","geometry":{"type":"Polygon","coordinates":[[[-94.6051331953346,39.0435370081898],[-94.6048438789427,39.043527497884945],[-94.6048400525219,39.04359873016329],[-94.60483788144413,39.043638544894435],[-94.605127902834,39.04364780231638],[-94.6051331953346,39.0435370081898]]]},"properties":{"parcel":"141388","address":"4625 Wyoming St","owner":"Joseph A Pinter Living Trust Dated 8/16/21","current_permit":true,"point":[-94.60498671572009,39.04356786917654]}},{"type":"Feature","geometry":{"type":"Polygon","coordinates":[[[-94.60577556183006,39.04597772828364],[-94.60546983229133,39.04596812059111],[-94.6054656679382,39.04607863852362],[-94.60577205973749,39.046088818220575],[-94.60577556183006,39.04597772828364]]]},"properties":{"parcel":"141424","address":"4509 Genessee St","owner":"Fore Corey & Julie","current_permit":true,"point":[-94.60562077017232,39.04602818340363]}},{"type":"Feature","geometry":{"type":"Polygon","coordinates":[[[-94.60580967706909,39.044889504588376],[-94.60551510161491,39.0448796117486],[-94.60551122758709,39.04487947853971],[-94.6055075565044,39.044975833913554],[-94.60580665204317,39.0449859503368],[-94.60580967706909,39.044889504588376]]]},"properties":{"parcel":"141434","address":"4541 Genessee St","owner":"Rune Properties LLC","current_permit":true,"point":[-94.60565876212985,39.04493266925097]}},{"type":"Feature","geometry":{"type":"Polygon","coordinates":[[[-94.60727751786092,39.04426596280789],[-94.60698646676269,39.04425673455867],[-94.60698511015505,39.04436887568964],[-94.60698443038174,39.044423972959166],[-94.60727219586046,39.04443315961691],[-94.60727606913352,39.04443329276806],[-94.60727654245329,39.04437812704417],[-94.60727751786092,39.04426596280789]]]},"properties":{"parcel":"141532","address":"4605 State Line Rd","owner":"Orozco Michael Seth","current_permit":true,"point":[-94.60713140151172,39.04431741924877]}},{"type":"Feature","geometry":{"type":"Polygon","coordinates":[[[-94.6072784385588,39.044156912138966],[-94.60698774039189,39.04414745475888],[-94.60698646676269,39.04425673455867],[-94.60727751786092,39.04426596280789],[-94.6072784385588,39.044156912138966]]]},"properties":{"parcel":"141533","address":"4607 State Line Rd","owner":"Mitchell Makes LLC","current_permit":true,"point":[-94.60713253281588,39.044206823348816]}},{"type":"Feature","geometry":{"type":"Polygon","coordinates":[[[-94.60201319644253,39.044280982190585],[-94.60200929384592,39.04428084889031],[-94.6016452675368,39.0442689711648],[-94.60164005331464,39.04435683838629],[-94.6016358561273,39.04443779411466],[-94.60163972939212,39.044437928597],[-94.60164991135625,39.04443826293757],[-94.60165343249047,39.04443837427344],[-94.6016569536247,39.04443848560916],[-94.6020044316835,39.044449988795144],[-94.60200827555396,39.04436898702905],[-94.60201319644253,39.044280982190585]]]},"properties":{"parcel":"141576","address":"4548 Mercier St","owner":"Holly Street Investors LLC","current_permit":true,"point":[-94.60182417679752,39.04436291270767]}},{"type":"Feature","geometry":{"type":"Polygon","coordinates":[[[-94.60295169277666,39.043198097171235],[-94.60294782104505,39.04319796330308],[-94.60258799515825,39.043186084807644],[-94.60258409335435,39.04318595152587],[-94.60257899716677,39.04327393253383],[-94.60258290044337,39.043274066386495],[-94.60294290138751,39.04328596762366],[-94.60294677532447,39.04328610149007],[-94.60295169277666,39.043198097171235]]]},"properties":{"parcel":"141617","address":"4632 Terrace St","owner":"Gre Holdings 1 LLC","current_permit":true,"point":[-94.60276538376772,39.04323601485253]}},{"type":"Feature","geometry":{"type":"Polygon","coordinates":[[[-94.60115417264409,39.0449221674211],[-94.60081235623133,39.04491077064326],[-94.60080845360221,39.04491063730286],[-94.60080238929808,39.04502049376021],[-94.60080632127567,39.04502062764748],[-94.60114793355888,39.045032024619566],[-94.60115417264409,39.0449221674211]]]},"properties":{"parcel":"141622","address":"4534 Holly St","owner":"Hund Andrew A","current_permit":true,"point":[-94.60097824187133,39.044971330590656]}},{"type":"Feature","geometry":{"type":"Polygon","coordinates":[[[-94.60144965798129,39.04493204703041],[-94.60115417264409,39.0449221674211],[-94.60114793355888,39.045032024619566],[-94.60144365331837,39.04504188001547],[-94.60144965798129,39.04493204703041]]]},"properties":{"parcel":"141628","address":"4533 Mercier St","owner":"Martin Tyler & Melanie Michelle","current_permit":true,"point":[-94.60129884880399,39.04498203582499]}},{"type":"Feature","geometry":{"type":"Polygon","coordinates":[[[-94.60193329065105,39.045724700308],[-94.60159003299975,39.04571314747786],[-94.60158615893347,39.04571301413866],[-94.60158086827268,39.04580909450133],[-94.60158477095426,39.04580922895984],[-94.60192794327816,39.04582080533255],[-94.60193329065105,39.045724700308]]]},"properties":{"parcel":"141635","address":"4514 Mercier St","owner":"Midden Brian","current_permit":true,"point":[-94.60175706730962,39.04576689740466]}},{"type":"Feature","geometry":{"type":"Polygon","coordinates":[[[-94.6019517137959,39.045395061950664],[-94.60160804628384,39.045383555292155],[-94.6016041722339,39.04538342080948],[-94.601598167808,39.04549327781862],[-94.6016020418623,39.04549341115744],[-94.60194556323016,39.0455049414138],[-94.6019517137959,39.045395061950664]]]},"properties":{"parcel":"141638","address":"4522 Mercier St","owner":"McDaniel James","current_permit":true,"point":[-94.6017749084194,39.04544416988465]}},{"type":"Feature","geometry":{"type":"Polygon","coordinates":[[[-94.60230395039093,39.04540685753252],[-94.6019517137959,39.045395061950664],[-94.60194556323016,39.0455049414138],[-94.60229800579599,39.045516759714054],[-94.60230395039093,39.04540685753252]]]},"properties":{"parcel":"141653","address":"4523 Terrace St","owner":"Sahley Joshua & Julie","current_permit":true,"point":[-94.60212480304972,39.04545589947316]}},{"type":"Feature","geometry":{"type":"Polygon","coordinates":[[[-94.60400924814216,39.040669733104075],[-94.60363919710548,39.040658599719144],[-94.60363532407767,39.04065848875572],[-94.60363078622572,39.04074605806658],[-94.60363465995752,39.04074614557657],[-94.60400479953702,39.040757324658394],[-94.60400924814216,39.040669733104075]]]},"properties":{"parcel":"141833","address":"4804 Liberty St","owner":"Meek Molly M","current_permit":true,"point":[-94.60382003687687,39.04070789558533]}},{"type":"Feature","geometry":{"type":"Polygon","coordinates":[[[-94.60483055169654,39.04201380144381],[-94.60445931624103,39.04200067937556],[-94.60445407952461,39.04211014693034],[-94.60445795120042,39.04211028132064],[-94.60482499203808,39.04212324528001],[-94.60483055169654,39.04201380144381]]]},"properties":{"parcel":"141856","address":"4716 Fairmount Ave","owner":"Melrose Rentals LLC","current_permit":true,"point":[-94.60464224428786,39.04206197418708]}},{"type":"Feature","geometry":{"type":"Polygon","coordinates":[[[-94.60221212995006,39.041367908415516],[-94.60185633412692,39.04135625293251],[-94.60185107672757,39.04145510308502],[-94.60220320532427,39.04146662451146],[-94.6022071378401,39.04146675777916],[-94.60221004592911,39.04140905070261],[-94.60221212995006,39.041367908415516]]]},"properties":{"parcel":"141953","address":"4734 Mercier St","owner":"Capiaghi Alexander & Meghan","current_permit":true,"point":[-94.60203059346796,39.04143207689381]}},{"type":"Feature","geometry":{"type":"Polygon","coordinates":[[[-94.60259238689618,39.040481396594885],[-94.60225818919777,39.04046999790648],[-94.60225376781679,39.04055761339912],[-94.60225037377559,39.04062467977949],[-94.60225014671612,39.040629484971745],[-94.60258437284378,39.04064024241974],[-94.60258796589422,39.040568989218585],[-94.60259238689618,39.040481396594885]]]},"properties":{"parcel":"142042","address":"4807 Terrace St","owner":"Jason Michael Roe & Amanda Marie Roe Living Tr Dtd 11/18/201","current_permit":true,"point":[-94.6024230771879,39.04051950499701]}},{"type":"Feature","geometry":{"type":"Polygon","coordinates":[[[-94.60455462880425,39.03902417638563],[-94.60447073733167,39.03897709339125],[-94.60436447023439,39.03891740065889],[-94.6043382193446,39.03890266594563],[-94.6039906980935,39.03916416148429],[-94.60410029415381,39.039253093978175],[-94.60417196745139,39.03931123963587],[-94.60417586524257,39.03930828394345],[-94.60455462880425,39.03902417638563]]]},"properties":{"parcel":"142195","address":"4910 Westwood Rd","owner":"Roth Shirley A","current_permit":true,"point":[-94.60427251668233,39.03909416893496]}},{"type":"Feature","geometry":{"type":"Polygon","coordinates":[[[-94.60039248043262,39.040455305083626],[-94.60038594878158,39.040318550294586],[-94.5999284323163,39.04030313300228],[-94.59992452994231,39.040302999631855],[-94.59991653716959,39.04044004031704],[-94.59992044028459,39.04044017368708],[-94.60025208309861,39.04045132957957],[-94.60039242211968,39.040456082513074],[-94.60039248043262,39.040455305083626]]]},"properties":{"parcel":"142376","address":"4808 Jarboe St","owner":"Quintero Eduardo","current_permit":true,"point":[-94.6001544650689,39.04037929530581]}},{"type":"Feature","geometry":{"type":"Polygon","coordinates":[[[-94.59917506908748,39.03956387613445],[-94.59915322903281,39.039492139549374],[-94.59912855799864,39.03941111628156],[-94.59906338962534,39.03919698330024],[-94.59906145435286,39.03919778577623],[-94.59905142643072,39.03920216512105],[-94.59904148601363,39.039206703413136],[-94.59903175342683,39.039211425147364],[-94.59902216562205,39.0392163526862],[-94.59901272546925,39.03922144026541],[-94.59900346233964,39.03922671074096],[-94.59899434469344,39.03923216413974],[-94.59898540407033,39.03923780043499],[-94.59897666904419,39.03924359672159],[-94.59896811030764,39.03924957590534],[-94.59895972849833,39.03925566934297],[-94.59895155088284,39.03926196853513],[-94.59894355022655,39.039268404862156],[-94.59893578450564,39.0392750005838],[-94.59892822508485,39.03928173455957],[-94.59892086976129,39.039288605075306],[-94.5989137500748,39.03929561210425],[-94.59890680661566,39.03930275741291],[-94.5989001273986,39.03931003863865],[-94.5988937116934,39.03931745807019],[-94.59888747361644,39.03932496830246],[-94.5988814997833,39.0393326155959],[-94.59887578939674,39.03934035418944],[-94.59887025450271,39.03934822991948],[-94.59886504320099,39.039356196898694],[-94.59886003740085,39.03936425522717],[-94.5988552950803,39.039372428308795],[-94.59885084844723,39.03938066921038],[-94.59884663442219,39.03938897798544],[-94.59884625412667,39.03938977914011],[-94.59884525942589,39.039391815813374],[-94.59883521536004,39.03955311196539],[-94.5989974109105,39.039558237032985],[-94.59917506908748,39.03956387613445]]]},"properties":{"parcel":"142407","address":"1002 Ward Pkwy","owner":"Kokc LLC","current_permit":true,"point":[-94.59898555481065,39.03937654875959]}},{"type":"Feature","geometry":{"type":"Polygon","coordinates":[[[-94.60035017081402,39.04086898219434],[-94.59989247525556,39.04085443324905],[-94.59988551485816,39.04097461094176],[-94.59988938786464,39.04097469857676],[-94.60034399949593,39.04098693864175],[-94.60035017081402,39.04086898219434]]]},"properties":{"parcel":"142459","address":"1100 W 48th St","owner":"Douglas J Hannah Properties LLC","current_permit":true,"point":[-94.60011799068815,39.04092179656805]}},{"type":"Feature","geometry":{"type":"Polygon","coordinates":[[[-94.6006431429529,39.040878271691696],[-94.60040674005016,39.04087074110557],[-94.60039986497789,39.04098840013766],[-94.60039344725769,39.04109805102391],[-94.60039732103814,39.04109816209428],[-94.60063081821615,39.04110441387435],[-94.60063679400301,39.04099476335662],[-94.6006431429529,39.040878271691696]]]},"properties":{"parcel":"142461","address":"1114 W 48th St","owner":"The Charles LLC","current_permit":true,"point":[-94.60052161218984,39.04093333591467]}},{"type":"Feature","geometry":{"type":"Polygon","coordinates":[[[-94.599346127381,39.03718207694174],[-94.59934222251978,39.037180043864275],[-94.59892002596816,39.036958000555096],[-94.59891615050013,39.036955989175254],[-94.59878093587731,39.03721255384512],[-94.5987858353623,39.03721357933793],[-94.59879211671887,39.03721515280263],[-94.59879833895214,39.03721693224545],[-94.59880444408607,39.037218894262544],[-94.59881043292037,39.037221086331265],[-94.59881633249505,39.0372234380698],[-94.59881818199578,39.037224283097515],[-94.59882144133468,39.037225744144045],[-94.59882593244276,39.03722793748079],[-94.59916749007574,39.037395227559834],[-94.599346127381,39.03718207694174]]]},"properties":{"parcel":"142531","address":"4975 Ward Pkwy","owner":"Graham Larissa","current_permit":true,"point":[-94.59899385205686,39.037069022209685]}},{"type":"Feature","geometry":{"type":"Polygon","coordinates":[[[-94.6021338154642,39.03180559856636],[-94.60166385449817,39.03178944385707],[-94.60148102214639,39.031783150627675],[-94.60169730953521,39.03220703729708],[-94.6017126111783,39.032198695860906],[-94.60172785378344,39.03219010221168],[-94.60174292016913,39.0321813708564],[-94.6017578388415,39.03217243427146],[-94.6017725533608,39.03216331538714],[-94.60178712023068,39.032154035891075],[-94.6018014815118,39.032144595833884],[-94.60181566724268,39.032134973452564],[-94.60182967525678,39.032125192201995],[-94.6018434784138,39.032115249245834],[-94.60185710531916,39.032105146275256],[-94.60187052740521,39.03209490791228],[-94.60188374240195,39.03208448553696],[-94.60189678187957,39.03207390257474],[-94.60190958646739,39.03206318367456],[-94.60192221483472,39.03205232649717],[-94.60193463761573,39.032041310475435],[-94.6019468254708,39.03203013334693],[-94.60195877773482,39.032018842590304],[-94.60197055524611,39.03200741412744],[-94.60198209710147,39.03199582684677],[-94.6019933747285,39.03198410193822],[-94.60200447690235,39.0319722622052],[-94.60201534275363,39.03196030998903],[-94.60202594510851,39.031948219000554],[-94.6020363419103,39.031935992049156],[-94.60204650458579,39.03192364975282],[-94.60205643097022,39.03191121671053],[-94.60206366356105,39.03190185207223],[-94.6020794750444,39.031880925616505],[-94.60209508103159,39.03185990667055],[-94.60211039424918,39.03183879645489],[-94.60212550047528,39.03181757372967],[-94.6021338154642,39.03180559856636]]]},"properties":{"parcel":"142816","address":"5219 Sunset Dr","owner":"Lattin Kilma","current_permit":true,"point":[-94.60178714220112,39.031989964392494]}},{"type":"Feature","geometry":{"type":"Polygon","coordinates":[[[-94.5954836918263,39.02440672134099],[-94.5950902267758,39.024392948614505],[-94.59506722495455,39.024805076194724],[-94.59507115580155,39.02480521027718],[-94.59546066255288,39.024818552138534],[-94.5954836918263,39.02440672134099]]]},"properties":{"parcel":"142996","address":"600 W 57th St","owner":"Serrano Lindsey A","current_permit":true,"point":[-94.59527544774642,39.02460589876786]}},{"type":"Feature","geometry":{"type":"Polygon","coordinates":[[[-94.5849813928938,39.034308209223795],[-94.58497752165204,39.034308051305366],[-94.5847066959043,39.0342974250254],[-94.58470092807016,39.03440606852268],[-94.58471853131475,39.03440678792957],[-94.58479968280463,39.03440993229578],[-94.5849757149301,39.03441682921585],[-94.5849813928938,39.034308209223795]]]},"properties":{"parcel":"143567","address":"5115 Grand Ave","owner":"Wilkerson Kurtis P & Watson Terry W","current_permit":true,"point":[-94.58484118044272,39.03435713887323]}},{"type":"Feature","geometry":{"type":"Polygon","coordinates":[[[-94.58568596506922,39.03353708575381],[-94.58520566829404,39.03351851445477],[-94.58519863344875,39.033621872844904],[-94.58520253545736,39.03362203073354],[-94.58567869682138,39.033640329939],[-94.58568596506922,39.03353708575381]]]},"properties":{"parcel":"143588","address":"5134 Grand Ave","owner":"Moores Zachary","current_permit":true,"point":[-94.58544224974389,39.033579479299355]}},{"type":"Feature","geometry":{"type":"Polygon","coordinates":[[[-94.58612446505927,39.034166011800465],[-94.58564847656295,39.034147507790244],[-94.58564439302434,39.03421633725114],[-94.58564235085741,39.03425072881455],[-94.58564622429705,39.03425088613726],[-94.58611825426033,39.03426925522091],[-94.58612032330555,39.034234840176566],[-94.58612446505927,39.034166011800465]]]},"properties":{"parcel":"143594","address":"5117 Walnut St","owner":"Bowman Rebecca","current_permit":true,"point":[-94.58588441838872,39.0341911745258]}},{"type":"Feature","geometry":{"type":"Polygon","coordinates":[[[-94.5867075218474,39.03450954913346],[-94.58628049634757,39.03449281946543],[-94.5862788283361,39.03452041454841],[-94.58627230291152,39.03463075129662],[-94.58669959406615,39.03464752713044],[-94.58670591340974,39.034537144178145],[-94.5867075218474,39.03450954913346]]]},"properties":{"parcel":"143601","address":"5102 Walnut St","owner":"Jankowski Jeffrey & Edith","current_permit":true,"point":[-94.58648915243023,39.03458394773738]}},{"type":"Feature","geometry":{"type":"Polygon","coordinates":[[[-94.58648494432138,39.03220290324068],[-94.58630909285871,39.03219603134078],[-94.58630909291438,39.032196077102626],[-94.58628910807838,39.03255179920953],[-94.58646507638309,39.03255873912305],[-94.58648494437577,39.032202947858494],[-94.58648494432138,39.03220290324068]]]},"properties":{"parcel":"143647","address":"21 E 52nd St","owner":"Dillon Thomas G & Anne C","current_permit":true,"point":[-94.58638705582052,39.03237737353401]}},{"type":"Feature","geometry":{"type":"Polygon","coordinates":[[[-94.58533123145682,39.03093401990079],[-94.58502263451092,39.03092326237234],[-94.58501823394178,39.0309231048409],[-94.58501489030743,39.030923039206925],[-94.58501104671554,39.03092315641285],[-94.585007233467,39.03092350240614],[-94.58500342046439,39.03092405375577],[-94.58499969574399,39.03092483442256],[-94.58499605925095,39.03092579864465],[-94.58499251103737,39.03092698989584],[-94.58498910975155,39.0309283886846],[-94.5849857974244,39.0309299693121],[-94.58498265983857,39.030931711122946],[-94.58497969854099,39.03093368104288],[-94.5849769735345,39.03093576576744],[-94.58497439466413,39.030938009408146],[-94.58497205067285,39.030940413616456],[-94.58496994147714,39.03094290860549],[-94.58496803779732,39.030945541302586],[-94.58496642758617,39.030948265881754],[-94.58496505143724,39.030951081242264],[-94.5849639709298,39.03095396560232],[-94.58496312298979,39.030956917291796],[-94.58496256840897,39.030959869339604],[-94.58496230870828,39.03096286693457],[-94.58496231232435,39.03096588721873],[-94.58496260927231,39.030968884980254],[-94.58496316950833,39.030971881406],[-94.58496402448831,39.03097480954622],[-94.5849651426756,39.03097766885181],[-94.5849665248584,39.030980505084145],[-94.58496817016635,39.03098320383905],[-94.58497008012172,39.030985811449334],[-94.58497219607818,39.03098834912258],[-94.58497372340652,39.03098990391535],[-94.58497527998861,39.030991390043866],[-94.58498324038851,39.030999438342825],[-94.58499099410932,39.0310076011966],[-94.58499848470679,39.031015901527354],[-94.5850057994277,39.031024316390564],[-94.58501285029185,39.03103286873136],[-94.58501963651094,39.03104151278845],[-94.58502624761415,39.03105029425853],[-94.58503256546969,39.03105916746583],[-94.58503864953818,39.031068178700956],[-94.58504446819843,39.03107725705607],[-94.58505005304549,39.031086451702244],[-94.58505537465831,39.03109569172994],[-94.58506043244122,39.031105092116505],[-94.58506525409875,39.03111451555597],[-94.5850697832688,39.03112405361332],[-94.58507404847089,39.031133637052875],[-94.58507807983115,39.03114331333072],[-94.5850818156871,39.031153035013816],[-94.58508526046717,39.031162825551974],[-94.58508843983948,39.031172684354445],[-94.58509138528726,39.031182567352474],[-94.58509403748607,39.03119254208817],[-94.58509568940141,39.031199519575786],[-94.58509583679388,39.03120011380117],[-94.5850974267325,39.031205558309665],[-94.58509851728661,39.03120921846763],[-94.58510125695264,39.03121935216196],[-94.58510373417366,39.03122957871557],[-94.58510591730152,39.03123980491166],[-94.5851078364611,39.031250077062204],[-94.58510946228888,39.03126037230767],[-94.58511082412068,39.031270690626656],[-94.58511189191375,39.03128105435003],[-94.58511266778791,39.0312913965495],[-94.5851131789042,39.03130173837009],[-94.58511330168199,39.03130626871039],[-94.58511723287164,39.03130640369973],[-94.58530375891003,39.03131331421069],[-94.58533102905855,39.03093708552554],[-94.58533123145682,39.03093401990079]]]},"properties":{"parcel":"143685","address":"50 E 53rd St","owner":"Vessell Joseph R & Jessica L","current_permit":true,"point":[-94.5851926707125,39.03111928458465]}},{"type":"Feature","geometry":{"type":"Polygon","coordinates":[[[-94.58842747521274,39.03415037708131],[-94.58798170284909,39.0341325003489],[-94.58797783161255,39.0341323442461],[-94.5879744251737,39.034201240775964],[-94.58797101864326,39.03427006866212],[-94.5879748921188,39.03427024993249],[-94.58842022534333,39.0342881716409],[-94.58842386384924,39.034219273779236],[-94.58842747521274,39.03415037708131]]]},"properties":{"parcel":"143796","address":"5119 Baltimore Ave","owner":"Dial David & Shanel","current_permit":true,"point":[-94.58819915769186,39.0342102572776]}},{"type":"Feature","geometry":{"type":"Polygon","coordinates":[[[-94.58947261486664,39.02969211074083],[-94.58948843690378,39.02969270094562],[-94.58966448669884,39.029699269880936],[-94.58984050716165,39.02970581569214],[-94.58986107695232,39.029339635758035],[-94.58986124840571,39.02933661533844],[-94.58968528823166,39.02933004663043],[-94.58950921004443,39.029323500628465],[-94.58949307072925,39.02961036023818],[-94.58947724363804,39.029609818659935],[-94.58947261486664,39.02969211074083]]]},"properties":{"parcel":"143863","address":"148 W 54th St","owner":"Sweeny Timothy J Trust 03/25/2013","current_permit":true,"point":[-94.5896770950248,39.029474727208985]}},{"type":"Feature","geometry":{"type":"Polygon","coordinates":[[[-94.58760508267672,39.02808035872508],[-94.5876011795016,39.02808020148946],[-94.587433671198,39.02807376032086],[-94.58743349896723,39.02807682650014],[-94.58741373149871,39.028414198347974],[-94.58758508498784,39.02842068299151],[-94.58760508267672,39.02808035872508]]]},"properties":{"parcel":"144011","address":"5421 Main St","owner":"Emily Catherine M","current_permit":true,"point":[-94.58750939305267,39.028247278536526]}},{"type":"Feature","geometry":{"type":"Polygon","coordinates":[[[-94.58388878554915,39.023413265793586],[-94.58343513652902,39.02339812300997],[-94.58342714322019,39.023535277381235],[-94.583880822394,39.023550374411585],[-94.58388317906548,39.023509231553334],[-94.58388878554915,39.023413265793586]]]},"properties":{"parcel":"144370","address":"5708 Oak St","owner":"Potsy Property LLC","current_permit":true,"point":[-94.58365871994737,39.023461248673456]}},{"type":"Feature","geometry":{"type":"Polygon","coordinates":[[[-94.58623835917349,39.023259988869555],[-94.58623448712132,39.02325987732692],[-94.58569113810634,39.02324382570571],[-94.58568723672323,39.02324371416646],[-94.58567895388818,39.023381006192615],[-94.58617572179332,39.02339562733342],[-94.58623835917349,39.023259988869555]]]},"properties":{"parcel":"144459","address":"5716 Grand Ave","owner":"Buhr John & Erica","current_permit":true,"point":[-94.58594651042938,39.02332049753109]}},{"type":"Feature","geometry":{"type":"Polygon","coordinates":[[[-94.57902128274569,39.026790968403326],[-94.57859964943707,39.02677887407215],[-94.57859346049175,39.02677871921918],[-94.57859023501435,39.0268335207614],[-94.57858557147567,39.026913538680645],[-94.57859164382997,39.026913694184586],[-94.57895372872666,39.02692445600397],[-94.57895762956855,39.02692456776867],[-94.5789622630488,39.02684427528346],[-94.57896384598239,39.026816909135036],[-94.57901676647123,39.02681838287356],[-94.57902128274569,39.026790968403326]]]},"properties":{"parcel":"144685","address":"5510 Holmes St","owner":"Davey Ashton","current_permit":true,"point":[-94.57877392719561,39.02687890698205]}},{"type":"Feature","geometry":{"type":"Polygon","coordinates":[[[-94.58315134253392,39.024575392307945],[-94.58314735378896,39.02457525843712],[-94.58262162188095,39.02455744044132],[-94.58261765420858,39.02462581220884],[-94.58261368438129,39.024694229166904],[-94.58313956393954,39.024712023639424],[-94.58314355415881,39.02471215750946],[-94.58315134253392,39.024575392307945]]]},"properties":{"parcel":"144770","address":"5629 Oak St","owner":"Short Trust Dated 4/20/2021","current_permit":true,"point":[-94.58288109624603,39.024660020687875]}},{"type":"Feature","geometry":{"type":"Polygon","coordinates":[[[-94.58162718963203,39.02225576428426],[-94.58113415334553,39.02223897035912],[-94.58112641889616,39.022376055778665],[-94.58161933804418,39.022392826936716],[-94.58162718963203,39.02225576428426]]]},"properties":{"parcel":"144956","address":"5740 Cherry St","owner":"Lutz Britton Mclean & Schwartze Ellen Teresa","current_permit":true,"point":[-94.58137677828094,39.022315910031466]}},{"type":"Feature","geometry":{"type":"Polygon","coordinates":[[[-94.57973347673871,39.02315291119327],[-94.57972948807866,39.02315277606138],[-94.57927199870225,39.02313734571149],[-94.57926405530944,39.02327449977267],[-94.57972175084561,39.02328988425021],[-94.57972571091396,39.02329001940189],[-94.57973347673871,39.02315291119327]]]},"properties":{"parcel":"145021","address":"5715 Kenwood Ave","owner":"Mayo Jamie L","current_permit":true,"point":[-94.57949880480248,39.02321370548297]}},{"type":"Feature","geometry":{"type":"Polygon","coordinates":[[[-94.57856569770541,39.023376471691634],[-94.5780999940745,39.02336047082554],[-94.57809610960231,39.023429047756096],[-94.57809228378828,39.023497624646446],[-94.57855781315588,39.02351371775598],[-94.57856175650937,39.02344507212858],[-94.57856569770541,39.023376471691634]]]},"properties":{"parcel":"145243","address":"5705 Holmes St","owner":"Haave Megan Nicole","current_permit":true,"point":[-94.57832893971715,39.02343705994234]}},{"type":"Feature","geometry":{"type":"Polygon","coordinates":[[[-94.56084115127665,39.02752092446289],[-94.56036260395666,39.02750426402571],[-94.5603541552768,39.027641828827086],[-94.56082950657897,39.02765823984618],[-94.56083340745262,39.02765837452582],[-94.56084115127665,39.02752092446289]]]},"properties":{"parcel":"145665","address":"5429 Garfield Ave","owner":"Armbruster Madison F","current_permit":true,"point":[-94.5605978067291,39.02758137664499]}},{"type":"Feature","geometry":{"type":"Polygon","coordinates":[[[-94.57203228899058,39.027530499531345],[-94.572028416727,39.02753038751747],[-94.57155159901214,39.027514526414066],[-94.57154781399707,39.02751439144972],[-94.57154769592593,39.02751439152214],[-94.57154161076542,39.02761724523826],[-94.57154175743786,39.02761724514831],[-94.57154548305549,39.02761737957721],[-94.57202611570074,39.027633261230704],[-94.57203228899058,39.027530499531345]]]},"properties":{"parcel":"146410","address":"5440 Tracy Ave","owner":"Oehm Leah L","current_permit":true,"point":[-94.57178693013333,39.02757387233983]}},{"type":"Feature","geometry":{"type":"Polygon","coordinates":[[[-94.56732965704467,39.028061881373574],[-94.56676201275542,39.028042690151224],[-94.56675813971762,39.02804255565391],[-94.56675663783803,39.02806756484582],[-94.56675591600681,39.02807982946085],[-94.56675360657084,39.02811952869977],[-94.56675069089778,39.02816886231913],[-94.56675459181098,39.028168997372745],[-94.5673221783957,39.02818814290184],[-94.56732965704467,39.028061881373574]]]},"properties":{"parcel":"146702","address":"5417 Paseo","owner":"The Five Js Real Property LLC","current_permit":true,"point":[-94.56704108976092,39.02809967908031]}},{"type":"Feature","geometry":{"type":"Polygon","coordinates":[[[-94.56979153694044,39.02585047521204],[-94.56978766474947,39.025850340242684],[-94.56976522366026,39.02584957571217],[-94.56931235349462,39.02583385243438],[-94.56931160415647,39.02584751282607],[-94.5693063259575,39.02593881050868],[-94.5697594308866,39.02595469440789],[-94.56978178471786,39.02595543553867],[-94.56978571484939,39.02595557104556],[-94.56978848226751,39.025905368515645],[-94.56979153694044,39.02585047521204]]]},"properties":{"parcel":"146970","address":"5528 Lydia Ave","owner":"Russell Roderic","current_permit":true,"point":[-94.56954992786036,39.02587792186384]}},{"type":"Feature","geometry":{"type":"Polygon","coordinates":[[[-94.5728548563458,39.02147206371833],[-94.57241761997324,39.02145824183328],[-94.57241371941777,39.02145810639652],[-94.57240794864754,39.02155185343162],[-94.57241182060946,39.02155198888633],[-94.57284940947171,39.021565741929585],[-94.5728548563458,39.02147206371833]]]},"properties":{"parcel":"147287","address":"5805 Forest Ave","owner":"Skys the Limit Properties LLC","current_permit":true,"point":[-94.57263147056358,39.021511958574976]}},{"type":"Feature","geometry":{"type":"Polygon","coordinates":[[[-94.57126840515282,39.0205930403834],[-94.57124332648556,39.020592162770285],[-94.5712432670891,39.02059216280655],[-94.57079392304972,39.02057815917732],[-94.57079002185854,39.020578070020626],[-94.57078194662841,39.02071609255615],[-94.57078581851835,39.02071620461187],[-94.57123484149402,39.020730187302846],[-94.5712601269739,39.02073104076637],[-94.57126635784435,39.020627408900175],[-94.57126840515282,39.0205930403834]]]},"properties":{"parcel":"147297","address":"5830 Virginia Ave","owner":"Devinney Laura J","current_permit":true,"point":[-94.57102411635415,39.02067175072816]}},{"type":"Feature","geometry":{"type":"Polygon","coordinates":[[[-94.56709872920084,39.02030032531461],[-94.56661773576451,39.02028270802663],[-94.5666138059535,39.02028257298462],[-94.56660838085529,39.02037922601631],[-94.56660454524355,39.02044823674211],[-94.56660376552506,39.020462057313566],[-94.56660763814948,39.02046219238854],[-94.5670885455382,39.02047980976672],[-94.56709321892312,39.020396932083315],[-94.56709872920084,39.02030032531461]]]},"properties":{"parcel":"147354","address":"5831 Wayne Ave","owner":"Gatts Michael R","current_permit":true,"point":[-94.56685080634429,39.02038807904981]}},{"type":"Feature","geometry":{"type":"Polygon","coordinates":[[[-94.58925599273515,39.107747838217215],[-94.5891674457522,39.10774513798554],[-94.58913922230715,39.107744266650215],[-94.58912430153444,39.108069160508855],[-94.58912817825609,39.108069294829164],[-94.58915252454692,39.10807016855993],[-94.58924104390906,39.10807334988956],[-94.58924298699091,39.10803058388299],[-94.58924898989262,39.107900274518514],[-94.58925499190626,39.10776927815973],[-94.58925599273515,39.107747838217215]]]},"properties":{"parcel":"148458","address":"426 W 5th St","owner":"Kraley Properties LLC","current_permit":true,"point":[-94.58918752692182,39.10796542920075]}},{"type":"Feature","geometry":{"type":"Polygon","coordinates":[[[-94.58959543761816,39.10775821735775],[-94.58925599273515,39.107747838217215],[-94.58925499190626,39.10776927815973],[-94.58924898989262,39.107900274518514],[-94.58924298699091,39.10803058388299],[-94.58924104390906,39.10807334988956],[-94.58923687039014,39.10816331982486],[-94.58923066725222,39.108298480607104],[-94.58956973303813,39.1083094778883],[-94.58957599562622,39.10817539243369],[-94.58958219982264,39.10804217705748],[-94.58958837613245,39.10791014977746],[-94.58959440792913,39.10777997708248],[-94.58959543761816,39.10775821735775]]]},"properties":{"parcel":"148459","address":"425 Washington St","owner":"QMR Landmark Lofts, LLC","current_permit":true,"point":[-94.5894156600637,39.10797036683023]}},{"type":"Feature","geometry":{"type":"Polygon","coordinates":[[[-94.58589336796287,39.109856986464216],[-94.58587418179411,39.109801583091546],[-94.58576655074808,39.10949041682833],[-94.58568287184751,39.109507821890894],[-94.58567247806783,39.1095100031911],[-94.58560336143255,39.10952435436796],[-94.58571028700985,39.10983494928265],[-94.58571031646152,39.109835017902945],[-94.58573067953975,39.10989170175328],[-94.58589336796287,39.109856986464216]]]},"properties":{"parcel":"148499","address":"116 W 3rd St","owner":"Kilkinnikin Tumbleweeds LLC","current_permit":true,"point":[-94.58573865829183,39.10966296872975]}},{"type":"Feature","geometry":{"type":"Polygon","coordinates":[[[-94.5859973750726,39.11015769823505],[-94.58593377426753,39.10997392199728],[-94.58591473442235,39.10991874790308],[-94.58567473718321,39.109969033139635],[-94.58559789826361,39.10998512834425],[-94.58552599416471,39.110000167940285],[-94.58546186855136,39.11001357783618],[-94.58549894780856,39.11012408763752],[-94.58549906578006,39.11012449883067],[-94.58549942026505,39.11012559684186],[-94.58549968473334,39.11012632882868],[-94.58550036207608,39.1101284785409],[-94.58550089417142,39.11013012612941],[-94.58550224981454,39.11013461031442],[-94.5855043435434,39.11014229610487],[-94.58550614508287,39.110150005562254],[-94.58550771102222,39.11015778383432],[-94.58550895393348,39.11016558465194],[-94.5855099611345,39.110173363333786],[-94.58551067622876,39.11018123432446],[-94.58551106750517,39.11018908209998],[-94.58551122383155,39.11019692947578],[-94.58551105691026,39.110204618068174],[-94.58552750306914,39.11025295281458],[-94.58562965770234,39.11023225378374],[-94.58567941961334,39.11022218119926],[-94.58575590630643,39.11020665821677],[-94.5857611913654,39.11020557836664],[-94.58583289212164,39.11019104272199],[-94.58590914387912,39.11017558673776],[-94.5859973750726,39.11015769823505]]]},"properties":{"parcel":"148501","address":"201 Wyandotte St","owner":"QMR Art Space Lofts LLC","current_permit":true,"point":[-94.5857235144554,39.11006883273685]}},{"type":"Feature","geometry":{"type":"Polygon","coordinates":[[[-94.58540852281138,39.11007637797767],[-94.58536378398738,39.10994606025666],[-94.58535332141032,39.10991561377215],[-94.58534898910939,39.10990307891975],[-94.58486854815885,39.11000078624162],[-94.58486467246425,39.11000158988562],[-94.5848689459222,39.11001410306205],[-94.58492388168041,39.110174616000926],[-94.58492775741126,39.11017383523561],[-94.58540852281138,39.11007637797767]]]},"properties":{"parcel":"148507","address":"210 Delaware St","owner":"QMR Delaware Lofts LLC","current_permit":true,"point":[-94.58513871794985,39.11004524051986]}},{"type":"Feature","geometry":{"type":"Polygon","coordinates":[[[-94.58515041637384,39.108282450183246],[-94.58504072645474,39.1079640995718],[-94.58495249845947,39.10798196504538],[-94.5850621580162,39.10830040613973],[-94.58510659622266,39.10829136559448],[-94.58515041637384,39.108282450183246]]]},"properties":{"parcel":"148514","address":"122 W 5th St","owner":"J&M 06 LLC","current_permit":true,"point":[-94.58505144289944,39.10813220761432]}},{"type":"Feature","geometry":{"type":"Polygon","coordinates":[[[-94.60395063185999,38.97154339371757],[-94.60390737162882,38.9715451706416],[-94.60363810012322,38.97153374067383],[-94.6036379281909,38.97153694419334],[-94.60362015513455,38.97187130050819],[-94.60393667788757,38.97188312375737],[-94.60395063185999,38.97154339371757]]]},"properties":{"parcel":"148661","address":"1105 W 86th Ter","owner":"Meiners Gerard J","current_permit":true,"point":[-94.60378634210687,38.971708235574894]}},{"type":"Feature","geometry":{"type":"Polygon","coordinates":[[[-94.60471359574494,38.96701713113001],[-94.60470972596173,38.96701699674281],[-94.60423606332338,38.96700147198292],[-94.60423216350138,38.96700133875075],[-94.60421700395365,38.96723641151892],[-94.60470186950886,38.967254899145644],[-94.60471359574494,38.96701713113001]]]},"properties":{"parcel":"149223","address":"8900 Holly St","owner":"Breeden Jolene L","current_permit":true,"point":[-94.6044661315126,38.96712677132446]}},{"type":"Feature","geometry":{"type":"Polygon","coordinates":[[[-94.5514829447811,39.01100071826623],[-94.55147904409068,39.01100056096418],[-94.55100289480563,39.01097965031478],[-94.55099902271064,39.010979491268095],[-94.55099751889098,39.011006994938334],[-94.55099615739009,39.01103154803585],[-94.55099129415022,39.01111938933774],[-94.55147172554483,39.011140389668846],[-94.55147559766542,39.01114057043677],[-94.55148138278584,39.011030648502754],[-94.55148152761565,39.01102815383323],[-94.5514815563959,39.01102739874613],[-94.5514829447811,39.01100071826623]]]},"properties":{"parcel":"1496","address":"6331 Agnes Ave","owner":"Urton Robin E","current_permit":true,"point":[-94.55123637484932,39.0110754686868]}},{"type":"Feature","geometry":{"type":"Polygon","coordinates":[[[-94.58712868013546,38.970595422844646],[-94.58712750281954,38.9705914418232],[-94.5871157571885,38.97055076839429],[-94.58708140596102,38.97043206349548],[-94.58660249992369,38.970435371537846],[-94.58660162920086,38.97049117999819],[-94.58660088584988,38.97055410327196],[-94.58660055803645,38.97059901930623],[-94.58712868013546,38.970595422844646]]]},"properties":{"parcel":"149702","address":"8658 Sleepy Hollow Rd","owner":"Garner Kathryn","current_permit":true,"point":[-94.58685420623297,38.97052097419624]}},{"type":"Feature","geometry":{"type":"Polygon","coordinates":[[[-94.58943206674695,38.97030377508732],[-94.58931176820361,38.970158297598864],[-94.58930787194147,38.970159948026904],[-94.58891610741153,38.97032682172437],[-94.58892747123444,38.970342647426975],[-94.58894508786949,38.97036672847556],[-94.58896293818398,38.97039074012762],[-94.588981022825,38.970414613738946],[-94.58899937186632,38.97043837331182],[-94.5890179267143,38.970462041199916],[-94.58903674517221,38.97048554871543],[-94.58905579657825,38.97050898740648],[-94.58907387943478,38.970530802268556],[-94.58909525816918,38.9705162329355],[-94.58913596585938,38.97048869979512],[-94.58917687956833,38.970461279172916],[-94.5892179679052,38.97043406547758],[-94.58925926231899,38.97040701063439],[-94.58930073206426,38.9703801392639],[-94.58943206674695,38.97030377508732]]]},"properties":{"parcel":"149799","address":"110 E Sweeney Blvd","owner":"Walker Trust","current_permit":true,"point":[-94.58914039198706,38.97035468795127]}},{"type":"Feature","geometry":{"type":"Polygon","coordinates":[[[-94.59184746020244,38.967424290870916],[-94.59137130021458,38.96740516984838],[-94.59137107440513,38.96743473254777],[-94.59137004893,38.96754909363404],[-94.59136970610989,38.967601080008926],[-94.59183417260394,38.96762059921941],[-94.59184746020244,38.967424290870916]]]},"properties":{"parcel":"150009","address":"8831 Virginia Ln","owner":"Rank Family Trust Dated 04/22/2025","current_permit":true,"point":[-94.59160672234943,38.96749191309091]}},{"type":"Feature","geometry":{"type":"Polygon","coordinates":[[[-94.59356772032665,38.964296091867965],[-94.59355494118796,38.96429612499384],[-94.59351760294554,38.96429604051266],[-94.59348032228645,38.96429572716121],[-94.59344304135716,38.96429520786707],[-94.59340581874463,38.964294459702124],[-94.5933685372151,38.96429348218822],[-94.59333128545889,38.96429229985162],[-94.59332134868845,38.96429191824481],[-94.59330529805266,38.9646578704417],[-94.59330518560469,38.96466096064036],[-94.59344733938578,38.96466663528168],[-94.59355411520833,38.964670897169704],[-94.59355422917334,38.96466785444812],[-94.59356772032665,38.964296091867965]]]},"properties":{"parcel":"150089","address":"204 W 90th Ter","owner":"Tamara L Grimm Living Trust Dated 03/12/2014","current_permit":true,"point":[-94.59343719321197,38.96447699771777]}},{"type":"Feature","geometry":{"type":"Polygon","coordinates":[[[-94.59145388685161,38.96413977317148],[-94.59144949052035,38.96413970682866],[-94.59101093777166,38.96412989095249],[-94.59100583871844,38.96412978052257],[-94.59099756719046,38.964307917286106],[-94.59100337047728,38.9643080958109],[-94.59145063019956,38.964318912810256],[-94.59145388685161,38.96413977317148]]]},"properties":{"parcel":"150099","address":"9008 Main St","owner":"Lathrop Parker","current_permit":true,"point":[-94.59122691471441,38.964223845228794]}},{"type":"Feature","geometry":{"type":"Polygon","coordinates":[[[-94.59367513719114,38.96467571955675],[-94.59355411520833,38.964670897169704],[-94.59344733938578,38.96466663528168],[-94.59342664320634,38.96502034973909],[-94.59342647138158,38.965023415959934],[-94.59365600141525,38.96503336894294],[-94.59365617252602,38.96503032445949],[-94.59367513719114,38.96467571955675]]]},"properties":{"parcel":"150148","address":"207 W 90th St","owner":"Gersch Taylor","current_permit":true,"point":[-94.59355132355965,38.96484803464792]}},{"type":"Feature","geometry":{"type":"Polygon","coordinates":[[[-94.56853687821855,38.971113062619715],[-94.56806093276946,38.971091648642144],[-94.56805458788014,38.971231273409344],[-94.56853062246991,38.97125145120296],[-94.56853687821855,38.971113062619715]]]},"properties":{"parcel":"150655","address":"8601 Highland Ave","owner":"Walker Prentice & Janine","current_permit":true,"point":[-94.56829574008907,38.97117216801453]}},{"type":"Feature","geometry":{"type":"Polygon","coordinates":[[[-94.57295804729458,38.94858034456179],[-94.57295719746962,38.94858027644912],[-94.57260094743383,38.94855397916992],[-94.57258398295686,38.94855527107259],[-94.57258302444265,38.94856355526617],[-94.57254730177158,38.94887618102159],[-94.57254634398078,38.94888446464191],[-94.57255249711245,38.948884894989746],[-94.57255592506472,38.94888523607818],[-94.57257163309737,38.94888662264318],[-94.5725873699795,38.948888283191486],[-94.57260304842177,38.94889010394303],[-94.57261866858825,38.9488922456387],[-94.57263425963869,38.948894568684615],[-94.57264979225135,38.94889705364988],[-94.57266526651746,38.94889978977152],[-94.57268065311239,38.948902754758535],[-94.57269592342003,38.948905902866215],[-94.57271122104378,38.948909256886445],[-94.57272640467166,38.948912885551096],[-94.57273493297859,38.94891498588719],[-94.57287321260746,38.94894755008517],[-94.57287811978219,38.94893091347172],[-94.57288611924076,38.948903015619024],[-94.57289382631305,38.94887502756717],[-94.5729013282179,38.94884699330822],[-94.572908507771,38.94881893579669],[-94.57291536495055,38.94879083329543],[-94.57292201623153,38.94876268515972],[-94.57292840516108,38.94873444566226],[-94.57293444168353,38.94870616119398],[-94.57294027313345,38.948677921471926],[-94.57294578143198,38.94864959099825],[-94.57295105672972,38.948621215479314],[-94.57295600899226,38.948592861899094],[-94.57295804729458,38.94858034456179]]]},"properties":{"parcel":"151066","address":"9819 Lydia Ave","owner":"Malray Brookxie","current_permit":true,"point":[-94.57274354733264,38.948748565410995]}},{"type":"Feature","geometry":{"type":"Polygon","coordinates":[[[-94.59338428975965,38.960888240019905],[-94.59296550077418,38.960894591548204],[-94.59296550092368,38.96089470595423],[-94.5929662886641,38.96091385749238],[-94.59296695923616,38.96093305431418],[-94.59296721816538,38.96095234298878],[-94.59296715591431,38.96097142598805],[-94.59296688796111,38.96099064643852],[-94.59296629683847,38.96100982138386],[-94.59296547287435,38.96102911092077],[-94.59296417902597,38.961048217782015],[-94.59296323019313,38.96106334303364],[-94.59336531884306,38.96108212789732],[-94.59336540676412,38.96108212782697],[-94.59337480486899,38.96098560669014],[-94.59337786965173,38.96095434904378],[-94.59338428975965,38.960888240019905]]]},"properties":{"parcel":"151572","address":"9222 Wyandotte St","owner":"Kuntzman Katie L","current_permit":true,"point":[-94.59317127856932,38.9609785163391]}},{"type":"Feature","geometry":{"type":"Polygon","coordinates":[[[-94.58989334527836,38.94867415040912],[-94.58933336046898,38.94865439904749],[-94.58931236681654,38.94906339458785],[-94.58931945691238,38.949063755835],[-94.58986840342149,38.949086604733004],[-94.58987543635371,38.94908694253708],[-94.58989305933959,38.94867975654376],[-94.58989334527836,38.94867415040912]]]},"properties":{"parcel":"152094","address":"112 E 99th St","owner":"Murtha Matthew J","current_permit":true,"point":[-94.58960348513448,38.9488715755658]}},{"type":"Feature","geometry":{"type":"Polygon","coordinates":[[[-94.57369091040994,38.94161124717044],[-94.57367327152728,38.941610411124],[-94.5734104755853,38.94159787756423],[-94.57339618120415,38.941942342402974],[-94.57340010818838,38.94194250067493],[-94.57366132159008,38.94195414231236],[-94.57367893047817,38.94195493204478],[-94.57369091040994,38.94161124717044]]]},"properties":{"parcel":"154367","address":"1318 E 102nd Ter","owner":"Lopez David Gudino & Gudino Carrillo Flor Yazmin","current_permit":true,"point":[-94.57354409542883,38.941776794786705]}},{"type":"Feature","geometry":{"type":"Polygon","coordinates":[[[-94.57797940571845,38.92959585106503],[-94.57759721792065,38.92958013454629],[-94.57759666502302,38.92958352135506],[-94.57752623446105,38.93003405577376],[-94.57784520411181,38.930045879674665],[-94.57797940571845,38.92959585106503]]]},"properties":{"parcel":"154416","address":"1108 E 109th St","owner":"Zoffka James K","current_permit":true,"point":[-94.57773727695485,38.929814953419395]}},{"type":"Feature","geometry":{"type":"Polygon","coordinates":[[[-94.57360221397094,38.9315983175162],[-94.57347419566372,38.93159876369102],[-94.57335202685734,38.93170377497384],[-94.57325099482759,38.93168139237988],[-94.57318095422868,38.93248315306978],[-94.57318066442625,38.93248621878019],[-94.57352967457848,38.932501239017185],[-94.57352990577425,38.93249817219877],[-94.57360221397094,38.9315983175162]]]},"properties":{"parcel":"154451","address":"1401 E 108th St","owner":"Kirkwood Thomas C & Susan M","current_permit":true,"point":[-94.57338871157063,38.93209346402181]}},{"type":"Feature","geometry":{"type":"Polygon","coordinates":[[[-94.57834615255432,38.92710538082951],[-94.57812233860325,38.92698492311963],[-94.57791323912623,38.92687237211253],[-94.57769973524225,38.92688388645213],[-94.5777325639003,38.92647254849511],[-94.57773293860554,38.92646762875058],[-94.57771512439334,38.92646446067228],[-94.57767106137568,38.9264576942295],[-94.57762682304939,38.92645200331111],[-94.57758238072746,38.926447273529156],[-94.57755642425721,38.92644513992716],[-94.57755616568951,38.92644912145771],[-94.57752539937964,38.926872264784826],[-94.57718657563062,38.92685262712655],[-94.5770336288161,38.9270339034142],[-94.5769340428719,38.92715199061883],[-94.57720400193877,38.92728159552483],[-94.57747574984198,38.92741209156155],[-94.57763433830223,38.9274882503774],[-94.57771640599792,38.92750485283582],[-94.5779903005331,38.92756029478212],[-94.57806820855984,38.927576053733304],[-94.57829168266841,38.92714587163361],[-94.57834615255432,38.92710538082951]]]},"properties":{"parcel":"154486","address":"1116 E 110th St","owner":"Robinson Benjamin & Hannah","current_permit":true,"point":[-94.5776110668545,38.927009413266916]}},{"type":"Feature","geometry":{"type":"Polygon","coordinates":[[[-94.5921052648984,38.9328479830798],[-94.59180011387426,38.93258975576642],[-94.59148682906297,38.93281725981114],[-94.59148296132975,38.932820105277386],[-94.59191822099616,38.93303470499588],[-94.59191901247672,38.93303509392754],[-94.59192211977548,38.93303662453085],[-94.59192249999637,38.93303614372321],[-94.59193408257066,38.93302185664298],[-94.5919458703858,38.93300770668799],[-94.5919579220326,38.932993693811994],[-94.59197020812618,38.93297974882202],[-94.59198270025334,38.93296598786322],[-94.5919954547176,38.93295234110298],[-94.59200841512376,38.93293880744173],[-94.59202161079891,38.93292541145361],[-94.59203501024894,38.93291215201934],[-94.59204864426657,38.932899054284086],[-94.59206248565955,38.93288604562089],[-94.5920765308887,38.932873220990096],[-94.59209080992186,38.93286053403324],[-94.5921052648984,38.9328479830798]]]},"properties":{"parcel":"154919","address":"10748 Bridlespur Ter","owner":"Kohlstaedt Christopher & Cassandra","current_permit":true,"point":[-94.59178900389256,38.93270350778878]}},{"type":"Feature","geometry":{"type":"Polygon","coordinates":[[[-94.56328478820049,38.926498298914076],[-94.5631737257024,38.92631718492139],[-94.56317199495525,38.92631439375824],[-94.56317046811968,38.92631114542932],[-94.56316932420363,38.92630862909715],[-94.56316571730463,38.92630341409545],[-94.56316122985365,38.92629868007894],[-94.5631558663259,38.92629451857054],[-94.56314982888168,38.926290975223566],[-94.56314317696037,38.926288187293984],[-94.56313611634368,38.926286155242444],[-94.5631287027464,38.92628494539473],[-94.56312413328854,38.926284353521915],[-94.56311894829516,38.926284149821],[-94.56282343321779,38.92627360131309],[-94.56287264051991,38.92659874145317],[-94.56287386923402,38.926598604075224],[-94.5629172765035,38.926592402718285],[-94.56296044776053,38.92658514950136],[-94.5630033259217,38.9265768890742],[-94.56304582088912,38.92656759803234],[-94.56308796417366,38.92655730210074],[-94.56312963786853,38.92654599962742],[-94.56316703493991,38.92653485847887],[-94.5631714569981,38.92653355127574],[-94.56317476544083,38.92653251982361],[-94.56328478820049,38.926498298914076]]]},"properties":{"parcel":"156156","address":"11001 Park Ave","owner":"Hemme Sarah C A","current_permit":true,"point":[-94.56303649562656,38.92640774191773]}},{"type":"Feature","geometry":{"type":"Polygon","coordinates":[[[-94.59940981287878,38.91109904532779],[-94.59940648639255,38.911065778561245],[-94.59940342342422,38.91103246637925],[-94.59940062330266,38.910999152829106],[-94.5993981768177,38.91096583954968],[-94.5993959338435,38.91093250321533],[-94.59939398373504,38.91089916663141],[-94.59939232646082,38.91086580748859],[-94.59939099057222,38.91083242404648],[-94.59938989047251,38.910799063856906],[-94.59938979766936,38.910796043587034],[-94.59938593433101,38.91079728304505],[-94.59909536734304,38.91089033653709],[-94.59892461498902,38.91094503066907],[-94.59892672916668,38.91094903312805],[-94.59911283411049,38.91130019676142],[-94.59911442057926,38.911303261526115],[-94.59917200218848,38.91128525070809],[-94.59917779840434,38.911283438151656],[-94.59917973115533,38.91128279582984],[-94.59918587848982,38.911280753588436],[-94.59919577179332,38.9112772906596],[-94.59920557764994,38.911273598989936],[-94.59921523681655,38.91126972324862],[-94.59922480853619,38.91126561876653],[-94.59923417429552,38.911261355432735],[-94.5992434504734,38.911256907978846],[-94.59925255287499,38.91125227933665],[-94.59926150782151,38.91124744317011],[-94.59927028682549,38.91124244755451],[-94.59927888985503,38.911237269608485],[-94.59928734692636,38.91123190759045],[-94.59929559660398,38.911226409031634],[-94.59930367250357,38.91122072814061],[-94.59931154167543,38.911214863229404],[-94.59931926568653,38.91120886115255],[-94.59932672519605,38.91120272315571],[-94.5993340094616,38.911196401684],[-94.59934108636372,38.911189965409115],[-94.59934793094752,38.911183370305494],[-94.59935456960118,38.91117663808817],[-94.59936097303742,38.911169768210016],[-94.59936717277192,38.91116278409771],[-94.59937307871616,38.91115566237455],[-94.5993788080814,38.91114844984766],[-94.59938427514022,38.911141100255186],[-94.59938950704723,38.91113365990898],[-94.5993944752147,38.91112610480785],[-94.59939917894242,38.91111845783386],[-94.59940367900141,38.91111072007942],[-94.59940788606734,38.91110289104853],[-94.59940981287878,38.91109904532779]]]},"properties":{"parcel":"156475","address":"11953 Avila Dr","owner":"Blando Emanuel & Elizabeth","current_permit":true,"point":[-94.59919236403417,38.911049122470246]}},{"type":"Feature","geometry":{"type":"Polygon","coordinates":[[[-94.58826731883337,38.91290931781923],[-94.58778099726257,38.912880305299275],[-94.5877771325075,38.91288005593724],[-94.58777047572156,38.91296879567652],[-94.58775762641213,38.913141605846505],[-94.58776152187662,38.91314180942323],[-94.58824676023407,38.91316972453272],[-94.58826731883337,38.91290931781923]]]},"properties":{"parcel":"156902","address":"11807 Locust St","owner":"Bessenbacher David","current_permit":true,"point":[-94.58800992636401,38.91305520076151]}},{"type":"Feature","geometry":{"type":"Polygon","coordinates":[[[-94.57440365850384,38.889288547975504],[-94.57347810889591,38.889260234676584],[-94.5733510536145,38.89097864714922],[-94.57427844389746,38.89100789898238],[-94.57431510241841,38.89050420779743],[-94.57440365850384,38.889288547975504]]]},"properties":{"parcel":"158127","address":"1704 E 131st St","owner":"Unruh Eli & Kristina","current_permit":true,"point":[-94.57389522722976,38.889896377886465]}},{"type":"Feature","geometry":{"type":"Polygon","coordinates":[[[-94.60557097080708,38.89238270742836],[-94.60546394484126,38.89237410916991],[-94.60544297871984,38.89237241199145],[-94.6050929093717,38.89234428587078],[-94.6050841547153,38.89234358385102],[-94.6050293376518,38.8923391947299],[-94.60486730901621,38.892677758339566],[-94.60486584964748,38.892680870962316],[-94.6048702144788,38.892681919019395],[-94.60490029620331,38.89269026720078],[-94.60492988174254,38.89269966836929],[-94.60495891163772,38.89271000702724],[-94.60498738745815,38.89272135410619],[-94.60501516197388,38.892733638806384],[-94.60504229447707,38.89274686221902],[-94.60506857698881,38.89276095703123],[-94.60509410176924,38.89277594432595],[-94.60511573011323,38.89278983681062],[-94.60511929741963,38.8927866301892],[-94.60557097080708,38.89238270742836]]]},"properties":{"parcel":"159389","address":"929 St Andrews Dr","owner":"Leaver Diane & Gardner","current_permit":true,"point":[-94.60517195827771,38.89253023288396]}},{"type":"Feature","geometry":{"type":"Polygon","coordinates":[[[-94.6012243854464,38.893122654150844],[-94.6012015843204,38.89277755223923],[-94.6012013160054,38.892774166581624],[-94.60116928624812,38.892775681634184],[-94.6011221202327,38.89277684311084],[-94.60107495116355,38.892776883949544],[-94.6010278405602,38.892775826406556],[-94.60098075774673,38.89277371627145],[-94.60093373044309,38.89277048487579],[-94.60088693652085,38.892766132065994],[-94.6008676685235,38.89276388344296],[-94.60086699830478,38.89276717895812],[-94.60080276360313,38.893100434842125],[-94.6012243854464,38.893122654150844]]]},"properties":{"parcel":"159418","address":"500 Duke Gibson Dr","owner":"Parkyn Living Trust Dated 09/03/2025","current_permit":true,"point":[-94.60102306604773,38.89293899354068]}},{"type":"Feature","geometry":{"type":"Polygon","coordinates":[[[-94.58905403379877,38.889467639369286],[-94.58905148627738,38.88946734270828],[-94.58903666937131,38.88946538676844],[-94.58903631798336,38.889465341273336],[-94.58902120874806,38.88946315616723],[-94.58900612774524,38.889460719340974],[-94.58899113361579,38.88945809939443],[-94.58897619848906,38.889455250585854],[-94.58896129241279,38.889452218701095],[-94.58894650313415,38.88944893502876],[-94.58893177218374,38.88944546825804],[-94.58891715808828,38.889441795462794],[-94.58890260150376,38.889437870925285],[-94.58888813398926,38.88943376326602],[-94.58882953147588,38.88941925578759],[-94.58881146148028,38.889415241813204],[-94.58879330467153,38.88941145728922],[-94.58877509102982,38.889407878739256],[-94.58875678832051,38.88940448273426],[-94.58873845591802,38.88940133958971],[-94.58872882096661,38.889399813277514],[-94.58869940663082,38.889713015502906],[-94.58900866013636,38.889730421263174],[-94.58901647638362,38.889730872935374],[-94.58902613870352,38.889731415297696],[-94.58905403379877,38.889467639369286]]]},"properties":{"parcel":"159511","address":"502 E 131st Ct","owner":"Schlorff Jessica","current_permit":true,"point":[-94.58887599401422,38.889590327436096]}},{"type":"Feature","geometry":{"type":"Polygon","coordinates":[[[-94.64479097063644,39.24693631246943],[-94.64447870510953,39.246922011218366],[-94.64439232799411,39.24720237668214],[-94.64447834469402,39.247219269355156],[-94.64479097063644,39.24693631246943]]]},"properties":{"parcel":"160370","address":"5511 NW 84th Ct","owner":"Montanez, Alexander & Genesis","current_permit":true,"point":[-94.64453865158187,39.247069344575785]}},{"type":"Feature","geometry":{"type":"Polygon","coordinates":[[[-94.63600169227803,39.24900060195011],[-94.63599938095867,39.24899191021318],[-94.63599516914418,39.248975074809735],[-94.63599125367251,39.2489581715638],[-94.63598763025878,39.248941267404625],[-94.63598427302209,39.248924293722304],[-94.63598120780203,39.24890729796277],[-94.63597837941956,39.24889027790252],[-94.63597587542122,39.24887323515532],[-94.63597360532076,39.248856169826844],[-94.63597168976386,39.248839080632315],[-94.63596997941261,39.248821968318026],[-94.63596862217955,39.248804856163424],[-94.63596816854485,39.24879851833466],[-94.63596428466285,39.24879872821753],[-94.63552905821693,39.24882387791259],[-94.63562522271424,39.249067758728216],[-94.63599781004977,39.249001292886156],[-94.63600169227803,39.24900060195011]]]},"properties":{"parcel":"161120","address":"8513 N Beaman Ave","owner":"Pruessner, Douglas H & Cari","current_permit":true,"point":[-94.63577897559797,39.248932780563464]}},{"type":"Feature","geometry":{"type":"Polygon","coordinates":[[[-94.63089749847616,39.24059945008262],[-94.63034684713996,39.240599450989166],[-94.6303429346254,39.240599455367516],[-94.63034202355756,39.24077531190733],[-94.63000873600458,39.24076895820791],[-94.63000660766973,39.24113023836226],[-94.63083487896894,39.241134023663314],[-94.63083970367241,39.24113404055185],[-94.63084264590512,39.2411339926305],[-94.63084644167314,39.24113368978084],[-94.63085026570685,39.24113315981405],[-94.6308540010863,39.24113242288158],[-94.63085767723892,39.241131481238426],[-94.63086123527371,39.24113031092657],[-94.63086470400259,39.24112897883805],[-94.63086796777596,39.24112739701437],[-94.63087114228799,39.2411256774381],[-94.6308741399219,39.24112377559146],[-94.63087693129494,39.24112171324364],[-94.63087954509464,39.241119490362415],[-94.63088189452486,39.2411171081893],[-94.63088403851695,39.241114612418365],[-94.63088597559656,39.24111200133523],[-94.6308876476551,39.24110927614928],[-94.63088905478087,39.241106484336626],[-94.63089016754539,39.24110362307038],[-94.63089104479498,39.24110069228439],[-94.63089159830706,39.24109771724596],[-94.63089174291514,39.241096367727984],[-94.63089200137513,39.241093347260886],[-94.63089202592117,39.24109032705661],[-94.63089356246134,39.240951351440614],[-94.63089749847616,39.24059945008262]]]},"properties":{"parcel":"161552","address":"4311 NW 80th Ter","owner":"Holtsclaw, Charice","current_permit":true,"point":[-94.63045136350186,39.24086333167397]}},{"type":"Feature","geometry":{"type":"Polygon","coordinates":[[[-94.60718994374332,39.24977913494881],[-94.6066596928183,39.249772849810256],[-94.60665283072542,39.2499444562414],[-94.60664874837744,39.25004687185845],[-94.6071750889899,39.25005311602771],[-94.60717897193837,39.250053157070724],[-94.60718994374332,39.24977913494881]]]},"properties":{"parcel":"161584","address":"8617 N Marston Ave","owner":"Hackett Living Trust","current_permit":true,"point":[-94.60692138506604,39.24986179559511]}},{"type":"Feature","geometry":{"type":"Polygon","coordinates":[[[-94.63570762108047,39.236838903700935],[-94.63552882265563,39.23683659506198],[-94.63550722607407,39.236836323318656],[-94.63550662025396,39.23688807890499],[-94.63550605528627,39.23693086485575],[-94.63550572513802,39.236958069156465],[-94.63550539669558,39.23698577796219],[-94.63550250944546,39.23721391920913],[-94.63570290548405,39.2372164778614],[-94.63570762108047,39.236838903700935]]]},"properties":{"parcel":"162411","address":"4804 NW 78th Ter","owner":"Dart, Derrick & Crystal","current_permit":true,"point":[-94.63560415758003,39.23709984858566]}},{"type":"Feature","geometry":{"type":"Polygon","coordinates":[[[-94.62590070838617,39.22844976259901],[-94.62561569215941,39.22817667563045],[-94.6254761161622,39.228266562119536],[-94.62546906395845,39.22827109941897],[-94.62545584061758,39.22827935052527],[-94.62544244121922,39.22828744280237],[-94.62542886428737,39.228295373391845],[-94.62541513989792,39.2283030987889],[-94.62540667579582,39.22830772969735],[-94.62540935749658,39.228310769873914],[-94.62569240327218,39.228632961470055],[-94.62569505627233,39.228635977646626],[-94.62580783906074,39.22853385663827],[-94.62590070838617,39.22844976259901]]]},"properties":{"parcel":"162711","address":"3908 NW 74th St","owner":"Allen, Vanessa J","current_permit":true,"point":[-94.62564929318197,39.228380266236464]}},{"type":"Feature","geometry":{"type":"Polygon","coordinates":[[[-94.63945858944429,39.21640100652474],[-94.63918084124207,39.216414745926365],[-94.63917278636526,39.216848954077214],[-94.6391727336837,39.21685206642211],[-94.63918211801447,39.216852856018356],[-94.63922733359244,39.216856370731136],[-94.63927260607824,39.21685965655611],[-94.63931787889884,39.21686273758513],[-94.63936318068286,39.21686558918767],[-94.63940851074095,39.216868234816786],[-94.63945019346379,39.216870450070154],[-94.63945024691486,39.21686736117645],[-94.63945858944429,39.21640100652474]]]},"properties":{"parcel":"164208","address":"5101 NW 67th Ter","owner":"Franbee LLC","current_permit":true,"point":[-94.63931563686651,39.21663185000179]}},{"type":"Feature","geometry":{"type":"Polygon","coordinates":[[[-94.62172271661201,39.221092479155026],[-94.62159508398608,39.22109155995859],[-94.62159506213433,39.22109551768516],[-94.62159036283224,39.22142401428144],[-94.62172093810709,39.221425250730896],[-94.62172096226672,39.22142220763831],[-94.62172271661201,39.221092479155026]]]},"properties":{"parcel":"164575","address":"3533 NW 70th St","owner":"Agbor, Walter & Tabe, Melvis","current_permit":true,"point":[-94.62165727838087,39.221258862661735]}},{"type":"Feature","geometry":{"type":"Polygon","coordinates":[[[-94.63295065243568,39.20074980433801],[-94.63294888232292,39.200746763852024],[-94.63289058528548,39.200645882542766],[-94.63285611437178,39.20065793400499],[-94.63283845353381,39.20066410836712],[-94.63280001034344,39.200597570561676],[-94.63275510754576,39.20061313456783],[-94.63285349886067,39.20078370991383],[-94.63295065243568,39.20074980433801]]]},"properties":{"parcel":"166181","address":"5742 N London Ave","owner":"Williams, Allison","current_permit":true,"point":[-94.63286667444788,39.20070543610957]}},{"type":"Feature","geometry":{"type":"Polygon","coordinates":[[[-94.62547232292856,39.20035515268343],[-94.62533905215608,39.20025439463228],[-94.62528834575335,39.20024866045744],[-94.62523752356252,39.200243955997955],[-94.62518652668795,39.20024023555638],[-94.62513547275199,39.20023749900614],[-94.62508430379812,39.20023581562229],[-94.62503313585242,39.200235114351266],[-94.62498193955332,39.200235421536895],[-94.62488807813402,39.20023712380611],[-94.62489424850129,39.20051666911971],[-94.62516167095748,39.20061714578443],[-94.62516637908546,39.200618903080645],[-94.62547232292856,39.20035515268343]]]},"properties":{"parcel":"166534","address":"5801 N Ava Ave","owner":"Arciniega, Jose M & Arciniega Carmona, Maria De Lourdes","current_permit":true,"point":[-94.62513555567872,39.20043591090157]}},{"type":"Feature","geometry":{"type":"Polygon","coordinates":[[[-94.64727944138605,39.2056978431479],[-94.6472805388708,39.20568754564238],[-94.64728136947457,39.20567724847421],[-94.64728190663445,39.20566690591646],[-94.64728217916698,39.20565658657348],[-94.6472821575684,39.20564624472204],[-94.64728181179208,39.205635926732676],[-94.64728123216965,39.20562558501465],[-94.64728035782576,39.205615290001695],[-94.64727921880745,39.20560499532332],[-94.64727778580318,39.205594747349075],[-94.64727605944799,39.20558449802958],[-94.64727409645566,39.205574296485764],[-94.64727181070556,39.20556409420585],[-94.6472692603795,39.205553939164865],[-94.64726644556957,39.205543875407145],[-94.64726336613376,39.205533834864106],[-94.64725993389388,39.20552383995544],[-94.64725632535111,39.20551391505427],[-94.6472523934128,39.20550403575025],[-94.64724819694335,39.20549422484919],[-94.64724376535476,39.20548448402993],[-94.6472390685478,39.20547483449471],[-94.64723777020855,39.20547238794735],[-94.64723353857428,39.205473903964545],[-94.64677766255603,39.20563505230156],[-94.64677325454501,39.205636613140726],[-94.64684094083283,39.20567329643199],[-94.64684585755265,39.20567594491738],[-94.64717885823374,39.2059199093706],[-94.64717903429995,39.20591972496208],[-94.64718625141343,39.20591104479739],[-94.6471932014036,39.205902249996434],[-94.64719991809268,39.20589334166051],[-94.64720634045463,39.20588431815076],[-94.6472125846552,39.20587518046444],[-94.64721856403872,39.20586597618764],[-94.64722425051558,39.205856632711054],[-94.64722970006699,39.20584720030058],[-94.64723491640724,39.205837697255745],[-94.64723986567739,39.205828104743155],[-94.64724455086132,39.20581844335132],[-94.64724894181673,39.20580871369037],[-94.64725306859178,39.20579886996181],[-94.6472569284846,39.205789026570436],[-94.64726055507606,39.20577906907247],[-94.64726388675197,39.20576906618667],[-94.64726692424888,39.20575901848407],[-94.64726969697168,39.20574892421154],[-94.64727220487507,39.20573876163289],[-94.64727441869657,39.20572860056991],[-94.6472763676511,39.20571834832068],[-94.64727805192636,39.20570809468997],[-94.64727944138605,39.2056978431479]]]},"properties":{"parcel":"166798","address":"6113 N Mattox Rd","owner":"Cipolla, Dominic A","current_permit":true,"point":[-94.64707435498846,39.20569269439514]}},{"type":"Feature","geometry":{"type":"Polygon","coordinates":[[[-94.63062676261582,39.18890704557008],[-94.62919601013836,39.18889562129024],[-94.62949130335743,39.18957655591652],[-94.63061711530706,39.18958767700551],[-94.63062099641071,39.1895877189874],[-94.63062676261582,39.18890704557008]]]},"properties":{"parcel":"167268","address":"4210 NW 52nd St","owner":"Sandes, Uraya I & Noordeloos, David M","current_permit":true,"point":[-94.62998503033164,39.189241800743304]}},{"type":"Feature","geometry":{"type":"Polygon","coordinates":[[[-94.63608353791346,39.19248303591169],[-94.63172098103033,39.19245837310017],[-94.63171535852108,39.19300611192768],[-94.63171923976847,39.19300612984836],[-94.63224735771202,39.19301090849512],[-94.63224326039901,39.193413286358584],[-94.63246811280567,39.19341534242059],[-94.63606775720686,39.19344803104907],[-94.63607163848036,39.19344804939671],[-94.63608353791346,39.19248303591169]]]},"properties":{"parcel":"167308","address":"5406 N Northwood Rd","owner":"K Development LLC","current_permit":true,"point":[-94.63389917806147,39.19274457391968]}},{"type":"Feature","geometry":{"type":"Polygon","coordinates":[[[-94.65923880996094,39.23876364656506],[-94.65897997885638,39.23876162116845],[-94.65897654471756,39.23909151155788],[-94.6589804292426,39.23909152856405],[-94.65923667230929,39.23909319198682],[-94.65923880996094,39.23876364656506]]]},"properties":{"parcel":"169266","address":"6800 NW 79th Ter","owner":"Lam, Quoc T","current_permit":true,"point":[-94.65910799891508,39.23892757906147]}},{"type":"Feature","geometry":{"type":"Polygon","coordinates":[[[-94.65946006897899,39.23876538019945],[-94.65923880996094,39.23876364656506],[-94.65923667230929,39.23909319198682],[-94.65932326285673,39.23909375998038],[-94.65945757783459,39.23909460578659],[-94.65946006897899,39.23876538019945]]]},"properties":{"parcel":"169267","address":"6824 NW 79th Ter","owner":"Lam, Khai Tri","current_permit":true,"point":[-94.65934828213402,39.23892928609314]}},{"type":"Feature","geometry":{"type":"Polygon","coordinates":[[[-94.67108698037664,39.23139378640094],[-94.67108344820363,39.2313930136635],[-94.67066011703272,39.23130037456547],[-94.67065614336386,39.23129951151328],[-94.6706541552858,39.231304639580976],[-94.6706444512975,39.231330714867504],[-94.67063501223534,39.23135685668948],[-94.67062586826096,39.2313830678628],[-94.67061698769102,39.23140932440981],[-94.67060837278767,39.231435649207384],[-94.67060005212532,39.231461997025406],[-94.67059313443019,39.23148456699037],[-94.67059799062692,39.231485406443994],[-94.67102321971085,39.23155989787041],[-94.67102675156107,39.2315605344732],[-94.67108698037664,39.23139378640094]]]},"properties":{"parcel":"170191","address":"7466 N Rhode Ave","owner":"Fresh Home Investments LLC","current_permit":true,"point":[-94.67084464706498,39.2314224868086]}},{"type":"Feature","geometry":{"type":"Polygon","coordinates":[[[-94.66866965508129,39.22750466369635],[-94.66866574153114,39.227504851832386],[-94.66866183073907,39.22750527048198],[-94.66865794849174,39.22750593905603],[-94.66865415635353,39.22750676880467],[-94.66865045159486,39.22750784839258],[-94.66864686715282,39.22750911199154],[-94.6686433691974,39.2275105596506],[-94.66864004896914,39.227512210685745],[-94.66863687706012,39.227514069143666],[-94.66863402710602,39.227515857922874],[-94.66855663833049,39.2275683889757],[-94.66834388247742,39.22771272674643],[-94.66852928509964,39.22787801957515],[-94.66886414383669,39.22765596362845],[-94.66878088503499,39.22758086229858],[-94.66870930685835,39.2275162980428],[-94.6687063315593,39.22751426601664],[-94.6687031795135,39.22751244016793],[-94.66869985129061,39.22751075128328],[-94.66869640583919,39.22750924675371],[-94.66869278443113,39.22750797128055],[-94.66868910462247,39.22750687721724],[-94.6686853371135,39.2275060137985],[-94.66868145242789,39.22750535647087],[-94.66867756817777,39.227504881039884],[-94.66867362643211,39.22750465794588],[-94.66866965508129,39.22750466369635]]]},"properties":{"parcel":"170374","address":"7325 N Rhode Ave","owner":"Arrington Trust","current_permit":true,"point":[-94.66860353096932,39.22768434518744]}},{"type":"Feature","geometry":{"type":"Polygon","coordinates":[[[-94.66224348829098,39.226994525783994],[-94.66217694699303,39.22666246749979],[-94.66191366739069,39.226715434700644],[-94.66186597472706,39.22672501913544],[-94.66200958963631,39.227044982359075],[-94.66201094987647,39.22704804583872],[-94.66201826992639,39.22704593010963],[-94.66203993674704,39.22703995112643],[-94.66206163266936,39.2270341562841],[-94.66208347840285,39.22702858831501],[-94.66210538191883,39.22702320387483],[-94.66212737342146,39.22701802522961],[-94.66214945369896,39.22701307525846],[-94.66217156533534,39.22700833116104],[-94.66219379511153,39.22700379281649],[-94.66221611219233,39.22699948314789],[-94.6622384304799,39.22699537939488],[-94.66224348829098,39.226994525783994]]]},"properties":{"parcel":"170715","address":"7007 NW 73rd St","owner":"Johnson, Ronald L & Carol L","current_permit":true,"point":[-94.66207147176351,39.22685977245972]}},{"type":"Feature","geometry":{"type":"Polygon","coordinates":[[[-94.62128008639841,39.31124024658138],[-94.62126191361733,39.31658154671686],[-94.62520805794914,39.317990490448196],[-94.62522202783354,39.31111427872305],[-94.6214574843068,39.31110352498082],[-94.62145131706511,39.31110358975843],[-94.62144515673792,39.31110382097938],[-94.62143901069227,39.31110422092405],[-94.62143288554996,39.311104786725515],[-94.62142679014275,39.31110551608659],[-94.62142073183963,39.31110641243155],[-94.62141471799477,39.31110747060478],[-94.62140875302994,39.311108692889704],[-94.62140285019579,39.31111007755645],[-94.62139700948333,39.311111619457115],[-94.62139124267254,39.31111331800742],[-94.62138555860209,39.311115174914136],[-94.6213799565208,39.31111718159813],[-94.62137445115883,39.311119340332034],[-94.62136904471821,39.31112164710959],[-94.62136374381772,39.31112409734795],[-94.62135855876579,39.31112669103635],[-94.62135349250265,39.31112942531183],[-94.6213485531159,39.311132293301945],[-94.62134374649301,39.31113529328464],[-94.62133907410266,39.31113842297034],[-94.62133454771302,39.31114167491096],[-94.62133016879565,39.31114504853288],[-94.6213259447088,39.31114854096854],[-94.62132187985549,39.31115214363335],[-94.62131798086054,39.31115585537651],[-94.62131424771509,39.311159671050035],[-94.62131068998038,39.311163584352016],[-94.62130731133492,39.31116759356265],[-94.62130411397193,39.31117168952776],[-94.62130110230537,39.311175869954724],[-94.62129828148348,39.31118013140626],[-94.62129565296311,39.31118446472889],[-94.62129321894832,39.31118886706035],[-94.62129098532071,39.31119333324659],[-94.62128895280678,39.31119785756687],[-94.62128712581355,39.31120243372467],[-94.62128550801573,39.31120705771218],[-94.62128409424234,39.31121171981086],[-94.62128289185463,39.31121641886906],[-94.62128190525864,39.31122114801825],[-94.62128112929132,39.31122590211584],[-94.62128056467422,39.31123067258114],[-94.62128021949992,39.31123545540175],[-94.62128008639841,39.31124024658138]]]},"properties":{"parcel":"171319","address":"3704 NW Cookingham Dr","owner":"Badiesha Hotels Inc","current_permit":true,"point":[-94.6232436730811,39.31391089664912]}},{"type":"Feature","geometry":{"type":"Polygon","coordinates":[[[-94.6505351461937,39.311130897953745],[-94.65053161106948,39.31113051356736],[-94.65030895064626,39.311131098695306],[-94.65030541611063,39.31113098885944],[-94.65030542198447,39.311133734433476],[-94.65030503160668,39.31144686793888],[-94.65053476105489,39.31144634231703],[-94.65053515124312,39.31113325457142],[-94.6505351461937,39.311130897953745]]]},"properties":{"parcel":"171354","address":"6116 NW Cookingham Dr","owner":"Belle Harper LLC","current_permit":true,"point":[-94.65042009148661,39.311290038375255]}},{"type":"Feature","geometry":{"type":"Polygon","coordinates":[[[-94.63049735668086,39.278449251613964],[-94.62920635210959,39.278452636046666],[-94.62684148519732,39.27845880532786],[-94.62595361362105,39.278461118998095],[-94.62592728157945,39.28208732574981],[-94.63045238854454,39.282075937750434],[-94.63049735668086,39.278449251613964]]]},"properties":{"parcel":"171576","address":"10243 N Green Hills Rd","owner":"Jasgh LLC","current_permit":true,"point":[-94.62820764399362,39.280268528374265]}},{"type":"Feature","geometry":{"type":"Polygon","coordinates":[[[-94.57478881216485,39.06072191713132],[-94.5743056614892,39.060702937408074],[-94.57430183230245,39.060772955231975],[-94.57429440051018,39.060906583524236],[-94.57428985012169,39.060989255483264],[-94.57477341317687,39.06100850957615],[-94.57477793319633,39.060925403454185],[-94.57478512859271,39.06079111116691],[-94.57478881216485,39.06072191713132]]]},"properties":{"parcel":"172852","address":"3618 Campbell St","owner":"Kelcy J Voth And Kelly D Voth Trust Dated 09-19-2023","current_permit":true,"point":[-94.57453982330648,39.06084884734557]}},{"type":"Feature","geometry":{"type":"Polygon","coordinates":[[[-94.58452251817494,39.06143182891417],[-94.5845154742151,39.06143155887685],[-94.58404910644835,39.06141324802372],[-94.58404113881656,39.06155042440427],[-94.58425809332097,39.061558916821056],[-94.58450745030879,39.061568781090955],[-94.58451449425426,39.06156902767587],[-94.58452251817494,39.06143182891417]]]},"properties":{"parcel":"173080","address":"3609 Walnut St","owner":"SWW Properties LLC","current_permit":true,"point":[-94.58428181661256,39.06149112665922]}},{"type":"Feature","geometry":{"type":"Polygon","coordinates":[[[-94.58074864652643,39.0999514792702],[-94.58033620699737,39.09993824169525],[-94.58031156952318,39.099936976778],[-94.58028590348427,39.09993564506574],[-94.58018611883743,39.099931892659406],[-94.5798859132881,39.0999205439887],[-94.57987934280243,39.10003097127008],[-94.57987156224647,39.100162013734575],[-94.57986378176534,39.100293147718304],[-94.57986765877881,39.10029328291872],[-94.58029102836292,39.10030914132621],[-94.58029113187466,39.10030720097255],[-94.58073097958733,39.10032112903196],[-94.58073723150797,39.100189994906025],[-94.58074351358403,39.100058930542005],[-94.58074864652643,39.0999514792702]]]},"properties":{"parcel":"206965","address":"1125 Grand Blvd","owner":"1125 Grand Boulevard LLC","current_permit":true,"point":[-94.5803078328126,39.10011047213829]}},{"type":"Feature","geometry":{"type":"Polygon","coordinates":[[[-94.57988359541922,39.040711402803765],[-94.57986604954444,39.04071086624872],[-94.57970925151548,39.04070596200955],[-94.57970901995859,39.040708776521285],[-94.57968827492994,39.04112515483164],[-94.57968824864791,39.04112787710717],[-94.57984481273364,39.041132644820514],[-94.57986235871259,39.04113318137864],[-94.57986304741857,39.04111945235446],[-94.57988290745453,39.04072513182852],[-94.57988359541922,39.040711402803765]]]},"properties":{"parcel":"207647","address":"512 Pierce St","owner":"Rios Wesli A","current_permit":true,"point":[-94.57978567975262,39.040922292091494]}},{"type":"Feature","geometry":{"type":"Polygon","coordinates":[[[-94.60699962762365,39.04315859967827],[-94.6067136848577,39.043148816916336],[-94.60671197424004,39.04325947055847],[-94.60671031936288,39.0433686597693],[-94.60671419257767,39.04336879351121],[-94.60699699602047,39.043378098079785],[-94.60699829833172,39.04326888687981],[-94.60699962762365,39.04315859967827]]]},"properties":{"parcel":"208609","address":"4624 Bell St","owner":"Gregory Peter F-Trustee","current_permit":true,"point":[-94.60685512898105,39.04326417871914]}},{"type":"Feature","geometry":{"type":"Polygon","coordinates":[[[-94.58619386974549,39.222850451139955],[-94.58605337879057,39.222849342927894],[-94.58604848974106,39.2232298666455],[-94.58618898066382,39.22323092967473],[-94.58619386974549,39.222850451139955]]]},"properties":{"parcel":"210941","address":"409 NW 71st Ter","owner":"Malere Pamela & Daniel","current_permit":true,"point":[-94.58612117959053,39.22304015889273]}},{"type":"Feature","geometry":{"type":"Polygon","coordinates":[[[-94.5864844962793,39.10850951910808],[-94.58634851893477,39.10812156397326],[-94.58607352618787,39.108176223282435],[-94.58602492468586,39.10803256862915],[-94.58598067811423,39.10804138686905],[-94.58590427406493,39.10780911356629],[-94.58543644201917,39.107902810995554],[-94.58553688403006,39.10819732523471],[-94.58569777442547,39.108668983318694],[-94.5864844962793,39.10850951910808]]]},"properties":{"parcel":"216480","address":"200 W 5th St","owner":"KC Lofts Rich Con Owner LLC","current_permit":true,"point":[-94.58600995798074,39.1083534221714]}},{"type":"Feature","geometry":{"type":"Polygon","coordinates":[[[-94.59800455014118,39.09161452656273],[-94.59800105535628,39.09161445971392],[-94.5975485274841,39.091603216346826],[-94.59754500410554,39.09160317296101],[-94.59754034244239,39.091714103163305],[-94.59754383573143,39.09171414657444],[-94.5979951302638,39.09172475090764],[-94.59799865371039,39.09172483889722],[-94.59800455014118,39.09161452656273]]]},"properties":{"parcel":"219307","address":"1753 Holly St","owner":"Anderson Nicole Alexandra","current_permit":true,"point":[-94.59777216178267,39.09166431486302]}},{"type":"Feature","geometry":{"type":"Polygon","coordinates":[[[-94.57478036405723,39.091843503713164],[-94.57486589099983,39.09184585130572],[-94.57486200286024,39.09192292122172],[-94.57487278517151,39.091923083615896],[-94.57489518457776,39.0919242853407],[-94.57489474013359,39.091944073446335],[-94.57535792850919,39.09195955126784],[-94.57535869952713,39.09193913029751],[-94.57535972747525,39.09191183178809],[-94.57536232764855,39.09184378398465],[-94.57536489774442,39.091775757364466],[-94.57536749638996,39.09170766265485],[-94.57537000777913,39.09163965952361],[-94.57493025315105,39.091624978957434],[-94.57490958153484,39.091624282937296],[-94.57488650222172,39.09162349693693],[-94.57479161748397,39.091620475232666],[-94.57478036405723,39.091843503713164]]]},"properties":{"parcel":"220779","address":"708 E 18th St","owner":"Holtman Holdings LLC","current_permit":true,"point":[-94.57507284559944,39.09180963053882]}},{"type":"Feature","geometry":{"type":"Polygon","coordinates":[[[-94.53449292258499,39.091075915530084],[-94.53409646259777,39.0913779210295],[-94.53410230850876,39.09138281522352],[-94.53410691871969,39.091387002192164],[-94.53411132496022,39.09139137055009],[-94.53411549710317,39.09139585337997],[-94.53411943368103,39.091400451826274],[-94.53412316554395,39.09140520992544],[-94.5341266317239,39.0914100361724],[-94.5341298337118,39.091414978044256],[-94.53413280233569,39.09142003381595],[-94.53413550674482,39.0914251583071],[-94.53413773972433,39.091429894535864],[-94.53413991570348,39.09143515589395],[-94.53414185537191,39.09144050941611],[-94.53414353153732,39.0914458858961],[-94.53414491486109,39.09145133167604],[-94.53414603249043,39.091456822723195],[-94.53414685725535,39.091462336164824],[-94.53414738841104,39.0914678496924],[-94.53414765534126,39.091473410774874],[-94.53414762791593,39.09147894677475],[-94.53414733698826,39.09148450802057],[-94.53414675242816,39.09149002187488],[-94.53414590434271,39.091495513497634],[-94.5341447619136,39.09150100520658],[-94.53414335520264,39.09150642835071],[-94.53414165487087,39.09151182870008],[-94.53413969024609,39.09151713760389],[-94.53413713879891,39.09152327038561],[-94.53413397119017,39.091530272815255],[-94.53413053927699,39.09153716091853],[-94.53412684309235,39.09154400333761],[-94.53412288260286,39.09155073085828],[-94.53411865782002,39.091557367505224],[-94.53446284396054,39.091652108039625],[-94.53446636774937,39.091653066844515],[-94.53447891430096,39.09142965629395],[-94.53448688914749,39.09128733581242],[-94.53449292258499,39.091075915530084]]]},"properties":{"parcel":"220928","address":"4103 E 16th Ct","owner":"Frazier La'nesha N & Raphael E","current_permit":true,"point":[-94.53432013600596,39.09133262842096]}},{"type":"Feature","geometry":{"type":"Polygon","coordinates":[[[-94.58472457658627,39.07421830454165],[-94.5846661308653,39.07421573915174],[-94.58465677018475,39.07431605590344],[-94.58467309103828,39.074316775095355],[-94.58467346744246,39.07431242747196],[-94.58471500460792,39.0743142975542],[-94.58472457658627,39.07421830454165]]]},"properties":{"parcel":"221151","address":"2934 Walnut St","owner":"Gidumal Alex","current_permit":true,"point":[-94.58469069197848,39.074265366006806]}},{"type":"Feature","geometry":{"type":"Polygon","coordinates":[[[-94.59175431902489,39.058922076850045],[-94.59133463176958,39.05890755717579],[-94.59134267254483,39.058770563801865],[-94.5912967704493,39.05876897463091],[-94.59128878901404,39.05890596795531],[-94.59128077773107,39.05904259634978],[-94.59174598650281,39.059059803809184],[-94.59175431902489,39.058922076850045]]]},"properties":{"parcel":"222458","address":"3763 Washington St","owner":"Abumoussa Andrew Lateef & Petty Amy Jiayue","current_permit":true,"point":[-94.5914163727709,39.05891481701292]}},{"type":"Feature","geometry":{"type":"Polygon","coordinates":[[[-94.47157002833546,39.238008343327685],[-94.47195804319587,39.238008437390185],[-94.47196528188884,39.238008026717985],[-94.47197240240406,39.23800699882485],[-94.47197934659688,39.23800544464546],[-94.47198602622846,39.2380032960901],[-94.47199241184103,39.23800064295633],[-94.47199838575544,39.23799746347978],[-94.47200388910004,39.23799382743085],[-94.47200889243538,39.23798977884677],[-94.4720133074955,39.237985318278426],[-94.47201713425316,39.23798051436633],[-94.47202028514164,39.2379754591821],[-94.47202272852412,39.237970173882324],[-94.47202440848002,39.237964706501955],[-94.47202541030667,39.237959123413916],[-94.47202561849511,39.23795349551896],[-94.4720272948889,39.23787920407322],[-94.47202711909324,39.23787920403102],[-94.47202761613735,39.23785744455518],[-94.47202780403049,39.23784920774606],[-94.47164011589403,39.237849113995615],[-94.47164011257775,39.237857350849055],[-94.47160480634489,39.237857342247196],[-94.47156950084761,39.23785733363485],[-94.4715695224136,39.23787497480819],[-94.47156978794598,39.237874974873016],[-94.47157002833546,39.238008343327685]]]},"properties":{"parcel":"225307","address":"7941 N Lane Ave","owner":"Montuori Chad & Kira","current_permit":true,"point":[-94.47179815960703,39.23791634979609]}},{"type":"Feature","geometry":{"type":"Polygon","coordinates":[[[-94.58255842559815,39.041869304888685],[-94.58256565136097,39.04187556971763],[-94.58257378362322,39.04188110114299],[-94.5825827379248,39.04188580770071],[-94.5825923374391,39.04188964604208],[-94.58260249256712,39.04189252127457],[-94.5826130272696,39.04189443638283],[-94.58261989434479,39.04189502585077],[-94.5826232101278,39.0418952980731],[-94.58262764144632,39.04189545567255],[-94.58267614244477,39.04189720544459],[-94.58274656238078,39.0418997410532],[-94.58285201621169,39.04190351019014],[-94.5828862835712,39.041904732282646],[-94.58290872773223,39.04152396698115],[-94.58255703934468,39.04151012235487],[-94.58253941751323,39.041822733364086],[-94.58253942661841,39.04183055863159],[-94.58254018349223,39.04183550895462],[-94.58254069794415,39.041838885814066],[-94.58254331950262,39.04184707647157],[-94.58254717151527,39.04185494420932],[-94.58255225607917,39.04186239979011],[-94.58255842559815,39.041869304888685]]]},"properties":{"parcel":"225652","address":"323 Emanuel Cleaver II Blvd TR 12","owner":"Whitehall Condominium Hoa","current_permit":true,"point":[-94.5827238802894,39.041673350172616]}},{"type":"Feature","geometry":{"type":"Polygon","coordinates":[[[-94.5842966468717,39.089305868491344],[-94.58387904152401,39.08929109181856],[-94.58387823952111,39.08930928257669],[-94.58387327288116,39.089428562827],[-94.58387038729127,39.08949654412471],[-94.58428856647971,39.08951141193561],[-94.58429242823027,39.089511546428376],[-94.58429440322813,39.08944416124982],[-94.58429649165828,39.0893240822374],[-94.5842966468717,39.089305868491344]]]},"properties":{"parcel":"225835","address":"1926 Main St","owner":"Dugan Fine Properties LLC","current_permit":true,"point":[-94.58408551558605,39.0893763225322]}},{"type":"Feature","geometry":{"type":"Polygon","coordinates":[[[-94.56797344228721,39.08280059428837],[-94.56776725893498,39.08279357492659],[-94.56775345097229,39.083058565007754],[-94.5679162936341,39.0831486891019],[-94.56795736869454,39.08312065855245],[-94.56796387785053,39.08299048727408],[-94.56797070581631,39.08285528089578],[-94.56797344228721,39.08280059428837]]]},"properties":{"parcel":"225840","address":"1301 E 24th St","owner":"Roos Jonathan M","current_permit":true,"point":[-94.56786390639766,39.08292288408493]}},{"type":"Feature","geometry":{"type":"Polygon","coordinates":[[[-94.56854578236928,39.04661376918126],[-94.56819815231606,39.046601456533125],[-94.56819424818639,39.04660132210241],[-94.56818640001647,39.04673808583306],[-94.568190301953,39.04673822026531],[-94.5685374052456,39.04675053324591],[-94.56854578236928,39.04661376918126]]]},"properties":{"parcel":"228349","address":"4408 Paseo","owner":"Boyce Nadia & Robert","current_permit":true,"point":[-94.56836597099431,39.04667592750717]}},{"type":"Feature","geometry":{"type":"Polygon","coordinates":[[[-94.59315734602357,39.095254674955854],[-94.59308486698247,39.09525363456791],[-94.59308322544611,39.095291470842476],[-94.59305507073094,39.09529056035514],[-94.59305486549188,39.095295255639854],[-94.59299986129403,39.09529348794527],[-94.59299982710344,39.095294283077074],[-94.59295158834979,39.095292757074894],[-94.59295138310387,39.09529745235945],[-94.59292541306395,39.095296621325645],[-94.59292565323557,39.09529112976471],[-94.59292463134886,39.095291075665465],[-94.59292483736742,39.095286408409166],[-94.59289551986495,39.09528547078112],[-94.592895313846,39.09529013918139],[-94.59284031042375,39.09528839715169],[-94.59284027696769,39.09528919399893],[-94.59279203671521,39.09528763933105],[-94.5927918314602,39.09529233575938],[-94.5927658636269,39.0952915052603],[-94.59276610234276,39.09528601370084],[-94.59276508049147,39.095285986484996],[-94.59276528574973,39.09528129120073],[-94.59273596971954,39.09528035353137],[-94.59273576445862,39.09528504824359],[-94.59268075954304,39.095283280970996],[-94.59268072535038,39.09528407724679],[-94.59263248734285,39.09528254996796],[-94.59263228134174,39.09528724525255],[-94.59260631204322,39.0952864141471],[-94.5926065515055,39.095280922587364],[-94.59260552888513,39.09528086848586],[-94.59260573492466,39.09527620123014],[-94.59257641816455,39.095275263521266],[-94.59257621285866,39.09527993192039],[-94.59252120945192,39.09527818974014],[-94.59252117452338,39.095278986016446],[-94.59247293575497,39.0952774329314],[-94.59247273047733,39.095282128215175],[-94.59244351942067,39.09528118981703],[-94.59244136557894,39.09533171212427],[-94.5923354446336,39.09532833706254],[-94.59233732601705,39.09528498121021],[-94.59233630413087,39.09528492710578],[-94.59233695656789,39.09527243315135],[-94.59233797915215,39.095272459798366],[-94.59234231157852,39.09519027802125],[-94.59244090312833,39.09519341234846],[-94.59244406594466,39.09513305968835],[-94.59263948789061,39.0951393294867],[-94.59263952134964,39.095138533211525],[-94.59274949339327,39.09514141112352],[-94.59274945920144,39.095142207399334],[-94.59299072116208,39.09514849447731],[-94.59298983170447,39.09516878636951],[-94.59298380627965,39.0951685989769],[-94.59298202836762,39.09520995040794],[-94.59298805306192,39.09521013780123],[-94.59298801960678,39.09521093407651],[-94.59308463798354,39.09521401451927],[-94.59308456953515,39.09521555215741],[-94.59308650826365,39.09521560552332],[-94.59308493521428,39.09525193218888],[-94.59315745022191,39.095252971976024],[-94.59315857613933,39.09522609082245],[-94.59316840786008,39.095226413020875],[-94.59316861385015,39.0952222943291],[-94.59315984071895,39.095222026198584],[-94.5931620274872,39.0951712573114],[-94.59316100563815,39.09517123067102],[-94.59316189462544,39.09515006073075],[-94.59311414852071,39.09514853383011],[-94.59311671328473,39.095089334816734],[-94.59311068786559,39.09508914685863],[-94.5931107227874,39.09508835058214],[-94.59284334902064,39.09507983308584],[-94.59284345290301,39.09507788356688],[-94.59247614728628,39.09506612190822],[-94.5924760448619,39.095068071425715],[-94.59227896778579,39.09506177520633],[-94.59227828378972,39.09507822240006],[-94.59226418922941,39.095077767359626],[-94.59226227436052,39.09512249608126],[-94.59224920163797,39.095122066543276],[-94.59224667125707,39.095180605973944],[-94.59224314758568,39.09518047204944],[-94.5922430443663,39.095182943247444],[-94.59224656803859,39.09518307774396],[-94.59224656839557,39.09518335174016],[-94.59225960659276,39.0951837538489],[-94.59225799868848,39.095221260603694],[-94.59224143831483,39.09522075202589],[-94.59223876905816,39.09528201036521],[-94.59225536691979,39.09528254694259],[-94.59225375901184,39.095320054268726],[-94.5922371626103,39.095319518261974],[-94.59223452935198,39.09538080460056],[-94.59231197928216,39.09538329622248],[-94.59231081644589,39.09541026033908],[-94.59231183903138,39.09541028641433],[-94.59231129139775,39.09542321902288],[-94.5924248940859,39.095426863730005],[-94.59242537230541,39.095415880612094],[-94.59244803014306,39.09541660284003],[-94.59244799668178,39.09541739911513],[-94.59249831375298,39.095419007191424],[-94.59249786900551,39.09542919403451],[-94.59258271864762,39.0954318998328],[-94.5925831983108,39.0954209167131],[-94.59260761650944,39.09542169356997],[-94.59260758231662,39.095422490417704],[-94.59265789939272,39.09542409670906],[-94.59265745540371,39.095434284696175],[-94.59274230509224,39.09543701669112],[-94.59274278399666,39.095426033571385],[-94.59276720219876,39.09542681039481],[-94.5927671687418,39.095427607242016],[-94.59281748729461,39.095429214607364],[-94.59281704185892,39.095439401452175],[-94.592901891525,39.095442107018165],[-94.59290237040543,39.095431124469854],[-94.59292678934501,39.09543190125926],[-94.59292675515506,39.09543269753505],[-94.59297707301623,39.09543433171692],[-94.59297662756664,39.095444490533474],[-94.59306147728077,39.095447223440125],[-94.59306202539108,39.095434757594155],[-94.59308644433361,39.09543553435014],[-94.59308596548244,39.09544651747119],[-94.5931498141654,39.095448553772],[-94.59315166053985,39.09540574650052],[-94.59316765797325,39.09540628342771],[-94.593169743285,39.09535762765626],[-94.59315903136996,39.0953572798484],[-94.59316159552488,39.0952976409551],[-94.59315553558848,39.09529745417095],[-94.59315734602357,39.095254674955854]]]},"properties":{"parcel":"229348","address":"719 W 16th St","owner":"Merrill Charles Whitney","current_permit":true,"point":[-94.59228901095543,39.0952635540536]}},{"type":"Feature","geometry":{"type":"Polygon","coordinates":[[[-94.59958841687306,39.19494918615451],[-94.59951364359488,39.19513748580305],[-94.59953976463999,39.1951650805994],[-94.59954279282557,39.19516425432107],[-94.59957459438027,39.19515564703019],[-94.60019969014927,39.19498620924167],[-94.60026635340904,39.19496814451531],[-94.60024183987022,39.19485108704509],[-94.60024450702161,39.194679481824956],[-94.60020922196937,39.194679168972804],[-94.59973354967555,39.194674657840416],[-94.59969758827715,39.19467430079566],[-94.59958841687306,39.19494918615451]]]},"properties":{"parcel":"230151","address":"5505 N Wyoming St","owner":"Dorilas Wilson & Homme Chinel Petit","current_permit":true,"point":[-94.59993000429347,39.1949001365998]}},{"type":"Feature","geometry":{"type":"Polygon","coordinates":[[[-94.58446787040833,39.03506848129982],[-94.58447180107042,39.03506861516711],[-94.5846788749755,39.03507635895422],[-94.58488941162797,39.03508421425849],[-94.58489744502266,39.034938962464345],[-94.58489749420663,39.03493715998214],[-94.58489668180303,39.0349300097061],[-94.58489429056681,39.034923076232054],[-94.58489039262851,39.034916571156096],[-94.58488510851303,39.034910695742695],[-94.58487859098153,39.03490562205962],[-94.58487104779043,39.03490151183818],[-94.58486269984648,39.03489848389843],[-94.58485380909865,39.034896631861436],[-94.58484731602675,39.034896062844844],[-94.58468873579743,39.03488993845134],[-94.584530857525,39.03488383907463],[-94.58452818114986,39.034883787815886],[-94.58451901099787,39.03488441968243],[-94.58451012468647,39.034886283481534],[-94.58450178398627,39.034889323537286],[-94.58449425062427,39.03489344756443],[-94.58448774521436,39.03489852898614],[-94.58448247146882,39.034904413780666],[-94.58447858979872,39.03491092393264],[-94.58447621584845,39.034917858578204],[-94.58447547191099,39.03492320868187],[-94.58446787040833,39.03506848129982]]]},"properties":{"parcel":"231876","address":"200 E 51st St","owner":"Everett Street Investments LLC","current_permit":true,"point":[-94.5846825611947,39.03500372188208]}},{"type":"Feature","geometry":{"type":"Polygon","coordinates":[[[-94.5992241668972,39.04116732878797],[-94.5992181001916,39.04127700276133],[-94.59921203349724,39.04138669789719],[-94.59920593741465,39.04149637189079],[-94.599199870685,39.04160606816595],[-94.59919374595789,39.04171574160714],[-94.59918767845788,39.041825437878195],[-94.59918158303327,39.04193511071768],[-94.59917551549638,39.042044806984016],[-94.59916927745971,39.04215743215001],[-94.59933094999893,39.04216246624188],[-94.59930604510282,39.04250151337548],[-94.59961956273982,39.04251110827719],[-94.59963944955419,39.042171996149804],[-94.5996460398893,39.04205953082474],[-94.59965248742341,39.04194985709081],[-94.59965893503441,39.04184025199714],[-94.59966535389044,39.04173055540195],[-94.5996717713243,39.04162090456738],[-94.59967821878023,39.04151123082386],[-94.59968463687643,39.041401557102986],[-94.59969108435838,39.04129192968846],[-94.59969750314828,39.041182255390176],[-94.59970392048463,39.04107260454366],[-94.5992302628924,39.04105763190639],[-94.5992241668972,39.04116732878797]]]},"properties":{"parcel":"232030","address":"4727 Jarboe St STE 1010","owner":"Hough Kirby","current_permit":true,"point":[-94.59942644020137,39.04177799664007]}},{"type":"Feature","geometry":{"type":"Polygon","coordinates":[[[-94.6185403986845,39.25163966135911],[-94.61832148246963,39.251637586804904],[-94.61824973069469,39.25195828061577],[-94.61829716005356,39.25196436831791],[-94.61834466236873,39.251970086413195],[-94.6183922391118,39.25197543547208],[-94.6184398821875,39.25198041435867],[-94.61848758349859,39.251985020793114],[-94.6185403986845,39.25163966135911]]]},"properties":{"parcel":"233720","address":"3301 NW 87th St","owner":"Ebrahim, Mohammad Adam & Ibrahim, Salman M Adam","current_permit":true,"point":[-94.61840070512866,39.25179897098744]}},{"type":"Feature","geometry":{"type":"Polygon","coordinates":[[[-94.52414749993088,39.243904547180136],[-94.52410270647486,39.243876687891245],[-94.52391680579191,39.24405745633248],[-94.52396162871389,39.24408531568595],[-94.52414749993088,39.243904547180136]]]},"properties":{"parcel":"234466","address":"4626 NE 83rd Ter","owner":"Breckenridge John F & Denise M","current_permit":true,"point":[-94.52403215910664,39.24398100175631]}},{"type":"Feature","geometry":{"type":"Polygon","coordinates":[[[-94.58828941420515,39.10548810147018],[-94.5886553758446,39.10550142002681],[-94.58867390298026,39.1051050172492],[-94.58830748561678,39.105096096758665],[-94.58828941420515,39.10548810147018]]]},"properties":{"parcel":"238001","address":"700 Broadway Blvd STE 505","owner":"Benarick Joe","current_permit":true,"point":[-94.58848159747427,39.10529655935969]}},{"type":"Feature","geometry":{"type":"Polygon","coordinates":[[[-94.48808122099733,39.288630285606054],[-94.48808180607874,39.288639561198096],[-94.48811047070804,39.28909484539144],[-94.48813903675801,39.289093853027225],[-94.48816554319926,39.28909315559803],[-94.48818676157606,39.28909274820173],[-94.48821064896768,39.28909245604359],[-94.48823186361467,39.289092340930054],[-94.48825575389394,39.2890923862422],[-94.48835345768606,39.28909293430734],[-94.48836528283698,39.289093001841465],[-94.48836536440714,39.28908492122354],[-94.48836983474567,39.288643713292494],[-94.48836995147208,39.28863223729274],[-94.48835893755724,39.2886321624042],[-94.48808122099733,39.288630285606054]]]},"properties":{"parcel":"239252","address":"7705 NE 108th Ter","owner":"Moon Jordan & Morrison Jordan","current_permit":true,"point":[-94.48823177813267,39.28886431725802]}},{"type":"Feature","geometry":{"type":"Polygon","coordinates":[[[-94.59513667094583,39.09197512177852],[-94.59465823772787,39.091958670381445],[-94.59465201354288,39.092068777454045],[-94.5951304467694,39.09208522887603],[-94.59513667094583,39.09197512177852]]]},"properties":{"parcel":"239575","address":"1732 Madison Ave","owner":"Reardon Coleen T & Toumi Jean Uno","current_permit":true,"point":[-94.59489434224648,39.09202194961628]}},{"type":"Feature","geometry":{"type":"Polygon","coordinates":[[[-94.45550913822017,39.27038718409769],[-94.45515429923975,39.27038317497192],[-94.45515217100481,39.270466376778295],[-94.45550710740075,39.27047060902803],[-94.45550913822017,39.27038718409769]]]},"properties":{"parcel":"239650","address":"9817 N Home Ave","owner":"Nelson Thomas E","current_permit":true,"point":[-94.45533067908531,39.270426780437994]}},{"type":"Feature","geometry":{"type":"Polygon","coordinates":[[[-94.58255842559815,39.041869304888685],[-94.58256565136097,39.04187556971763],[-94.58257378362322,39.04188110114299],[-94.5825827379248,39.04188580770071],[-94.5825923374391,39.04188964604208],[-94.58260249256712,39.04189252127457],[-94.5826130272696,39.04189443638283],[-94.58261989434479,39.04189502585077],[-94.5826232101278,39.0418952980731],[-94.58262764144632,39.04189545567255],[-94.58267614244477,39.04189720544459],[-94.58274656238078,39.0418997410532],[-94.58285201621169,39.04190351019014],[-94.5828862835712,39.041904732282646],[-94.58290872773223,39.04152396698115],[-94.58255703934468,39.04151012235487],[-94.58253941751323,39.041822733364086],[-94.58253942661841,39.04183055863159],[-94.58254018349223,39.04183550895462],[-94.58254069794415,39.041838885814066],[-94.58254331950262,39.04184707647157],[-94.58254717151527,39.04185494420932],[-94.58255225607917,39.04186239979011],[-94.58255842559815,39.041869304888685]]]},"properties":{"parcel":"240025","address":"323 Emanuel Cleaver II Blvd 2A","owner":"Hemecker Ralph","current_permit":true,"point":[-94.5827238802894,39.041673350172616]}},{"type":"Feature","geometry":{"type":"Polygon","coordinates":[[[-94.58255842559815,39.041869304888685],[-94.58256565136097,39.04187556971763],[-94.58257378362322,39.04188110114299],[-94.5825827379248,39.04188580770071],[-94.5825923374391,39.04188964604208],[-94.58260249256712,39.04189252127457],[-94.5826130272696,39.04189443638283],[-94.58261989434479,39.04189502585077],[-94.5826232101278,39.0418952980731],[-94.58262764144632,39.04189545567255],[-94.58267614244477,39.04189720544459],[-94.58274656238078,39.0418997410532],[-94.58285201621169,39.04190351019014],[-94.5828862835712,39.041904732282646],[-94.58290872773223,39.04152396698115],[-94.58255703934468,39.04151012235487],[-94.58253941751323,39.041822733364086],[-94.58253942661841,39.04183055863159],[-94.58254018349223,39.04183550895462],[-94.58254069794415,39.041838885814066],[-94.58254331950262,39.04184707647157],[-94.58254717151527,39.04185494420932],[-94.58255225607917,39.04186239979011],[-94.58255842559815,39.041869304888685]]]},"properties":{"parcel":"240030","address":"323 Emanuel Cleaver II Blvd 4F","owner":"Neal David & Alice","current_permit":true,"point":[-94.5827238802894,39.041673350172616]}},{"type":"Feature","geometry":{"type":"Polygon","coordinates":[[[-94.58255842559815,39.041869304888685],[-94.58256565136097,39.04187556971763],[-94.58257378362322,39.04188110114299],[-94.5825827379248,39.04188580770071],[-94.5825923374391,39.04188964604208],[-94.58260249256712,39.04189252127457],[-94.5826130272696,39.04189443638283],[-94.58261989434479,39.04189502585077],[-94.5826232101278,39.0418952980731],[-94.58262764144632,39.04189545567255],[-94.58267614244477,39.04189720544459],[-94.58274656238078,39.0418997410532],[-94.58285201621169,39.04190351019014],[-94.5828862835712,39.041904732282646],[-94.58290872773223,39.04152396698115],[-94.58255703934468,39.04151012235487],[-94.58253941751323,39.041822733364086],[-94.58253942661841,39.04183055863159],[-94.58254018349223,39.04183550895462],[-94.58254069794415,39.041838885814066],[-94.58254331950262,39.04184707647157],[-94.58254717151527,39.04185494420932],[-94.58255225607917,39.04186239979011],[-94.58255842559815,39.041869304888685]]]},"properties":{"parcel":"240033","address":"323 Emanuel Cleaver II Blvd 4A","owner":"STG LLC","current_permit":true,"point":[-94.5827238802894,39.041673350172616]}},{"type":"Feature","geometry":{"type":"Polygon","coordinates":[[[-94.58255842559815,39.041869304888685],[-94.58256565136097,39.04187556971763],[-94.58257378362322,39.04188110114299],[-94.5825827379248,39.04188580770071],[-94.5825923374391,39.04188964604208],[-94.58260249256712,39.04189252127457],[-94.5826130272696,39.04189443638283],[-94.58261989434479,39.04189502585077],[-94.5826232101278,39.0418952980731],[-94.58262764144632,39.04189545567255],[-94.58267614244477,39.04189720544459],[-94.58274656238078,39.0418997410532],[-94.58285201621169,39.04190351019014],[-94.5828862835712,39.041904732282646],[-94.58290872773223,39.04152396698115],[-94.58255703934468,39.04151012235487],[-94.58253941751323,39.041822733364086],[-94.58253942661841,39.04183055863159],[-94.58254018349223,39.04183550895462],[-94.58254069794415,39.041838885814066],[-94.58254331950262,39.04184707647157],[-94.58254717151527,39.04185494420932],[-94.58255225607917,39.04186239979011],[-94.58255842559815,39.041869304888685]]]},"properties":{"parcel":"240034","address":"323 Emanuel Cleaver II Blvd 4C","owner":"Nyre LLC","current_permit":true,"point":[-94.5827238802894,39.041673350172616]}},{"type":"Feature","geometry":{"type":"Polygon","coordinates":[[[-94.58255842559815,39.041869304888685],[-94.58256565136097,39.04187556971763],[-94.58257378362322,39.04188110114299],[-94.5825827379248,39.04188580770071],[-94.5825923374391,39.04188964604208],[-94.58260249256712,39.04189252127457],[-94.5826130272696,39.04189443638283],[-94.58261989434479,39.04189502585077],[-94.5826232101278,39.0418952980731],[-94.58262764144632,39.04189545567255],[-94.58267614244477,39.04189720544459],[-94.58274656238078,39.0418997410532],[-94.58285201621169,39.04190351019014],[-94.5828862835712,39.041904732282646],[-94.58290872773223,39.04152396698115],[-94.58255703934468,39.04151012235487],[-94.58253941751323,39.041822733364086],[-94.58253942661841,39.04183055863159],[-94.58254018349223,39.04183550895462],[-94.58254069794415,39.041838885814066],[-94.58254331950262,39.04184707647157],[-94.58254717151527,39.04185494420932],[-94.58255225607917,39.04186239979011],[-94.58255842559815,39.041869304888685]]]},"properties":{"parcel":"240049","address":"323 Emanuel Cleaver II Blvd 6A","owner":"Jayph Properties LLC","current_permit":true,"point":[-94.5827238802894,39.041673350172616]}},{"type":"Feature","geometry":{"type":"Polygon","coordinates":[[[-94.58255842559815,39.041869304888685],[-94.58256565136097,39.04187556971763],[-94.58257378362322,39.04188110114299],[-94.5825827379248,39.04188580770071],[-94.5825923374391,39.04188964604208],[-94.58260249256712,39.04189252127457],[-94.5826130272696,39.04189443638283],[-94.58261989434479,39.04189502585077],[-94.5826232101278,39.0418952980731],[-94.58262764144632,39.04189545567255],[-94.58267614244477,39.04189720544459],[-94.58274656238078,39.0418997410532],[-94.58285201621169,39.04190351019014],[-94.5828862835712,39.041904732282646],[-94.58290872773223,39.04152396698115],[-94.58255703934468,39.04151012235487],[-94.58253941751323,39.041822733364086],[-94.58253942661841,39.04183055863159],[-94.58254018349223,39.04183550895462],[-94.58254069794415,39.041838885814066],[-94.58254331950262,39.04184707647157],[-94.58254717151527,39.04185494420932],[-94.58255225607917,39.04186239979011],[-94.58255842559815,39.041869304888685]]]},"properties":{"parcel":"240050","address":"323 Emanuel Cleaver II Blvd 6C","owner":"Jayph Properties LLC","current_permit":true,"point":[-94.5827238802894,39.041673350172616]}},{"type":"Feature","geometry":{"type":"Polygon","coordinates":[[[-94.58255842559815,39.041869304888685],[-94.58256565136097,39.04187556971763],[-94.58257378362322,39.04188110114299],[-94.5825827379248,39.04188580770071],[-94.5825923374391,39.04188964604208],[-94.58260249256712,39.04189252127457],[-94.5826130272696,39.04189443638283],[-94.58261989434479,39.04189502585077],[-94.5826232101278,39.0418952980731],[-94.58262764144632,39.04189545567255],[-94.58267614244477,39.04189720544459],[-94.58274656238078,39.0418997410532],[-94.58285201621169,39.04190351019014],[-94.5828862835712,39.041904732282646],[-94.58290872773223,39.04152396698115],[-94.58255703934468,39.04151012235487],[-94.58253941751323,39.041822733364086],[-94.58253942661841,39.04183055863159],[-94.58254018349223,39.04183550895462],[-94.58254069794415,39.041838885814066],[-94.58254331950262,39.04184707647157],[-94.58254717151527,39.04185494420932],[-94.58255225607917,39.04186239979011],[-94.58255842559815,39.041869304888685]]]},"properties":{"parcel":"240055","address":"323 Emanuel Cleaver II Blvd 3D","owner":"Tusaneza-Santiago Raquel Reyes","current_permit":true,"point":[-94.5827238802894,39.041673350172616]}},{"type":"Feature","geometry":{"type":"Polygon","coordinates":[[[-94.58255842559815,39.041869304888685],[-94.58256565136097,39.04187556971763],[-94.58257378362322,39.04188110114299],[-94.5825827379248,39.04188580770071],[-94.5825923374391,39.04188964604208],[-94.58260249256712,39.04189252127457],[-94.5826130272696,39.04189443638283],[-94.58261989434479,39.04189502585077],[-94.5826232101278,39.0418952980731],[-94.58262764144632,39.04189545567255],[-94.58267614244477,39.04189720544459],[-94.58274656238078,39.0418997410532],[-94.58285201621169,39.04190351019014],[-94.5828862835712,39.041904732282646],[-94.58290872773223,39.04152396698115],[-94.58255703934468,39.04151012235487],[-94.58253941751323,39.041822733364086],[-94.58253942661841,39.04183055863159],[-94.58254018349223,39.04183550895462],[-94.58254069794415,39.041838885814066],[-94.58254331950262,39.04184707647157],[-94.58254717151527,39.04185494420932],[-94.58255225607917,39.04186239979011],[-94.58255842559815,39.041869304888685]]]},"properties":{"parcel":"240073","address":"323 Emanuel Cleaver II Blvd 8A","owner":"PNB LLC","current_permit":true,"point":[-94.5827238802894,39.041673350172616]}},{"type":"Feature","geometry":{"type":"Polygon","coordinates":[[[-94.58255842559815,39.041869304888685],[-94.58256565136097,39.04187556971763],[-94.58257378362322,39.04188110114299],[-94.5825827379248,39.04188580770071],[-94.5825923374391,39.04188964604208],[-94.58260249256712,39.04189252127457],[-94.5826130272696,39.04189443638283],[-94.58261989434479,39.04189502585077],[-94.5826232101278,39.0418952980731],[-94.58262764144632,39.04189545567255],[-94.58267614244477,39.04189720544459],[-94.58274656238078,39.0418997410532],[-94.58285201621169,39.04190351019014],[-94.5828862835712,39.041904732282646],[-94.58290872773223,39.04152396698115],[-94.58255703934468,39.04151012235487],[-94.58253941751323,39.041822733364086],[-94.58253942661841,39.04183055863159],[-94.58254018349223,39.04183550895462],[-94.58254069794415,39.041838885814066],[-94.58254331950262,39.04184707647157],[-94.58254717151527,39.04185494420932],[-94.58255225607917,39.04186239979011],[-94.58255842559815,39.041869304888685]]]},"properties":{"parcel":"240074","address":"323 Emanuel Cleaver II Blvd 8C","owner":"Roher Shannon E","current_permit":true,"point":[-94.5827238802894,39.041673350172616]}},{"type":"Feature","geometry":{"type":"Polygon","coordinates":[[[-94.50960007629833,39.18584284246559],[-94.50959992193998,39.185842787565456],[-94.50958458151197,39.18583622674211],[-94.50957015307105,39.185828517247984],[-94.50955677480802,39.185819730001135],[-94.50954458418109,39.18580995651217],[-94.50953369586361,39.18579929058143],[-94.50952422085481,39.1857878351619],[-94.50951536900648,39.18579180333881],[-94.50908067385438,39.18599718521294],[-94.50908046348677,39.186007398447984],[-94.50907706299188,39.186170348025435],[-94.50942187590499,39.18617241821253],[-94.50960007629833,39.18584284246559]]]},"properties":{"parcel":"240448","address":"5035 N White Ave","owner":"Foltz Cody","current_permit":true,"point":[-94.50940117937324,39.185920013839265]}},{"type":"Feature","geometry":{"type":"Polygon","coordinates":[[[-94.50908378874054,39.18584817779772],[-94.50908067385438,39.18599718521294],[-94.50951536900648,39.18579180333881],[-94.50952422085481,39.1857878351619],[-94.50951587831112,39.18577505716449],[-94.50950929455172,39.18576167269351],[-94.50950453648048,39.185747825890026],[-94.50950166144725,39.18573367004799],[-94.5095006974015,39.18571935674759],[-94.50950153423926,39.185705982538956],[-94.50950404248971,39.185692735179984],[-94.50950819864882,39.185679740514395],[-94.50951395863243,39.185667123815605],[-94.5095036840286,39.185667078321295],[-94.50950162969585,39.18566706933667],[-94.50908761070193,39.185665043127514],[-94.50908711691946,39.1856889577148],[-94.50908378874054,39.18584817779772]]]},"properties":{"parcel":"240449","address":"5031 N White Ave","owner":"Mychalczuk Michael & Karen","current_permit":true,"point":[-94.50927004403391,39.18581999056826]}},{"type":"Feature","geometry":{"type":"Polygon","coordinates":[[[-94.55438346779974,39.258981540727],[-94.55439849108916,39.25899537901061],[-94.55441315256877,39.25900945255393],[-94.55442743972378,39.25902375278295],[-94.55444134813946,39.25903827969993],[-94.5544548785405,39.259053019004526],[-94.55446801547691,39.25906797242016],[-94.55448076262081,39.259083131365195],[-94.55449310819354,39.25909848783725],[-94.55450504777369,39.259114033258506],[-94.5545165798891,39.25912976705778],[-94.55452769938347,39.259145681801556],[-94.55453839815384,39.25916176548174],[-94.55561463310336,39.25873955001814],[-94.55510692764841,39.25849727408412],[-94.55438346779974,39.258981540727]]]},"properties":{"parcel":"240553","address":"2009 NE 91st St","owner":"Fulmer Rikki & Samuel","current_permit":true,"point":[-94.55493521998216,39.25886054537257]}},{"type":"Feature","geometry":{"type":"Polygon","coordinates":[[[-94.55165280085244,39.25843709708753],[-94.55209481864357,39.258638196756806],[-94.55223746538607,39.25844860181707],[-94.55179544911283,39.25824749982174],[-94.55165280085244,39.25843709708753]]]},"properties":{"parcel":"240574","address":"9105 N Brooklyn Ave","owner":"Fontus Gregory","current_permit":true,"point":[-94.55194513321408,39.2584428494523]}},{"type":"Feature","geometry":{"type":"Polygon","coordinates":[[[-94.57053960256897,38.89518236678509],[-94.5707858978683,38.89518944600279],[-94.57080204777381,38.89484643800298],[-94.57055573902065,38.89483936168683],[-94.57053960256897,38.89518236678509]]]},"properties":{"parcel":"240953","address":"1812 E 128th St","owner":"Slezinger Mark","current_permit":true,"point":[-94.57067082191077,38.89501440239404]}},{"type":"Feature","geometry":{"type":"Polygon","coordinates":[[[-94.59829151903797,39.194685552481594],[-94.59829532671748,39.194704988956445],[-94.59825346769162,39.19470995211026],[-94.59825940612639,39.19474027095486],[-94.59844079134147,39.19471875678573],[-94.59843104585427,39.19466900548352],[-94.59829151903797,39.194685552481594]]]},"properties":{"parcel":"241131","address":"5504 N Fairmount Ave","owner":"Willingham Marshonda Lynae","current_permit":true,"point":[-94.59836480683651,39.19469527071902]}},{"type":"Feature","geometry":{"type":"Polygon","coordinates":[[[-94.54647679536158,39.074084025139555],[-94.54642072794209,39.074081301776225],[-94.54635415168386,39.07407826280451],[-94.54632880183075,39.0745452018048],[-94.54639534950239,39.07454874417947],[-94.54639719887427,39.07454885784765],[-94.54645138811689,39.07455174213569],[-94.54645162024816,39.07454762350056],[-94.54647679536158,39.074084025139555]]]},"properties":{"parcel":"24286","address":"2959 E 28th St","owner":"Dockery Dandrea Nicole","current_permit":true,"point":[-94.5464027969494,39.07431461347218]}},{"type":"Feature","geometry":{"type":"Polygon","coordinates":[[[-94.58335215468009,38.897970238500314],[-94.5829908944859,38.897942887026446],[-94.58295825672037,38.89819929723712],[-94.58328361409448,38.89822393837049],[-94.58330481755232,38.898054322834525],[-94.5833654161035,38.89801533358499],[-94.58336465489535,38.89801479355342],[-94.58336326204179,38.898013708249415],[-94.58336147132978,38.89801230860906],[-94.58335981177709,38.89801101699005],[-94.58335559272973,38.898006315569],[-94.58335247992196,38.89800111225367],[-94.58335057016556,38.89799556485721],[-94.5833499229552,38.89798984494837],[-94.58335056141493,38.897983069285395],[-94.58335136349899,38.89797662071083],[-94.58335215468009,38.897970238500314]]]},"properties":{"parcel":"242951","address":"12605 Charlotte St","owner":"Charles Jennifer Bean","current_permit":true,"point":[-94.58313161971273,38.89812681003582]}},{"type":"Feature","geometry":{"type":"Polygon","coordinates":[[[-94.54713400768344,39.07524974478797],[-94.54707456320234,39.075246451084915],[-94.54703076656412,39.0752440199398],[-94.54701509009084,39.07524313391027],[-94.5470146251858,39.07525141694362],[-94.54699056300669,39.07570650322539],[-94.54705003788223,39.075709682554745],[-94.54705147704216,39.0757097729252],[-94.54710951114322,39.07571263304649],[-94.54710977338868,39.07570860534986],[-94.54713363232185,39.075258026641556],[-94.54713400768344,39.07524974478797]]]},"properties":{"parcel":"24304","address":"2939 Lockridge St","owner":"Wilson Anthony Craig","current_permit":true,"point":[-94.54706208893344,39.07548226493347]}},{"type":"Feature","geometry":{"type":"Polygon","coordinates":[[[-94.4570159269185,39.03966981589465],[-94.45714258548992,39.039673477116466],[-94.457143563923,39.039652901227534],[-94.45715764956294,39.039653309106406],[-94.45715902031344,39.039624385825995],[-94.45695494952541,39.039618488069856],[-94.45695337668877,39.039651522404455],[-94.45701670852188,39.03965335335347],[-94.4570159269185,39.03966981589465]]]},"properties":{"parcel":"245808","address":"4522 Willow Ave","owner":"Henry Corie & Torri","current_permit":true,"point":[-94.45705619999052,39.03963795411522]}},{"type":"Feature","geometry":{"type":"Polygon","coordinates":[[[-94.57629816483332,39.10871338289083],[-94.57633759975232,39.108832659673354],[-94.5764051788486,39.10881912211031],[-94.57638741996506,39.10876541340096],[-94.5763983432748,39.10876322514498],[-94.57637670985486,39.108697793780436],[-94.57629816483332,39.10871338289083]]]},"properties":{"parcel":"245876","address":"600 E Missouri Ave","owner":"Hudson Kara Nicole","current_permit":true,"point":[-94.57635394344078,39.10876431927297]}},{"type":"Feature","geometry":{"type":"Polygon","coordinates":[[[-94.57623225343609,39.10872646626465],[-94.57627172655016,39.10884585458746],[-94.57633759975232,39.108832659673354],[-94.57629816483332,39.10871338289083],[-94.57623225343609,39.10872646626465]]]},"properties":{"parcel":"245877","address":"602 E Missouri Ave","owner":"Schmidt Robert","current_permit":true,"point":[-94.57628492688728,39.108779562969005]}},{"type":"Feature","geometry":{"type":"Polygon","coordinates":[[[-94.54698161823005,39.07027151630062],[-94.54652468281807,39.070256803509494],[-94.54652080824548,39.07025666834234],[-94.54651608706077,39.07035297440803],[-94.546511395187,39.07044923698672],[-94.54651526977008,39.07044937215416],[-94.54697217630552,39.070464039231446],[-94.54697686755503,39.070367777778884],[-94.54698161823005,39.07027151630062]]]},"properties":{"parcel":"24749","address":"3023 Bellefontaine Ave","owner":"Pryor Brianna Renee","current_permit":true,"point":[-94.54674647957061,39.07036037609346]}},{"type":"Feature","geometry":{"type":"Polygon","coordinates":[[[-94.59095188871171,39.10258387095762],[-94.59049165218022,39.10256788598088],[-94.59010150787013,39.10255433331476],[-94.59010105782339,39.10255431764606],[-94.59004452326185,39.10258833741296],[-94.59004449987712,39.10258842208953],[-94.5900440390534,39.10259032268572],[-94.59002847335194,39.102894117455946],[-94.59001315803295,39.10318130464856],[-94.59092048703461,39.10321512812954],[-94.59093517985356,39.10292627044501],[-94.59095188871171,39.10258387095762]]]},"properties":{"parcel":"247598","address":"997 Pennsylvania Ave","owner":"Harmes Robert L","current_permit":true,"point":[-94.5904902087936,39.10274222007084]}},{"type":"Feature","geometry":{"type":"Polygon","coordinates":[[[-94.59064984785759,39.05197559939387],[-94.5904019495862,39.05166452262992],[-94.59018516819411,39.05176891228204],[-94.5899547783255,39.05187962829233],[-94.5900918025957,39.05205282229408],[-94.59022941617563,39.052227388526084],[-94.59063303192467,39.05203240451496],[-94.59063982410892,39.05202868166626],[-94.59064624304423,39.052023363738094],[-94.5906513969619,39.05201726483883],[-94.59065512322856,39.05201056413791],[-94.59065731866167,39.05200346249536],[-94.59065791384187,39.05199617390136],[-94.59065689584175,39.05198891516243],[-94.59065428620934,39.05198189962584],[-94.59064984785759,39.05197559939387]]]},"properties":{"parcel":"248533","address":"4141 Pennsylvania Ave STE 203","owner":"Big Time Properties LLC","current_permit":true,"point":[-94.59030217529498,39.051927613843105]}},{"type":"Feature","geometry":{"type":"Polygon","coordinates":[[[-94.54786934466354,39.07266215304261],[-94.54780849302112,39.07265943230936],[-94.54772923792602,39.072655964011624],[-94.54770910268354,39.07309342967763],[-94.5478492095814,39.07309966449369],[-94.54786934466354,39.07266215304261]]]},"properties":{"parcel":"24904","address":"2924 E 29th St","owner":"McCracken Amber","current_permit":true,"point":[-94.54778922423239,39.07287779136011]}},{"type":"Feature","geometry":{"type":"Polygon","coordinates":[[[-94.57041380051884,39.065078246020995],[-94.57025956188423,39.065073098762745],[-94.570106790084,39.06506799789646],[-94.56995404767633,39.065062917977194],[-94.5699451781788,39.06523548992708],[-94.57009789165353,39.0652406162088],[-94.57025066460491,39.06524576341945],[-94.57040481632039,39.06525093305047],[-94.57041380051884,39.065078246020995]]]},"properties":{"parcel":"249143","address":"3345 Forest Ave","owner":"Robison David","current_permit":true,"point":[-94.57017946458438,39.06515686797404]}},{"type":"Feature","geometry":{"type":"Polygon","coordinates":[[[-94.59275554449592,39.09327849603283],[-94.59258714947882,39.0932740983459],[-94.59258568919424,39.09330251792459],[-94.59230824879634,39.093289924697345],[-94.5923040939425,39.09328979070229],[-94.59230372729219,39.0933007737354],[-94.59230149312666,39.093366855006394],[-94.59229914624098,39.09343600238148],[-94.59230302290186,39.093436137168965],[-94.59274552395875,39.09345212228921],[-94.59274940062134,39.093452257061834],[-94.5927518358862,39.09338310903575],[-94.59275418567043,39.093317073425894],[-94.59275554449592,39.09327849603283]]]},"properties":{"parcel":"249144","address":"1660 Jefferson St","owner":"Oikos L L C","current_permit":true,"point":[-94.59252781731752,39.093341964216144]}},{"type":"Feature","geometry":{"type":"Polygon","coordinates":[[[-94.5448498000157,39.07254444190466],[-94.54476678710719,39.07254188827059],[-94.54467426440779,39.07253913229371],[-94.54465181139352,39.07296053658354],[-94.54482728850209,39.07296568608458],[-94.5448498000157,39.07254444190466]]]},"properties":{"parcel":"24928","address":"3228 E 29th St","owner":"Escalada Johnny B & Scheiner Donald S","current_permit":true,"point":[-94.54475078915192,39.072752489244095]}},{"type":"Feature","geometry":{"type":"Polygon","coordinates":[[[-94.58573067953975,39.10989170175328],[-94.58571031646152,39.109835017902945],[-94.58571028700985,39.10983494928265],[-94.58560336143255,39.10952435436796],[-94.58554971880923,39.10953551431156],[-94.58552860896857,39.10953992174097],[-94.58551102171668,39.10954359554612],[-94.58545042119819,39.109556179719554],[-94.58539011287179,39.10956876193144],[-94.58538121718361,39.109570598898635],[-94.58529900468736,39.10958770516311],[-94.58542688442675,39.10995988028292],[-94.5855042823125,39.10994517992858],[-94.58557927325799,39.10993096121132],[-94.58565684582324,39.10991626062742],[-94.58565406422534,39.1099080508059],[-94.58573067953975,39.10989170175328]]]},"properties":{"parcel":"249795","address":"114 W 3rd St","owner":"Larson Steve","current_permit":true,"point":[-94.58550460508025,39.10971132722288]}},{"type":"Feature","geometry":{"type":"Polygon","coordinates":[[[-94.59457969933845,39.045665455603775],[-94.59456640615251,39.04592583215686],[-94.59456636289481,39.04592749906552],[-94.59461684574678,39.04596860198765],[-94.59462261540062,39.04596880094717],[-94.59471639410853,39.045972037986104],[-94.59496603861736,39.04598065157762],[-94.59498498397934,39.04568041299361],[-94.59457969933845,39.045665455603775]]]},"properties":{"parcel":"249816","address":"4500 Jefferson St STE 203","owner":"Strategic Equity LLC","current_permit":true,"point":[-94.5947749559048,39.045803122575236]}},{"type":"Feature","geometry":{"type":"Polygon","coordinates":[[[-94.59457969933845,39.045665455603775],[-94.59456640615251,39.04592583215686],[-94.59456636289481,39.04592749906552],[-94.59461684574678,39.04596860198765],[-94.59462261540062,39.04596880094717],[-94.59471639410853,39.045972037986104],[-94.59496603861736,39.04598065157762],[-94.59498498397934,39.04568041299361],[-94.59457969933845,39.045665455603775]]]},"properties":{"parcel":"249820","address":"4500 Jefferson St STE 304","owner":"Strategic Equity LLC","current_permit":true,"point":[-94.5947749559048,39.045803122575236]}},{"type":"Feature","geometry":{"type":"Polygon","coordinates":[[[-94.59457969933845,39.045665455603775],[-94.59456640615251,39.04592583215686],[-94.59456636289481,39.04592749906552],[-94.59461684574678,39.04596860198765],[-94.59462261540062,39.04596880094717],[-94.59471639410853,39.045972037986104],[-94.59496603861736,39.04598065157762],[-94.59498498397934,39.04568041299361],[-94.59457969933845,39.045665455603775]]]},"properties":{"parcel":"249821","address":"4500 Jefferson St STE 305","owner":"Holly Street Investors LLC","current_permit":true,"point":[-94.5947749559048,39.045803122575236]}},{"type":"Feature","geometry":{"type":"Polygon","coordinates":[[[-94.56818060218232,39.08286442220515],[-94.56817326199383,39.08299775496083],[-94.56816552797514,39.08313676008287],[-94.56837048014188,39.08314383837954],[-94.56869254183357,39.083154961346594],[-94.5687001867038,39.08301591105336],[-94.56870747532554,39.08288188844077],[-94.56818060218232,39.08286442220515]]]},"properties":{"parcel":"249885","address":"2424 Tracy Ave","owner":"Arnone Michael P II","current_permit":true,"point":[-94.56843671865303,39.08300683300709]}},{"type":"Feature","geometry":{"type":"Polygon","coordinates":[[[-94.62651078739208,39.241082266044195],[-94.62882633784385,39.24128176064809],[-94.6288344807929,39.241197343424005],[-94.62887503092232,39.240747358002764],[-94.62887313375953,39.23996054275957],[-94.62652097932141,39.23991383311259],[-94.62651078739208,39.241082266044195]]]},"properties":{"parcel":"250246","address":"4000 NW 80th St","owner":"Burton, Justin & Carrie","current_permit":true,"point":[-94.6276956113183,39.24035395038116]}},{"type":"Feature","geometry":{"type":"Polygon","coordinates":[[[-94.58981966104852,39.10288806869309],[-94.58950988362533,39.102877288167385],[-94.58952684059194,39.10253870918936],[-94.58952716333746,39.102534428538625],[-94.5891080635928,39.10251976447294],[-94.58908836343689,39.102873583447],[-94.5890503581638,39.10287223506435],[-94.5890443907385,39.10298986060114],[-94.58910375729931,39.102991688601044],[-94.589087091009,39.103320256402505],[-94.58901761752162,39.103318115209994],[-94.58901219879147,39.10342494921896],[-94.58892273702745,39.10342141606708],[-94.58892482668246,39.10338540257899],[-94.58885574963514,39.10338330903715],[-94.58884041503224,39.103699948071565],[-94.58977729200136,39.103732919920034],[-94.58981966104852,39.10288806869309]]]},"properties":{"parcel":"250702","address":"905 Washington St STE 304","owner":"Dougan Fiona","current_permit":true,"point":[-94.58945087894924,39.10315490190552]}},{"type":"Feature","geometry":{"type":"Polygon","coordinates":[[[-94.58221419545644,39.01272445342175],[-94.58215295469299,39.01234398955494],[-94.58215295172045,39.01234395523548],[-94.5820315736317,39.01233850572046],[-94.5820733649437,39.01274333333037],[-94.58208559239915,39.01274119679189],[-94.58211321581773,39.012737195481364],[-94.58214089666228,39.01273340062522],[-94.58216860783014,39.012729834551465],[-94.5821963778909,39.01272647493094],[-94.58221419545644,39.01272445342175]]]},"properties":{"parcel":"251530","address":"431 E 63rd Ter","owner":"3g Legacy Group LLC","current_permit":true,"point":[-94.58211767645409,39.012534221488345]}},{"type":"Feature","geometry":{"type":"Polygon","coordinates":[[[-94.58232235119014,39.01316284178772],[-94.58232211174317,39.01315931770588],[-94.58229908630624,39.01285346032346],[-94.58228961435402,39.01285442858018],[-94.58226380863955,39.01285726057401],[-94.58223803251771,39.01286032249565],[-94.58221231531465,39.01286361260837],[-94.58218662764942,39.01286708574288],[-94.58217315718309,39.012869048699564],[-94.58221242631747,39.0130076211672],[-94.58220355755495,39.01315723961443],[-94.58220355760528,39.01315728308836],[-94.58224679606174,39.01315930275472],[-94.58231525253449,39.01316248127199],[-94.58232235119014,39.01316284178772]]]},"properties":{"parcel":"251535","address":"428 E 63rd Ter","owner":"Blue Door Investments LLC","current_permit":true,"point":[-94.58226215773917,39.01308243039081]}},{"type":"Feature","geometry":{"type":"Polygon","coordinates":[[[-94.56954689057885,39.08207130038987],[-94.56998294505972,39.08208579759636],[-94.57001205574194,39.08208677543494],[-94.57002319858927,39.0818770505494],[-94.56999362708453,39.08187606841402],[-94.56961051503896,39.081863349522365],[-94.56960136117326,39.081863723366766],[-94.56959243015949,39.081865325774345],[-94.56958398616024,39.08186810624987],[-94.56957628669917,39.08187197998096],[-94.56956955991167,39.081876830139784],[-94.5695640089558,39.08188251531657],[-94.56955980246217,39.081888860373105],[-94.56955706061034,39.08189567761558],[-94.5695558720027,39.081902760492355],[-94.56955585547857,39.081903123162306],[-94.56955456408015,39.08192735523127],[-94.5695489422737,39.082032061520884],[-94.56954689057885,39.08207130038987]]]},"properties":{"parcel":"251953","address":"1152 Beacon Hill Ln","owner":"McCoy Janelle","current_permit":true,"point":[-94.56978474873776,39.08197970837608]}},{"type":"Feature","geometry":{"type":"Polygon","coordinates":[[[-94.55953223883125,39.0985890219931],[-94.55908645396234,39.098575107339826],[-94.55908304745977,39.098645125142916],[-94.55907975664812,39.098713036146265],[-94.55910624362186,39.09871386987984],[-94.559106243736,39.09871400659193],[-94.55952562981807,39.09872704115828],[-94.55952889147564,39.098659014609964],[-94.55953223883125,39.0985890219931]]]},"properties":{"parcel":"252135","address":"1211 Michigan Ave","owner":"Bennett Debra M","current_permit":true,"point":[-94.55930596726866,39.09865206987644]}},{"type":"Feature","geometry":{"type":"Polygon","coordinates":[[[-94.65293316868087,39.26983551396876],[-94.65264733763449,39.269814962933914],[-94.65263952512555,39.26988058217164],[-94.65292535055306,39.269901134948604],[-94.65293316868087,39.26983551396876]]]},"properties":{"parcel":"252595","address":"9743 N Lucerne Ave","owner":"Rask, Kevin","current_permit":true,"point":[-94.65278634597408,39.2698580480702]}},{"type":"Feature","geometry":{"type":"Polygon","coordinates":[[[-94.5852337867554,39.051819862467894],[-94.58418476895152,39.05178595982298],[-94.58414756621373,39.052385191660015],[-94.58415466866794,39.05238543765321],[-94.58472400723359,39.052403742023735],[-94.58519841294412,39.052419069271764],[-94.58521428350761,39.05214634108212],[-94.58523364333325,39.0518226082781],[-94.5852337867554,39.051819862467894]]]},"properties":{"parcel":"252680","address":"4056 Warwick Blvd 15-C","owner":"Anderson Erin L","current_permit":true,"point":[-94.58469820388308,39.05198447468011]}},{"type":"Feature","geometry":{"type":"Polygon","coordinates":[[[-94.60091275843092,39.04618645478493],[-94.60094767737182,39.04618768301802],[-94.60095078853539,39.04618779472983],[-94.60108127969809,39.046192349419535],[-94.60137917645794,39.04620279913546],[-94.60138643156223,39.0460854590098],[-94.6013916938642,39.04598935523213],[-94.60139698475987,39.045893250855734],[-94.60109961810633,39.04588325834262],[-94.60110505610088,39.04578715442208],[-94.60076487787786,39.045775709754835],[-94.60076100380968,39.04577557638822],[-94.60075571209396,39.04587170419171],[-94.60075045040566,39.045967807942525],[-94.6007471038071,39.046028651716085],[-94.60074684643682,39.04603389109225],[-94.60074679702005,39.046039382550674],[-94.60074709824116,39.04604487370624],[-94.60074766277508,39.0460503417535],[-94.6007485214627,39.04605580897461],[-94.60074961552485,39.04606120849376],[-94.6007504104545,39.04606413656217],[-94.60075103088228,39.04606660716333],[-94.60075271165587,39.046071914080024],[-94.60075465500815,39.04607719731694],[-94.60075617883558,39.04608304435836],[-94.60075764699023,39.04608842925369],[-94.60076131713973,39.0461009493711],[-94.60076663176466,39.046111812634656],[-94.60077408828427,39.04612468184626],[-94.60077802729877,39.046129208860854],[-94.60078225810453,39.04613362064669],[-94.60078666547112,39.046137873257535],[-94.60079130664577,39.04614198780878],[-94.60079618382915,39.04614596429847],[-94.60080123687318,39.04614980506662],[-94.60080646424163,39.04615346149268],[-94.6008118974773,39.04615693354933],[-94.60081750657356,39.04616026988437],[-94.60082326282185,39.04616340016386],[-94.60082916408571,39.04616636957941],[-94.60083527118496,39.04616913231659],[-94.6008414660842,39.04617173538328],[-94.60084780736925,39.046174109514105],[-94.60085426576298,39.0461763004961],[-94.60086081115634,39.04617828490242],[-94.60086747509446,39.04618006442179],[-94.60087422599956,39.04618161448459],[-94.60088106393746,39.046182981424536],[-94.60088793239197,39.046184142409565],[-94.60089485770584,39.04618505165515],[-94.60090184364441,39.04618577780068],[-94.60090887103838,39.04618625279207],[-94.60091275843092,39.04618645478493]]]},"properties":{"parcel":"253101","address":"4504 Holly St","owner":"Melrose Investors LLC","current_permit":true,"point":[-94.60107107240697,39.04597858158733]}},{"type":"Feature","geometry":{"type":"Polygon","coordinates":[[[-94.57977196465343,39.04689163602165],[-94.57977550875593,39.04694977763217],[-94.57978086650108,39.04700778023645],[-94.57979687808536,39.04712244047387],[-94.57981979467071,39.04723592250325],[-94.57984953236365,39.047347810887345],[-94.57988598229983,39.04745769602296],[-94.58034398913122,39.04747079363998],[-94.58033887908755,39.047455890256074],[-94.58030732441897,39.04735006724811],[-94.58027560245725,39.047194869657055],[-94.5802437235947,39.047193930595576],[-94.58021965884727,39.04719315089381],[-94.58023271521805,39.046904279731926],[-94.57995158503019,39.04689656513818],[-94.57977196465343,39.04689163602165]]]},"properties":{"parcel":"253943","address":"506 E 44th St STE 100","owner":"Breckenridge James A","current_permit":true,"point":[-94.58001263727633,39.047157795683844]}},{"type":"Feature","geometry":{"type":"Polygon","coordinates":[[[-94.5137608483644,39.23942418518267],[-94.5137755177833,39.23876264520627],[-94.51346133083037,39.238758442819496],[-94.5134465330392,39.239425716536125],[-94.51376071928985,39.239429918962216],[-94.5137608483644,39.23942418518267]]]},"properties":{"parcel":"254039","address":"5600 NE 80th Ter 2B","owner":"Oliver-Omorodion Cozzetta","current_permit":true,"point":[-94.51361104269577,39.239093415194475]}},{"type":"Feature","geometry":{"type":"Polygon","coordinates":[[[-94.56948195441902,39.10414899220007],[-94.56939394112533,39.104146138200875],[-94.56938726448395,39.10428518803034],[-94.5694752779722,39.10428806434298],[-94.56948195441902,39.10414899220007]]]},"properties":{"parcel":"254313","address":"1102 E 8th St","owner":"Betson Elizabeth","current_permit":true,"point":[-94.56943460976143,39.1042170901152]}},{"type":"Feature","geometry":{"type":"Polygon","coordinates":[[[-94.56878026411117,39.08253657373722],[-94.56909525215771,39.08254668157232],[-94.56910060335214,39.08244597445874],[-94.56910332904611,39.08242328027803],[-94.56878678410003,39.08241312247311],[-94.56878359223218,39.082473578755206],[-94.56878026411117,39.08253657373722]]]},"properties":{"parcel":"255429","address":"2431 Forest Ave","owner":"Rostine Mark","current_permit":true,"point":[-94.56893969553938,39.082505076246214]}},{"type":"Feature","geometry":{"type":"Polygon","coordinates":[[[-94.57996086295834,39.05228158600932],[-94.58042223895636,39.05229794837634],[-94.58042621168158,39.05222954897483],[-94.58043030178492,39.05216115578368],[-94.58042325876195,39.05216088606981],[-94.57996948440307,39.052144952658956],[-94.57996518836616,39.05221327733287],[-94.57996086295834,39.05228158600932]]]},"properties":{"parcel":"256056","address":"4113 Locust St","owner":"Properties Plus LLC","current_permit":true,"point":[-94.58019568571005,39.052221413153845]}},{"type":"Feature","geometry":{"type":"Polygon","coordinates":[[[-94.44518576340167,38.861955538610644],[-94.44460695060747,38.861934374600054],[-94.44450808255061,38.86366716395984],[-94.44440438488225,38.86548447681894],[-94.44419930869137,38.869077664230694],[-94.44477810217441,38.86910107893057],[-94.44518576340167,38.861955538610644]]]},"properties":{"parcel":"257698","address":"11301 E 139th St","owner":"Ward Scott J Trustee","current_permit":true,"point":[-94.44459189125857,38.86728107052482]}},{"type":"Feature","geometry":{"type":"Polygon","coordinates":[[[-94.59549752626005,39.086297705772225],[-94.59550140033257,39.08629783931177],[-94.5959559231799,39.08631108020365],[-94.59595979725553,39.086311214872005],[-94.59596343323582,39.08624234142016],[-94.59596712706706,39.086173375252756],[-94.59597160213627,39.08609596659163],[-94.59550927327673,39.08608259429737],[-94.59550482700152,39.08615995830011],[-94.59550116048658,39.08622883176384],[-94.59549752626005,39.086297705772225]]]},"properties":{"parcel":"258918","address":"2141 Belleview Ave","owner":"Brandt Daniel","current_permit":true,"point":[-94.59573413927757,39.0862011035083]}},{"type":"Feature","geometry":{"type":"Polygon","coordinates":[[[-94.56300217005487,39.05115090427668],[-94.563006041987,39.05108232817723],[-94.56300997097017,39.051013568998954],[-94.56254936981396,39.050996702020456],[-94.56254931112564,39.05099670205193],[-94.56252777105102,39.05099588931766],[-94.56252389896848,39.05099575468016],[-94.56251993866317,39.05106446809742],[-94.56251597898354,39.05113306768103],[-94.56254146528296,39.051134013870694],[-94.56300217005487,39.05115090427668]]]},"properties":{"parcel":"259247","address":"4129 Woodland Ave","owner":"Anderson Julius L","current_permit":true,"point":[-94.56276298773355,39.051073398137326]}},{"type":"Feature","geometry":{"type":"Polygon","coordinates":[[[-94.57476313511324,39.061197465595235],[-94.57476912353161,39.061088137660875],[-94.57477065164444,39.061060816954466],[-94.57477341317687,39.06100850957615],[-94.57428985012169,39.060989255483264],[-94.57428688163866,39.06104185986116],[-94.57428538481788,39.061069112470946],[-94.57427921943042,39.06117901251489],[-94.57476313511324,39.061197465595235]]]},"properties":{"parcel":"259249","address":"3608 Campbell St","owner":"Kolarik Meredith L & John T","current_permit":true,"point":[-94.57452420158629,39.06113357508788]}},{"type":"Feature","geometry":{"type":"Polygon","coordinates":[[[-94.59176869554535,39.09096501745516],[-94.59221983602045,39.090974370382256],[-94.59222685915461,39.09084534671883],[-94.59222729997681,39.09083720941271],[-94.59177443943558,39.090828111271776],[-94.59176869554535,39.09096501745516]]]},"properties":{"parcel":"260746","address":"1807 Jefferson St","owner":"Simmons Brent P","current_permit":true,"point":[-94.59199740403776,39.090905182087]}},{"type":"Feature","geometry":{"type":"Polygon","coordinates":[[[-94.498121848408,39.21920732334267],[-94.49820555948966,39.21937719602811],[-94.49856748605076,39.21918827617048],[-94.4985231911683,39.21913262816885],[-94.49848294806182,39.21907398322808],[-94.49848033986267,39.21906984473333],[-94.498121848408,39.21920732334267]]]},"properties":{"parcel":"262728","address":"7025 N Cambridge Ave","owner":"Mallqui Juan Carlos & Mildred","current_permit":true,"point":[-94.49826599087021,39.21929225968539]}},{"type":"Feature","geometry":{"type":"Polygon","coordinates":[[[-94.59172502793503,39.053332148345994],[-94.59128027969852,39.05354362421556],[-94.59153796636572,39.05387408915503],[-94.5919871762492,39.0536613772327],[-94.59172502793503,39.053332148345994]]]},"properties":{"parcel":"263341","address":"4049 Pennsylvania Ave","owner":"Sky Views Real Estate LLC","current_permit":true,"point":[-94.59163324285004,39.053602500724125]}},{"type":"Feature","geometry":{"type":"Polygon","coordinates":[[[-94.57285128725076,39.11039886983534],[-94.57282402381983,39.110404206047455],[-94.57279676038598,39.1104095433972],[-94.57265919220136,39.110436383558316],[-94.57274803375266,39.11070294548572],[-94.57288549310736,39.110675474927035],[-94.5729126825642,39.11067021882932],[-94.57293987348481,39.11066496215229],[-94.57302573166474,39.110648273601065],[-94.57302475788359,39.11064523165682],[-94.57298145148273,39.11051518228746],[-94.57293714508234,39.110382136159615],[-94.57285128725076,39.11039886983534]]]},"properties":{"parcel":"264985","address":"910 E 5th St","owner":"Hill Kevin","current_permit":true,"point":[-94.57285511565941,39.11058020697214]}},{"type":"Feature","geometry":{"type":"Polygon","coordinates":[[[-94.56567751475937,39.07703028157549],[-94.56567363904576,39.07703014590155],[-94.5653217234186,39.077019406547976],[-94.56531786165088,39.077019271998445],[-94.56531412827245,39.077092331852064],[-94.5653132348691,39.07711033952714],[-94.56531711058591,39.07711047464104],[-94.565672785718,39.0771213720565],[-94.5656728429602,39.077121372024266],[-94.56567751475937,39.07703028157549]]]},"properties":{"parcel":"27133","address":"2710 Paseo","owner":"Stephens Shelby A","current_permit":true,"point":[-94.56549581861191,39.07706130671377]}},{"type":"Feature","geometry":{"type":"Polygon","coordinates":[[[-94.56959905221076,39.07701043397303],[-94.56907661966423,39.0769927368645],[-94.56905036150707,39.07699181487578],[-94.56904822869302,39.07703304730615],[-94.56904073942397,39.07717980906775],[-94.56903636298775,39.0772660722002],[-94.56906260654712,39.07726697189186],[-94.56958576106692,39.077284690939635],[-94.56959180259483,39.077159437371655],[-94.56959232000251,39.07714900399901],[-94.56959280979137,39.07713884406816],[-94.56959905221076,39.07701043397303]]]},"properties":{"parcel":"27219","address":"2711 Forest Ave","owner":"Vision 20/20 Properties LLC","current_permit":true,"point":[-94.56932045531556,39.07708594568716]}},{"type":"Feature","geometry":{"type":"Polygon","coordinates":[[[-94.57175567997308,39.0756843289387],[-94.57175429870104,39.075711718661424],[-94.57175202510552,39.075757275704945],[-94.57175012723658,39.07579557873581],[-94.57174742089647,39.07584861863368],[-94.57174722135495,39.075853034748015],[-94.57175109488344,39.07585323886383],[-94.57223402480639,39.07587174758362],[-94.57223408424915,39.07587174754679],[-94.5722369610706,39.07581424692326],[-94.57223888732015,39.07577596617584],[-94.57224353037313,39.075680161449434],[-94.57175686035295,39.07566147087914],[-94.57175567997308,39.0756843289387]]]},"properties":{"parcel":"281887","address":"2811 Harrison St","owner":"Ingram Jeffrey K","current_permit":true,"point":[-94.57199545114268,39.07576662094039]}},{"type":"Feature","geometry":{"type":"Polygon","coordinates":[[[-94.57473073409561,39.074002004259036],[-94.57472171414034,39.07418821449583],[-94.57472159993392,39.07419125714225],[-94.57512799098892,39.074206943948674],[-94.57513671304324,39.07401762322967],[-94.57514302577034,39.073880814331936],[-94.57513915021137,39.07388067897236],[-94.5747373351029,39.073865731752456],[-94.57473073409561,39.074002004259036]]]},"properties":{"parcel":"281889","address":"2901 Charlotte St","owner":"Basham Nicholas Paul & Rachel","current_permit":true,"point":[-94.5749293146404,39.07410291886275]}},{"type":"Feature","geometry":{"type":"Polygon","coordinates":[[[-94.60446575658733,39.05586026928397],[-94.60448355877477,39.05586429295293],[-94.60468592054923,39.055910029943824],[-94.60491639258481,39.05591807940479],[-94.60491745959975,39.05590537842382],[-94.60492499507583,39.05581571871617],[-94.60492675374338,39.05579496419404],[-94.60479289974418,39.055790279558984],[-94.60476146819747,39.055789049348896],[-94.6045714409128,39.05578162343814],[-94.60447180507076,39.055777777221955],[-94.60447030961895,39.05579850919275],[-94.60447030971926,39.05579857726322],[-94.60446575658733,39.05586026928397]]]},"properties":{"parcel":"282129","address":"3933 Genessee St","owner":"Macdonald James & Schuerman Andrew","current_permit":true,"point":[-94.6046952617703,39.05583799400007]}},{"type":"Feature","geometry":{"type":"Polygon","coordinates":[[[-94.55252802489595,39.17359700950079],[-94.55252802278325,39.17359713305589],[-94.55252602217105,39.173733074434466],[-94.55292515108036,39.17373568525593],[-94.55293014807786,39.173735454182335],[-94.55293523310586,39.17373501657291],[-94.55294028856797,39.1737343513167],[-94.55294528508534,39.17373348016344],[-94.55295022263948,39.17373237851669],[-94.55295504321191,39.17373109559574],[-94.55295980261766,39.17372958389834],[-94.55296444722738,39.173727865757314],[-94.55296894251855,39.17372596349673],[-94.55297332009296,39.17372387996231],[-94.55297752336293,39.17372161231971],[-94.5529815772988,39.17371913996527],[-94.55298545623047,39.17371653040784],[-94.55298912778815,39.173713736757364],[-94.55299256408254,39.17371080707535],[-94.552995854767,39.173707739033034],[-94.55299888075832,39.17370448863977],[-94.55300167080216,39.17370116971257],[-94.55300422484704,39.17369771361021],[-94.5530154278996,39.17366325062867],[-94.55301586909549,39.17359901770297],[-94.55252802489595,39.17359700950079]]]},"properties":{"parcel":"282487","address":"4341 NE Kelsey Rd","owner":"Pdia Investments LLC","current_permit":true,"point":[-94.55276831126557,39.17368048211944]}},{"type":"Feature","geometry":{"type":"Polygon","coordinates":[[[-94.64465568553301,39.21477465772296],[-94.64465329715635,39.214857029506334],[-94.64519313377069,39.21485946965864],[-94.64531735383754,39.21486001662537],[-94.64529679699359,39.21481083490581],[-94.64529552898554,39.214807815153286],[-94.64523511344136,39.21466331033124],[-94.64520949940831,39.21460204613074],[-94.64496846502573,39.21466476415423],[-94.64496455459982,39.21466579863049],[-94.64496344388597,39.21466882020267],[-94.64496183464121,39.21467291719387],[-94.64495946289533,39.21467809164852],[-94.64495685566298,39.21468317430325],[-94.64495398362727,39.21468821152694],[-94.64495084664706,39.21469313467904],[-94.64494747413438,39.214697943723],[-94.64494383745942,39.21470266157461],[-94.64494002334203,39.21470726581774],[-94.64493588467224,39.214711732611136],[-94.64493159944148,39.21471608518558],[-94.64492704912257,39.21472025390381],[-94.64492229273488,39.214724333645336],[-94.64491732714202,39.21472822946105],[-94.64491218989265,39.2147319647565],[-94.6449068156412,39.2147355865174],[-94.64490129312304,39.21473897966014],[-94.64489562326159,39.21474223570456],[-94.64488974709154,39.21474528608324],[-94.6448837235324,39.21474817705531],[-94.64487758189756,39.21475086053589],[-94.64487129356431,39.214753362872734],[-94.64486488490604,39.2147556365566],[-94.64485836120745,39.214757748505555],[-94.64485174586429,39.21475963348181],[-94.64484501470089,39.21476133498791],[-94.64483822272528,39.214762784886716],[-94.64483134360752,39.214764051851624],[-94.64482440377282,39.21476511354159],[-94.64481743625933,39.21476594531925],[-94.64481043592355,39.21476654890702],[-94.64480337781102,39.214766946644176],[-94.64479634937942,39.214767117257715],[-94.6447892903704,39.21476707855477],[-94.64478223089502,39.21476681276571],[-94.64477520036313,39.214766318710005],[-94.64476817014145,39.21476561758741],[-94.64476122621706,39.2147646881269],[-94.64475434216486,39.214763552669524],[-94.64474748563164,39.21476221125555],[-94.6447407176476,39.214760663809066],[-94.64473403669514,39.21475888745179],[-94.64472741487991,39.214756905098625],[-94.64472096985509,39.214754718891434],[-94.6447146112113,39.21475234495871],[-94.64470840068233,39.21474976777966],[-94.64470227727686,39.214747006306204],[-94.64469632992311,39.2147440392637],[-94.64469055940222,39.214740888959504],[-94.64468602375449,39.21473824105834],[-94.64465568553301,39.21477465772296]]]},"properties":{"parcel":"283734","address":"5514 NW 66th Ter","owner":"Spencer, Kyle & Lisa","current_permit":true,"point":[-94.64508889731106,39.21473009710878]}},{"type":"Feature","geometry":{"type":"Polygon","coordinates":[[[-94.55494251739195,39.08630373902986],[-94.55493545668473,39.08645808614108],[-94.55539050107589,39.0864745080325],[-94.55539756079344,39.08632016146691],[-94.55494251739195,39.08630373902986]]]},"properties":{"parcel":"285731","address":"2111 Park Ave","owner":"Cashius Enterprises LLC","current_permit":true,"point":[-94.5551665089546,39.086389123804]}},{"type":"Feature","geometry":{"type":"Polygon","coordinates":[[[-94.59582933094038,39.08520769238717],[-94.59582587134422,39.0852751699767],[-94.59582974532579,39.08527527719261],[-94.59603129939528,39.08528074461476],[-94.59603487696238,39.08521326635008],[-94.59603839574496,39.08514574294347],[-94.59604194461164,39.08507821836715],[-94.59584015842418,39.08507272941704],[-94.59583625362674,39.085072621654774],[-94.59582933094038,39.08520769238717]]]},"properties":{"parcel":"286681","address":"2315 Belleview Ave","owner":"Johnson Barbara & Weitgenant Mark","current_permit":true,"point":[-94.59593385002762,39.08517671766532]}},{"type":"Feature","geometry":{"type":"Polygon","coordinates":[[[-94.59362863283339,39.09035315084328],[-94.59407813374506,39.09036818433171],[-94.59408412062747,39.09025845555272],[-94.59363496530274,39.09024335145106],[-94.59362863283339,39.09035315084328]]]},"properties":{"parcel":"290060","address":"1822 Summit St","owner":"Weber Brody Quinn & Katherine Alexis","current_permit":true,"point":[-94.59385645041166,39.090305803198]}},{"type":"Feature","geometry":{"type":"Polygon","coordinates":[[[-94.64929775818229,39.311450064212664],[-94.6492971503518,39.31113631308821],[-94.64929714519805,39.31113388783104],[-94.64929361085824,39.31113386948361],[-94.64924569122428,39.31113367867457],[-94.64899829225607,39.311134316458975],[-94.64899745906047,39.31145005940484],[-94.64900134679833,39.311450054429095],[-94.64924530259718,39.311449513143],[-94.64929775818229,39.311450064212664]]]},"properties":{"parcel":"292967","address":"6000 NW Cookingham Dr","owner":"Elam, Bryan E","current_permit":true,"point":[-94.64914766373894,39.31129291311561]}},{"type":"Feature","geometry":{"type":"Polygon","coordinates":[[[-94.54646847160906,39.05664309441116],[-94.54601112466743,39.056627465056486],[-94.54600725010638,39.056627328727735],[-94.54600600408467,39.05665066769963],[-94.54600217682261,39.0567234314975],[-94.54600605138816,39.05672356668235],[-94.54646351558615,39.05673917312897],[-94.54646847160906,39.05664309441116]]]},"properties":{"parcel":"29321","address":"3805 Benton Blvd","owner":"Russell Marcus","current_permit":true,"point":[-94.54623514736241,39.056687049598565]}},{"type":"Feature","geometry":{"type":"Polygon","coordinates":[[[-94.59789254484244,39.04079085014562],[-94.59757175868255,39.040780685224924],[-94.597564931692,39.04089511784397],[-94.5975583937683,39.04100481501232],[-94.5975622668382,39.041004949630434],[-94.59787994448205,39.04101495644645],[-94.59788613129683,39.0409052595551],[-94.59789254484244,39.04079085014562]]]},"properties":{"parcel":"293748","address":"","owner":"WND LLC","current_permit":true,"point":[-94.5977255225142,39.04090018869954]}},{"type":"Feature","geometry":{"type":"Polygon","coordinates":[[[-94.5972723337435,39.039767653099524],[-94.59727238900359,39.03976515960475],[-94.59727238847026,39.03976477062945],[-94.59727220639698,39.039760903333075],[-94.59727176100337,39.03975703740034],[-94.59727099367095,39.03975321692589],[-94.59727002022873,39.03974939662331],[-94.59726869483833,39.039745668137904],[-94.59726716413522,39.039741986157566],[-94.5972653107898,39.03973837137292],[-94.59726322212306,39.03973485002427],[-94.59726090033242,39.03973141982163],[-94.59725834324954,39.03972810421975],[-94.59725552303334,39.03972492612274],[-94.59725243668717,39.03972183977126],[-94.59724920533043,39.03971891370707],[-94.59724571087257,39.03971614860061],[-94.59724203979994,39.039713496901875],[-94.59723819227169,39.039711074731386],[-94.59723419966934,39.039708766514295],[-94.59723000127269,39.039706688421916],[-94.5972256571304,39.039704769473275],[-94.59722119441592,39.039703034814735],[-94.59721664473032,39.039701529037785],[-94.59721194859684,39.03970020528603],[-94.59720716546161,39.039699088106964],[-94.59720235186575,39.03969822321523],[-94.59719745123506,39.039697540871224],[-94.59719249294041,39.03969706393137],[-94.59718753352442,39.03969683925441],[-94.59718254575328,39.039696797648254],[-94.59717758693286,39.03969700770796],[-94.59717265920092,39.03969742366988],[-94.59717163250858,39.039697562382734],[-94.59716784910881,39.039698045461876],[-94.5971638891589,39.039698689426466],[-94.59691001220028,39.039740497577476],[-94.59694645191063,39.03984787092667],[-94.59693411951434,39.040055434032816],[-94.59725540365633,39.04006587429371],[-94.59727213322995,39.03977119980997],[-94.5972723337435,39.039767653099524]]]},"properties":{"parcel":"293749","address":"","owner":"Sunset Building LLC","current_permit":true,"point":[-94.59710108704564,39.03995165247974]}},{"type":"Feature","geometry":{"type":"Polygon","coordinates":[[[-94.5807535525344,39.05828538504979],[-94.58032548392647,39.05827093166135],[-94.58027743487976,39.0582693081705],[-94.58027202440395,39.0583603874154],[-94.58022484871086,39.0591545816317],[-94.58070317656855,39.05917347153624],[-94.58070392467923,39.05916036029151],[-94.58071858473839,39.058890562037234],[-94.5807535525344,39.05828538504979]]]},"properties":{"parcel":"294056","address":"","owner":"WND LLC","current_permit":true,"point":[-94.58049508990422,39.05862547472631]}},{"type":"Feature","geometry":{"type":"Polygon","coordinates":[[[-94.59942046017797,39.23702977462357],[-94.59942197538548,39.23702977447428],[-94.59988337630257,39.237029984908666],[-94.59988628314987,39.23702998641999],[-94.60077360850254,39.23703038672052],[-94.60077736741752,39.23662032431035],[-94.60073491125236,39.23662001783305],[-94.60038688512223,39.236618716684625],[-94.60009022957033,39.23661805676988],[-94.59988739545301,39.236617204140096],[-94.59988416443193,39.23690626669844],[-94.59988394537937,39.23694060026411],[-94.59942254608039,39.236940600327706],[-94.59942046017797,39.23702977462357]]]},"properties":{"parcel":"294993","address":"7825 N Platte Purchase Dr","owner":"Kennedy Tobin","current_permit":true,"point":[-94.6003309096747,39.236763295504396]}},{"type":"Feature","geometry":{"type":"Polygon","coordinates":[[[-94.58026642285247,39.063732230808796],[-94.58005500948649,39.06372398000145],[-94.58005001998139,39.063723891331],[-94.58004506081787,39.063724031447805],[-94.58004007183082,39.06372440153724],[-94.58003519973951,39.06372497690171],[-94.58003032866608,39.06372580395442],[-94.58002551647152,39.06372679056035],[-94.58002079258534,39.06372800762987],[-94.5800161863789,39.06372947459153],[-94.58001166766886,39.06373110280288],[-94.58000726732182,39.06373293628829],[-94.580003013876,39.06373490638574],[-94.57999893757075,39.06373715150353],[-94.57999500743355,39.063739533805915],[-94.57999125362505,39.06374212191473],[-94.57998770609926,39.06374480140523],[-94.57998439137398,39.06374766378265],[-94.57998125583487,39.06375066332204],[-94.57997835306978,39.06375382229556],[-94.57997565661462,39.06375709667571],[-94.57997319579036,39.063760461273496],[-94.57997102714891,39.0637639640999],[-94.579969094847,39.063767534834696],[-94.57996739521666,39.0637711740524],[-94.57996599135981,39.06377488228181],[-94.57996488036547,39.063778680689666],[-94.57996403278221,39.06378247891691],[-94.5799634508901,39.06378634674847],[-94.57996318997169,39.0637892070314],[-94.57993498032273,39.06430544136766],[-94.58023409668237,39.06431759161407],[-94.58023421198247,39.06431573761551],[-94.58023803783404,39.064247138255226],[-94.58024560136232,39.06410984749712],[-94.58025319379807,39.063972191766176],[-94.58026072953439,39.0638356795401],[-94.58026642285247,39.063732230808796]]]},"properties":{"parcel":"296502","address":"","owner":"Properties Plus","current_permit":true,"point":[-94.58009941362042,39.064041019631645]}},{"type":"Feature","geometry":{"type":"Polygon","coordinates":[[[-94.54670461225471,39.051237118531596],[-94.54624477639011,39.051221285139995],[-94.54624031875753,39.05131429884586],[-94.54669777755595,39.0513300634197],[-94.54670461225471,39.051237118531596]]]},"properties":{"parcel":"30144","address":"4105 Benton Blvd","owner":"Cusumano Properties LLC","current_permit":true,"point":[-94.54647197134969,39.05127570868873]}},{"type":"Feature","geometry":{"type":"Polygon","coordinates":[[[-94.52347991031574,39.05337028976083],[-94.5234804348236,39.05335910090629],[-94.52348081121274,39.053345921445256],[-94.52348086627244,39.05333274204885],[-94.52348068583737,39.05331956269987],[-94.523480154002,39.05330640630246],[-94.52347941603269,39.053293296280266],[-94.52347835451832,39.053280139989404],[-94.52347705971808,39.053267006054334],[-94.52347541132504,39.05325391852416],[-94.52347399952542,39.053244148673556],[-94.52326156801237,39.05323721256646],[-94.52318186511036,39.05323457425328],[-94.5231779629003,39.053234437171525],[-94.52317041656829,39.053397602779356],[-94.52325355160858,39.053400355392455],[-94.5232914358962,39.053401582828634],[-94.5234783373303,39.05340770031147],[-94.52347991031574,39.05337028976083]]]},"properties":{"parcel":"32076","address":"3943 Denver Ave","owner":"Garcia Joaquin Diaz","current_permit":true,"point":[-94.52332724858528,39.05332615237436]}},{"type":"Feature","geometry":{"type":"Polygon","coordinates":[[[-94.53153407068096,39.03304130411394],[-94.53109946953559,39.0330264337624],[-94.53109649995935,39.0330783972069],[-94.53109265661001,39.033146491958],[-94.53108878536335,39.033214540953715],[-94.53108485474202,39.03328268091615],[-94.53108098276736,39.03335077624413],[-94.53107711079511,39.03341889388013],[-94.53151124580444,39.033434039011006],[-94.53151520464813,39.033365944218325],[-94.53151913488108,39.03329785000443],[-94.5315231237896,39.03322977693867],[-94.53152708335446,39.03316170559597],[-94.53153101358518,39.033093657141244],[-94.53153407070131,39.033041349875845],[-94.53153407068096,39.03304130411394]]]},"properties":{"parcel":"33474","address":"4604 E 51st St","owner":"Sanders Living Trust Dated 12-18-2023","current_permit":true,"point":[-94.53130397719137,39.033256228927414]}},{"type":"Feature","geometry":{"type":"Polygon","coordinates":[[[-94.5425695789129,39.04397740315955],[-94.54208385335106,39.04396156163604],[-94.54207616433573,39.04410724832694],[-94.54207599009263,39.044110290979155],[-94.5425616865408,39.044126039877746],[-94.5425695789129,39.04397740315955]]]},"properties":{"parcel":"34101","address":"4501 Askew Ave","owner":"McSilva & Wiggit LLC","current_permit":true,"point":[-94.54232286121547,39.04404232574325]}},{"type":"Feature","geometry":{"type":"Polygon","coordinates":[[[-94.55003446533009,39.03136928509939],[-94.54989364886664,39.03136447234074],[-94.54989347572295,39.031367515010764],[-94.549888426399,39.03144700620476],[-94.54988410363964,39.031515741890736],[-94.54987975156841,39.03158452392221],[-94.54987545812939,39.03165326073775],[-94.54987127920187,39.03171902126237],[-94.5498711060411,39.03172204219526],[-94.5500119525815,39.031726901301724],[-94.55001630451704,39.031658096386145],[-94.55002062639117,39.03158931493541],[-94.55002492112033,39.03152053235132],[-94.55002927307883,39.03145179550367],[-94.55003446533009,39.03136928509939]]]},"properties":{"parcel":"35897","address":"3003 E 52nd St","owner":"Gelt Capital LLC","current_permit":true,"point":[-94.54995234968948,39.03155252813677]}},{"type":"Feature","geometry":{"type":"Polygon","coordinates":[[[-94.55199532180058,39.02600970376639],[-94.55157563142303,39.02599545160102],[-94.55156828894629,39.02610416296963],[-94.55156094716351,39.02621285088245],[-94.55155313956699,39.026328448483184],[-94.55155290735577,39.0263318361152],[-94.55197192379984,39.02634540108777],[-94.55198019726399,39.02622698831906],[-94.55198774451016,39.02611834605068],[-94.55199532180058,39.02600970376639]]]},"properties":{"parcel":"36570","address":"5501 South Benton Ave","owner":"Woods Chris T","current_permit":true,"point":[-94.55177430048462,39.02616559846656]}},{"type":"Feature","geometry":{"type":"Polygon","coordinates":[[[-94.5531853002452,39.023612589760496],[-94.553181281543,39.02361245430664],[-94.5527650668093,39.02359779354094],[-94.55275731634968,39.02370732835697],[-94.5531734151259,39.023721989202706],[-94.55317743236765,39.0237221246575],[-94.5531853002452,39.023612589760496]]]},"properties":{"parcel":"36600","address":"5627 Chestnut Ave","owner":"Nicks Enterprises Lls Aka Nicks Enterprise LLC","current_permit":true,"point":[-94.55297128290948,39.02365995905873]}},{"type":"Feature","geometry":{"type":"Polygon","coordinates":[[[-94.5230787363166,39.03164736178243],[-94.52307483456111,39.031647225840516],[-94.52203045571152,39.03161173230478],[-94.52202027763079,39.03180350014449],[-94.52306468790766,39.03183901550059],[-94.52306858967385,39.03183915201486],[-94.5230787363166,39.03164736178243]]]},"properties":{"parcel":"37388","address":"5118 Hardesty Ave","owner":"Fernandez Osvaldo A","current_permit":true,"point":[-94.52254951361408,39.03172543096346]}},{"type":"Feature","geometry":{"type":"Polygon","coordinates":[[[-94.5209319118049,39.02905050176846],[-94.52005991692025,39.02902129925762],[-94.52003724848713,39.02945860429366],[-94.52004117871856,39.02945874090435],[-94.52090962752376,39.02948654902102],[-94.52093176602727,39.02905354610805],[-94.5209319118049,39.02905050176846]]]},"properties":{"parcel":"37427","address":"5544 E 53rd St","owner":"Sanchez Saul","current_permit":true,"point":[-94.52048457903572,39.029256075200855]}},{"type":"Feature","geometry":{"type":"Polygon","coordinates":[[[-94.52928903287227,39.03279511828078],[-94.52929043107052,39.03277276323386],[-94.52929150803186,39.03275040826747],[-94.52929234955668,39.03272803047917],[-94.52929289698125,39.03270565219258],[-94.52929315250678,39.03268327512327],[-94.5292931432784,39.032660919857264],[-94.52929281207206,39.032638542935125],[-94.52929224470628,39.03261616550017],[-94.5292913839755,39.03259378871078],[-94.52929020129498,39.03257145662004],[-94.52928878464685,39.032549101706984],[-94.52928763487138,39.03253363503952],[-94.52884920883946,39.03255653315368],[-94.52884530789598,39.032556740619015],[-94.52882985443749,39.032790358452075],[-94.52928836302134,39.03280697078515],[-94.52928903287227,39.03279511828078]]]},"properties":{"parcel":"37614","address":"5101 Lister Ave","owner":"Dorsett Melissa & Arrington Tiffany","current_permit":true,"point":[-94.52906541255493,39.03267209749026]}},{"type":"Feature","geometry":{"type":"Polygon","coordinates":[[[-94.53316016120928,39.03080927306592],[-94.53315652212387,39.03080618516998],[-94.5328876112714,39.03057758891925],[-94.53271106765007,39.03070071527505],[-94.5327143260473,39.03070373464882],[-94.53296889369267,39.03093846744732],[-94.53297223869544,39.03094157888516],[-94.53298798708416,39.0309308649971],[-94.5330215366036,39.03090781551711],[-94.53305490999978,39.03088458074148],[-94.5330880772162,39.030861188136036],[-94.53312106905356,39.03083763368802],[-94.53315382610812,39.03081392027462],[-94.53316016120928,39.03080927306592]]]},"properties":{"parcel":"37715","address":"5223 Franklin Ave","owner":"CMB & Associates Enterprises Inc","current_permit":true,"point":[-94.53293307137216,39.0307549599094]}},{"type":"Feature","geometry":{"type":"Polygon","coordinates":[[[-94.53333928087292,39.03067394974174],[-94.53333540637816,39.030670885371585],[-94.53306409711813,39.030454553833955],[-94.5328876112714,39.03057758891925],[-94.53315652212387,39.03080618516998],[-94.53316016120928,39.03080927306592],[-94.53318643711965,39.03079004558265],[-94.53321884195051,39.03076601134545],[-94.53325104060013,39.03074181641914],[-94.53328306388265,39.03071748539213],[-94.53331488169579,39.0306929479142],[-94.53333928087292,39.03067394974174]]]},"properties":{"parcel":"37716","address":"5227 Franklin Ave","owner":"Ulrich Bryant","current_permit":true,"point":[-94.53310969469419,39.03062423714542]}},{"type":"Feature","geometry":{"type":"Polygon","coordinates":[[[-94.53472174637868,39.02867059267284],[-94.53442405074998,39.02865956017546],[-94.53442334784238,39.02866340381447],[-94.53442068562222,39.02867685975668],[-94.5344177872425,39.02869029059943],[-94.53441456688894,39.02870367691915],[-94.53441105316296,39.028717018707404],[-94.53440733406788,39.02873031307809],[-94.53440329226483,39.02874356235383],[-94.53439898641223,39.028756743064385],[-94.53439441726549,39.028769900971376],[-94.53438955325636,39.02878296801324],[-94.53438653574382,39.02879120605317],[-94.53438026580211,39.02880871184582],[-94.5343742906849,39.028826239860145],[-94.53436860820364,39.02884381354983],[-94.53436318977958,39.02886147982938],[-94.5343580353786,39.02887916776772],[-94.53435314501279,39.02889690196207],[-94.53434854802843,39.028914705284684],[-94.53434421505693,39.02893250795732],[-94.53434017547809,39.028950402067245],[-94.53433642998151,39.028968296662455],[-94.53433291845181,39.028986235806514],[-94.53432970029354,39.02900422119807],[-94.53432809160111,39.02901401472768],[-94.53470232533971,39.02902788370315],[-94.53472174637868,39.02867059267284]]]},"properties":{"parcel":"37772","address":"4242 E 53rd Ter","owner":"Seven J's LLC","current_permit":true,"point":[-94.53454212889395,39.02883502670498]}},{"type":"Feature","geometry":{"type":"Polygon","coordinates":[[[-94.58078963802882,39.10781331568787],[-94.58084299550053,39.107972707695865],[-94.58084689903653,39.10797191045819],[-94.58096959847387,39.10794697748514],[-94.58093750761196,39.107851358616536],[-94.58091623147594,39.10778783379625],[-94.58078963802882,39.10781331568787]]]},"properties":{"parcel":"39124","address":"108 E Missouri Ave","owner":"River Market Management LLC","current_permit":true,"point":[-94.58088596534364,39.107899168050835]}},{"type":"Feature","geometry":{"type":"Polygon","coordinates":[[[-94.57044829281236,39.11115524787237],[-94.57036010342688,39.11089549138168],[-94.57027556664642,39.110912908781614],[-94.57026734503404,39.11091462978579],[-94.57035374266275,39.11117372388837],[-94.57036290478067,39.11117193424062],[-94.57037858411518,39.11116888050647],[-94.57044829281236,39.11115524787237]]]},"properties":{"parcel":"39220","address":"1042 E 5th St","owner":"Sharkey Diany Sofia & Thomas M","current_permit":true,"point":[-94.57035745513892,39.11103493882908]}},{"type":"Feature","geometry":{"type":"Polygon","coordinates":[[[-94.57266445579602,39.11001163933572],[-94.57264233232993,39.10994504811967],[-94.57216371979327,39.11003888145459],[-94.5721598431941,39.11003966179618],[-94.57218193746209,39.11010611640902],[-94.57218584416695,39.11010533547602],[-94.57266445579602,39.11001163933572]]]},"properties":{"parcel":"39359","address":"508 Harrison St","owner":"Patterson Joshua","current_permit":true,"point":[-94.57241403699513,39.110025260395155]}},{"type":"Feature","geometry":{"type":"Polygon","coordinates":[[[-94.57186718756134,39.107613348471176],[-94.57184500665429,39.107546551185344],[-94.57136697159473,39.10764468249148],[-94.57136309585258,39.10764546337838],[-94.57138527619757,39.107712123471266],[-94.5713891526548,39.10771132027457],[-94.57186718756134,39.107613348471176]]]},"properties":{"parcel":"39391","address":"572 Harrison St","owner":"Ferol L Thielen Revocable Trust","current_permit":true,"point":[-94.57161701746398,39.10762901548133]}},{"type":"Feature","geometry":{"type":"Polygon","coordinates":[[[-94.57204467177301,39.108147204875934],[-94.57202251928041,39.108080522015825],[-94.57154439109932,39.10817773887271],[-94.57154051682092,39.108178542073176],[-94.5715626673068,39.10824511119381],[-94.57156654379118,39.1082443079913],[-94.57204467177301,39.108147204875934]]]},"properties":{"parcel":"39397","address":"556 Harrison St","owner":"JH Sodders LLC","current_permit":true,"point":[-94.57179448747618,39.10816247187432]}},{"type":"Feature","geometry":{"type":"Polygon","coordinates":[[[-94.57135195033956,39.109873221808535],[-94.57134308369201,39.10984673144019],[-94.57129854414815,39.10971418819021],[-94.5708135025386,39.10981014839005],[-94.57084905632529,39.109915972111665],[-94.57085293293281,39.10991519238564],[-94.57112506565093,39.10986155460066],[-94.57113402098908,39.109887975717434],[-94.57114300501546,39.10991444372121],[-94.57135195033956,39.109873221808535]]]},"properties":{"parcel":"39411","address":"1018 E Missouri Ave","owner":"Forrester LLC","current_permit":true,"point":[-94.5710782925116,39.10982843991512]}},{"type":"Feature","geometry":{"type":"Polygon","coordinates":[[[-94.56657145199455,39.10996748119596],[-94.56657101725348,39.109910416526766],[-94.56615581577492,39.10989223394593],[-94.5660887849091,39.10994331812535],[-94.56657145199455,39.10996748119596]]]},"properties":{"parcel":"39687","address":"523 Tracy Ave","owner":"Bechthold Josiah & Maria","current_permit":true,"point":[-94.5663407568261,39.10992686732606]}},{"type":"Feature","geometry":{"type":"Polygon","coordinates":[[[-94.56900815288664,39.10847779104277],[-94.56896796572428,39.10846724510324],[-94.56892008364956,39.10845466560439],[-94.56890333933976,39.108811934646376],[-94.56890319543933,39.108814954405986],[-94.56899212582194,39.10881796782143],[-94.56900815288664,39.10847779104277]]]},"properties":{"parcel":"39762","address":"1119 Pacific St","owner":"Nelson Chance M","current_permit":true,"point":[-94.56895572552821,39.10864486284457]}},{"type":"Feature","geometry":{"type":"Polygon","coordinates":[[[-94.56615645229407,39.110774914156394],[-94.56615189828179,39.11044545198157],[-94.56615119668031,39.11029184713951],[-94.56615107737288,39.110289101529155],[-94.56615119748636,39.11028721151928],[-94.56609926746228,39.11028620276373],[-94.56605826612261,39.11028423481416],[-94.5659100656441,39.110277225690375],[-94.56563938704434,39.11076704718198],[-94.56615645229407,39.110774914156394]]]},"properties":{"parcel":"39771","address":"1317 E 5th St","owner":"Rippe Taylor","current_permit":true,"point":[-94.56594118289001,39.11060624958178]}},{"type":"Feature","geometry":{"type":"Polygon","coordinates":[[[-94.55498617094808,39.11252674890699],[-94.55456470563284,39.11251223467499],[-94.55456082873191,39.11251209920558],[-94.55455700514466,39.11258110901276],[-94.55455318158535,39.11265016458028],[-94.5545570584943,39.112650300621965],[-94.55497840784977,39.11266476860244],[-94.55498228975202,39.11259573587438],[-94.55498617094808,39.11252674890699]]]},"properties":{"parcel":"39905","address":"126 Park Ave","owner":"Ubc Renovations LLC","current_permit":true,"point":[-94.55476965070476,39.112588422443565]}},{"type":"Feature","geometry":{"type":"Polygon","coordinates":[[[-94.55495546304351,39.113072604541514],[-94.55453449321215,39.11305831763126],[-94.55453058764614,39.11305818274628],[-94.55453021118058,39.11306511575643],[-94.55452638771057,39.11313435436242],[-94.55452410022265,39.11317588379408],[-94.55452797569141,39.113176019265346],[-94.55494882947495,39.11319030453733],[-94.55495117615348,39.11314873045236],[-94.5549550873351,39.11307951352799],[-94.55495546304351,39.113072604541514]]]},"properties":{"parcel":"39909","address":"114 Park Ave","owner":"Wendleton James & Barton Bryan","current_permit":true,"point":[-94.55474071991212,39.113106933945204]}},{"type":"Feature","geometry":{"type":"Polygon","coordinates":[[[-94.55626573619676,39.11339612898425],[-94.55605776112465,39.11338968588219],[-94.55605388567712,39.113389595651036],[-94.55605110263198,39.11343657036895],[-94.55602781159061,39.11343582707551],[-94.55601480249193,39.11366166580029],[-94.55603785864642,39.113662409209184],[-94.55624959328978,39.113669011268826],[-94.55624976784378,39.11366599094039],[-94.55625362224579,39.113600802714686],[-94.5562576798113,39.11353257069316],[-94.556261708751,39.11346436099313],[-94.55626573619676,39.11339612898425]]]},"properties":{"parcel":"40008","address":"2123 St John Ave","owner":"Scholl Properties 1 LLC","current_permit":true,"point":[-94.55614194883007,39.11349846584314]}},{"type":"Feature","geometry":{"type":"Polygon","coordinates":[[[-94.5569516685601,39.11353605366066],[-94.55662168588847,39.11352766218296],[-94.55661307087053,39.113680868255855],[-94.55662903780285,39.113681594969606],[-94.55694227720448,39.1136908228843],[-94.55694390101206,39.113663915033044],[-94.55694636452881,39.11362298036835],[-94.5569516685601,39.11353605366066]]]},"properties":{"parcel":"40018","address":"102 Garfield Pl","owner":"Mulvihill Megan","current_permit":true,"point":[-94.55678389327718,39.1135795170145]}},{"type":"Feature","geometry":{"type":"Polygon","coordinates":[[[-94.55618736068938,39.10960303608743],[-94.55613455422642,39.109601482187905],[-94.55608171983033,39.10959988366065],[-94.55605851726737,39.11000581991581],[-94.55611132446636,39.11000792355691],[-94.55616421832266,39.11001004829692],[-94.55618736068938,39.10960303608743]]]},"properties":{"parcel":"40067","address":"2114 Elma St","owner":"Henggeler Mary Anna","current_permit":true,"point":[-94.55612296908626,39.109804428001624]}},{"type":"Feature","geometry":{"type":"Polygon","coordinates":[[[-94.556183847481,39.108285226365915],[-94.55617988270488,39.10828509099256],[-94.55615791489488,39.10828432363375],[-94.55566889731446,39.10826760359142],[-94.5556683173539,39.10827700781932],[-94.555664516901,39.10833736824061],[-94.555990922852,39.10835181094503],[-94.55615342212886,39.108359008268756],[-94.5561792962062,39.108360162717375],[-94.55618123851858,39.10832824326222],[-94.556183847481,39.108285226365915]]]},"properties":{"parcel":"40153","address":"506 Brooklyn Ave","owner":"Bebermeyer Kelli J","current_permit":true,"point":[-94.55592449433146,39.108306734814064]}},{"type":"Feature","geometry":{"type":"Polygon","coordinates":[[[-94.5561930096717,39.10813560531812],[-94.55618913227329,39.108135469902955],[-94.55616695961446,39.10813463400257],[-94.55568237489894,39.1081163331149],[-94.55567846960354,39.108116198268064],[-94.55567609020994,39.108153700233764],[-94.55567307359146,39.10820154513356],[-94.55567700899407,39.108201680538194],[-94.55616200234822,39.10821700676519],[-94.55618799357326,39.10821781851758],[-94.5561930096717,39.10813560531812]]]},"properties":{"parcel":"40155","address":"510 Brooklyn Ave","owner":"Bryan Catherine M","current_permit":true,"point":[-94.55593251397718,39.10817762268366]}},{"type":"Feature","geometry":{"type":"Polygon","coordinates":[[[-94.55300446895959,39.10960777565719],[-94.55258020084725,39.10959261428322],[-94.55257643362523,39.10966082378424],[-94.55257263636089,39.10972912424848],[-94.55257188361091,39.109742715696214],[-94.55257690502812,39.109742896477066],[-94.55299230522489,39.10975771753967],[-94.55299618270665,39.109757853633084],[-94.55299693537528,39.10974426218268],[-94.55300070217959,39.10967603036069],[-94.55300446895959,39.10960777565719]]]},"properties":{"parcel":"40255","address":"330 Wabash Ave","owner":"Cunningham Scott II & Tuquerres Fernanda","current_permit":true,"point":[-94.55278856634621,39.109668427072464]}},{"type":"Feature","geometry":{"type":"Polygon","coordinates":[[[-94.55311561794191,39.10771641046045],[-94.55268146427714,39.10770129971204],[-94.5526775891121,39.10770116475108],[-94.55267435061272,39.10777024178757],[-94.55267825661846,39.107770377878765],[-94.55311229250053,39.10778548754846],[-94.55311454939468,39.10773851309433],[-94.55311561794191,39.10771641046045]]]},"properties":{"parcel":"40296","address":"512 Wabash Ave","owner":"Schmeling Travis P & Taylor Brent A","current_permit":true,"point":[-94.5528944407809,39.107754377440955]}},{"type":"Feature","geometry":{"type":"Polygon","coordinates":[[[-94.53904518593109,39.11326085063726],[-94.53893495844254,39.11325731754975],[-94.53893495849323,39.11325740964432],[-94.53893481329237,39.11326040648473],[-94.53892139007314,39.113525300710855],[-94.538915056242,39.113650482231726],[-94.53891491114082,39.113653663261026],[-94.53902425817947,39.11365726530377],[-94.5390451860321,39.11326103368237],[-94.53904518593109,39.11326085063726]]]},"properties":{"parcel":"40549","address":"3532 St John Ave","owner":"Penn Christina","current_permit":true,"point":[-94.53898314644937,39.11339316719661]}},{"type":"Feature","geometry":{"type":"Polygon","coordinates":[[[-94.53397294066659,39.1154199692692],[-94.53376084922918,39.11541245682023],[-94.53358526644625,39.11540623881361],[-94.53342513377396,39.115400586985686],[-94.5334043395778,39.11539983788485],[-94.53340040308257,39.11539970172891],[-94.53339390930967,39.115516646501334],[-94.53341861068176,39.11551755464849],[-94.53341750492906,39.11553789641942],[-94.5339663381241,39.115556156716195],[-94.53397294066659,39.1154199692692]]]},"properties":{"parcel":"40578","address":"311 N Clinton Pl","owner":"Spirid Homes LLC","current_permit":true,"point":[-94.53368359531548,39.115468307885266]}},{"type":"Feature","geometry":{"type":"Polygon","coordinates":[[[-94.53406453661181,39.11350581600835],[-94.53353801070845,39.11348809945732],[-94.53353407578808,39.113487963877404],[-94.53352670901985,39.11362428827649],[-94.53352522408767,39.11365160818713],[-94.53352910101134,39.113651744356034],[-94.53405283726529,39.11366953097542],[-94.53405680230141,39.11366966710103],[-94.534058082183,39.113642370124275],[-94.53406453661181,39.11350581600835]]]},"properties":{"parcel":"40615","address":"115 N Clinton Pl","owner":"Keith Scott E & Mary E","current_permit":true,"point":[-94.53379582339122,39.11356505214242]}},{"type":"Feature","geometry":{"type":"Polygon","coordinates":[[[-94.54662852052446,39.11077288296729],[-94.54641042139204,39.11076477872003],[-94.54640648513046,39.11076464357501],[-94.54640196621581,39.11085905036328],[-94.54662397186264,39.11086738129847],[-94.54662713080235,39.11080210211318],[-94.54662852052446,39.11077288296729]]]},"properties":{"parcel":"40814","address":"321 Bellefontaine Ave","owner":"Shields Phillip","current_permit":true,"point":[-94.54651454103737,39.11083057623823]}},{"type":"Feature","geometry":{"type":"Polygon","coordinates":[[[-94.54675642068716,39.10823685491229],[-94.54675636195138,39.108236854935846],[-94.54645921022933,39.108225670109526],[-94.54645775984508,39.10825310517089],[-94.54645480011312,39.108308752115136],[-94.54674769390327,39.1083189313388],[-94.54675198245928,39.108319088639725],[-94.54675366461274,39.10828813100449],[-94.54675642068716,39.10823685491229]]]},"properties":{"parcel":"41264","address":"441 Bellefontaine Ave","owner":"KT Squared Capital LLC","current_permit":true,"point":[-94.54660571715017,39.10827061808769]}},{"type":"Feature","geometry":{"type":"Polygon","coordinates":[[[-94.5394694786846,39.112336878940965],[-94.53941652351554,39.112334997763405],[-94.5393459469848,39.112332504732784],[-94.53934577318093,39.11233552503651],[-94.53932623303582,39.11268990703867],[-94.53939689800607,39.112692354289834],[-94.53944991068727,39.11269418912338],[-94.5394694786846,39.112336878940965]]]},"properties":{"parcel":"41638","address":"3514 Morrell Ave","owner":"Venegas Jose Luis Jr","current_permit":true,"point":[-94.53939788886085,39.11251339298982]}},{"type":"Feature","geometry":{"type":"Polygon","coordinates":[[[-94.54475585660626,38.99750107694162],[-94.54475324394491,38.99749631867581],[-94.544672222137,38.99734856072378],[-94.54468083481237,38.997241428131474],[-94.54445404408523,38.997312880897226],[-94.54444231191422,38.99744694628192],[-94.54446855056088,38.9974876406107],[-94.54456345072413,38.99764898534364],[-94.54468554883205,38.99760473237095],[-94.54468691236345,38.997580341172984],[-94.54469149277283,38.99749807043907],[-94.54475585660626,38.99750107694162]]]},"properties":{"parcel":"4181","address":"3615 E Gregory Blvd","owner":"Alhakeem Isamar","current_permit":true,"point":[-94.5445729066953,38.99739775350285]}},{"type":"Feature","geometry":{"type":"Polygon","coordinates":[[[-94.51842410997067,39.11562810779816],[-94.51841679580042,39.11562785669483],[-94.51796242285849,39.115611728099346],[-94.51796110695643,39.11563454029251],[-94.51795709978052,39.11570302264177],[-94.51841232577104,39.115719036147794],[-94.51841916928038,39.11571928732576],[-94.51842288160164,39.115650942291225],[-94.51842410997067,39.11562810779816]]]},"properties":{"parcel":"43118","address":"339 N Hardesty Ave","owner":"Cerros Denisse","current_permit":true,"point":[-94.51819004533175,39.115676982466496]}},{"type":"Feature","geometry":{"type":"Polygon","coordinates":[[[-94.52540370592666,39.114640296174215],[-94.52540379265017,39.11463642989985],[-94.52540355629739,39.11463256312387],[-94.52540308423777,39.114628673518624],[-94.52540229132141,39.11462482974455],[-94.52540123189208,39.11462105467043],[-94.52539993898345,39.11461732540846],[-94.52539835091724,39.11461364140002],[-94.52539646917924,39.11461005069412],[-94.52539435470393,39.11460652696474],[-94.52539200382905,39.11460309538137],[-94.52538938793437,39.11459980056748],[-94.52538656795616,39.11459662134517],[-94.52538345285357,39.114593579470885],[-94.52538019167349,39.11459065088744],[-94.52537669558708,39.1145878830915],[-94.52537299396468,39.11458527550465],[-94.52536911617658,39.11458282754845],[-94.52536509161034,39.114580586693826],[-94.52536086224214,39.11457850547606],[-94.52535654335985,39.11457660789468],[-94.52535204979657,39.114574915132835],[-94.52534746671937,39.11457340657942],[-94.52534279707268,39.114572102826315],[-94.52533797917914,39.114571006175005],[-94.52533313273081,39.114570136619996],[-94.52532822761589,39.114569474719325],[-94.52532326457596,39.11456904106539],[-94.52531924000641,39.11456883658577],[-94.52496620236683,39.114557745828506],[-94.5249598981843,39.11466862731278],[-94.52495925515575,39.114679564394386],[-94.5249576496936,39.114707685039434],[-94.52496155602134,39.11470779860627],[-94.52539877133016,39.11472115798825],[-94.52540370592666,39.114640296174215]]]},"properties":{"parcel":"43835","address":"301 N Van Brunt Blvd","owner":"Robinson Rachel Christia","current_permit":true,"point":[-94.52518268407621,39.11463836303703]}},{"type":"Feature","geometry":{"type":"Polygon","coordinates":[[[-94.5276007302723,39.10979399694048],[-94.52759658852018,39.109793860636984],[-94.52711041641246,39.10977830145346],[-94.52710519543986,39.109874194919776],[-94.52710907287879,39.10987433187418],[-94.52759559806898,39.10988989097942],[-94.52759941842372,39.10981896004551],[-94.5276007302723,39.10979399694048]]]},"properties":{"parcel":"43934","address":"328 Lawn Ave","owner":"Hamilton Lisa","current_permit":true,"point":[-94.52735231501464,39.10984657748264]}},{"type":"Feature","geometry":{"type":"Polygon","coordinates":[[[-94.52692526057379,39.10988910903933],[-94.5264877516716,39.109875458557816],[-94.52648369949955,39.10987534507509],[-94.52648334858591,39.10988133988631],[-94.52647894450341,39.10996304713177],[-94.52647865284658,39.10996847048509],[-94.52692018660117,39.1099822356185],[-94.52692044812142,39.10997681227105],[-94.52692526057379,39.10988910903933]]]},"properties":{"parcel":"43948","address":"327 Lawn Ave","owner":"Patterson Trazell","current_permit":true,"point":[-94.52670208458554,39.10992607808555]}},{"type":"Feature","geometry":{"type":"Polygon","coordinates":[[[-94.52451572449579,39.11135732059274],[-94.52402513569987,39.11134026280691],[-94.52401976435121,39.11143624766336],[-94.52402366977037,39.11143638414258],[-94.52451047128847,39.11145330601862],[-94.52451572449579,39.11135732059274]]]},"properties":{"parcel":"44079","address":"133 Chelsea Ave","owner":"Nguyen Chau","current_permit":true,"point":[-94.52426776871641,39.11139678412805]}},{"type":"Feature","geometry":{"type":"Polygon","coordinates":[[[-94.53100590436837,39.11148992442351],[-94.53100202683372,39.11148978817079],[-94.5305349324274,39.111474443553384],[-94.53053090878278,39.111474307895286],[-94.53052741215265,39.11153846614812],[-94.53052592616486,39.1115659233147],[-94.53052989107637,39.11156605956036],[-94.53099710429775,39.11158140416606],[-94.53100098183717,39.111581539846924],[-94.53100249554174,39.11155408266702],[-94.53100456464134,39.11151561917557],[-94.53100590436837,39.11148992442351]]]},"properties":{"parcel":"44197","address":"136 Kensington Ave","owner":"River Jordan Realty LLC","current_permit":true,"point":[-94.53076599243077,39.11152704266185]}},{"type":"Feature","geometry":{"type":"Polygon","coordinates":[[[-94.5163895933621,39.10984585455181],[-94.5159451554447,39.10983074630759],[-94.51594122076092,39.10983060898971],[-94.51593452089452,39.10994400700348],[-94.51593839757629,39.10994412087686],[-94.51638295395203,39.10995723794086],[-94.5163895933621,39.10984585455181]]]},"properties":{"parcel":"44730","address":"321 Oakley Ave","owner":"Campos Ricardo Ernesto","current_permit":true,"point":[-94.51616204422444,39.10989493077764]}},{"type":"Feature","geometry":{"type":"Polygon","coordinates":[[[-94.51217905403391,39.11411878206706],[-94.51172431079385,39.11410510030106],[-94.51171619721669,39.11424243070689],[-94.51172007486517,39.11424256702893],[-94.51216682976955,39.11425778321977],[-94.51217102976008,39.11425792063723],[-94.51217905403391,39.11411878206706]]]},"properties":{"parcel":"45743","address":"300 N White Ave","owner":"Grissum Branton","current_permit":true,"point":[-94.51194766919936,39.114180606386974]}},{"type":"Feature","geometry":{"type":"Polygon","coordinates":[[[-94.48309644542944,39.10812986944172],[-94.48309136557972,39.10812963989843],[-94.48260668348388,39.108109433611226],[-94.48260394200678,39.10815418720465],[-94.48260099347972,39.10820193870547],[-94.48259934143763,39.10822921220739],[-94.4830844942544,39.108249350523124],[-94.48308951537688,39.10824958005817],[-94.4830910497591,39.108222305960304],[-94.48309644542944,39.10812986944172]]]},"properties":{"parcel":"46812","address":"429 Wallace Ave","owner":"New Urban Barber & Beauty Shop LLC","current_permit":true,"point":[-94.48284805001936,39.10817806295506]}},{"type":"Feature","geometry":{"type":"Polygon","coordinates":[[[-94.48076884561428,39.10021023114307],[-94.48028800743768,39.10019170899887],[-94.48028198558072,39.100302107323266],[-94.48076385369176,39.10032078982682],[-94.48076884561428,39.10021023114307]]]},"properties":{"parcel":"47178","address":"807 Ditman Ave","owner":"McGluen Gabrielle M","current_permit":true,"point":[-94.48052563138808,39.10025616923317]}},{"type":"Feature","geometry":{"type":"Polygon","coordinates":[[[-94.4700121474611,39.06835485984157],[-94.46998214504536,39.06815954260154],[-94.4686995180897,39.06817142317599],[-94.46869561435852,39.068171445581],[-94.4686109662392,39.06843592451224],[-94.4700121474611,39.06835485984157]]]},"properties":{"parcel":"47581","address":"3006 Blue Ridge Blvd","owner":"Klein Ryan","current_permit":true,"point":[-94.4693321616886,39.06826315271128]}},{"type":"Feature","geometry":{"type":"Polygon","coordinates":[[[-94.47740824673252,39.063580040621716],[-94.47706747562152,39.063565764537074],[-94.47676433005654,39.06355298335786],[-94.47662570012321,39.066617705115924],[-94.47660458963978,39.06708458409838],[-94.47660444188834,39.06708760490944],[-94.47723967189106,39.06712168576055],[-94.47723981961529,39.06711866552073],[-94.47730911948057,39.065733473832005],[-94.47740824673252,39.063580040621716]]]},"properties":{"parcel":"47607","address":"8909 E 31st St","owner":"Dowdell William & Paden Lezlie","current_permit":true,"point":[-94.47703654247223,39.06465675722686]}},{"type":"Feature","geometry":{"type":"Polygon","coordinates":[[[-94.49727914416599,39.04947943870921],[-94.49716981506674,39.04937329164403],[-94.49716594163237,39.049375579639296],[-94.49683614130403,39.04956930424928],[-94.49683220916002,39.04957161454065],[-94.49694077513703,39.049677487327926],[-94.49698326650409,39.04965273130972],[-94.49727527219652,39.04948172670807],[-94.49727914416599,39.04947943870921]]]},"properties":{"parcel":"47922","address":"4136 Raytown Rd","owner":"Noperi Jenny H","current_permit":true,"point":[-94.49705559352697,39.04952551547868]}},{"type":"Feature","geometry":{"type":"Polygon","coordinates":[[[-94.46517228978763,39.05311031756161],[-94.46482540952648,39.05309499767714],[-94.46480188326433,39.05361145772839],[-94.46514987894864,39.05362979829075],[-94.46517228978763,39.05311031756161]]]},"properties":{"parcel":"48065","address":"9900 E 38th Ter","owner":"Walker Sharon Pugh","current_permit":true,"point":[-94.46498738872225,39.053360887645]}},{"type":"Feature","geometry":{"type":"Polygon","coordinates":[[[-94.47904961710408,39.05819785644364],[-94.47904568391225,39.058197649809316],[-94.4790016638478,39.058195376686726],[-94.47881607531882,39.058185687401256],[-94.47859188125494,39.05817404586721],[-94.47859183870158,39.05817404585942],[-94.47752637633512,39.058121425935134],[-94.47752250404037,39.05812124099798],[-94.47742918238275,39.059863325515856],[-94.47850922621495,39.05991501260397],[-94.47851125118312,39.059915127381345],[-94.47858662956516,39.05987434411586],[-94.4787496379101,39.05895618873737],[-94.47874969668068,39.058955936486655],[-94.47875375346175,39.05893314789393],[-94.478758103701,39.05891040511612],[-94.47876274667135,39.058887685272246],[-94.478767625872,39.0588650106608],[-94.47877282787717,39.05884238301355],[-94.47877829253186,39.05881977715059],[-94.47878402202934,39.058797218241246],[-94.4787900163701,39.05877470399733],[-94.47879633278038,39.05875223728938],[-94.478802883219,39.05872981409714],[-94.47880972784665,39.05870743843569],[-94.47881680650167,39.05868510800596],[-94.47882420941974,39.058662846849174],[-94.47883187644592,39.05864063035744],[-94.47883980683207,39.058618506008344],[-94.47884800059867,39.05859640458725],[-94.47885645992605,39.05857439473708],[-94.47886521124019,39.05855243070084],[-94.47887422812813,39.0585305130457],[-94.47888350764177,39.05850868581673],[-94.47889305199507,39.05848690496858],[-94.47890286117433,39.05846521569092],[-94.47891293297837,39.05844361798325],[-94.47892324026752,39.05842208895982],[-94.4789338703495,39.058400629208236],[-94.47894470656944,39.058379236419356],[-94.47895583476006,39.05835793692155],[-94.4789672285093,39.05833672842194],[-94.478978884155,39.058315589182904],[-94.47899080608599,39.05829456325086],[-94.47900296130634,39.05827358369325],[-94.47901535271686,39.0582527643428],[-94.47902803685155,39.05823196735245],[-94.47904098432863,39.058211308837144],[-94.47904961710408,39.05819785644364]]]},"properties":{"parcel":"48162","address":"8817 E 35th St","owner":"Bollmann Stephanie & David","current_permit":true,"point":[-94.47806129571154,39.059409757126616]}},{"type":"Feature","geometry":{"type":"Polygon","coordinates":[[[-94.47174755744773,39.053601196770046],[-94.47174685368113,39.05359989296165],[-94.47173855542253,39.053583714171715],[-94.471730491957,39.053567466795414],[-94.47172266329355,39.05355112795198],[-94.47171515746767,39.05353469766273],[-94.47170785708006,39.05351822166102],[-94.47170085091813,39.05350165420672],[-94.47169976548929,39.05349895399993],[-94.47169413676251,39.05348504106105],[-94.47168765739904,39.05346835932934],[-94.47168147298541,39.053451608454175],[-94.47167558205375,39.05343478957928],[-94.47166989508277,39.05341794844477],[-94.47166453168178,39.05340101529298],[-94.47166142445678,39.05339076447724],[-94.4716594323992,39.0533840587522],[-94.47165459725245,39.05336703477674],[-94.47165002622373,39.05334998741235],[-94.47164577802145,39.05333287091156],[-94.47164176460038,39.053315709277925],[-94.47163804464144,39.05329852540659],[-94.47163514607442,39.05328385863138],[-94.47163121291143,39.05328431529229],[-94.47116680365092,39.05334005305379],[-94.47116392170129,39.05342546722671],[-94.47119289581116,39.05347567445816],[-94.4712068821745,39.0534998853072],[-94.47125230674555,39.05357856153737],[-94.47126564948452,39.053601628748524],[-94.47129723214773,39.05365641334241],[-94.47131814069604,39.05369259315075],[-94.47134104333144,39.05373227421913],[-94.47174755744773,39.053601196770046]]]},"properties":{"parcel":"48235","address":"3829 Laurel Ave","owner":"Silva Jose","current_permit":true,"point":[-94.47145852008308,39.05350993793387]}},{"type":"Feature","geometry":{"type":"Polygon","coordinates":[[[-94.47290355148628,39.04531671236593],[-94.47282494596395,39.04531349075075],[-94.47243499859938,39.045297428370134],[-94.47239650285958,39.046200254093065],[-94.47249705757679,39.04620467098146],[-94.4725824411815,39.04620842067159],[-94.47267061446067,39.04621228478539],[-94.47286514923644,39.04622081959369],[-94.47290355148628,39.04531671236593]]]},"properties":{"parcel":"48290","address":"9106 E 43rd St","owner":"Lowrey Karen Kathleeen Casey","current_permit":true,"point":[-94.47265006336362,39.0457584832295]}},{"type":"Feature","geometry":{"type":"Polygon","coordinates":[[[-94.4570650113621,39.04463445369504],[-94.45668968474843,39.04461738305659],[-94.45668956546781,39.0446205182691],[-94.4566330180515,39.04568651821269],[-94.45695280809267,39.04570002200714],[-94.45700073699426,39.04570205320627],[-94.45701935273901,39.04546162692666],[-94.4570650113621,39.04463445369504]]]},"properties":{"parcel":"48623","address":"10312 E 43rd St","owner":"Dorsey Beverly","current_permit":true,"point":[-94.4568545345152,39.045048040310846]}},{"type":"Feature","geometry":{"type":"Polygon","coordinates":[[[-94.43993009854053,39.04090294918969],[-94.43992977911063,39.040899906434305],[-94.43989896432588,39.04059655871557],[-94.43967335736103,39.04061147387362],[-94.4395491253296,39.04061967014063],[-94.43963704502299,39.04094487648999],[-94.43963783312665,39.04094794351365],[-94.43963903703448,39.040947668993546],[-94.4396612521994,39.04094292182756],[-94.43968355447375,39.040938379486654],[-94.43970591524968,39.04093404367206],[-94.439728333775,39.04092993669226],[-94.43975084085687,39.04092605856309],[-94.43975817688573,39.040924849663256],[-94.43977337710099,39.04092238694499],[-94.43979597184892,39.04091892013701],[-94.43981865515359,39.0409156827516],[-94.4398413661545,39.040912651304374],[-94.43986410705239,39.04090982579644],[-94.43988690643408,39.040907229695485],[-94.43990976503474,39.04090486128579],[-94.43993009854053,39.04090294918969]]]},"properties":{"parcel":"48765","address":"11909 E 44th Ter","owner":"Haulotte Mary","current_permit":true,"point":[-94.43975127595664,39.04075978828747]}},{"type":"Feature","geometry":{"type":"Polygon","coordinates":[[[-94.44997870334694,39.0406018889577],[-94.44995341310798,39.04060084846758],[-94.44974076435362,39.040591443924356],[-94.44962625428204,39.040586589532495],[-94.44962556971637,39.04060031779243],[-94.44960597873443,39.041000954329114],[-94.44995813712247,39.04101634464191],[-94.44997870334694,39.0406018889577]]]},"properties":{"parcel":"49276","address":"11117 E 44th Ter","owner":"Nieves Raul Jr","current_permit":true,"point":[-94.44979226894819,39.04080142164341]}},{"type":"Feature","geometry":{"type":"Polygon","coordinates":[[[-94.45381306163785,39.03471583833693],[-94.45332018008008,39.034690290042285],[-94.45332012140523,39.0346902900188],[-94.45331735379393,39.03474991609313],[-94.45330777167922,39.03495574984532],[-94.45330653649367,39.03498261158422],[-94.45379887870328,39.03500605410278],[-94.45381306163785,39.03471583833693]]]},"properties":{"parcel":"49394","address":"4813 Hedges Ave","owner":"Nua Ivan","current_permit":true,"point":[-94.45355946470211,39.03485283296922]}},{"type":"Feature","geometry":{"type":"Polygon","coordinates":[[[-94.44422273412597,39.03539498620055],[-94.44421883390133,39.03539283352656],[-94.44354104583498,39.03502158440418],[-94.44352158540033,39.03544093697216],[-94.44410241937592,39.0355812029568],[-94.44410629197635,39.03558212005036],[-94.44410820288041,39.03557710946695],[-94.44411269967804,39.035565876505395],[-94.4441174619077,39.03555473691066],[-94.44412248812307,39.03554366436896],[-94.44412777758839,39.03553266173995],[-94.44413336037701,39.035521726177976],[-94.44413917705911,39.035510883967554],[-94.44414525917453,39.03550013283567],[-94.44415157518463,39.03548947333925],[-94.44415818449869,39.03547890493462],[-94.44416505704409,39.03546842932342],[-94.44417213631137,39.035458089952385],[-94.44417944875664,39.035447820479355],[-94.44418702514986,39.035437664964874],[-94.44419486695683,39.03542762455358],[-94.44420294265839,39.0354176752054],[-94.44421125366783,39.035407884991784],[-94.44421976923222,39.035398188115224],[-94.44422273412597,39.03539498620055]]]},"properties":{"parcel":"49495","address":"4719 Vermont Ave","owner":"Ballard Shawn & Rachael","current_permit":true,"point":[-94.44370618581387,39.03520720896537]}},{"type":"Feature","geometry":{"type":"Polygon","coordinates":[[[-94.44884893188497,39.03589579681788],[-94.44829989595083,39.035863658725695],[-94.44829602351385,39.03586342819983],[-94.44828609243751,39.036085070930135],[-94.44828996483567,39.03608537124319],[-94.44882338772705,39.036127111956525],[-94.4488236826916,39.036124915515366],[-94.44882860969936,39.036086706501166],[-94.44883324408842,39.03604845159632],[-94.44883758289242,39.03601019656134],[-94.44884166061735,39.035971895077545],[-94.44884547209486,39.03593359519265],[-94.44884893188497,39.03589579681788]]]},"properties":{"parcel":"49604","address":"4717 Heintz Ave","owner":"Dunn Diane C","current_permit":true,"point":[-94.44856496357303,39.03599104581944]}},{"type":"Feature","geometry":{"type":"Polygon","coordinates":[[[-94.44791696066699,39.03121032612391],[-94.44769706488675,39.03120107534914],[-94.4476148393715,39.03119765206937],[-94.44758649095036,39.031647890902974],[-94.44758622316627,39.031651986474664],[-94.44791116910291,39.031666798726654],[-94.44791123039539,39.03166322932408],[-94.44791696066699,39.03121032612391]]]},"properties":{"parcel":"49756","address":"11203 E 50th St","owner":"Farris Theresa E","current_permit":true,"point":[-94.4477572293633,39.03142910851344]}},{"type":"Feature","geometry":{"type":"Polygon","coordinates":[[[-94.48462055108041,39.03834071303805],[-94.48530211804807,39.03837328326437],[-94.48532613116315,39.037880806144685],[-94.4853517645437,39.03735452488052],[-94.48535841203409,39.03721182644058],[-94.48467296718121,39.03718019929473],[-94.48464522600256,39.037794480238354],[-94.48462069843471,39.03833767046494],[-94.48462055108041,39.03834071303805]]]},"properties":{"parcel":"50850","address":"8521 E 47th St","owner":"Romine Todd","current_permit":true,"point":[-94.48499810522969,39.03757450255944]}},{"type":"Feature","geometry":{"type":"Polygon","coordinates":[[[-94.48399449296394,39.037148829920284],[-94.48390341270316,39.03714461129755],[-94.48365868864434,39.037133292960206],[-94.48337622918662,39.037715184566515],[-94.48339769926653,39.03773385789861],[-94.48355971800058,39.03807478337361],[-94.48356358950835,39.0380737096592],[-94.48361696102695,39.038058774771635],[-94.4839539680968,39.037964552728795],[-94.48395786966522,39.03796347728937],[-94.48396642083934,39.037773544940045],[-94.48399449296394,39.037148829920284]]]},"properties":{"parcel":"50856","address":"8603 E 47th St","owner":"Laurence Zachary & Shelby","current_permit":true,"point":[-94.48374772805538,39.037432007243396]}},{"type":"Feature","geometry":{"type":"Polygon","coordinates":[[[-94.48535841203409,39.03721182644058],[-94.48535929615477,39.03719260656113],[-94.4853787454498,39.03677577544265],[-94.48545702289049,39.035065757134035],[-94.48546675583783,39.034853514656646],[-94.48546702098622,39.03484809133245],[-94.48546805231156,39.034826057677826],[-94.48547730490918,39.034623996582226],[-94.48549050836424,39.034336317163685],[-94.48549115522337,39.03432210760076],[-94.4855013218497,39.034100598361256],[-94.48551608662065,39.033776766055965],[-94.48503921686951,39.03375737146004],[-94.48470700714928,39.033743416756806],[-94.48391952046124,39.0337102021102],[-94.48321634751647,39.0336805408574],[-94.48321306291024,39.03375322402529],[-94.48319981190791,39.03389032708342],[-94.48320711603006,39.03389067764175],[-94.48318033809403,39.034480613961804],[-94.48317930594388,39.03450315155029],[-94.48311849362975,39.035842547752935],[-94.48306115842948,39.03710565849038],[-94.48365868864434,39.037133292960206],[-94.48390341270316,39.03714461129755],[-94.48399449296394,39.037148829920284],[-94.4842534754713,39.03716081359816],[-94.48432944735933,39.037164320037526],[-94.48466523290615,39.037179841907474],[-94.48467295838067,39.03718019471736],[-94.48535841203409,39.03721182644058]]]},"properties":{"parcel":"50860","address":"8620 E 50th St","owner":"Fry James & Rachelle","current_permit":true,"point":[-94.4842876858227,39.035454152443485]}},{"type":"Feature","geometry":{"type":"Polygon","coordinates":[[[-94.48617205389665,39.03186747546228],[-94.48561282221341,39.03184365795912],[-94.48560755559232,39.031916121315845],[-94.48560056948007,39.03208077128034],[-94.48615939302955,39.0321047043418],[-94.48617205389665,39.03186747546228]]]},"properties":{"parcel":"50986","address":"5007 Laramie Ln","owner":"Harszy Derek","current_permit":true,"point":[-94.48588456327022,39.03199844629809]}},{"type":"Feature","geometry":{"type":"Polygon","coordinates":[[[-94.48518111670782,39.024066674891905],[-94.48508887097255,39.02406279396102],[-94.48488282580053,39.024054168191846],[-94.48484025089638,39.02456668887225],[-94.48513595645251,39.02458064943778],[-94.48513935834306,39.02458081003816],[-94.48518111670782,39.024066674891905]]]},"properties":{"parcel":"51277","address":"8612 E 55th St","owner":"Tinsley Craig K Sr","current_permit":true,"point":[-94.48501091493759,39.02431668188208]}},{"type":"Feature","geometry":{"type":"Polygon","coordinates":[[[-94.49676419235631,39.0218801525598],[-94.49676498618274,39.02185546340921],[-94.4967645473263,39.02183077536839],[-94.4967628464552,39.02180610902937],[-94.49675988503624,39.0217814895613],[-94.49675572099748,39.02175700677355],[-94.49675029567496,39.02173268411746],[-94.49674360906985,39.0217085215928],[-94.49673571984339,39.02168461072505],[-94.49672662799769,39.02166092863293],[-94.49671633352969,39.02163756684016],[-94.49671507310397,39.0216350041324],[-94.49670633150147,39.02161752280004],[-94.49670439650355,39.02161358664093],[-94.49670322332014,39.02161148269959],[-94.49670199147708,39.02160928551651],[-94.49620340064412,39.02170353951],[-94.4962031657403,39.02170816203678],[-94.49620193251634,39.021732027453794],[-94.49619327057633,39.021899401126554],[-94.4961971710259,39.021899263395774],[-94.49676419235631,39.0218801525598]]]},"properties":{"parcel":"51717","address":"5619 Palmer Ave","owner":"Shelton Mary C","current_permit":true,"point":[-94.49647713874725,39.021744845445504]}},{"type":"Feature","geometry":{"type":"Polygon","coordinates":[[[-94.4879377416859,39.022740264884774],[-94.48791673914802,39.022738730828294],[-94.48769742357304,39.02272289656269],[-94.48766677878369,39.02318103895953],[-94.4876665743967,39.023184059801444],[-94.48790437196682,39.02319410600567],[-94.4879377416859,39.022740264884774]]]},"properties":{"parcel":"51896","address":"8421 E 55th Ter","owner":"Thompson Theresa","current_permit":true,"point":[-94.48780152876017,39.02296065192215]}},{"type":"Feature","geometry":{"type":"Polygon","coordinates":[[[-94.4861910486834,39.01686814118967],[-94.48579914523889,39.01684720319649],[-94.48578703231385,39.01713461136397],[-94.48579090385614,39.017134817192755],[-94.48617620980332,39.017154679023115],[-94.4861910486834,39.01686814118967]]]},"properties":{"parcel":"52052","address":"8602 E 59th St","owner":"Lawrence Breanna","current_permit":true,"point":[-94.48598839820997,39.01700137627682]}},{"type":"Feature","geometry":{"type":"Polygon","coordinates":[[[-94.4637813442677,39.028323443991844],[-94.46368021921963,39.0280524566082],[-94.46332466099366,39.028037884012456],[-94.46331912538461,39.0281346688005],[-94.46332299612469,39.02813746149664],[-94.46367101102429,39.02839063341488],[-94.46367564421627,39.028393976052065],[-94.46367567286457,39.0283938845371],[-94.46367887357668,39.028389034195044],[-94.46368233753267,39.02838425372183],[-94.46368603683048,39.02837960946359],[-94.46368996929216,39.02837505794572],[-94.4636941370836,39.028370666095796],[-94.46369853949449,39.0283663887236],[-94.46370311709845,39.028362271572554],[-94.46370793078857,39.02835826889966],[-94.46371294826179,39.02835444876574],[-94.46371814313927,39.02835076711665],[-94.4637235425332,39.028347268006726],[-94.46372911785386,39.02834392854607],[-94.46373483975391,39.02834077332255],[-94.46374076690381,39.028337800638326],[-94.4637467819644,39.028335010456885],[-94.46375297293923,39.02833240452164],[-94.46375928114797,39.02833000397924],[-94.46376567652243,39.02832780882036],[-94.463772249278,39.02832579790802],[-94.46377885051811,39.02832401524192],[-94.4637813442677,39.028323443991844]]]},"properties":{"parcel":"52128","address":"9823 E 52nd St","owner":"Cartwright Branden","current_permit":true,"point":[-94.463598733069,39.02823045274424]}},{"type":"Feature","geometry":{"type":"Polygon","coordinates":[[[-94.47455243196693,39.02948269598621],[-94.47423846154155,39.02947072896419],[-94.47422074605906,39.029866176860125],[-94.47422062696177,39.02986899062102],[-94.4742241772247,39.029869152144386],[-94.47424762832341,39.02987021385282],[-94.47449369460779,39.02988075598162],[-94.47453697693412,39.029882582758724],[-94.47455243196693,39.02948269598621]]]},"properties":{"parcel":"52204","address":"9054 E 51st Ter","owner":"Johnson Joshua & Meredith","current_permit":true,"point":[-94.4743871786151,39.029674436423164]}},{"type":"Feature","geometry":{"type":"Polygon","coordinates":[[[-94.49239542540107,39.00224655285014],[-94.49239041174464,39.00224637004663],[-94.49204072323273,39.002234974245525],[-94.49202021100167,39.00262717740018],[-94.49202003466833,39.00263063300279],[-94.49237476811841,39.00264234838603],[-94.49239542540107,39.00224655285014]]]},"properties":{"parcel":"52726","address":"8109 E 67th St","owner":"Damiano Joseph","current_permit":true,"point":[-94.49220782849844,39.00243686512516]}},{"type":"Feature","geometry":{"type":"Polygon","coordinates":[[[-94.50723027500776,39.036502676207505],[-94.50586809630283,39.03642848170798],[-94.50586721616392,39.03642855039507],[-94.5059159754725,39.03677203722831],[-94.50722048123677,39.036841909677904],[-94.5072209459627,39.036803058380634],[-94.5072236028348,39.03668341319361],[-94.50722758138903,39.03656381482815],[-94.50723027500776,39.036502676207505]]]},"properties":{"parcel":"54288","address":"4819 Greenway Dr","owner":"Pickrell Sarah Cd & Nicholas L","current_permit":true,"point":[-94.50656024916212,39.03662361401088]}},{"type":"Feature","geometry":{"type":"Polygon","coordinates":[[[-94.50862262974348,39.03236026038595],[-94.50861858183009,39.032358498851146],[-94.50824824822178,39.0321982908289],[-94.50821231725776,39.03225126278781],[-94.5081422744403,39.032354391613865],[-94.50813291695239,39.032368167176635],[-94.50850647837915,39.03252981682545],[-94.50851049769093,39.03253153260426],[-94.50862262974348,39.03236026038595]]]},"properties":{"parcel":"54485","address":"5105 Fairway Dr","owner":"Azonobi Derante","current_permit":true,"point":[-94.50837782193705,39.03236421378129]}},{"type":"Feature","geometry":{"type":"Polygon","coordinates":[[[-94.53979405740593,39.01832111121849],[-94.53961853831925,39.01831458179632],[-94.53959936972322,39.01865327249614],[-94.53977491888725,39.01865964291334],[-94.53979405740593,39.01832111121849]]]},"properties":{"parcel":"550","address":"3841 E 59th St","owner":"Alvarado Guiliano & Etherton Zoe","current_permit":true,"point":[-94.53969671873497,39.01848719185732]}},{"type":"Feature","geometry":{"type":"Polygon","coordinates":[[[-94.55673525301094,38.958098354972364],[-94.55611948926794,38.95807506210513],[-94.55611917805058,38.95808826530806],[-94.5561057843937,38.958348202169155],[-94.55672395484376,38.95837215749354],[-94.55673525301094,38.958098354972364]]]},"properties":{"parcel":"55936","address":"9215 Montgall Ave","owner":"Freeman Derrick Lance & Cantlay Eliza R","current_permit":true,"point":[-94.55642115972597,38.958223278570756]}},{"type":"Feature","geometry":{"type":"Polygon","coordinates":[[[-94.50606414751508,38.95241382015988],[-94.50561102582081,38.95238954290622],[-94.50560953424208,38.95241702281669],[-94.5055931478225,38.95271647140764],[-94.50562831227634,38.95271802564403],[-94.50601096027737,38.952735373453606],[-94.50604615332067,38.95273692756265],[-94.50606414751508,38.95241382015988]]]},"properties":{"parcel":"56306","address":"9443 Bristol Ave","owner":"Stephens Ramonte","current_permit":true,"point":[-94.50582848594149,38.952566747112165]}},{"type":"Feature","geometry":{"type":"Polygon","coordinates":[[[-94.52373455258416,38.9462400011536],[-94.52331604273037,38.94622850756406],[-94.52331534462702,38.94624413620241],[-94.52331019608955,38.94636158636247],[-94.52330985954981,38.94640313829466],[-94.52330983948963,38.94643359387802],[-94.52365614735142,38.94643304427249],[-94.52373169309945,38.94636609999742],[-94.5237339683964,38.946245492784016],[-94.52373455258416,38.9462400011536]]]},"properties":{"parcel":"57175","address":"9810 Lawndale Ave","owner":"Bonnie Blue Investments LLC","current_permit":true,"point":[-94.52352280697417,38.94630353957324]}},{"type":"Feature","geometry":{"type":"Polygon","coordinates":[[[-94.54761173382043,38.94127675008321],[-94.54621525035975,38.94121605804687],[-94.54621135350635,38.941215898848405],[-94.54633121212642,38.941662518081316],[-94.54758914598776,38.94171747689081],[-94.54758929043317,38.941714410163684],[-94.54761173382043,38.94127675008321]]]},"properties":{"parcel":"57196","address":"10200 Grandview Rd","owner":"The Miae Song Living Trust","current_permit":true,"point":[-94.54694064537497,38.94146963408227]}},{"type":"Feature","geometry":{"type":"Polygon","coordinates":[[[-94.54082654841348,38.93611601164955],[-94.54059134775808,38.93610522503674],[-94.54056843766226,38.93641371918494],[-94.54061525456318,38.9364158085602],[-94.5408006207715,38.936424072152526],[-94.54082654841348,38.93611601164955]]]},"properties":{"parcel":"57982","address":"4206 E 105th St","owner":"Eklund Jeffrey M & Rebecca D","current_permit":true,"point":[-94.54069675622344,38.93626486541724]}},{"type":"Feature","geometry":{"type":"Polygon","coordinates":[[[-94.5411132179805,38.936776724024696],[-94.5411027088791,38.936437511926755],[-94.54109884306057,38.936437353118535],[-94.54086460757851,38.93642693339069],[-94.54086434637154,38.936429952674466],[-94.54083658821133,38.936764419442135],[-94.5411132179805,38.936776724024696]]]},"properties":{"parcel":"58010","address":"4201 E 104th Ter","owner":"Casey Michael R & Kaitlin","current_permit":true,"point":[-94.54097896321892,38.93660096568445]}},{"type":"Feature","geometry":{"type":"Polygon","coordinates":[[[-94.53994695569304,38.93681790406573],[-94.53993074992663,38.93681250904332],[-94.53991545532732,38.93680716061381],[-94.53990021626585,38.93680158220592],[-94.53988518438119,38.9367958212466],[-94.53987023955516,38.936789877204916],[-94.5398553817754,38.93678372777161],[-94.53984072970682,38.93677739407144],[-94.539826166882,38.936770854979],[-94.53981177754241,38.93676413277493],[-94.53979750529138,38.93675722747842],[-94.53978341017475,38.93675011561578],[-94.5397694599924,38.936742844676736],[-94.53976371676976,38.93673973477167],[-94.53975565766036,38.936735390063],[-94.53974504881701,38.936729444528424],[-94.53974212094111,38.9367327175562],[-94.53946420667914,38.93704509629521],[-94.5394778972658,38.937060994193],[-94.53963311919568,38.937123613568176],[-94.53975355776713,38.93717219544827],[-94.53994528677372,38.93682101592631],[-94.53994695569304,38.93681790406573]]]},"properties":{"parcel":"58019","address":"4230 E 104th Ter","owner":"Engel Emma & Brandon","current_permit":true,"point":[-94.53972400159458,38.93693305611076]}},{"type":"Feature","geometry":{"type":"Polygon","coordinates":[[[-94.50936259957058,38.92472222946329],[-94.50883787393735,38.92460157049281],[-94.50883213326809,38.924600266116315],[-94.50877866717069,38.924766092679505],[-94.50878414348243,38.924767327290276],[-94.50931367323284,38.92488649882573],[-94.50932272125891,38.924856064720394],[-94.50936259957058,38.92472222946329]]]},"properties":{"parcel":"59374","address":"10906 Blue Ridge Blvd","owner":"Bain Merced J","current_permit":true,"point":[-94.5090709015517,38.9247441610714]}},{"type":"Feature","geometry":{"type":"Polygon","coordinates":[[[-94.52195828772756,38.924825633491565],[-94.5219093098856,38.92482108872624],[-94.52186036127216,38.92481631626511],[-94.52181144188712,38.924811314392116],[-94.52178996932793,38.924809030263575],[-94.52178947392785,38.924815025278335],[-94.52176549209021,38.92513017502799],[-94.52168853916206,38.92512305035841],[-94.52167824014948,38.9252582806626],[-94.52192368739753,38.92528097949235],[-94.52195811268008,38.924827921662775],[-94.52195828772756,38.924825633491565]]]},"properties":{"parcel":"59874","address":"5810 E Red Bridge Rd","owner":"5810 E Red Bridge LLC","current_permit":true,"point":[-94.52186208175561,38.924975486010595]}},{"type":"Feature","geometry":{"type":"Polygon","coordinates":[[[-94.52342770506823,38.91807680105019],[-94.52272370566189,38.918029552224624],[-94.52219840577416,38.91799425574374],[-94.52217816431515,38.91827075796497],[-94.52235323096451,38.918282508503076],[-94.52270348160863,38.918306055103656],[-94.52340726406253,38.918353303520114],[-94.52342770506823,38.91807680105019]]]},"properties":{"parcel":"60185","address":"11339 Hickman Mills Dr","owner":"GKJT 1 LLC","current_permit":true,"point":[-94.5228028997011,38.91817377950758]}},{"type":"Feature","geometry":{"type":"Polygon","coordinates":[[[-94.53843628109114,38.92900163749812],[-94.53823167601638,38.92897026626022],[-94.53816271267037,38.9289597067654],[-94.53806935713767,38.92929585248657],[-94.53813782377232,38.92930823183869],[-94.53834410344467,38.92934550665307],[-94.53843549178757,38.92900465867029],[-94.53843628109114,38.92900163749812]]]},"properties":{"parcel":"60819","address":"4400 Grandview Rd","owner":"Heiss Charles M & Christina Lynn","current_permit":true,"point":[-94.53825312353649,38.92915025557843]}},{"type":"Feature","geometry":{"type":"Polygon","coordinates":[[[-94.54043265716032,38.92260301063907],[-94.53986179075858,38.922586662563425],[-94.53985991347231,38.922634279950245],[-94.53985774347561,38.9226822629668],[-94.5398553105738,38.92273022261922],[-94.53985255471989,38.92277816007209],[-94.53984956526477,38.92282609874833],[-94.53984683362344,38.92286627882893],[-94.54041571254396,38.92288889602123],[-94.54041629589081,38.922884524901846],[-94.54043265716032,38.92260301063907]]]},"properties":{"parcel":"61269","address":"11116 Kensington Ave","owner":"Stead Lawrence J","current_permit":true,"point":[-94.54013890168339,38.92275419134566]}},{"type":"Feature","geometry":{"type":"Polygon","coordinates":[[[-94.54578383560765,38.930890269481964],[-94.54553883704331,38.93087949666686],[-94.54553866339789,38.93088167046359],[-94.54551815681398,38.93120197169781],[-94.54551795296341,38.93120501499771],[-94.54576403677083,38.93121613065069],[-94.54576421056947,38.93121306505283],[-94.54578383560765,38.930890269481964]]]},"properties":{"parcel":"61612","address":"3707 Ruysser Rd","owner":"Lisztwan Daniel","current_permit":true,"point":[-94.54565124757491,38.93104612058988]}},{"type":"Feature","geometry":{"type":"Polygon","coordinates":[[[-94.54513768243558,38.92497204842646],[-94.54513706423417,38.924966054887754],[-94.54513641661585,38.92496102009024],[-94.5451355635839,38.9249542481033],[-94.54513379858714,38.92494246487441],[-94.54513176925816,38.924930727510436],[-94.54512947704721,38.92491901312941],[-94.54512686265228,38.92490734463561],[-94.54512395608312,38.92489569856403],[-94.54512084304947,38.92488412236035],[-94.54511740781741,38.92487256859043],[-94.54511371046532,38.924861083565816],[-94.54510974878188,38.92484964440596],[-94.5451054656476,38.92483825113292],[-94.54510097531637,38.92482692658391],[-94.54509698439625,38.92481441200992],[-94.54509243455837,38.92479931205552],[-94.54508817762937,38.924784189678455],[-94.54508421356417,38.924768973946435],[-94.54508051238383,38.924753736947466],[-94.5450770469915,38.924738476403846],[-94.54507390230552,38.924723147092166],[-94.54507102272902,38.924707841131394],[-94.54506840673821,38.92469246528054],[-94.54506611073572,38.92467704411535],[-94.5450640505349,38.92466162228701],[-94.54506228322728,38.92464615572685],[-94.54506080885496,38.924630711362894],[-94.54505959881496,38.9246152211341],[-94.54505868169579,38.92459973079216],[-94.54505802674028,38.924584239777],[-94.54505766542377,38.92456872691113],[-94.5450575970272,38.92455321336015],[-94.54505779416945,38.92454072062115],[-94.54505782084767,38.92453774603113],[-94.54505799539227,38.92453467928643],[-94.54505892368516,38.924519211685464],[-94.54470032157926,38.92450541420865],[-94.54467106812096,38.92494056121919],[-94.54467034267499,38.92495149822489],[-94.5451337872068,38.92497189090687],[-94.54513768243558,38.92497204842646]]]},"properties":{"parcel":"61788","address":"4000 E Red Bridge Rd","owner":"Sung Young Tae","current_permit":true,"point":[-94.54488146016416,38.924746106675656]}},{"type":"Feature","geometry":{"type":"Polygon","coordinates":[[[-94.55310576501209,38.92480282857628],[-94.55252617461412,38.92478043879531],[-94.55252449509844,38.924805792693284],[-94.5522926840449,38.92700964734687],[-94.55227831292058,38.92714639286352],[-94.55215619037178,38.92830596146656],[-94.55273246958288,38.928329933374044],[-94.55310544506845,38.924805873089575],[-94.55310576501209,38.92480282857628]]]},"properties":{"parcel":"61933","address":"3200 E Red Bridge Rd","owner":"Kim Min Soo & Chu Nam-Ok","current_permit":true,"point":[-94.55269870506741,38.92590776021822]}},{"type":"Feature","geometry":{"type":"Polygon","coordinates":[[[-94.55238606888616,38.92183067967208],[-94.55218791238279,38.92182479580529],[-94.55218747727687,38.92183060787357],[-94.55218637626795,38.92184905076831],[-94.55218557039741,38.92186753872181],[-94.55218502812875,38.92188600482009],[-94.55218474877891,38.92190451599152],[-94.55218476232143,38.92192300415062],[-94.55218506875653,38.921941469297316],[-94.55218566811799,38.92195995719441],[-94.55218653034925,38.92197842209253],[-94.55218768623917,38.92199690916868],[-94.55218910571568,38.922015351508236],[-94.55219078882845,38.92203381661123],[-94.55219276555022,38.92205223524805],[-94.55219503296888,38.922070630301405],[-94.55219762550281,38.922089003471974],[-94.55220045016846,38.92210737539456],[-94.55220351057831,38.92212567913944],[-94.55220689245867,38.92214398274047],[-94.55221056721747,38.92216224044755],[-94.5522145348717,38.92218047514207],[-94.55221870608352,38.92219868629193],[-94.55221999937889,38.922203811717154],[-94.5523638130371,38.92219745491819],[-94.55238606888616,38.92183067967208]]]},"properties":{"parcel":"61970","address":"3226 E 112th Ter","owner":"Wolf Jacob","current_permit":true,"point":[-94.552281909276,38.92200613033846]}},{"type":"Feature","geometry":{"type":"Polygon","coordinates":[[[-94.54824026720128,38.91880662958479],[-94.54824029612286,38.91880500442107],[-94.54802672097212,38.91842244672634],[-94.5480250494204,38.918419404758886],[-94.54802361529201,38.91841988643039],[-94.54801149137863,38.91842384932814],[-94.54799928018896,38.91842760632785],[-94.54798695171752,38.9184311814673],[-94.5479745352377,38.91843455070896],[-94.54796203074882,38.91843771290872],[-94.54794946825848,38.91844064688893],[-94.54793681629597,38.91844337554388],[-94.5479240470198,38.91844587428752],[-94.54791125052766,38.91844819113372],[-94.54789839310438,38.91845027804541],[-94.54788550698505,38.91845215960681],[-94.54787253284321,38.91845381296085],[-94.54785952925637,38.91845523579535],[-94.54784649625776,38.91845647730532],[-94.54783340451036,38.91845746657037],[-94.54782936272817,38.91845772049381],[-94.54780325021127,38.9187848660746],[-94.54780301866776,38.91878790882424],[-94.54824026720128,38.91880662958479]]]},"properties":{"parcel":"62361","address":"11400 Monroe Ave","owner":"Hutchings Rachel M","current_permit":true,"point":[-94.54797701996763,38.918621293284204]}},{"type":"Feature","geometry":{"type":"Polygon","coordinates":[[[-94.54279253898072,38.91870995099867],[-94.54278846554995,38.91870754994407],[-94.54259309153845,38.91859024034473],[-94.54258283651409,38.91858408955935],[-94.54257985224795,38.918587109849355],[-94.5423344368264,38.918836697946304],[-94.54254281905149,38.91896203575119],[-94.54279253898072,38.91870995099867]]]},"properties":{"parcel":"62385","address":"11318 Jackson Ave","owner":"Jim Roberts Concrete Finishing LLC","current_permit":true,"point":[-94.5425632554122,38.91877332447248]}},{"type":"Feature","geometry":{"type":"Polygon","coordinates":[[[-94.43324657489903,39.0218059329112],[-94.4332430551781,39.021805793039064],[-94.43274610175357,39.021784250579245],[-94.4327458309178,39.021790703436714],[-94.43272608506629,39.02219870600172],[-94.4332245679784,39.0222196310627],[-94.43324642567865,39.02180865509258],[-94.43324657489903,39.0218059329112]]]},"properties":{"parcel":"63101","address":"12311 E 54th Ter","owner":"Garcia Olivia","current_permit":true,"point":[-94.43298578843556,39.022003680547144]}},{"type":"Feature","geometry":{"type":"Polygon","coordinates":[[[-94.5118437324061,39.09657064469691],[-94.51223890227011,39.09658117534705],[-94.51224409506422,39.09647468798875],[-94.51185290459716,39.09646484337276],[-94.51184900003119,39.096464729366076],[-94.5118437324061,39.09657064469691]]]},"properties":{"parcel":"6389","address":"1219 White Ave","owner":"Bregan Investments LLC","current_permit":true,"point":[-94.51204393700188,39.096522666342835]}},{"type":"Feature","geometry":{"type":"Polygon","coordinates":[[[-94.42416186606197,39.02754229500674],[-94.42379113940812,39.02751340641947],[-94.42336844139388,39.02750200935124],[-94.42336820137413,39.02750763791341],[-94.42336804479432,39.027516813653556],[-94.42336821162795,39.02752598846208],[-94.4233686116946,39.027535141114846],[-94.42336930581513,39.027544316269754],[-94.42337029256991,39.02755347045191],[-94.42337157418753,39.027562577349784],[-94.4233731191058,39.02757166268364],[-94.42337492801119,39.02758076992777],[-94.42337703038464,39.0275897635318],[-94.42337942681142,39.027598780781894],[-94.42338205728072,39.027607706089725],[-94.42338500972195,39.02761660815599],[-94.42338819840471,39.02762541942541],[-94.42339164965665,39.02763420798621],[-94.42339539511063,39.02764288290724],[-94.42339940460192,39.02765153397649],[-94.42340364889304,39.02766007136693],[-94.42340818660432,39.02766854030693],[-94.42341295909212,39.02767691730495],[-94.4234180250237,39.02768520411557],[-94.42342329637272,39.02769342184586],[-94.42342883188175,39.02770150246345],[-94.42343463150087,39.027709492302236],[-94.42344066665548,39.02771736674641],[-94.42344693514373,39.02772512751051],[-94.42345343914167,39.027732796904935],[-94.42346020661587,39.02774028342407],[-94.42346715166416,39.02774767853539],[-94.42347436087279,39.02775493653375],[-94.4234818034152,39.02776208085185],[-94.42348942287306,39.02776906454667],[-94.42349727644874,39.0277758876557],[-94.42350261128608,39.027780329491186],[-94.423506274849,39.0277833527542],[-94.42351014402539,39.02778612446117],[-94.42351454083136,39.0277892608935],[-94.42352438861852,39.02779658926165],[-94.42353403238401,39.0278040553531],[-94.42354346988023,39.02781170321227],[-94.42355273046397,39.02781951226562],[-94.42356175842603,39.0278274578796],[-94.4235706073254,39.027835518352454],[-94.42357916490985,39.02784373765654],[-94.42358757494164,39.0278520947212],[-94.42359575088362,39.02786058948979],[-94.42360369053823,39.027869219672816],[-94.42361139612643,39.02787796582294],[-94.42361886689321,39.027886847960595],[-94.4236261028854,39.02789582261198],[-94.42363313339068,39.02790493327018],[-94.42377495406495,39.027862376465066],[-94.42377909083505,39.02786114359553],[-94.42378270048785,39.02785975021466],[-94.42379212160286,39.02785604965203],[-94.42380532801141,39.02785061260721],[-94.4238184165182,39.02784501531708],[-94.42383135854588,39.02783923545403],[-94.42384415556295,39.02783327130307],[-94.42385680539198,39.02782710169787],[-94.42386925009836,39.02782072545662],[-94.42388157765934,39.02781416723385],[-94.42389378805215,39.02780744819449],[-94.42390579327187,39.0278005694252],[-94.42391762267937,39.02779350634819],[-94.42392927627279,39.02778626067954],[-94.42394075329419,39.02777885529977],[-94.42395208532969,39.02777124217954],[-94.42396321067494,39.027763516234636],[-94.42397413236452,39.02775558308314],[-94.42398487819028,39.027747513674235],[-94.42399541737726,39.02773928339084],[-94.42400572276591,39.02773091566825],[-94.42401588165158,39.02772238711055],[-94.42402580529611,39.027713698803915],[-94.42403549511786,39.02770489593929],[-94.42404500985876,39.027695910484084],[-94.42405428857747,39.027686809897524],[-94.42406333498917,39.02767754899219],[-94.42407217395542,39.027668195855135],[-94.42408077912295,39.02765870585144],[-94.42408917982628,39.02764907900024],[-94.42409731444039,39.027639336426326],[-94.4241052167214,39.0276294581309],[-94.4241128543562,39.0276194864228],[-94.42412025743471,39.02760940072877],[-94.42412745531652,39.02759917761492],[-94.42413435992495,39.027588885666944],[-94.42414105931235,39.02757847918023],[-94.42414749478606,39.02756798042559],[-94.42415360765033,39.02755741453393],[-94.4241595446546,39.02754670952569],[-94.42416186606197,39.02754229500674]]]},"properties":{"parcel":"64036","address":"5118 Pleasant St","owner":"Howell Faye A Johnson","current_permit":true,"point":[-94.42373367765097,39.02770319920137]}},{"type":"Feature","geometry":{"type":"Polygon","coordinates":[[[-94.42081317183012,39.0240098090051],[-94.4167700186388,39.02384032928421],[-94.41676611828188,39.023840166334445],[-94.41745256684551,39.02477422124387],[-94.4179575549093,39.02548402527336],[-94.42052936287048,39.02559185902338],[-94.42053990839041,39.02536973762746],[-94.42054665199552,39.025227743410014],[-94.42056198909275,39.024904650332],[-94.42076760579013,39.02491323382476],[-94.42078608540618,39.02454497691095],[-94.42079317700758,39.02440671192406],[-94.42080552294264,39.02416125307339],[-94.42081317183012,39.0240098090051]]]},"properties":{"parcel":"64114","address":"13700 E 53rd Ter","owner":"Pilsl Cheryl L","current_permit":true,"point":[-94.41907433155288,39.02465959907741]}},{"type":"Feature","geometry":{"type":"Polygon","coordinates":[[[-94.41365809769113,39.019032370994125],[-94.41329214799461,39.017341537260336],[-94.41305206197121,39.01733218271159],[-94.41305194538356,39.01733218262471],[-94.41185601792186,39.017273991677044],[-94.41181344542318,39.018276695824156],[-94.41232969954447,39.01829660357781],[-94.41230539317016,39.018978141338906],[-94.41365809769113,39.019032370994125]]]},"properties":{"parcel":"64172","address":"14305 E 56th St","owner":"Gross James Carter","current_permit":true,"point":[-94.41261332232105,39.017809116542246]}},{"type":"Feature","geometry":{"type":"Polygon","coordinates":[[[-94.39545581302319,39.02072197699097],[-94.39463630843696,39.020193032418995],[-94.39463298178777,39.02022101230525],[-94.39441904340384,39.022031918373955],[-94.39495698874863,39.02205649711652],[-94.39545581302319,39.02072197699097]]]},"properties":{"parcel":"64202","address":"5501 Phelps Rd","owner":"Carter John S & Christina R","current_permit":true,"point":[-94.39485370768567,39.02137694768246]}},{"type":"Feature","geometry":{"type":"Polygon","coordinates":[[[-94.44040384987663,39.014460175070816],[-94.43996319125874,39.0144475699243],[-94.43995931992063,39.014447453526856],[-94.43994893606059,39.0147265051934],[-94.44038970888232,39.01474487704277],[-94.44040384987663,39.014460175070816]]]},"properties":{"parcel":"64643","address":"5902 Westridge Rd","owner":"Boga Shaquille Thomas","current_permit":true,"point":[-94.4401755634689,39.01459334013211]}},{"type":"Feature","geometry":{"type":"Polygon","coordinates":[[[-94.44224560439973,39.014669753467444],[-94.44220260861142,39.014667924573104],[-94.44220816740307,39.01461184592863],[-94.44220958815762,39.014597729038414],[-94.44217301580626,39.01459551490946],[-94.44217191860947,39.0146102726284],[-94.44216071131235,39.014758672843506],[-94.44218525967679,39.01475978272881],[-94.44218582253241,39.01475200345857],[-94.44223899362703,39.01475445575718],[-94.44223923225883,39.0147513434836],[-94.44224560439973,39.014669753467444]]]},"properties":{"parcel":"64683","address":"5909 Ridgeway Ave","owner":"Booze Trese","current_permit":true,"point":[-94.44220338201526,39.01471054847552]}},{"type":"Feature","geometry":{"type":"Polygon","coordinates":[[[-94.44280785301281,39.00580813315468],[-94.44279980027949,39.00579350763612],[-94.44279942035217,39.005792798708946],[-94.44279406103192,39.005783803823775],[-94.4427884677687,39.00577490034788],[-94.44278260975187,39.00576611171923],[-94.44277648700182,39.00575741276857],[-94.44277013030761,39.005748806943146],[-94.44276356894173,39.00574036004038],[-94.4427566541494,39.005731982751016],[-94.4427496226619,39.00572376442739],[-94.44274232788698,39.00571566152348],[-94.44273476762666,39.005707672322096],[-94.44272703203784,39.00569982032048],[-94.44271903165901,39.005692128927805],[-94.4427108567227,39.00568452782908],[-94.4427024462665,39.00567715599678],[-94.44269382970859,39.00566989846791],[-94.44268500924842,39.00566275524354],[-94.44267595255418,39.00565581783202],[-94.44266675057116,39.00564904108784],[-94.44265740110124,39.005642423293835],[-94.4425383475261,39.005560450513535],[-94.44218850478691,39.005873382147186],[-94.44230398717299,39.00598356643504],[-94.44278978417852,39.005814416588],[-94.44280785301281,39.00580813315468]]]},"properties":{"parcel":"65134","address":"6335 Ridgeway Ave","owner":"Neuman Living Trust Dated 08-12-2022","current_permit":true,"point":[-94.4425445270839,39.005770506033556]}},{"type":"Feature","geometry":{"type":"Polygon","coordinates":[[[-94.40186840574935,38.98976068662683],[-94.39877973571272,38.989627808840815],[-94.39873734661273,38.99028674029375],[-94.39873215817302,38.99040226141129],[-94.39869541819677,38.991220454226685],[-94.39870920836003,38.99122114347949],[-94.40054217219715,38.99130653319838],[-94.40075071676931,38.991226192699926],[-94.40168082014954,38.99130916966304],[-94.40178792390715,38.99130999091288],[-94.40186825495154,38.989763730833126],[-94.40186840574935,38.98976068662683]]]},"properties":{"parcel":"65578","address":"15401 Ess Rd","owner":"Berislavich Michael Thomas","current_permit":true,"point":[-94.40026380849747,38.990811357818984]}},{"type":"Feature","geometry":{"type":"Polygon","coordinates":[[[-94.45026403166565,38.959919329235156],[-94.45024901204022,38.960166595848065],[-94.4502519529003,38.96023688827759],[-94.45026493953206,38.96031430162579],[-94.45028815545092,38.960390002091955],[-94.45032318240224,38.96046730926734],[-94.450523869742,38.96081251283868],[-94.45053979435687,38.96083997650414],[-94.45057501861376,38.960841753854105],[-94.45160576824249,38.96089359996087],[-94.45160594520424,38.96089087659472],[-94.45166102550101,38.960010933215926],[-94.45167145470641,38.95984417903358],[-94.4510993720091,38.9598174419676],[-94.45038986144496,38.95984815748343],[-94.45039197519606,38.95992063357639],[-94.45026403166565,38.959919329235156]]]},"properties":{"parcel":"67177","address":"11311 E 87th St","owner":"The Gray Family Trust","current_permit":true,"point":[-94.45095810715904,38.96035215185887]}},{"type":"Feature","geometry":{"type":"Polygon","coordinates":[[[-94.44539878636634,38.94611358959161],[-94.4430945699154,38.94599510675689],[-94.44293960779905,38.94952790292907],[-94.44523073456193,38.94963041035896],[-94.44531260333947,38.94791689206632],[-94.44539878636634,38.94611358959161]]]},"properties":{"parcel":"67646","address":"11700 E 97th St","owner":"Coats Richard Dean & Michon Marie","current_permit":true,"point":[-94.44420275886938,38.94701524082896]}},{"type":"Feature","geometry":{"type":"Polygon","coordinates":[[[-94.47894489345786,38.95041358239441],[-94.47843333283366,38.95039635033688],[-94.47842946419252,38.95039621290633],[-94.47840964245104,38.95053855312409],[-94.47841350890187,38.95053869169896],[-94.47893708600888,38.95055631384994],[-94.47894489345786,38.95041358239441]]]},"properties":{"parcel":"68268","address":"9516 Manning Ave","owner":"Radwan Dawud","current_permit":true,"point":[-94.47867990970497,38.950476067759254]}},{"type":"Feature","geometry":{"type":"Polygon","coordinates":[[[-94.48667264318314,38.95326092208093],[-94.48666859927988,38.953260784903456],[-94.48624735945273,38.95324643408818],[-94.48623829655654,38.95343939134871],[-94.48665953861708,38.95345181959782],[-94.48666352319496,38.953451934459544],[-94.4866684060913,38.95334956364073],[-94.48667264318314,38.95326092208093]]]},"properties":{"parcel":"68843","address":"9400 Lewis Ave","owner":"Hollingsworth Matthew James","current_permit":true,"point":[-94.48645756096764,38.95330524286083]}},{"type":"Feature","geometry":{"type":"Polygon","coordinates":[[[-94.50189613213274,38.95440030882929],[-94.50160340749699,38.954224584512325],[-94.5013874086888,38.95436171471291],[-94.50138339405044,38.9543642316999],[-94.50138957744092,38.954373750233515],[-94.5013982224568,38.95438647268674],[-94.50140710190927,38.954399148229875],[-94.50141624510093,38.95441168648149],[-94.50142562272758,38.954424088585995],[-94.50143523479065,38.95443642147099],[-94.50144508055622,38.95444861706466],[-94.50145516222265,38.95446069767619],[-94.50146550689612,38.95447264213998],[-94.50147605670102,38.95448447162189],[-94.50148684020965,38.95449620957477],[-94.50149785961797,38.954507764473455],[-94.50150908342529,38.95451920496213],[-94.50152054240122,38.95453053046827],[-94.50153220504271,38.95454169751781],[-94.50154413288934,38.954552724986925],[-94.5015562350977,38.954563616880996],[-94.50156854316941,38.954574347458106],[-94.50158108567689,38.9545849424592],[-94.50159383331565,38.95459539788044],[-94.50162674196864,38.95462006400336],[-94.50163064098521,38.954622992751],[-94.50163447907363,38.95462061247365],[-94.50164517502486,38.95461402309088],[-94.50165953396285,38.9546048703813],[-94.50167374637148,38.954595557503175],[-94.50168775364139,38.95458606157616],[-94.50170161364979,38.954576428361946],[-94.50171521137645,38.954566635553135],[-94.50172869114431,38.954556635669014],[-94.50174193647068,38.95454652195249],[-94.50175497665823,38.95453622518742],[-94.5017678417451,38.954525791707944],[-94.50178047092419,38.95451519691772],[-94.5017929250026,38.954504465985245],[-94.50180517394217,38.954493550860406],[-94.501817188441,38.95448254421285],[-94.50182896849736,38.954471378542905],[-94.5018405734525,38.9544600521336],[-94.50185194250116,38.954448611320544],[-94.50186307784126,38.954437056103735],[-94.50187397947101,38.95442531783947],[-94.50188467523199,38.95441348805244],[-94.50189510651443,38.95440152098107],[-94.50189613213274,38.95440030882929]]]},"properties":{"parcel":"69276","address":"9317 Fairwood Dr","owner":"Mann Sharron","current_permit":true,"point":[-94.50165074904291,38.95441878831922]}},{"type":"Feature","geometry":{"type":"Polygon","coordinates":[[[-94.49906570514139,38.94195520789562],[-94.49904446324612,38.94195449897477],[-94.49878176696338,38.94194552705135],[-94.49877057468524,38.94194513737954],[-94.49875398527868,38.94229194986827],[-94.49875638855401,38.94229201853784],[-94.4990497325086,38.94229808484463],[-94.49906570514139,38.94195520789562]]]},"properties":{"parcel":"70229","address":"7603 E 100th St","owner":"Clark Nicholas & Mclaughlin Katelyn","current_permit":true,"point":[-94.49890995042355,38.94212357888195]}},{"type":"Feature","geometry":{"type":"Polygon","coordinates":[[[-94.49087151118893,38.92233837335479],[-94.49083982688593,38.922043108228884],[-94.49079653513634,38.922046217265354],[-94.49074064653688,38.92205129308716],[-94.49068496355824,38.92205744318004],[-94.49062945690966,38.922064646376676],[-94.49058815578528,38.922070844483805],[-94.49066634937175,38.92239093799942],[-94.49071394904888,38.92237874601337],[-94.49087151118893,38.92233837335479]]]},"properties":{"parcel":"71541","address":"8708 E 110th Ter","owner":"Lee Carla","current_permit":true,"point":[-94.49073899471857,38.9222046089193]}},{"type":"Feature","geometry":{"type":"Polygon","coordinates":[[[-94.49025418296566,38.91283526026568],[-94.49021874594344,38.91283166606153],[-94.49020957917845,38.91283072658246],[-94.49017083199412,38.912826993653454],[-94.49013208624979,38.91282346607257],[-94.49009325188354,38.91282016842965],[-94.49005441748902,38.91281709901609],[-94.49001558306904,38.91281423552249],[-94.4899766607616,38.91281157794128],[-94.48993776771195,38.91280914916391],[-94.48991697397086,38.9128079804169],[-94.4898785514956,38.91362157262167],[-94.49016111747866,38.9136167682247],[-94.4901614693649,38.913613610617446],[-94.49025418296566,38.91283526026568]]]},"properties":{"parcel":"73362","address":"8700 E 116th St","owner":"Parker Keith A & Loggins Barbara L","current_permit":true,"point":[-94.49005256637449,38.91322443544156]}},{"type":"Feature","geometry":{"type":"Polygon","coordinates":[[[-94.52698004323433,38.90974268710871],[-94.5265017661506,38.909721699386914],[-94.52649787179622,38.909721541244785],[-94.52649527941014,38.90975739705243],[-94.52649146168743,38.90980977296665],[-94.52647543618534,38.910029918946705],[-94.52647936056688,38.910030055917474],[-94.52695719867761,38.910048366130425],[-94.52698004323433,38.90974268710871]]]},"properties":{"parcel":"74380","address":"11815 Oakley Ave","owner":"Davis Janet & Randy R","current_permit":true,"point":[-94.52672512620785,38.90991984595668]}},{"type":"Feature","geometry":{"type":"Polygon","coordinates":[[[-94.54720078285797,39.17071440702144],[-94.54667342553223,39.170710272147616],[-94.54563508127451,39.170702057472226],[-94.54563134673784,39.17092713356481],[-94.54564901185363,39.17092726450088],[-94.54719708200129,39.170939528909905],[-94.54720078285797,39.17071440702144]]]},"properties":{"parcel":"77429","address":"4226 N Kansas Ave","owner":"Winfrey Jason","current_permit":true,"point":[-94.5464160729338,39.170820770293126]}},{"type":"Feature","geometry":{"type":"Polygon","coordinates":[[[-94.54415783415385,39.158526962106336],[-94.54415556725542,39.15852062450517],[-94.54414953154395,39.15850300883579],[-94.54414378968067,39.15848532498536],[-94.54413825352658,39.15846761703222],[-94.54413307071822,39.15844981799511],[-94.54412812081796,39.15843201829753],[-94.54412346695561,39.15841412868176],[-94.54412158206614,39.15840653250974],[-94.5436221753453,39.1584003603077],[-94.54361622071545,39.158610221565105],[-94.54407433695211,39.15861533460472],[-94.5440781574277,39.158615218757554],[-94.54408315329916,39.15861485078058],[-94.54408809024972,39.15861425344905],[-94.54409299768321,39.15861345077635],[-94.54409787559958,39.15861244276246],[-94.54410260717788,39.15861122887958],[-94.54410727835104,39.15860976219027],[-94.54411183261809,39.158608158834234],[-94.54411623978403,39.158606304420665],[-94.5441205300427,39.15860431162439],[-94.54412467173113,39.158602068343136],[-94.54412863774856,39.158599709009906],[-94.54413242805428,39.158597168415405],[-94.5441360103188,39.15859444371185],[-94.54413938823143,39.1585915600664],[-94.54414261911359,39.15858853862173],[-94.5441455560355,39.158585402314],[-94.54414828861984,39.15858212994485],[-94.54415078453822,39.15857872038252],[-94.54415301517878,39.15857524113521],[-94.54415498199738,39.15857167046597],[-94.54415671289988,39.15856798662781],[-94.54415815135462,39.15856425656747],[-94.5441593531861,39.15856045738339],[-94.54416026257103,39.158556613693186],[-94.54416084793006,39.1585527472453],[-94.54416119891269,39.1585488797422],[-94.54416128388414,39.15854494427049],[-94.5441610470769,39.15854105468166],[-94.54416057370388,39.15853718749091],[-94.54415977706925,39.15853334444712],[-94.54415871741865,39.158529523239416],[-94.54415783415385,39.158526962106336]]]},"properties":{"parcel":"78483","address":"3529 N Bellefontaine Ave","owner":"Many Moore Properties LLC","current_permit":true,"point":[-94.54388578113404,39.15851181667048]}},{"type":"Feature","geometry":{"type":"Polygon","coordinates":[[[-94.5388338681938,39.157011012802734],[-94.53872395007654,39.15662539906613],[-94.53851396284698,39.156662397725874],[-94.53862573473386,39.1570542351033],[-94.5388338681938,39.157011012802734]]]},"properties":{"parcel":"78547","address":"3516 NE 34th Ter","owner":"Underwood Jennifer A","current_permit":true,"point":[-94.53867393325604,39.156836705264304]}},{"type":"Feature","geometry":{"type":"Polygon","coordinates":[[[-94.53065066817184,39.165328506089736],[-94.5302333061962,39.165324657366995],[-94.53022939783558,39.165324634928396],[-94.53022826892499,39.16536691769519],[-94.53022566422766,39.16546166682769],[-94.53022957333017,39.16546168812217],[-94.53064661279751,39.165465515206506],[-94.53065066817184,39.165328506089736]]]},"properties":{"parcel":"78849","address":"3936 N Spruce Ave","owner":"Haas Barbara Madonna","current_permit":true,"point":[-94.53043754776866,39.16541429226144]}},{"type":"Feature","geometry":{"type":"Polygon","coordinates":[[[-94.5323346313205,39.183680717298486],[-94.53198445618696,39.18367964704404],[-94.53198439665346,39.18367964706038],[-94.53197854572151,39.184067905547586],[-94.53199283376846,39.18406774146302],[-94.5319976552637,39.18406771783079],[-94.53200059522618,39.18406776164013],[-94.532045048377,39.18406882537278],[-94.53209337996464,39.18406970440541],[-94.53214171368573,39.18407042382688],[-94.5321900465575,39.18407089040053],[-94.53223840873552,39.184071151594765],[-94.53228674066435,39.18407116109334],[-94.53233213403661,39.18407098777233],[-94.5323346313205,39.183680717298486]]]},"properties":{"parcel":"80442","address":"4005 NE 49th Ter","owner":"Ketter James","current_permit":true,"point":[-94.53215742883916,39.183874217564636]}},{"type":"Feature","geometry":{"type":"Polygon","coordinates":[[[-94.51338521585032,39.18522865380791],[-94.51326098567841,39.185228049670044],[-94.51313878558102,39.18522749150354],[-94.51313063381815,39.18565862699915],[-94.51313063384805,39.18565878773365],[-94.51312329708875,39.186046335456496],[-94.5132459550643,39.186047007988805],[-94.51337037705724,39.18604768018958],[-94.51338521585032,39.18522865380791]]]},"properties":{"parcel":"81306","address":"5617 NE 51st St","owner":"Fresh Home Investments LLC","current_permit":true,"point":[-94.51325800976016,39.185443640403534]}},{"type":"Feature","geometry":{"type":"Polygon","coordinates":[[[-94.5198583911063,39.1861347758439],[-94.51985503786298,39.18613166411507],[-94.51933672659445,39.18565277505883],[-94.5193329337655,39.18564929730194],[-94.51925133854898,39.18572319205391],[-94.51922394440365,39.18574802176305],[-94.5192287966274,39.18575243629916],[-94.51917339229936,39.18580733597491],[-94.51966379481577,39.18625806531407],[-94.51966720611577,39.18626115358615],[-94.51976300335787,39.186197827437724],[-94.5198583911063,39.1861347758439]]]},"properties":{"parcel":"81377","address":"5117 N Brighton Pl","owner":"Carlyle John Paul","current_permit":true,"point":[-94.5195146772343,39.18596950004499]}},{"type":"Feature","geometry":{"type":"Polygon","coordinates":[[[-94.50504724352615,39.183847270220106],[-94.50456441796575,39.18384305726352],[-94.50456042038988,39.18384303453965],[-94.50455757721181,39.18398695213821],[-94.50455631793483,39.18405142962306],[-94.50456096230974,39.184051451749745],[-94.50504314250831,39.1840556647484],[-94.50504724352615,39.183847270220106]]]},"properties":{"parcel":"82007","address":"4945 N Fremont Ave","owner":"Allman Dominic A","current_permit":true,"point":[-94.50480241304011,39.183917111179156]}},{"type":"Feature","geometry":{"type":"Polygon","coordinates":[[[-94.50662086838345,39.180670548918165],[-94.50661846239385,39.18072795649097],[-94.50661030876788,39.18092330960228],[-94.50680133874792,39.18092618153725],[-94.50680507083688,39.180926158439],[-94.50680880510427,39.180925861347994],[-94.50681247982493,39.180925403525734],[-94.50681615451896,39.18092467056683],[-94.50681971160505,39.18092377802411],[-94.50682315180696,39.18092261092359],[-94.50682650233341,39.18092132885432],[-94.50682976611326,39.18091981913032],[-94.5068328527515,39.18091812522958],[-94.50683576224839,39.18091625001222],[-94.50683849533858,39.18091419061806],[-94.50684105349652,39.18091199337986],[-94.50684334558589,39.180909636566604],[-94.50684549287833,39.180907165359955],[-94.50684740350478,39.1809045803373],[-94.50684899001017,39.180901925548476],[-94.50685040011133,39.180899111179436],[-94.50685154709488,39.18089625106504],[-94.50685240009284,39.18089334520721],[-94.50685301643149,39.18089039303051],[-94.5068533101216,39.180887396256075],[-94.50685339802268,39.18088437604131],[-94.5068533979938,39.18088407859643],[-94.50685239639927,39.1808552951428],[-94.50685230642415,39.18085209189551],[-94.50685201108624,39.18083811143129],[-94.50685200972931,39.18082413209377],[-94.5068523324861,39.180810152737195],[-94.5068528889573,39.1807961722228],[-94.50685376954631,39.18078223745004],[-94.5068548867894,39.18076830380739],[-94.50685635533866,39.18075436957196],[-94.50686587158624,39.180672274221756],[-94.50687142320712,39.180624980156324],[-94.50687162943402,39.18062195993446],[-94.50687156961354,39.18061898548904],[-94.50687121654812,39.18061601106091],[-94.50687056950284,39.180613036650065],[-94.50686968727818,39.18061010801389],[-94.50686856987862,39.18060727091302],[-94.50686715850374,39.18060447901825],[-94.5068655112191,39.18060177980286],[-94.5068635714379,39.180599216742934],[-94.50686139501212,39.18059674636243],[-94.5068590429468,39.18059441213046],[-94.50685645644619,39.18059221633851],[-94.50685369357329,39.1805901795755],[-94.50685075359117,39.1805882812491],[-94.50684760711056,39.18058661116651],[-94.5068443731867,39.18058510182365],[-94.50684099229068,39.180583773816295],[-94.50683746442502,39.18058265345689],[-94.50683384912037,39.18058173845387],[-94.50683014417412,39.18058105225978],[-94.50682641058481,39.18058057141863],[-94.50682449969432,39.18058034272676],[-94.50662500492315,39.180571294181405],[-94.50662086838345,39.180670548918165]]]},"properties":{"parcel":"82296","address":"6301 NE 48th Ct","owner":"Palacio Ana","current_permit":true,"point":[-94.50673789869106,39.18074116303146]}},{"type":"Feature","geometry":{"type":"Polygon","coordinates":[[[-94.50234087253027,39.18161674889607],[-94.50200628916281,39.181613117156004],[-94.50200077321101,39.181999475211775],[-94.50233444777086,39.18200255785672],[-94.50234087253027,39.18161674889607]]]},"properties":{"parcel":"82622","address":"6608 NE 48th Ter","owner":"Garcia Arturo & Mary Grace","current_permit":true,"point":[-94.50217059553992,39.18180811205392]}},{"type":"Feature","geometry":{"type":"Polygon","coordinates":[[[-94.55189886971988,39.17604111806238],[-94.5513874340846,39.176037546571436],[-94.55138737455755,39.17603754659769],[-94.5513846732953,39.17626404079278],[-94.55189609660815,39.17626761230081],[-94.55189886971988,39.17604111806238]]]},"properties":{"parcel":"82821","address":"4516 N Olive St","owner":"Garnett Philip Rl","current_permit":true,"point":[-94.55164175382859,39.17615257942758]}},{"type":"Feature","geometry":{"type":"Polygon","coordinates":[[[-94.56717306014892,39.175100984131795],[-94.56711961855473,39.175100740360655],[-94.56708784139767,39.17510030105144],[-94.56705591747993,39.17510009062198],[-94.56702399300126,39.17510006322727],[-94.56699204010066,39.17510028752446],[-94.56696120516558,39.17510071709408],[-94.5669611778996,39.17510373732192],[-94.56695910455736,39.175397180145886],[-94.56701777982224,39.17539769497348],[-94.56717140438215,39.175399070866675],[-94.56717306014892,39.175100984131795]]]},"properties":{"parcel":"82886","address":"1100 NE 44th Ter","owner":"Majors Steven","current_permit":true,"point":[-94.56706618554932,39.1752504587339]}},{"type":"Feature","geometry":{"type":"Polygon","coordinates":[[[-94.56696120516558,39.17510071709408],[-94.56696011752571,39.175100717719054],[-94.56692819518949,39.175101400161125],[-94.56689627155467,39.17510226392232],[-94.56686437826795,39.17510335817732],[-94.56683248517463,39.17510465777508],[-94.5668006209574,39.17510618615144],[-94.56676875844659,39.175107966202496],[-94.56673689537227,39.17510992928831],[-94.56672925299372,39.175110459913924],[-94.56675035356619,39.175415512129824],[-94.56675056219238,39.175418532222324],[-94.56677489958246,39.17541604776843],[-94.56677719297365,39.17541581765029],[-94.56695910455736,39.175397180145886],[-94.5669611778996,39.17510373732192],[-94.56696120516558,39.17510071709408]]]},"properties":{"parcel":"82887","address":"1104 NE 44th Ter","owner":"Majors Rebecca J","current_permit":true,"point":[-94.56684964337197,39.17525382002991]}},{"type":"Feature","geometry":{"type":"Polygon","coordinates":[[[-94.56580691159722,39.174771347828106],[-94.56575651225123,39.17447079650073],[-94.56575600969497,39.174467753691395],[-94.56573637605364,39.17447044177509],[-94.56570075307386,39.17447503794441],[-94.56566510052372,39.174479451076316],[-94.56562938896612,39.174483635998584],[-94.56559364781648,39.174487613858965],[-94.56556598940514,39.17449051235426],[-94.5656163400298,39.174802755673305],[-94.56580691159722,39.174771347828106]]]},"properties":{"parcel":"82946","address":"1208 NE 44th St","owner":"Nobles John","current_permit":true,"point":[-94.56568599869328,39.17463093009118]}},{"type":"Feature","geometry":{"type":"Polygon","coordinates":[[[-94.55021841149954,39.17203092011188],[-94.54993537070025,39.17202809073931],[-94.54993534445137,39.17203149935945],[-94.54993221420705,39.17226151744464],[-94.54993161494815,39.17241170469613],[-94.55021169602229,39.17246757270817],[-94.55021257785985,39.17246757232818],[-94.55021458860021,39.17231795647883],[-94.55021528504358,39.172263934964285],[-94.55021841149954,39.17203092011188]]]},"properties":{"parcel":"83221","address":"2500 NE 43rd St","owner":"Bristow Regi","current_permit":true,"point":[-94.5500753199666,39.172146508402044]}},{"type":"Feature","geometry":{"type":"Polygon","coordinates":[[[-94.56805277625631,39.176555758174025],[-94.5677552012579,39.17634520318641],[-94.567741075961,39.17636008365218],[-94.56772310396984,39.17637935938672],[-94.56770536724825,39.1763987493837],[-94.56768786581836,39.17641827652358],[-94.56767060043704,39.176437963686425],[-94.56765353943766,39.176457742249546],[-94.56763674308259,39.17647761217806],[-94.56762018351135,39.176497642129405],[-94.56761592611733,39.17650293054182],[-94.5679254935241,39.17665076374362],[-94.56797604827845,39.17661302681099],[-94.56805277625631,39.176555758174025]]]},"properties":{"parcel":"83698","address":"4520 N Troost Ave","owner":"Edgar Mia Irene","current_permit":true,"point":[-94.56779621667232,39.17650028633561]}},{"type":"Feature","geometry":{"type":"Polygon","coordinates":[[[-94.58033376986768,39.16899999150361],[-94.58032715798291,39.16864027069364],[-94.5800806381271,39.16863892967688],[-94.58008860477644,39.16900276861755],[-94.58008866701408,39.16900581167034],[-94.58022960339173,39.16900248916037],[-94.58033368244982,39.1690000150163],[-94.58033376986768,39.16899999150361]]]},"properties":{"parcel":"84193","address":"102 NE Evansdale Rd","owner":"Jones Rachelle & John","current_permit":true,"point":[-94.58020753482731,39.16882013109863]}},{"type":"Feature","geometry":{"type":"Polygon","coordinates":[[[-94.5720457327573,39.170707118704975],[-94.57177580559365,39.1707045396214],[-94.57177164696772,39.17103697110729],[-94.57177159063171,39.17104010633027],[-94.57204266610694,39.17104261492789],[-94.5720457327573,39.170707118704975]]]},"properties":{"parcel":"84285","address":"701 NE 42nd Ter","owner":"Thomas Catherine","current_permit":true,"point":[-94.57190896768753,39.17087204490613]}},{"type":"Feature","geometry":{"type":"Polygon","coordinates":[[[-94.55640247215383,39.16224858398994],[-94.55632494065314,39.16224793507349],[-94.55622609956951,39.162247137369185],[-94.55622117038689,39.162700766894346],[-94.55633744003963,39.16270167172499],[-94.5563974558789,39.16270214663902],[-94.55640247215383,39.16224858398994]]]},"properties":{"parcel":"85636","address":"2004 NE 37th Ter","owner":"Usher Carey","current_permit":true,"point":[-94.5563117993824,39.16247467544214]}},{"type":"Feature","geometry":{"type":"Polygon","coordinates":[[[-94.55919987777526,39.153485627490014],[-94.55837385901451,39.15349995489108],[-94.55836995062275,39.15350000260952],[-94.55836908695657,39.1537342528297],[-94.5583729945893,39.15373415992274],[-94.55916998218619,39.15371925180547],[-94.55919987777526,39.153485627490014]]]},"properties":{"parcel":"86002","address":"3238 N Chippewa Dr","owner":"Tenfold Investment Group LLC","current_permit":true,"point":[-94.55877677833637,39.153609627207494]}},{"type":"Feature","geometry":{"type":"Polygon","coordinates":[[[-94.55046635691484,39.15743293378535],[-94.55046600340579,39.15743277377516],[-94.55046009391785,39.15743039733743],[-94.55045406774158,39.15742820284964],[-94.5504478955226,39.157426237801396],[-94.5504416646584,39.157424456393976],[-94.55043531493394,39.15742290212625],[-94.55042887719301,39.157421555536516],[-94.55042241092853,39.15742039085848],[-94.55041588753706,39.157419478461925],[-94.55040927464283,39.157418750291484],[-94.55040266192707,39.15741827208967],[-94.55039601923527,39.157417999824624],[-94.55038934730288,39.15741793464009],[-94.55038273506054,39.157418119970444],[-94.55037609429593,39.157418489500536],[-94.55037221518378,39.157418696529376],[-94.55036513272941,39.157418883778035],[-94.55035804937596,39.1574188405059],[-94.5503509085526,39.15741856902558],[-94.55034385501322,39.15741809215487],[-94.55033680131012,39.157417385335165],[-94.55032983564251,39.1574164965773],[-94.55032286906066,39.15741535556225],[-94.55031599198223,39.15741403032041],[-94.5503092014216,39.157412455071714],[-94.55030244085353,39.15741069619395],[-94.5502958270812,39.15740873190024],[-94.5502893027799,39.15740653761887],[-94.55028286432628,39.15740418370886],[-94.55027660277482,39.15740160091748],[-94.55027045864642,39.15739883445941],[-94.55026446206536,39.15739588603765],[-94.55025861081043,39.15739273162872],[-94.55025293652214,39.157389438716365],[-94.55024740978082,39.157385963268396],[-94.55024208714234,39.15738228180801],[-94.55023697159436,39.157378462975295],[-94.55023203009124,39.157374529664985],[-94.55022729634828,39.15737036746028],[-94.55022444377934,39.157367691103026],[-94.54986427651399,39.15759834471545],[-94.54986033949388,39.15760083979858],[-94.55010593306362,39.15788230147209],[-94.55010840025929,39.15787923500116],[-94.55046635691484,39.15743293378535]]]},"properties":{"parcel":"86077","address":"2516 NE 34th Ter","owner":"Badura August","current_permit":true,"point":[-94.55010092118273,39.157740037399876]}},{"type":"Feature","geometry":{"type":"Polygon","coordinates":[[[-94.56571188708415,39.18574125996023],[-94.56565875738991,39.18561011684271],[-94.56562925947782,39.185537305293636],[-94.56513192237136,39.18565811748191],[-94.56512804169327,39.18565905831751],[-94.56515588847107,39.18572804989631],[-94.56516711631396,39.18575584267491],[-94.565189188204,39.18581046975638],[-94.5652103746012,39.185862876218444],[-94.5657080071437,39.1857422002427],[-94.56571188708415,39.18574125996023]]]},"properties":{"parcel":"87408","address":"5023 NE Park Ln","owner":"Keeney Nicholas","current_permit":true,"point":[-94.56541726260463,39.18569355410691]}},{"type":"Feature","geometry":{"type":"Polygon","coordinates":[[[-94.5728590607038,39.25682766207612],[-94.57261870696648,39.256826301535064],[-94.57215156851844,39.2572295322487],[-94.57214806871636,39.25723255515823],[-94.5721478342471,39.257232784104225],[-94.57227641451368,39.257233550941905],[-94.57244999417713,39.25723456478581],[-94.57281057147921,39.257236695994],[-94.57285454082836,39.25723694362984],[-94.57285454047314,39.257236600429],[-94.57285456606462,39.257233602551686],[-94.5728590607038,39.25682766207612]]]},"properties":{"parcel":"92107","address":"620 NE 90th St","owner":"Mynatt Carly Shae & Bradley","current_permit":true,"point":[-94.57262059278705,39.25702859716241]}},{"type":"Feature","geometry":{"type":"Polygon","coordinates":[[[-94.57563684208493,39.25323213940784],[-94.57561918505347,39.25323208223323],[-94.57561903791218,39.25323208232875],[-94.57538802406192,39.25323106463487],[-94.57538799862914,39.253234108846854],[-94.57538332735236,39.25362618444923],[-94.57563320594817,39.25362702859813],[-94.5756367097163,39.25324588985383],[-94.57563684208493,39.25323213940784]]]},"properties":{"parcel":"92698","address":"401 NE 88th St","owner":"Oliver-Omorodion Cozzetta","current_permit":true,"point":[-94.57551027726115,39.25343603715153]}},{"type":"Feature","geometry":{"type":"Polygon","coordinates":[[[-94.56464904843027,39.25062745188955],[-94.56440272810634,39.25061138924586],[-94.56440246577314,39.25061413500269],[-94.56436934666215,39.25092122709867],[-94.56436905489922,39.25092397287153],[-94.56461537704492,39.250940035584236],[-94.5646156687983,39.25093728981078],[-94.56464904843027,39.25062745188955]]]},"properties":{"parcel":"93682","address":"1305 NE 86th St","owner":"Norvilas Justas & Sydney L","current_permit":true,"point":[-94.56450920598704,39.250774339494114]}},{"type":"Feature","geometry":{"type":"Polygon","coordinates":[[[-94.54963077894588,39.0187101389568],[-94.54949567772128,39.01870520886499],[-94.54949556323695,39.01870822920718],[-94.54948102276208,39.01901584712187],[-94.54961615392457,39.019020801242576],[-94.54963063440356,39.01871315988388],[-94.54963077894588,39.0187101389568]]]},"properties":{"parcel":"953","address":"3035 E 59th St","owner":"Rainey Laurice Yvonne","current_permit":true,"point":[-94.54955584361284,39.018864503502876]}},{"type":"Feature","geometry":{"type":"Polygon","coordinates":[[[-94.5934545464637,39.22125142860753],[-94.59345366666979,39.22116469100698],[-94.59337630617419,39.22116518719399],[-94.59337664112336,39.22119598426117],[-94.59330025131452,39.22119650307182],[-94.59330169697122,39.221333096770024],[-94.59342641522743,39.221332219458304],[-94.59342501495082,39.22125168109713],[-94.5934545464637,39.22125142860753]]]},"properties":{"parcel":"95777","address":"1029 NW 70th Ct","owner":"Raczka Joseph","current_permit":true,"point":[-94.59337740493723,39.22122396583968]}},{"type":"Feature","geometry":{"type":"Polygon","coordinates":[[[-94.59364276728041,39.22180095217878],[-94.59359839031849,39.22178671116501],[-94.59357752894336,39.22182592114937],[-94.59355015237219,39.22187753800675],[-94.59364520359158,39.22190832760861],[-94.59363745796395,39.221922816434386],[-94.59368586678522,39.22193847333536],[-94.59370479248632,39.22190303955169],[-94.59377951050098,39.2219271638051],[-94.59381398662183,39.22186254579098],[-94.5937385337463,39.221838215656845],[-94.59374360987489,39.2218286705253],[-94.59367725028679,39.22180730803246],[-94.59367510836601,39.221811360123745],[-94.59364276728041,39.22180095217878]]]},"properties":{"parcel":"95786","address":"1106 NW 70th Ct","owner":"Glynn Desmond L II","current_permit":true,"point":[-94.59368205766489,39.22187004189887]}},{"type":"Feature","geometry":{"type":"Polygon","coordinates":[[[-94.59709369936314,39.216274063732435],[-94.59707616981132,39.21627389587125],[-94.59707252185584,39.21627387603077],[-94.59704425681602,39.21627385381913],[-94.59701599062042,39.21627406040387],[-94.59698772617861,39.216274472902384],[-94.59695943113543,39.21627509076957],[-94.59693119596885,39.21627593852638],[-94.59690296185065,39.21627701450574],[-94.59687472727921,39.21627829640069],[-94.59685757939559,39.21627922586821],[-94.59688789947242,39.21666004206391],[-94.59688813819186,39.21666306205546],[-94.59707074290141,39.216648060774965],[-94.5970882478076,39.21665108868599],[-94.59708832804331,39.21664527761323],[-94.59709074532607,39.216478363760416],[-94.59709369936314,39.216274063732435]]]},"properties":{"parcel":"96186","address":"1218 NW 67th Ter","owner":"Humphrey Prisca O","current_permit":true,"point":[-94.59697884598312,39.21637879481432]}},{"type":"Feature","geometry":{"type":"Polygon","coordinates":[[[-94.58755841706764,39.21251633481739],[-94.58755841328853,39.21251329174757],[-94.5875570017339,39.21215819138596],[-94.58727712386616,39.21215693648727],[-94.58727782873774,39.212513113325876],[-94.58727783250472,39.2125161563957],[-94.58755841706764,39.21251633481739]]]},"properties":{"parcel":"96606","address":"517 NW 65th Ter","owner":"Dabbagh Ehab N & Clarke Megan E","current_permit":true,"point":[-94.58741759235014,39.21233565235592]}},{"type":"Feature","geometry":{"type":"Polygon","coordinates":[[[-94.52265055136222,39.27184492956106],[-94.52264666578624,39.27184488455673],[-94.52046794421463,39.2718106246425],[-94.52046406011354,39.27181057899307],[-94.52044437293122,39.27243744969776],[-94.52044443079745,39.27243905128863],[-94.5204448166568,39.27244495426465],[-94.52044552410787,39.272450856612224],[-94.52044652665194,39.27245673717194],[-94.52044776540257,39.27246254847813],[-94.52044926761525,39.272468382618065],[-94.5204510943305,39.27247410230091],[-94.52045315652988,39.27247979849035],[-94.52045554250975,39.27248542712681],[-94.52045816396058,39.27249098650982],[-94.52046102161185,39.27249645433122],[-94.52046417140585,39.27250187576916],[-94.52046755811682,39.272507138721274],[-94.520471239178,39.272512354145505],[-94.52047512699045,39.272517433397205],[-94.5204792495246,39.27252239649141],[-94.52048360678828,39.27252727031211],[-94.52048820096162,39.27253195990686],[-94.52049302912133,39.272536535060176],[-94.5204980346024,39.272540995781995],[-94.52050327626407,39.27254529572992],[-94.52050872319185,39.27254941317333],[-94.52051437687057,39.27255339272801],[-94.5205202056499,39.27255721323544],[-94.52052621099455,39.27256085009935],[-94.52053236494692,39.272564327348626],[-94.52053872342891,39.2725676203774],[-94.52054517163248,39.272570708041876],[-94.52055182436595,39.27257361262978],[-94.52055856682762,39.27257633473335],[-94.52056545641783,39.27257887262644],[-94.5205724622222,39.27258120515046],[-94.52057955700533,39.272583309430175],[-94.52058676947382,39.27258520662454],[-94.5205940694625,39.27258692133488],[-94.52060142899323,39.27258840723407],[-94.52060887825164,39.27258971007681],[-94.52061635465847,39.272590738354104],[-94.52062389062043,39.27259158300824],[-94.52078671240143,39.2726250046392],[-94.52215075860887,39.272880735332684],[-94.52238617583241,39.27292544419259],[-94.52263013267435,39.272971751373916],[-94.52265055136222,39.27184492956106]]]},"properties":{"parcel":"99562","address":"4747 NE Staley Rd","owner":"Hall Brett & Christina","current_permit":true,"point":[-94.52154943003802,39.27214118962941]}}]}