{"type":"FeatureCollection","features":[{"type":"Feature","geometry":{"type":"Polygon","coordinates":[[[-94.56575281757479,39.28302439013978],[-94.5657015844103,39.28295465745725],[-94.56559583432093,39.28283022830092],[-94.56525971706999,39.283027161456],[-94.56525977677242,39.283027252942425],[-94.56527277194989,39.283040767721005],[-94.56528550302964,39.28305442049801],[-94.56529799795696,39.28306818608981],[-94.56531028838374,39.28308206791085],[-94.56532234267969,39.2830960859988],[-94.56533416156168,39.28311021976142],[-94.5653457155872,39.2831244674993],[-94.56535703421929,39.28313885321992],[-94.56536814761176,39.28315335231049],[-94.56537896447797,39.28316794308628],[-94.56538957684306,39.28318265009174],[-94.56539037352253,39.28318377019088],[-94.5653942868389,39.283182075447485],[-94.56575281757479,39.28302439013978]]]},"properties":{"parcel":"101308","address":"10412 N Forest Ave","owner":"Jacob Regina Poni","point":[-94.56552557821902,39.28298952379852],"permit_status":"cancelled","current_permit":false,"source_url":"https://mapd.kcmo.org/kcgis/rest/services/AGOL/MapServer/6/query","retrieved_at":"2026-10-06T02:34:59.880305+00:00"}},{"type":"Feature","geometry":{"type":"Polygon","coordinates":[[[-94.53360381088629,39.09934785058879],[-94.53378052710795,39.099354434925374],[-94.53378070258609,39.09935141462271],[-94.5337942361599,39.099098396533606],[-94.53380813417387,39.09884011462172],[-94.53363155063745,39.09883353028794],[-94.53360381088629,39.09934785058879]]]},"properties":{"parcel":"10148","address":"4117 E 11th St","owner":"Murell Estates LLC","point":[-94.5337127077455,39.098969255577664],"permit_status":"denied","current_permit":false,"source_url":"https://mapd.kcmo.org/kcgis/rest/services/AGOL/MapServer/6/query","retrieved_at":"2026-10-06T02:34:59.880305+00:00"}},{"type":"Feature","geometry":{"type":"Polygon","coordinates":[[[-94.53664357341619,39.09902470602961],[-94.53606062687994,39.099003287830875],[-94.53605981303136,39.09901967123364],[-94.53605655645507,39.09908289160612],[-94.5366398848573,39.099103301810125],[-94.53664281844198,39.09904111172656],[-94.53664357341619,39.09902470602961]]]},"properties":{"parcel":"10209","address":"1110 Myrtle Ave","owner":"Cole Robert Cleveland","point":[-94.53634973278218,39.09906200166634],"permit_status":"voided-city","current_permit":false,"source_url":"https://mapd.kcmo.org/kcgis/rest/services/AGOL/MapServer/6/query","retrieved_at":"2026-10-06T02:34:59.880305+00:00"}},{"type":"Feature","geometry":{"type":"Polygon","coordinates":[[[-94.5803684637522,39.288222652503805],[-94.57985376801261,39.28821975766858],[-94.57983610214409,39.28821965538279],[-94.57983256179415,39.28849792316248],[-94.5798502564395,39.288498025429014],[-94.58036524869904,39.28850096640617],[-94.5803684637522,39.288222652503805]]]},"properties":{"parcel":"102117","address":"10713 N Main St","owner":"Cole Andrew & Christina","point":[-94.58010059335322,39.28836028783314],"permit_status":"cancelled","current_permit":false,"source_url":"https://mapd.kcmo.org/kcgis/rest/services/AGOL/MapServer/6/query","retrieved_at":"2026-10-06T02:34:59.880305+00:00"}},{"type":"Feature","geometry":{"type":"Polygon","coordinates":[[[-94.55995291925196,39.01448035710444],[-94.55994904769891,39.014480221235694],[-94.55948103065491,39.01446389549677],[-94.55947632561622,39.01455590193636],[-94.55994390475782,39.01457218330074],[-94.55994777631588,39.01457231916963],[-94.55995291925196,39.01448035710444]]]},"properties":{"parcel":"104842","address":"6148 Park Ave","owner":"Rose Gold Casa Management LLC","point":[-94.55971453203728,39.0145181295204],"permit_status":"denied","current_permit":false,"source_url":"https://mapd.kcmo.org/kcgis/rest/services/AGOL/MapServer/6/query","retrieved_at":"2026-10-06T02:34:59.880305+00:00"}},{"type":"Feature","geometry":{"type":"Polygon","coordinates":[[[-94.57120308041641,39.01825020240214],[-94.57114353692614,39.01824790429318],[-94.57106246538906,39.0182447738158],[-94.57104263389657,39.01859399531716],[-94.5711833099937,39.01859894338838],[-94.57120308041641,39.01825020240214]]]},"properties":{"parcel":"105002","address":"1312 E 60th St","owner":"Flipside LLC","point":[-94.57112286548227,39.01842209885965],"permit_status":"denied","current_permit":false,"source_url":"https://mapd.kcmo.org/kcgis/rest/services/AGOL/MapServer/6/query","retrieved_at":"2026-10-06T02:34:59.880305+00:00"}},{"type":"Feature","geometry":{"type":"Polygon","coordinates":[[[-94.57082795368122,39.01726267968781],[-94.57037546106876,39.01724659359899],[-94.57037511525316,39.01725279513497],[-94.57036794110545,39.01738377039655],[-94.57037187222946,39.01738390531144],[-94.57082102275311,39.01739994710834],[-94.57082795368122,39.01726267968781]]]},"properties":{"parcel":"105020","address":"6022 Paseo","owner":"Stowell Megan & Darec","point":[-94.57059807704132,39.017323225042176],"permit_status":"voided-city","current_permit":false,"source_url":"https://mapd.kcmo.org/kcgis/rest/services/AGOL/MapServer/6/query","retrieved_at":"2026-10-06T02:34:59.880305+00:00"}},{"type":"Feature","geometry":{"type":"Polygon","coordinates":[[[-94.57092330944086,39.01488752605908],[-94.57050511636706,39.01487071086546],[-94.57049852115827,39.0149920300462],[-94.57050239353697,39.014992210754315],[-94.57091615768886,39.01500884560114],[-94.57092330944086,39.01488752605908]]]},"properties":{"parcel":"105177","address":"6144 Paseo","owner":"Dan Zenas H","point":[-94.57071079545298,39.014939778052636],"permit_status":"denied","current_permit":false,"source_url":"https://mapd.kcmo.org/kcgis/rest/services/AGOL/MapServer/6/query","retrieved_at":"2026-10-06T02:34:59.880305+00:00"}},{"type":"Feature","geometry":{"type":"Polygon","coordinates":[[[-94.57275722607967,39.01496124117092],[-94.57227063347166,39.01494166000517],[-94.57226384714517,39.01507396172132],[-94.57226774737289,39.01507412004461],[-94.57275046930164,39.01509358923029],[-94.57275092853021,39.01508450517727],[-94.57275722607967,39.01496124117092]]]},"properties":{"parcel":"105224","address":"6136 Tracy Ave","owner":"College Connections LLC","point":[-94.57251054237214,39.01501760144612],"permit_status":"denied","current_permit":false,"source_url":"https://mapd.kcmo.org/kcgis/rest/services/AGOL/MapServer/6/query","retrieved_at":"2026-10-06T02:34:59.880305+00:00"}},{"type":"Feature","geometry":{"type":"Polygon","coordinates":[[[-94.55033343248546,39.10398647061469],[-94.55023464172386,39.10398314976247],[-94.55021658113651,39.103982562645136],[-94.55021556880814,39.104004390674525],[-94.55019732136445,39.104401813560166],[-94.550197176675,39.10440483387153],[-94.55031399791797,39.10440878763445],[-94.5503141426025,39.1044057673229],[-94.55033242020976,39.10400832209772],[-94.55033343248546,39.10398647061469]]]},"properties":{"parcel":"10593","address":"2617 E 7th St","owner":"Theis Timothy J","point":[-94.55026486357511,39.10420506782894],"permit_status":"cancelled","current_permit":false,"source_url":"https://mapd.kcmo.org/kcgis/rest/services/AGOL/MapServer/6/query","retrieved_at":"2026-10-06T02:34:59.880305+00:00"}},{"type":"Feature","geometry":{"type":"Polygon","coordinates":[[[-94.581760002319,39.0197571576054],[-94.58173539317427,39.01975632825257],[-94.58128789670336,39.019741150480755],[-94.58128402555772,39.01974101589203],[-94.58127903184344,39.01983702749552],[-94.58128290372824,39.019837162655904],[-94.58173034064791,39.0198523176071],[-94.58175495058484,39.0198531692694],[-94.58175624206089,39.01982848033246],[-94.581760002319,39.0197571576054]]]},"properties":{"parcel":"105931","address":"5906 Cherry St","owner":"Schueller Eva Krisztina","point":[-94.58151972669415,39.019792818968924],"permit_status":"denied","current_permit":false,"source_url":"https://mapd.kcmo.org/kcgis/rest/services/AGOL/MapServer/6/query","retrieved_at":"2026-10-06T02:34:59.880305+00:00"}},{"type":"Feature","geometry":{"type":"Polygon","coordinates":[[[-94.57953351479287,39.0171825009391],[-94.57910636333,39.01716693424642],[-94.57910249086285,39.0171668001581],[-94.57909522390342,39.017303999651816],[-94.57909909491215,39.01730413431336],[-94.57952657200498,39.01731967735701],[-94.57953351479287,39.0171825009391]]]},"properties":{"parcel":"106056","address":"6030 Holmes St","owner":"Nachum Living Trust Dated 8-7-2023","point":[-94.57931444085811,39.01724325029546],"permit_status":"denied","current_permit":false,"source_url":"https://mapd.kcmo.org/kcgis/rest/services/AGOL/MapServer/6/query","retrieved_at":"2026-10-06T02:34:59.880305+00:00"}},{"type":"Feature","geometry":{"type":"Polygon","coordinates":[[[-94.58300005790841,39.01412750686151],[-94.58295799885319,39.014125706294095],[-94.5828619704001,39.014121586738035],[-94.58284452410693,39.014477306989576],[-94.58294049356802,39.01448135738639],[-94.58298258286966,39.01448313562938],[-94.58299991479363,39.01413052668684],[-94.58300005790841,39.01412750686151]]]},"properties":{"parcel":"106078","address":"417 E 62nd St","owner":"Bradley Kieran & Grantham Gardner","point":[-94.58292221005203,39.01430391683821],"permit_status":"denied","current_permit":false,"source_url":"https://mapd.kcmo.org/kcgis/rest/services/AGOL/MapServer/6/query","retrieved_at":"2026-10-06T02:34:59.880305+00:00"}},{"type":"Feature","geometry":{"type":"Polygon","coordinates":[[[-94.58020558219651,39.01450409252918],[-94.5797531313977,39.01448534223817],[-94.5797286111257,39.01448430647062],[-94.5797219143704,39.01460560393581],[-94.57974649253143,39.01460657045006],[-94.58019527729846,39.01462408656683],[-94.5801991489228,39.01462424464462],[-94.58020558219651,39.01450409252918]]]},"properties":{"parcel":"106132","address":"6165 Kenwood Ave","owner":"Fennesy Alexandra J","point":[-94.57996379057862,39.01455484823249],"permit_status":"voided-city","current_permit":false,"source_url":"https://mapd.kcmo.org/kcgis/rest/services/AGOL/MapServer/6/query","retrieved_at":"2026-10-06T02:34:59.880305+00:00"}},{"type":"Feature","geometry":{"type":"Polygon","coordinates":[[[-94.57900835871331,39.01491598938275],[-94.57855848421706,39.014895768902456],[-94.5785377473916,39.01489482186114],[-94.57853384640221,39.01489464143898],[-94.57853232229652,39.01492207738512],[-94.57852780867854,39.0150044280851],[-94.57853170964928,39.015004586198444],[-94.57855244650672,39.01500553324083],[-94.57900273306541,39.015025776345766],[-94.57900353529755,39.01500936953638],[-94.57900835871331,39.01491598938275]]]},"properties":{"parcel":"106262","address":"6151 Holmes St","owner":"Thomas Erin M","point":[-94.57876799144063,39.014963252735114],"permit_status":"denied","current_permit":false,"source_url":"https://mapd.kcmo.org/kcgis/rest/services/AGOL/MapServer/6/query","retrieved_at":"2026-10-06T02:34:59.880305+00:00"}},{"type":"Feature","geometry":{"type":"Polygon","coordinates":[[[-94.5789907885701,39.015256997174774],[-94.57853979697177,39.01523638840334],[-94.57851903071709,39.01523544080655],[-94.57851510035499,39.01523523809453],[-94.5785136349943,39.01526276495139],[-94.57850949492617,39.01533816070762],[-94.57850912123371,39.015345025265894],[-94.57851299291777,39.01534520513653],[-94.57853375920449,39.01534615273438],[-94.57898516213565,39.01536678413105],[-94.57898938276061,39.0152845016881],[-94.57899018594111,39.01526894204874],[-94.5789907885701,39.015256997174774]]]},"properties":{"parcel":"106325","address":"6143 Holmes St","owner":"Baker Braxton","point":[-94.57874948736188,39.015311331197864],"permit_status":"denied","current_permit":false,"source_url":"https://mapd.kcmo.org/kcgis/rest/services/AGOL/MapServer/6/query","retrieved_at":"2026-10-06T02:34:59.880305+00:00"}},{"type":"Feature","geometry":{"type":"Polygon","coordinates":[[[-94.5900231837669,39.01689653061173],[-94.58962481156793,39.01678371359567],[-94.5895792613143,39.016770935211355],[-94.58957500696368,39.01676974809311],[-94.58957357298743,39.01677286158428],[-94.58951422332656,39.01689994253512],[-94.58951809701051,39.01690103785155],[-94.5895639408681,39.01691399908218],[-94.58996301703621,39.01702693016551],[-94.5900112206739,39.01692248691352],[-94.5900231837669,39.01689653061173]]]},"properties":{"parcel":"106763","address":"6119 Brookside Blvd","owner":"Darrah Kelly M","point":[-94.58976870877456,39.016898236573425],"permit_status":"cancelled","current_permit":false,"source_url":"https://mapd.kcmo.org/kcgis/rest/services/AGOL/MapServer/6/query","retrieved_at":"2026-10-06T02:34:59.880305+00:00"}},{"type":"Feature","geometry":{"type":"Polygon","coordinates":[[[-94.58785116555988,39.0130970072958],[-94.5873817094795,39.01307685902593],[-94.58738107709132,39.01308788815627],[-94.58737473720058,39.01320245822273],[-94.58784428206745,39.01322258414403],[-94.58785056401176,39.01310801409638],[-94.58785116555988,39.0130970072958]]]},"properties":{"parcel":"107007","address":"6320 Walnut St","owner":"Rooney Lucia Fatino & Christopher C","point":[-94.58761266254777,39.013155236159555],"permit_status":"cancelled","current_permit":false,"source_url":"https://mapd.kcmo.org/kcgis/rest/services/AGOL/MapServer/6/query","retrieved_at":"2026-10-06T02:34:59.880305+00:00"}},{"type":"Feature","geometry":{"type":"Polygon","coordinates":[[[-94.58830969240744,39.0132425511378],[-94.58830582230729,39.01324239332795],[-94.58784428206745,39.01322258414403],[-94.5878430789937,39.01324461948156],[-94.5878372853374,39.01335088334485],[-94.58830260960535,39.01337112500328],[-94.5883084894771,39.01326458590788],[-94.58830969240744,39.0132425511378]]]},"properties":{"parcel":"107021","address":"6311 Main St","owner":"Christensen Grant P","point":[-94.58807287298723,39.013307734626366],"permit_status":"denied","current_permit":false,"source_url":"https://mapd.kcmo.org/kcgis/rest/services/AGOL/MapServer/6/query","retrieved_at":"2026-10-06T02:34:59.880305+00:00"}},{"type":"Feature","geometry":{"type":"Polygon","coordinates":[[[-94.58948443342763,39.01276435771587],[-94.5890176466787,39.01274435069384],[-94.589010809294,39.01288164152633],[-94.58947721488506,39.0129016042492],[-94.58948443342763,39.01276435771587]]]},"properties":{"parcel":"107126","address":"6333 Baltimore Ave","owner":"Turnbough Abbey","point":[-94.58924753946002,39.01282299962109],"permit_status":"denied","current_permit":false,"source_url":"https://mapd.kcmo.org/kcgis/rest/services/AGOL/MapServer/6/query","retrieved_at":"2026-10-06T02:34:59.880305+00:00"}},{"type":"Feature","geometry":{"type":"Polygon","coordinates":[[[-94.58957263426585,39.01123865130057],[-94.58910224951325,39.011217503318164],[-94.58909447329822,39.01135486355157],[-94.58956424375239,39.01137596741801],[-94.58957263426585,39.01123865130057]]]},"properties":{"parcel":"107211","address":"6415 Baltimore Ave","owner":"Lux Properties MO LLC","point":[-94.58933342328162,39.01129675742607],"permit_status":"denied","current_permit":false,"source_url":"https://mapd.kcmo.org/kcgis/rest/services/AGOL/MapServer/6/query","retrieved_at":"2026-10-06T02:34:59.880305+00:00"}},{"type":"Feature","geometry":{"type":"Polygon","coordinates":[[[-94.58461356596025,39.00923465566405],[-94.58413637013436,39.009219716802974],[-94.58413249882392,39.00921958230842],[-94.5841246118385,39.00936977917985],[-94.58412854181101,39.00936991363234],[-94.58450599555643,39.00938373614206],[-94.58450986760901,39.009383870051664],[-94.58457723350864,39.00928692000779],[-94.58461356596025,39.00923465566405]]]},"properties":{"parcel":"107624","address":"6508 Oak St","owner":"Ocarz Monica","point":[-94.58433761671927,39.009328349593815],"permit_status":"denied","current_permit":false,"source_url":"https://mapd.kcmo.org/kcgis/rest/services/AGOL/MapServer/6/query","retrieved_at":"2026-10-06T02:34:59.880305+00:00"}},{"type":"Feature","geometry":{"type":"Polygon","coordinates":[[[-94.58204702159296,39.012890019847625],[-94.5819588218526,39.012907471425855],[-94.5819477090803,39.01290981195329],[-94.58193665447045,39.01291236008417],[-94.58192571887679,39.0129151134877],[-94.58191484146981,39.01291809565967],[-94.58190408161241,39.01292128310534],[-94.58189340924558,39.012924678134],[-94.58188285513361,39.01292825441083],[-94.58187241930555,39.01293203710501],[-94.58186210026784,39.012936002764576],[-94.58185189880572,39.01294019657902],[-94.58184187349818,39.01294455100825],[-94.58183196576675,39.01294913416445],[-94.58182217553293,39.01295387797665],[-94.58181253290974,39.012958827041764],[-94.58180312363068,39.01296393610971],[-94.58179380327896,39.01296922759076],[-94.58178468917019,39.01297470311879],[-94.5817757204459,39.01298036102042],[-94.58176695864375,39.01298615606252],[-94.58175834225301,39.01299215693133],[-94.58174993202549,39.012998272632224],[-94.58174175592656,39.013004592953735],[-94.58173375742193,39.01301105100839],[-94.5817259636398,39.01301764620534],[-94.58171837533966,39.01302440142502],[-94.58171099178838,39.01303131666799],[-94.58170381439969,39.01303834617132],[-94.58169687323596,39.01304549048596],[-94.58169016468182,39.013052793660435],[-94.58168369235271,39.01306021164629],[-94.58167745260829,39.013067766755164],[-94.58167144908829,39.0130754361035],[-94.58166568176583,39.013083196238235],[-94.58166014702881,39.01309109406814],[-94.58165487708605,39.013099083808584],[-94.58164990053152,39.013107164295505],[-94.58164512938048,39.013115336162635],[-94.58164062226369,39.01312357648785],[-94.5816369352126,39.013130832354726],[-94.58191266819063,39.013143703582344],[-94.58204626606968,39.013149925442],[-94.58204702159296,39.012890019847625]]]},"properties":{"parcel":"107801","address":"432 E 63rd Ter","owner":"Lacolla Charles J","point":[-94.58188440513268,39.013021023815185],"permit_status":"denied","current_permit":false,"source_url":"https://mapd.kcmo.org/kcgis/rest/services/AGOL/MapServer/6/query","retrieved_at":"2026-10-06T02:34:59.880305+00:00"}},{"type":"Feature","geometry":{"type":"Polygon","coordinates":[[[-94.5820315736317,39.01233850572046],[-94.58199957491065,39.01233706382899],[-94.58178822504892,39.01232757926961],[-94.58175302940992,39.01232600226541],[-94.5815065719433,39.012314917238264],[-94.58150258313005,39.01231475985765],[-94.58149770410351,39.0123311232054],[-94.58149159604997,39.01235053001689],[-94.58148525546358,39.01236984661033],[-94.58147867875489,39.01238913991519],[-94.58143065367325,39.01253096663869],[-94.58142957497975,39.012535314787925],[-94.58142805712892,39.01254224994446],[-94.58142686188661,39.01254918315975],[-94.58142593285112,39.01255616252329],[-94.58142529492467,39.01256316456469],[-94.58142492241956,39.01257016699286],[-94.58142487105755,39.012577168052836],[-94.58142505508178,39.01258419240157],[-94.58142553309573,39.01259119366408],[-94.58142630289991,39.012598171841915],[-94.58142730879617,39.012605149282905],[-94.5814286650882,39.012612058980274],[-94.58143025747252,39.01261896794081],[-94.5814321416211,39.01262583093561],[-94.58143428964594,39.01263262510309],[-94.58143667371147,39.012639373343696],[-94.58143940893127,39.01264607557704],[-94.58144237794046,39.01265268669503],[-94.58144558296298,39.012659227860986],[-94.58144908119102,39.012665700751114],[-94.58145281174154,39.01267208195475],[-94.58145677825374,39.012678348016365],[-94.58146106800821,39.01268452404407],[-94.58146553362634,39.01269060670861],[-94.58147029017192,39.01269655245563],[-94.58147525411047,39.01270240596146],[-94.5814804517863,39.01270812258967],[-94.58148585387119,39.01271370236071],[-94.58149155057527,39.01271916752052],[-94.58149739371044,39.01272444838548],[-94.58150346916912,39.01272963813569],[-94.58150411570398,39.01273014163875],[-94.58150953684867,39.01272613367071],[-94.5818228585006,39.01249348366575],[-94.5820315736317,39.01233850572046]]]},"properties":{"parcel":"107851","address":"6332 Cherry St","owner":"Soigne Properties LLC","point":[-94.58161730913044,39.01251222515222],"permit_status":"denied","current_permit":false,"source_url":"https://mapd.kcmo.org/kcgis/rest/services/AGOL/MapServer/6/query","retrieved_at":"2026-10-06T02:34:59.880305+00:00"}},{"type":"Feature","geometry":{"type":"Polygon","coordinates":[[[-94.58226140214033,39.012020434228795],[-94.58222617726364,39.0120188127698],[-94.58208615771356,39.012012412584305],[-94.58201553273925,39.01200916681294],[-94.58199971806319,39.012334042859855],[-94.58199957491065,39.01233706382899],[-94.5820315736317,39.01233850572046],[-94.58221019233066,39.01234652564055],[-94.58224541661187,39.01234812593968],[-94.58224555959427,39.01234496711213],[-94.58226140214033,39.012020434228795]]]},"properties":{"parcel":"107854","address":"440 E Meyer Blvd","owner":"Granillo Osvaldo","point":[-94.58213054933316,39.012177238544325],"permit_status":"voided-city","current_permit":false,"source_url":"https://mapd.kcmo.org/kcgis/rest/services/AGOL/MapServer/6/query","retrieved_at":"2026-10-06T02:34:59.880305+00:00"}},{"type":"Feature","geometry":{"type":"Polygon","coordinates":[[[-94.5836513222403,39.00771646032954],[-94.5834876737778,39.00771106321461],[-94.58347779339248,39.008036987980695],[-94.58347770896326,39.00804000833981],[-94.58356223106688,39.0080428766083],[-94.58356891775344,39.008043100629436],[-94.58362082683445,39.00804484758641],[-94.5836390977002,39.00804403365301],[-94.5836513222403,39.00771646032954]]]},"properties":{"parcel":"108007","address":"408 E 66th Ter","owner":"Thomas Robin K","point":[-94.58356399660786,39.00787672415512],"permit_status":"denied","current_permit":false,"source_url":"https://mapd.kcmo.org/kcgis/rest/services/AGOL/MapServer/6/query","retrieved_at":"2026-10-06T02:34:59.880305+00:00"}},{"type":"Feature","geometry":{"type":"Polygon","coordinates":[[[-94.55008430245984,39.09931502886687],[-94.54990864227835,39.0993089264035],[-94.54989284219764,39.099639192535406],[-94.55006844523517,39.09964534080798],[-94.55008430245984,39.09931502886687]]]},"properties":{"parcel":"10817","address":"2705 Peery Ave","owner":"Trott Daniel","point":[-94.54998855884635,39.09947711070114],"permit_status":"cancelled","current_permit":false,"source_url":"https://mapd.kcmo.org/kcgis/rest/services/AGOL/MapServer/6/query","retrieved_at":"2026-10-06T02:34:59.880305+00:00"}},{"type":"Feature","geometry":{"type":"Polygon","coordinates":[[[-94.60162610886572,39.018090335465885],[-94.60161986113606,39.01809011209811],[-94.60109620005906,39.018073772975704],[-94.60108186603439,39.018348151567835],[-94.60106993056928,39.01857575871732],[-94.60107327549345,39.018577128679794],[-94.60111447985396,39.018593956847994],[-94.60115580126192,39.01861057782698],[-94.60116621960937,39.01861473313614],[-94.60118054033433,39.01862037289733],[-94.60119497958853,39.01862582836187],[-94.60120956444007,39.01863105546025],[-94.60122423702504,39.01863609943264],[-94.60123902737469,39.01864093737192],[-94.60125393328916,39.01864556927996],[-94.60126892763739,39.01864999518025],[-94.60128403828342,39.018654215048585],[-94.60129920876554,39.01865822893393],[-94.60131449627853,39.018662036786615],[-94.6013298407277,39.01866566211183],[-94.60134530360713,39.01866903449697],[-94.60136079409172,39.01867222438011],[-94.60137640227383,39.018675161895764],[-94.6013920109307,39.018677917504945],[-94.6014077637487,39.01868046705767],[-94.60142348910752,39.018682786105984],[-94.60143930066867,39.01868487798324],[-94.6014551720629,39.01868676273318],[-94.60147104240015,39.01868842038794],[-94.60148700046716,39.01868989377209],[-94.60150295890743,39.01869111489064],[-94.60151891562158,39.01869215410451],[-94.60153493210352,39.01869294100108],[-94.60155094682389,39.018693521395896],[-94.601567020612,39.01869387292703],[-94.60158306474374,39.01869399681577],[-94.60159224527662,39.018693988821454],[-94.60161072161792,39.01836464639572],[-94.60162610886572,39.018090335465885]]]},"properties":{"parcel":"108391","address":"6021 Ward Pkwy","owner":"Stanovcic Jug V & Rachael J","point":[-94.60134013282992,39.018470202556514],"permit_status":"cancelled","current_permit":false,"source_url":"https://mapd.kcmo.org/kcgis/rest/services/AGOL/MapServer/6/query","retrieved_at":"2026-10-06T02:34:59.880305+00:00"}},{"type":"Feature","geometry":{"type":"Polygon","coordinates":[[[-94.54588826894825,39.10002710983041],[-94.54580487186168,39.10002412180001],[-94.54571665814012,39.10002092967245],[-94.54564615311908,39.10001841811141],[-94.5456267076086,39.10037323718188],[-94.54569727246016,39.100375771039694],[-94.54578554460302,39.10037893970596],[-94.54586947068537,39.10038195099452],[-94.54588826894825,39.10002710983041]]]},"properties":{"parcel":"10873","address":"3101 E 11th St","owner":"Carmona Federico & Campos Loreanne","point":[-94.545757646412,39.10020017350614],"permit_status":"denied","current_permit":false,"source_url":"https://mapd.kcmo.org/kcgis/rest/services/AGOL/MapServer/6/query","retrieved_at":"2026-10-06T02:34:59.880305+00:00"}},{"type":"Feature","geometry":{"type":"Polygon","coordinates":[[[-94.60291379261413,39.01550950963351],[-94.60286428465251,39.01550966770088],[-94.60279468714239,39.01551011859447],[-94.60272508846111,39.015510774232695],[-94.60265552013972,39.01551163630386],[-94.6025859514461,39.015512749453066],[-94.60257885538219,39.01551289355076],[-94.60255798993806,39.01587047299252],[-94.60256194943523,39.01587046951169],[-94.60289269985786,39.015870979108016],[-94.60291379261413,39.01550950963351]]]},"properties":{"parcel":"108820","address":"6148 Ward Pkwy","owner":"Hall Katherine Laurent & Matthew C","point":[-94.60273579256767,39.01569168153122],"permit_status":"denied","current_permit":false,"source_url":"https://mapd.kcmo.org/kcgis/rest/services/AGOL/MapServer/6/query","retrieved_at":"2026-10-06T02:34:59.880305+00:00"}},{"type":"Feature","geometry":{"type":"Polygon","coordinates":[[[-94.5454865272019,39.099149242923126],[-94.5454033660212,39.0991461641341],[-94.54535615195852,39.099472369130055],[-94.54546853151197,39.09947630602823],[-94.5454865272019,39.099149242923126]]]},"properties":{"parcel":"10899","address":"3111 Peery Ave","owner":"Gold William R","point":[-94.54542858692349,39.099310806026594],"permit_status":"denied","current_permit":false,"source_url":"https://mapd.kcmo.org/kcgis/rest/services/AGOL/MapServer/6/query","retrieved_at":"2026-10-06T02:34:59.880305+00:00"}},{"type":"Feature","geometry":{"type":"Polygon","coordinates":[[[-94.60427939035745,39.001019926502714],[-94.60423630890175,39.001016372669895],[-94.60421645379384,39.001014765849966],[-94.60415205273324,39.001009743756995],[-94.60408762196033,39.00100495046572],[-94.6040231914976,39.00100036306828],[-94.60401685699134,39.0009999334032],[-94.60398122597987,39.001338491238734],[-94.60400846999207,39.00134059432371],[-94.60423836437644,39.00135853499882],[-94.60427939035745,39.001019926502714]]]},"properties":{"parcel":"110172","address":"1204 W 70th Ter","owner":"Bealmear James Ryan & Teresa D","point":[-94.60412904051842,39.001179208870724],"permit_status":"cancelled","current_permit":false,"source_url":"https://mapd.kcmo.org/kcgis/rest/services/AGOL/MapServer/6/query","retrieved_at":"2026-10-06T02:34:59.880305+00:00"}},{"type":"Feature","geometry":{"type":"Polygon","coordinates":[[[-94.5450733863504,39.09806186090825],[-94.5447043054768,39.09804902907383],[-94.54469804844564,39.098183318873076],[-94.5446973243924,39.09819922066495],[-94.54504752391087,39.09821123611227],[-94.54504824792886,39.098195402388384],[-94.54503168569082,39.098194836768755],[-94.54506819821867,39.09816862425992],[-94.5450733863504,39.09806186090825]]]},"properties":{"parcel":"11039","address":"1212 Benton Blvd","owner":"Comit Investment LLC","point":[-94.54488600632122,39.098115242584086],"permit_status":"denied","current_permit":false,"source_url":"https://mapd.kcmo.org/kcgis/rest/services/AGOL/MapServer/6/query","retrieved_at":"2026-10-06T02:34:59.880305+00:00"}},{"type":"Feature","geometry":{"type":"Polygon","coordinates":[[[-94.59619200626948,38.996523396737075],[-94.59618813480219,38.99652319342679],[-94.59569857856562,38.99650007421137],[-94.59569102283076,38.996637572903545],[-94.59618445069141,38.9966608491259],[-94.59619200626948,38.996523396737075]]]},"properties":{"parcel":"110662","address":"7235 Pennsylvania Ave","owner":"Cushing Devin","point":[-94.59594151405429,38.99658048482031],"permit_status":"cancelled","current_permit":false,"source_url":"https://mapd.kcmo.org/kcgis/rest/services/AGOL/MapServer/6/query","retrieved_at":"2026-10-06T02:34:59.880305+00:00"}},{"type":"Feature","geometry":{"type":"Polygon","coordinates":[[[-94.6027735267031,38.99492956145486],[-94.60229042832052,38.99490582409961],[-94.60228655915803,38.994905645014704],[-94.60227182266065,38.99517929242678],[-94.60227569330486,38.99517947208285],[-94.6027580897341,38.99520364542824],[-94.6027619486723,38.995134906637084],[-94.6027735267031,38.99492956145486]]]},"properties":{"parcel":"110945","address":"7330 Jarboe St","owner":"Underwood Christopher D & Jessica H","point":[-94.60252373987807,38.99503223404597],"permit_status":"denied","current_permit":false,"source_url":"https://mapd.kcmo.org/kcgis/rest/services/AGOL/MapServer/6/query","retrieved_at":"2026-10-06T02:34:59.880305+00:00"}},{"type":"Feature","geometry":{"type":"Polygon","coordinates":[[[-94.58069717534318,38.99915312715846],[-94.58045475134232,38.99914242605615],[-94.58043124575525,38.99951432854256],[-94.58057865905246,38.99952058720058],[-94.58066645608147,38.999524348247476],[-94.58067366984638,38.99952464014203],[-94.58069717534318,38.99915312715846]]]},"properties":{"parcel":"111477","address":"638 E Gregory Blvd","owner":"Giese Mark Andrew","point":[-94.58056420458747,38.99933372785051],"permit_status":"denied","current_permit":false,"source_url":"https://mapd.kcmo.org/kcgis/rest/services/AGOL/MapServer/6/query","retrieved_at":"2026-10-06T02:34:59.880305+00:00"}},{"type":"Feature","geometry":{"type":"Polygon","coordinates":[[[-94.5761333819982,38.99896001187716],[-94.57595787700012,38.998952438217714],[-94.57595764630796,38.998956075888735],[-94.57593821034868,38.99931667215646],[-94.57605946493301,38.99932178775537],[-94.57609204332147,38.999323161688054],[-94.57609720511195,38.999323387132534],[-94.57611368601648,38.999324085124215],[-94.57613317997877,38.998963718745124],[-94.5761333819982,38.99896001187716]]]},"properties":{"parcel":"111549","address":"932 E Gregory Blvd","owner":"Birmingham Mechelle & Birmingham Rhonda","point":[-94.57603567792725,38.99914019545079],"permit_status":"denied","current_permit":false,"source_url":"https://mapd.kcmo.org/kcgis/rest/services/AGOL/MapServer/6/query","retrieved_at":"2026-10-06T02:34:59.880305+00:00"}},{"type":"Feature","geometry":{"type":"Polygon","coordinates":[[[-94.58990353828783,39.0012987975863],[-94.58986720690295,39.00129868771685],[-94.58972495685339,39.00129838533542],[-94.58972490202092,39.00130140567967],[-94.58971858834072,39.00161867953234],[-94.58971850280452,39.00162176854325],[-94.58977926185658,39.00162135628141],[-94.58985588525,39.00162109079485],[-94.58989423996309,39.00162106125042],[-94.58989435264435,39.00161799452748],[-94.58990353828783,39.0012987975863]]]},"properties":{"parcel":"111963","address":"11 W 70th St","owner":"Graham Karlton","point":[-94.5898103299678,39.001459700103574],"permit_status":"cancelled","current_permit":false,"source_url":"https://mapd.kcmo.org/kcgis/rest/services/AGOL/MapServer/6/query","retrieved_at":"2026-10-06T02:34:59.880305+00:00"}},{"type":"Feature","geometry":{"type":"Polygon","coordinates":[[[-94.592560055968,39.00037813607225],[-94.59238302156955,39.00037049681231],[-94.59234944357694,39.00077375664879],[-94.59234042967077,39.00078737802443],[-94.5925218439608,39.00091445367334],[-94.59252204376477,39.00091138687848],[-94.59252653679232,39.000848300184174],[-94.59255985616636,39.00038120229542],[-94.592560055968,39.00037813607225]]]},"properties":{"parcel":"112022","address":"220 W 70th Ter","owner":"Biersmith John M","point":[-94.59245582102326,39.000577479472106],"permit_status":"denied","current_permit":false,"source_url":"https://mapd.kcmo.org/kcgis/rest/services/AGOL/MapServer/6/query","retrieved_at":"2026-10-06T02:34:59.880305+00:00"}},{"type":"Feature","geometry":{"type":"Polygon","coordinates":[[[-94.58523712633733,39.002304261619635],[-94.58506578273784,39.00230159517757],[-94.58506208135486,39.00258999091466],[-94.58508944392874,39.00259260228609],[-94.58523481978945,39.0026065228444],[-94.58523712633733,39.002304261619635]]]},"properties":{"parcel":"112099","address":"316 E 69th Ter","owner":"Troost Surgene","point":[-94.58514997553802,39.00244712626714],"permit_status":"denied","current_permit":false,"source_url":"https://mapd.kcmo.org/kcgis/rest/services/AGOL/MapServer/6/query","retrieved_at":"2026-10-06T02:34:59.880305+00:00"}},{"type":"Feature","geometry":{"type":"Polygon","coordinates":[[[-94.5477913369682,39.09578529246447],[-94.54733969800294,39.09576914045476],[-94.54733579340358,39.095769004183744],[-94.54732692702346,39.09594754595311],[-94.54778288354815,39.095963834098505],[-94.54778302829287,39.095960768024284],[-94.5477913369682,39.09578529246447]]]},"properties":{"parcel":"11213","address":"1400 Agnes Ave","owner":"JBH Investment Properties LLC","point":[-94.54755922571763,39.09586641920879],"permit_status":"cancelled","current_permit":false,"source_url":"https://mapd.kcmo.org/kcgis/rest/services/AGOL/MapServer/6/query","retrieved_at":"2026-10-06T02:34:59.880305+00:00"}},{"type":"Feature","geometry":{"type":"Polygon","coordinates":[[[-94.58758475528983,38.99555216781324],[-94.58715329892281,38.99553372837895],[-94.58714939900268,38.995533570552126],[-94.58714421525139,38.99563418261728],[-94.58757957136359,38.99565273356308],[-94.58758475528983,38.99555216781324]]]},"properties":{"parcel":"112849","address":"7300 Grand Ave","owner":"Stauffer Properties LLC","point":[-94.58736448474842,38.99559317521526],"permit_status":"denied","current_permit":false,"source_url":"https://mapd.kcmo.org/kcgis/rest/services/AGOL/MapServer/6/query","retrieved_at":"2026-10-06T02:34:59.880305+00:00"}},{"type":"Feature","geometry":{"type":"Polygon","coordinates":[[[-94.57681312121858,38.99715321865081],[-94.57667506806942,38.99714740613024],[-94.57665362481731,38.997519627542026],[-94.57665345143455,38.99752267026927],[-94.57672124713616,38.9975255087285],[-94.57679725336511,38.99752866207991],[-94.576797396686,38.99752561880022],[-94.57681312121858,38.99715321865081]]]},"properties":{"parcel":"113050","address":"828 E 72nd St","owner":"Budget 2 Beautiful Designs LLC","point":[-94.57673478222961,38.997336423096414],"permit_status":"denied","current_permit":false,"source_url":"https://mapd.kcmo.org/kcgis/rest/services/AGOL/MapServer/6/query","retrieved_at":"2026-10-06T02:34:59.880305+00:00"}},{"type":"Feature","geometry":{"type":"Polygon","coordinates":[[[-94.57739995219225,38.998401772939694],[-94.57732016617108,38.99840207695905],[-94.57729447978413,38.998402139740094],[-94.57720812629978,38.99840247205843],[-94.57720801163389,38.99840556108138],[-94.57719268001719,38.99878708992531],[-94.57727924444075,38.9987908766464],[-94.57733871275782,38.998793468569],[-94.57738445966349,38.998795474654194],[-94.57739983821727,38.99840481562817],[-94.57739995219225,38.998401772939694]]]},"properties":{"parcel":"113082","address":"905 E Gregory Blvd","owner":"Caffrey Jim & Elizabeth M","point":[-94.57729632256425,38.99859632550334],"permit_status":"voided-city","current_permit":false,"source_url":"https://mapd.kcmo.org/kcgis/rest/services/AGOL/MapServer/6/query","retrieved_at":"2026-10-06T02:34:59.880305+00:00"}},{"type":"Feature","geometry":{"type":"Polygon","coordinates":[[[-94.57851955440218,38.99239098334125],[-94.5780437003957,38.99237171577967],[-94.57804038020032,38.992444731631494],[-94.57803694502566,38.99252051617377],[-94.57851212409834,38.992538364443185],[-94.57851593995248,38.99246260308431],[-94.57851955440218,38.99239098334125]]]},"properties":{"parcel":"113596","address":"7424 Campbell St","owner":"Hopkins Tiffany","point":[-94.57827818303699,38.99245366735791],"permit_status":"cancelled","current_permit":false,"source_url":"https://mapd.kcmo.org/kcgis/rest/services/AGOL/MapServer/6/query","retrieved_at":"2026-10-06T02:34:59.880305+00:00"}},{"type":"Feature","geometry":{"type":"Polygon","coordinates":[[[-94.56446481407114,39.001521326198606],[-94.56442079846006,39.001519748833786],[-94.5643159327371,39.00151605361738],[-94.5642950112366,39.00192293704363],[-94.56429483929794,39.001926551776464],[-94.56444319405583,39.001932259987306],[-94.5644433962297,39.001928850023155],[-94.56446481407114,39.001521326198606]]]},"properties":{"parcel":"114062","address":"1811 E 69th St","owner":"Artistic Photography LLC","point":[-94.56437979848175,39.00172213162112],"permit_status":"denied","current_permit":false,"source_url":"https://mapd.kcmo.org/kcgis/rest/services/AGOL/MapServer/6/query","retrieved_at":"2026-10-06T02:34:59.880305+00:00"}},{"type":"Feature","geometry":{"type":"Polygon","coordinates":[[[-94.57139432632512,38.996495671598225],[-94.57092955814458,38.99647636826207],[-94.57092565894152,38.99647621046464],[-94.57091887572523,38.99661315852755],[-94.57138754398571,38.99663259508989],[-94.57139432632512,38.996495671598225]]]},"properties":{"parcel":"114649","address":"7202 Lydia Ave","owner":"De La Rosa Juarez Lynn","point":[-94.57115660095221,38.99655441506289],"permit_status":"cancelled","current_permit":false,"source_url":"https://mapd.kcmo.org/kcgis/rest/services/AGOL/MapServer/6/query","retrieved_at":"2026-10-06T02:34:59.880305+00:00"}},{"type":"Feature","geometry":{"type":"Polygon","coordinates":[[[-94.57437425313668,38.99243062815232],[-94.57437038271175,38.9924304481424],[-94.57391150484528,38.99241165629207],[-94.57390472911126,38.99254919952638],[-94.57389792325023,38.99268669644189],[-94.57435650900356,38.992705534292504],[-94.57436037941889,38.99270569084976],[-94.57437425313668,38.99243062815232]]]},"properties":{"parcel":"114787","address":"7421 Forest Ave","owner":"Adams Leigh W","point":[-94.57413306560397,38.99261794798414],"permit_status":"cancelled","current_permit":false,"source_url":"https://mapd.kcmo.org/kcgis/rest/services/AGOL/MapServer/6/query","retrieved_at":"2026-10-06T02:34:59.880305+00:00"}},{"type":"Feature","geometry":{"type":"Polygon","coordinates":[[[-94.56153327373596,38.99581270369207],[-94.56107830782098,38.9957937923985],[-94.56107553702101,38.99584589297221],[-94.56106956364394,38.995957761800874],[-94.56118327618037,38.995962439189654],[-94.56136123497079,38.99596971345357],[-94.56152104173493,38.995976264823],[-94.56152491230173,38.99597642294988],[-94.56153062130872,38.99586482881109],[-94.56153327373596,38.99581270369207]]]},"properties":{"parcel":"115046","address":"7209 Brooklyn Ave","owner":"Haralson Brandon","point":[-94.56130014446296,38.99591129530598],"permit_status":"denied","current_permit":false,"source_url":"https://mapd.kcmo.org/kcgis/rest/services/AGOL/MapServer/6/query","retrieved_at":"2026-10-06T02:34:59.880305+00:00"}},{"type":"Feature","geometry":{"type":"Polygon","coordinates":[[[-94.56228748259647,38.98758894494386],[-94.56178785696581,38.987568274333455],[-94.56178366433899,38.987568093504365],[-94.56178434163552,38.987571525315765],[-94.56178678441454,38.98758232391738],[-94.5617894909958,38.987593053163764],[-94.56179249071883,38.987603737636654],[-94.56179578433556,38.98761439907268],[-94.56179931170348,38.987624990597304],[-94.56180313217268,38.98763549044207],[-94.56180721577297,38.98764599129136],[-94.56181159320725,38.98765639988828],[-94.56181620586004,38.98766673971699],[-94.56182105224562,38.98767698789717],[-94.56182622033798,38.98768716726326],[-94.56183162436267,38.98769725555158],[-94.56183726067344,38.98770727392907],[-94.5618431922852,38.987717200625255],[-94.56184483715705,38.98771987741806],[-94.56184738964402,38.98772365145218],[-94.56185091198788,38.98772845462312],[-94.56185464021218,38.98773316673233],[-94.5618586607638,38.987737740255575],[-94.56186288646299,38.98774222271743],[-94.56186731726942,38.98774656778357],[-94.56187201177929,38.987750729660675],[-94.5618768528002,38.98775479993536],[-94.5618819575047,38.98775866413978],[-94.56188720794741,38.987762390979896],[-94.56189266494289,38.98776595697028],[-94.56189829770864,38.987769363843285],[-94.56190410473742,38.987772564121336],[-94.56191005893044,38.987775581271954],[-94.56191618962562,38.9877784381607],[-94.56192240589716,38.9877810890735],[-94.56192877079826,38.987783556286026],[-94.56193528137862,38.98778581863471],[-94.56194187975301,38.987787896743306],[-94.56194859591406,38.9877897236686],[-94.56195536908658,38.987791368086164],[-94.56196223151935,38.98779282883487],[-94.56196917948826,38.98779403784527],[-94.5619761881133,38.987795041464906],[-94.56198322514354,38.987795838566775],[-94.56199029202537,38.98779640684105],[-94.56199738584638,38.98779676859836],[-94.56227527261952,38.98780753492451],[-94.56228748259647,38.98758894494386]]]},"properties":{"parcel":"115608","address":"7630 Brooklyn Ave","owner":"Singular Ventures Series 7630 Brooklyn Ave","point":[-94.56205531834956,38.98769221140742],"permit_status":"denied","current_permit":false,"source_url":"https://mapd.kcmo.org/kcgis/rest/services/AGOL/MapServer/6/query","retrieved_at":"2026-10-06T02:34:59.880305+00:00"}},{"type":"Feature","geometry":{"type":"Polygon","coordinates":[[[-94.57331127737329,38.9888680703175],[-94.57313524137061,38.9888605836768],[-94.57311378758058,38.98929593400624],[-94.57311364411795,38.989298977285856],[-94.5732897691126,38.98930641756803],[-94.57328991247331,38.9893032827638],[-94.57331127737329,38.9888680703175]]]},"properties":{"parcel":"116083","address":"1305 E 76th St","owner":"New Earth Properties LLC","point":[-94.57321255265418,38.98908200216187],"permit_status":"denied","current_permit":false,"source_url":"https://mapd.kcmo.org/kcgis/rest/services/AGOL/MapServer/6/query","retrieved_at":"2026-10-06T02:34:59.880305+00:00"}},{"type":"Feature","geometry":{"type":"Polygon","coordinates":[[[-94.5749376836118,38.98438448533818],[-94.5747636822716,38.984377137124895],[-94.57476351071462,38.984380569406554],[-94.5747450175581,38.98474908265097],[-94.5749195774377,38.98475631555498],[-94.57493751203847,38.98438789416689],[-94.5749376836118,38.98438448533818]]]},"properties":{"parcel":"116242","address":"1124 E 79th St","owner":"Alexpaul Investments LLC","point":[-94.57484140056603,38.98456848840893],"permit_status":"denied","current_permit":false,"source_url":"https://mapd.kcmo.org/kcgis/rest/services/AGOL/MapServer/6/query","retrieved_at":"2026-10-06T02:34:59.880305+00:00"}},{"type":"Feature","geometry":{"type":"Polygon","coordinates":[[[-94.55858531933514,39.10624727179721],[-94.55858906668914,39.10624741177424],[-94.55877781469799,39.10625445553813],[-94.55897267197993,39.10626167895176],[-94.55896225284711,39.10648147590346],[-94.56001553932644,39.1065204299231],[-94.56001756645456,39.10652049866563],[-94.56002329314981,39.10652061012081],[-94.56002643404582,39.10652069945438],[-94.56003348210851,39.106520627183414],[-94.56004052997706,39.106520326105446],[-94.56004754905676,39.10651984142454],[-94.56005456792427,39.10651910677207],[-94.56006149706543,39.10651818797604],[-94.56006836872636,39.106517016949866],[-94.5600752093772,39.10651564058527],[-94.56008196248614,39.10651405891144],[-94.56008862805112,39.10651226964027],[-94.56009517448594,39.106510253339536],[-94.56010166276428,39.10650805345106],[-94.56010800405096,39.106505670592675],[-94.56011419832646,39.10650308188378],[-94.56012027493851,39.10650026442853],[-94.56012617451624,39.10649733323299],[-94.56013004992667,39.106495225641034],[-94.56013057525425,39.10649222743086],[-94.56022242248952,39.105958077188305],[-94.56023083959445,39.10577150387058],[-94.56024280123418,39.10550644801813],[-94.56024605716279,39.1054338688508],[-94.5602585366133,39.105156273534064],[-94.56026908471738,39.10492217593085],[-94.56010036898175,39.104915330752085],[-94.55992757048435,39.10490835014381],[-94.55992404638745,39.10490821409909],[-94.55992052229105,39.104908078626316],[-94.5597476643418,39.104901074329206],[-94.55957474918102,39.10489409268574],[-94.55957122508599,39.10489395720237],[-94.55956770099047,39.10489382114691],[-94.55939472711265,39.10488681638573],[-94.55932841382159,39.10488412792118],[-94.55921816970839,39.10487967647609],[-94.55903905737823,39.10487244549815],[-94.55895045494148,39.104868875185105],[-94.55893045567846,39.10486806101929],[-94.55886211679291,39.10486528179063],[-94.55877380877287,39.10486171119469],[-94.55868658809405,39.10485818631789],[-94.55854776806112,39.10485260401369],[-94.55851035461517,39.104851067481896],[-94.55842251577815,39.10484751869305],[-94.55839323639958,39.104846320113495],[-94.5583340896015,39.104843947251226],[-94.5582456347835,39.104840354019984],[-94.5581548900668,39.10483669264982],[-94.5576153218687,39.10481485838024],[-94.55755858396196,39.10481255200409],[-94.55755153586247,39.10481237301008],[-94.55754448794767,39.104812421106196],[-94.55753747032087,39.10481269970973],[-94.55753042276075,39.10481318425366],[-94.55752346275082,39.10481389641666],[-94.5575165036427,39.104814815076885],[-94.55750960343514,39.10481594020569],[-94.55750282161232,39.10481729293841],[-94.55749603848821,39.10481885159741],[-94.5574893730169,39.1048206407208],[-94.55748279726026,39.104822611128895],[-94.55747633840268,39.10482478797706],[-94.55746996779268,39.10482714782677],[-94.55746377430059,39.10482973582352],[-94.55745766758865,39.1048325079666],[-94.55745176732334,39.104835461908976],[-94.55744598469198,39.104838623435185],[-94.55744034900252,39.104841920456714],[-94.55743491902685,39.10484540099402],[-94.55742966613218,39.1048490644892],[-94.55742461746398,39.104852888048306],[-94.55741974512452,39.10485687225703],[-94.55741510929559,39.104860993061116],[-94.55741061967528,39.10486525050505],[-94.55740642383111,39.10486964566018],[-94.55740243292904,39.104874177998326],[-94.5573986785009,39.10487880174257],[-94.5573951583814,39.104883562655395],[-94.55739190263408,39.10488841496066],[-94.55738891129609,39.10489340441972],[-94.55738612556027,39.104898439538815],[-94.55738363358184,39.10490358891665],[-94.55738140667283,39.10490878392532],[-94.55737944264936,39.10491404744657],[-94.55737774444813,39.10491937947894],[-94.55737633774636,39.10492475712923],[-94.55737522693005,39.10493015694252],[-94.55737435036811,39.104935626426574],[-94.5573737975714,39.104941095179264],[-94.55737359412795,39.104944618902906],[-94.55731941903332,39.10607630003444],[-94.55809349806553,39.106105136082185],[-94.55809468231723,39.106081019840424],[-94.5581010645494,39.105948720638075],[-94.55810567964993,39.10585135136982],[-94.55849486558436,39.10586679397796],[-94.55854852989373,39.10586850654398],[-94.55854851041508,39.10586892240991],[-94.55867146344521,39.10587380053683],[-94.55867136614927,39.10587776408958],[-94.5586713639856,39.10587781099604],[-94.55866934643146,39.10596012006724],[-94.55866395022947,39.10596009017763],[-94.5586574127381,39.105960483582315],[-94.55865718296597,39.105960512870766],[-94.55865687244238,39.10596055135212],[-94.55864559199033,39.10596247785894],[-94.55864470087718,39.105962687665304],[-94.55863406331999,39.10596609594295],[-94.5586336273522,39.105966254610806],[-94.55862345512539,39.10597127288046],[-94.55862326800447,39.10597138566183],[-94.5586146920214,39.10597747279933],[-94.55861428919646,39.10597775843816],[-94.55861399137066,39.10597805889668],[-94.55860693084465,39.10598518176593],[-94.55860663307848,39.10598555429847],[-94.55860517945479,39.10598737690237],[-94.55860298030211,39.10599055956468],[-94.55860151398312,39.10599301024924],[-94.55860115773307,39.105993684836],[-94.55860102578781,39.105993933729565],[-94.55859744731524,39.10600267079518],[-94.55859734986713,39.1060029088031],[-94.55859729871696,39.10600320112935],[-94.558595702886,39.106012387375536],[-94.55858532510625,39.10624714823871],[-94.55858531933514,39.10624727179721]]]},"properties":{"parcel":"11731","address":"612 Garfield Ave","owner":"HH Ct Property LLC","point":[-94.55878858736938,39.10563897594436],"permit_status":"cancelled","current_permit":false,"source_url":"https://mapd.kcmo.org/kcgis/rest/services/AGOL/MapServer/6/query","retrieved_at":"2026-10-06T02:34:59.880305+00:00"}},{"type":"Feature","geometry":{"type":"Polygon","coordinates":[[[-94.57639668217938,38.98986311319554],[-94.57625207489052,38.98985714428532],[-94.57624585379666,38.98998935605031],[-94.57624017885901,38.99011005710666],[-94.57623447460793,38.990230781060525],[-94.57637913901695,38.99023599544953],[-94.57639668217938,38.98986311319554]]]},"properties":{"parcel":"117608","address":"1020 E 76th St","owner":"Irish Jason & Kathleen","point":[-94.57631545988137,38.99004970657849],"permit_status":"denied","current_permit":false,"source_url":"https://mapd.kcmo.org/kcgis/rest/services/AGOL/MapServer/6/query","retrieved_at":"2026-10-06T02:34:59.880305+00:00"}},{"type":"Feature","geometry":{"type":"Polygon","coordinates":[[[-94.57829081886152,38.990304881980016],[-94.5782346412478,38.99030286035816],[-94.57806496495611,38.99029677264206],[-94.57806106536945,38.99029663853622],[-94.57805862150173,38.99034057192356],[-94.57805258298049,38.99044845987544],[-94.57804668807258,38.990553648328785],[-94.57804082108105,38.99065824242419],[-94.5782133427797,38.99066419040872],[-94.57826952055245,38.99066609763492],[-94.57829081886152,38.990304881980016]]]},"properties":{"parcel":"117704","address":"819 E 75th Ter","owner":"Schneider Jenifer","point":[-94.57816444375908,38.99050105410211],"permit_status":"cancelled","current_permit":false,"source_url":"https://mapd.kcmo.org/kcgis/rest/services/AGOL/MapServer/6/query","retrieved_at":"2026-10-06T02:34:59.880305+00:00"}},{"type":"Feature","geometry":{"type":"Polygon","coordinates":[[[-94.58393528233185,38.98698722195588],[-94.58392918468495,38.98698697407733],[-94.58345084295354,38.986967365943144],[-94.58344696809081,38.9870630576142],[-94.58344534584344,38.98710467898353],[-94.58344924529231,38.98710483636283],[-94.58392884793462,38.98712449050217],[-94.58393528233185,38.98698722195588]]]},"properties":{"parcel":"117817","address":"7731 Locust St","owner":"Shipman John W & Emily F","point":[-94.58369100422857,38.98702513978504],"permit_status":"denied","current_permit":false,"source_url":"https://mapd.kcmo.org/kcgis/rest/services/AGOL/MapServer/6/query","retrieved_at":"2026-10-06T02:34:59.880305+00:00"}},{"type":"Feature","geometry":{"type":"Polygon","coordinates":[[[-94.58140706651953,38.98767627082997],[-94.58117881307297,38.98766512656813],[-94.58114758764417,38.98766359237023],[-94.58114360018953,38.9876634120941],[-94.58114360363838,38.98766643297304],[-94.58114314471166,38.98767533348016],[-94.58113310721966,38.98789772216871],[-94.58112381389353,38.988103658798536],[-94.58138725111841,38.98811464134518],[-94.58140706651953,38.98767627082997]]]},"properties":{"parcel":"117830","address":"631 E 77th St","owner":"Blue Sun Properties Trust","point":[-94.58127008313258,38.98778699649934],"permit_status":"denied","current_permit":false,"source_url":"https://mapd.kcmo.org/kcgis/rest/services/AGOL/MapServer/6/query","retrieved_at":"2026-10-06T02:34:59.880305+00:00"}},{"type":"Feature","geometry":{"type":"Polygon","coordinates":[[[-94.58396763696783,38.98553694649562],[-94.58389626201163,38.985523108982214],[-94.58389160027212,38.98552221939728],[-94.58388852124911,38.98552160496414],[-94.5838583767438,38.98551547103266],[-94.58382436097997,38.9855087678459],[-94.58379025680944,38.98550229466814],[-94.58375606566877,38.98549602690104],[-94.5837218454865,38.98548998795617],[-94.58368753757429,38.985484132113264],[-94.58366877103276,38.98548107949804],[-94.58358777496024,38.9857613394004],[-94.58375352627947,38.985804100375994],[-94.58385924633464,38.985831344526915],[-94.58396763696783,38.98553694649562]]]},"properties":{"parcel":"117866","address":"416 E 78th Ter","owner":"Green Nathan & Jenilee","point":[-94.5837732644577,38.985649142948006],"permit_status":"denied","current_permit":false,"source_url":"https://mapd.kcmo.org/kcgis/rest/services/AGOL/MapServer/6/query","retrieved_at":"2026-10-06T02:34:59.880305+00:00"}},{"type":"Feature","geometry":{"type":"Polygon","coordinates":[[[-94.58461753669236,38.98602686558419],[-94.58447116833952,38.985989148539645],[-94.58436227910636,38.98596108351435],[-94.58436052365504,38.98596410566563],[-94.58418284230146,38.98626967370887],[-94.58429385589865,38.98630940788883],[-94.58430159887182,38.986312078244076],[-94.58431553045693,38.986316965313584],[-94.58433744015643,38.9863244081587],[-94.58435949403365,38.986331669562425],[-94.58438166716523,38.98633874668262],[-94.58440389790363,38.98634557149238],[-94.58442627428445,38.986352214287486],[-94.58444873984097,38.98635864936746],[-94.58447006137126,38.98636453841209],[-94.58447140562278,38.986361493103864],[-94.58461753669236,38.98602686558419]]]},"properties":{"parcel":"117873","address":"411 E 78th St","owner":"Green Laura","point":[-94.58440897800638,38.986148269646534],"permit_status":"voided-city","current_permit":false,"source_url":"https://mapd.kcmo.org/kcgis/rest/services/AGOL/MapServer/6/query","retrieved_at":"2026-10-06T02:34:59.880305+00:00"}},{"type":"Feature","geometry":{"type":"Polygon","coordinates":[[[-94.58606318025375,38.99097218234151],[-94.58605743408984,38.99097193431522],[-94.58558463533298,38.9909520780278],[-94.58558076425476,38.99095192069921],[-94.58557856081457,38.99099567101211],[-94.58557397912884,38.991086535861285],[-94.58605689222647,38.99110615534885],[-94.58606112373383,38.99101595486399],[-94.58606318025375,38.99097218234151]]]},"properties":{"parcel":"118001","address":"7527 McGee St","owner":"Junge Jack & Kamper Jacob","point":[-94.5858176133809,38.99105124536264],"permit_status":"voided-city","current_permit":false,"source_url":"https://mapd.kcmo.org/kcgis/rest/services/AGOL/MapServer/6/query","retrieved_at":"2026-10-06T02:34:59.880305+00:00"}},{"type":"Feature","geometry":{"type":"Polygon","coordinates":[[[-94.58788322694784,38.9907255172771],[-94.58787745218312,38.99072524648085],[-94.5874074089179,38.99070523533488],[-94.58740137466066,38.990828317961636],[-94.58787323526515,38.99084848678636],[-94.58787710561042,38.990848644611475],[-94.58787779162067,38.99083496118637],[-94.58788322694784,38.9907255172771]]]},"properties":{"parcel":"118034","address":"7534 Grand Ave","owner":"Fischbach Justin","point":[-94.58764228443164,38.99077691761937],"permit_status":"cancelled","current_permit":false,"source_url":"https://mapd.kcmo.org/kcgis/rest/services/AGOL/MapServer/6/query","retrieved_at":"2026-10-06T02:34:59.880305+00:00"}},{"type":"Feature","geometry":{"type":"Polygon","coordinates":[[[-94.58899623193581,38.99111250748978],[-94.58851416603284,38.9910922811626],[-94.58850924036605,38.99118644183775],[-94.58850852436402,38.99120007895419],[-94.58851344958127,38.991200304029356],[-94.58898076859374,38.99122058736755],[-94.58898487351719,38.991220744977],[-94.58898561950839,38.99120713014396],[-94.5889912491551,38.99120737697082],[-94.5889914212609,38.9912043336511],[-94.58899623193581,38.99111250748978]]]},"properties":{"parcel":"118039","address":"7524 Walnut St","owner":"Smith Ashley Jane","point":[-94.58875273471583,38.991149474663764],"permit_status":"cancelled","current_permit":false,"source_url":"https://mapd.kcmo.org/kcgis/rest/services/AGOL/MapServer/6/query","retrieved_at":"2026-10-06T02:34:59.880305+00:00"}},{"type":"Feature","geometry":{"type":"Polygon","coordinates":[[[-94.58909470319713,38.989137884314204],[-94.58861743143507,38.98911854653259],[-94.588610272588,38.98925554125997],[-94.58861645842914,38.98925581113584],[-94.58908751603492,38.989274947162976],[-94.58909470319713,38.989137884314204]]]},"properties":{"parcel":"118091","address":"7582 Walnut St","owner":"Zek Investments LLC","point":[-94.58885248257997,38.98919671278709],"permit_status":"cancelled","current_permit":false,"source_url":"https://mapd.kcmo.org/kcgis/rest/services/AGOL/MapServer/6/query","retrieved_at":"2026-10-06T02:34:59.880305+00:00"}},{"type":"Feature","geometry":{"type":"Polygon","coordinates":[[[-94.55587916808197,39.10067519192922],[-94.55547489212817,39.10066167887939],[-94.55547180383734,39.10073025377393],[-94.55546871486118,39.10079889845401],[-94.55540141041875,39.10079664124152],[-94.55540109245638,39.10080403242709],[-94.5553834437455,39.10080344591391],[-94.55538067266328,39.10086472228611],[-94.5553787961511,39.100905884391715],[-94.55537755496097,39.10093336525979],[-94.5553744372531,39.10100200880461],[-94.55537198422921,39.10105696938168],[-94.55537140766982,39.101070698068085],[-94.55536828998592,39.10113938737248],[-94.55536520166102,39.10120807666205],[-94.55536208400143,39.10127681229801],[-94.55535914012731,39.101342480694555],[-94.55535899568211,39.101345523894445],[-94.55584617446996,39.10136178796346],[-94.55584946715557,39.10129309856521],[-94.5558527613031,39.10122440916535],[-94.55585463928062,39.10118544302768],[-94.55585608403949,39.1011556745615],[-94.55585937821091,39.10108703149323],[-94.55585949295033,39.10108451456265],[-94.55586001193736,39.101073302777095],[-94.55586264222862,39.10101925733259],[-94.55586267088883,39.10101836440005],[-94.5558629601865,39.10101285058768],[-94.55586596429457,39.10094969730558],[-94.55586729340844,39.10092223984301],[-94.55586925699689,39.10088107711597],[-94.5558725511246,39.100812410591395],[-94.55587414018207,39.10077946163822],[-94.5558758739123,39.10074378924153],[-94.55587916808197,39.10067519192922]]]},"properties":{"parcel":"11816","address":"1011 Brooklyn Ave","owner":"All In Property Ventures, LLC","point":[-94.55561870667792,39.101007429696146],"permit_status":"denied","current_permit":false,"source_url":"https://mapd.kcmo.org/kcgis/rest/services/AGOL/MapServer/6/query","retrieved_at":"2026-10-06T02:34:59.880305+00:00"}},{"type":"Feature","geometry":{"type":"Polygon","coordinates":[[[-94.59168781576115,38.986341379760994],[-94.59154723214115,38.98633583849868],[-94.59152570992512,38.98672096718121],[-94.59166629401096,38.986726280229085],[-94.59166646669591,38.98672321459355],[-94.59168781576115,38.986341379760994]]]},"properties":{"parcel":"118318","address":"111 W 78th St","owner":"Deyoung Kyle S & Fritts Kaylie N","point":[-94.5916067601292,38.98653117347111],"permit_status":"denied","current_permit":false,"source_url":"https://mapd.kcmo.org/kcgis/rest/services/AGOL/MapServer/6/query","retrieved_at":"2026-10-06T02:34:59.880305+00:00"}},{"type":"Feature","geometry":{"type":"Polygon","coordinates":[[[-94.58606467869198,38.98571974968958],[-94.58592412454952,38.98571417760446],[-94.58592398167075,38.98571724435421],[-94.58590509041962,38.98609628430562],[-94.5860456740648,38.98610199196198],[-94.58606453590029,38.98572288336677],[-94.58606467869198,38.98571974968958]]]},"properties":{"parcel":"118434","address":"306 E 78th Ter","owner":"Zentz Tyler","point":[-94.58598482124557,38.98590958383619],"permit_status":"denied","current_permit":false,"source_url":"https://mapd.kcmo.org/kcgis/rest/services/AGOL/MapServer/6/query","retrieved_at":"2026-10-06T02:34:59.880305+00:00"}},{"type":"Feature","geometry":{"type":"Polygon","coordinates":[[[-94.58666935558375,38.98212151549023],[-94.58653241568814,38.98211644654859],[-94.58651362181257,38.982499810724626],[-94.58665079677841,38.98250472048913],[-94.58666935558375,38.98212151549023]]]},"properties":{"parcel":"118708","address":"220 E 80th Ter","owner":"Stauffer Properties LLC","point":[-94.5865915447869,38.98231066310743],"permit_status":"denied","current_permit":false,"source_url":"https://mapd.kcmo.org/kcgis/rest/services/AGOL/MapServer/6/query","retrieved_at":"2026-10-06T02:34:59.880305+00:00"}},{"type":"Feature","geometry":{"type":"Polygon","coordinates":[[[-94.59160759922018,38.98231186698688],[-94.59146702269742,38.9823062123535],[-94.59144764504792,38.98269312433663],[-94.591518387264,38.98269588268632],[-94.59158872053048,38.98269864303022],[-94.59160759922018,38.98231186698688]]]},"properties":{"parcel":"118826","address":"106 W 80th Ter","owner":"Unity Urban Investments LLC","point":[-94.59152774341638,38.982502495661755],"permit_status":"denied","current_permit":false,"source_url":"https://mapd.kcmo.org/kcgis/rest/services/AGOL/MapServer/6/query","retrieved_at":"2026-10-06T02:34:59.880305+00:00"}},{"type":"Feature","geometry":{"type":"Polygon","coordinates":[[[-94.59370962423631,38.982396597690666],[-94.59356722965227,38.98239083149776],[-94.59342806000899,38.98238519983603],[-94.59328534302547,38.98237945586637],[-94.59326672992302,38.982761174654584],[-94.59326658730595,38.982764195080236],[-94.59340951009099,38.98276980104848],[-94.59354856368392,38.982775226894326],[-94.59369086935148,38.982780787250356],[-94.59370962423631,38.982396597690666]]]},"properties":{"parcel":"118832","address":"220 W 80th Ter","owner":"Two 20 LLC","point":[-94.59348817202547,38.982578886172625],"permit_status":"denied","current_permit":false,"source_url":"https://mapd.kcmo.org/kcgis/rest/services/AGOL/MapServer/6/query","retrieved_at":"2026-10-06T02:34:59.880305+00:00"}},{"type":"Feature","geometry":{"type":"Polygon","coordinates":[[[-94.59072774555177,38.98010777201975],[-94.59072381718616,38.980107638359],[-94.59027088066586,38.98009128636756],[-94.59026545107568,38.98020173792482],[-94.59026001926188,38.980310451085394],[-94.59071700374801,38.98032766888301],[-94.59071714641034,38.980324602696804],[-94.5907222605223,38.9802201685393],[-94.59072774555177,38.98010777201975]]]},"properties":{"parcel":"118992","address":"8130 Main St","owner":"Dollar Benjamin & Cobb Cameron Nicole","point":[-94.59049385043599,38.98021095323206],"permit_status":"cancelled","current_permit":false,"source_url":"https://mapd.kcmo.org/kcgis/rest/services/AGOL/MapServer/6/query","retrieved_at":"2026-10-06T02:34:59.880305+00:00"}},{"type":"Feature","geometry":{"type":"Polygon","coordinates":[[[-94.58842776938734,38.98014047344158],[-94.58793906696131,38.98012187483345],[-94.58793510928372,38.980121739956836],[-94.58792606733606,38.980300883368706],[-94.58793169603044,38.98030106160473],[-94.58841893441651,38.98031945599357],[-94.58841964947642,38.980305132418174],[-94.58842776938734,38.98014047344158]]]},"properties":{"parcel":"119145","address":"8112 Grand Ave","owner":"Block Andrew","point":[-94.58817696486986,38.980220678405146],"permit_status":"denied","current_permit":false,"source_url":"https://mapd.kcmo.org/kcgis/rest/services/AGOL/MapServer/6/query","retrieved_at":"2026-10-06T02:34:59.880305+00:00"}},{"type":"Feature","geometry":{"type":"Polygon","coordinates":[[[-94.57755875243205,38.98259580078467],[-94.57738337790768,38.98258896134405],[-94.57729542500822,38.98258556515402],[-94.577295253875,38.98258927086989],[-94.57725411498365,38.983418214103104],[-94.57734206883678,38.983421541679334],[-94.57751568689687,38.98342813179856],[-94.57755857998174,38.9825989584982],[-94.57755875243205,38.98259580078467]]]},"properties":{"parcel":"119232","address":"917 E 79th Ter","owner":"RG Residential LLC","point":[-94.57740591700008,38.983008586300656],"permit_status":"denied","current_permit":false,"source_url":"https://mapd.kcmo.org/kcgis/rest/services/AGOL/MapServer/6/query","retrieved_at":"2026-10-06T02:34:59.880305+00:00"}},{"type":"Feature","geometry":{"type":"Polygon","coordinates":[[[-94.59833084956715,38.99131462902374],[-94.59819116336035,38.991309323258136],[-94.59817297318575,38.99168207248054],[-94.59831248487096,38.99168785891766],[-94.59833084956715,38.99131462902374]]]},"properties":{"parcel":"119743","address":"711 W 75th Ter","owner":"711 W 75th LLC","point":[-94.59825187419577,38.99149835075214],"permit_status":"denied","current_permit":false,"source_url":"https://mapd.kcmo.org/kcgis/rest/services/AGOL/MapServer/6/query","retrieved_at":"2026-10-06T02:34:59.880305+00:00"}},{"type":"Feature","geometry":{"type":"Polygon","coordinates":[[[-94.60292758189391,38.99236063325178],[-94.60285762026321,38.992358200903425],[-94.60268286535543,38.99235210827715],[-94.60266632004563,38.992690466369126],[-94.60266617784123,38.99269350910967],[-94.60268303785625,38.99269418070711],[-94.60284072953826,38.99270042508713],[-94.60291057399004,38.99270320133732],[-94.60291074380923,38.99269949444798],[-94.60292758189391,38.99236063325178]]]},"properties":{"parcel":"119954","address":"1109 W 75th St","owner":"Dooley Noted Re Investments III LLC","point":[-94.60279688571254,38.99252554981045],"permit_status":"denied","current_permit":false,"source_url":"https://mapd.kcmo.org/kcgis/rest/services/AGOL/MapServer/6/query","retrieved_at":"2026-10-06T02:34:59.880305+00:00"}},{"type":"Feature","geometry":{"type":"Polygon","coordinates":[[[-94.60298371292933,38.98917264878392],[-94.60298242281284,38.98917258185119],[-94.60284206645753,38.989166985358494],[-94.60280831951306,38.98916564222923],[-94.6028081776202,38.98916889147361],[-94.60278752009059,38.98958269130162],[-94.60282126723274,38.98958403443653],[-94.60289568184594,38.98958696683918],[-94.60296232806041,38.98958963033186],[-94.60296361811982,38.989589652646664],[-94.60298371292933,38.98917264878392]]]},"properties":{"parcel":"119998","address":"1112 W 77th St","owner":"Livers Luke Alexander","point":[-94.60288579416157,38.98937767004277],"permit_status":"cancelled","current_permit":false,"source_url":"https://mapd.kcmo.org/kcgis/rest/services/AGOL/MapServer/6/query","retrieved_at":"2026-10-06T02:34:59.880305+00:00"}},{"type":"Feature","geometry":{"type":"Polygon","coordinates":[[[-94.60203763818781,38.98601236105027],[-94.60185999456215,38.9860054002205],[-94.60168698266165,38.98599864044231],[-94.60165920683032,38.98654346501352],[-94.60165906466082,38.98654655409031],[-94.60201174527981,38.98656093656207],[-94.602011887434,38.98655784748488],[-94.60203763818781,38.98601236105027]]]},"properties":{"parcel":"120081","address":"927 W 78th St","owner":"Franz Faith & Back Ezra","point":[-94.60184892364322,38.9862779130319],"permit_status":"denied","current_permit":false,"source_url":"https://mapd.kcmo.org/kcgis/rest/services/AGOL/MapServer/6/query","retrieved_at":"2026-10-06T02:34:59.880305+00:00"}},{"type":"Feature","geometry":{"type":"Polygon","coordinates":[[[-94.55259137663188,39.0124583415627],[-94.5521054808272,39.01243718869461],[-94.55209764102312,39.01258559859705],[-94.55258353932443,39.01260677437694],[-94.55259137663188,39.0124583415627]]]},"properties":{"parcel":"1202","address":"6241 South Benton Ave","owner":"Cooper Lisa Benson","point":[-94.55234450962203,39.012521970079874],"permit_status":"denied","current_permit":false,"source_url":"https://mapd.kcmo.org/kcgis/rest/services/AGOL/MapServer/6/query","retrieved_at":"2026-10-06T02:34:59.880305+00:00"}},{"type":"Feature","geometry":{"type":"Polygon","coordinates":[[[-94.6051867507795,38.99147476756518],[-94.6046666466619,38.9914724197391],[-94.60466271707844,38.99147240095479],[-94.60466146390232,38.99159648692522],[-94.60466063014806,38.99167787578962],[-94.60466451576347,38.99167789461343],[-94.60518239171645,38.991679809143584],[-94.60518343291209,38.99163052171735],[-94.60518354385738,38.991626242849364],[-94.6051841172022,38.99159761863302],[-94.6051867507795,38.99147476756518]]]},"properties":{"parcel":"120437","address":"7536 Mercier St","owner":"Balzer Holle","point":[-94.60492376233051,38.9915356272452],"permit_status":"denied","current_permit":false,"source_url":"https://mapd.kcmo.org/kcgis/rest/services/AGOL/MapServer/6/query","retrieved_at":"2026-10-06T02:34:59.880305+00:00"}},{"type":"Feature","geometry":{"type":"Polygon","coordinates":[[[-94.60546088313295,38.98734157188606],[-94.60502891650401,38.98732415882842],[-94.60501444642664,38.987491662287354],[-94.60501834590913,38.987491796064674],[-94.60544016395814,38.987505441228976],[-94.6054440326592,38.98750557559192],[-94.60545195263376,38.987428825129484],[-94.60546088313295,38.98734157188606]]]},"properties":{"parcel":"120512","address":"7730 Mercier St","owner":"Stocks Keller Jamie & Julienne Beverly","point":[-94.60524003068429,38.98738519850777],"permit_status":"denied","current_permit":false,"source_url":"https://mapd.kcmo.org/kcgis/rest/services/AGOL/MapServer/6/query","retrieved_at":"2026-10-06T02:34:59.880305+00:00"}},{"type":"Feature","geometry":{"type":"Polygon","coordinates":[[[-94.60151816597048,38.98359164577365],[-94.60101999700942,38.98357283563238],[-94.60101985475276,38.98357587894777],[-94.60101141479477,38.98374365080351],[-94.60150996833373,38.9837635372036],[-94.60151816597048,38.98359164577365]]]},"properties":{"parcel":"120885","address":"7931 Belleview Ave","owner":"KC Cottages LLC","point":[-94.6012648897703,38.98366764828858],"permit_status":"denied","current_permit":false,"source_url":"https://mapd.kcmo.org/kcgis/rest/services/AGOL/MapServer/6/query","retrieved_at":"2026-10-06T02:34:59.880305+00:00"}},{"type":"Feature","geometry":{"type":"Polygon","coordinates":[[[-94.60188215395053,38.976368754126746],[-94.60139452631093,38.97634757900124],[-94.60137624578371,38.97670429004908],[-94.60186424982453,38.976720498561754],[-94.60188215395053,38.976368754126746]]]},"properties":{"parcel":"121351","address":"920 W 84th St","owner":"Welch Dakota W & Mary T","point":[-94.60162922893187,38.97653652208791],"permit_status":"denied","current_permit":false,"source_url":"https://mapd.kcmo.org/kcgis/rest/services/AGOL/MapServer/6/query","retrieved_at":"2026-10-06T02:34:59.880305+00:00"}},{"type":"Feature","geometry":{"type":"Polygon","coordinates":[[[-94.60486965106927,38.97549211546376],[-94.60439906477667,38.97547510137408],[-94.60439223302795,38.975474856364706],[-94.60438434332319,38.97563052348774],[-94.60438357391422,38.975646038184834],[-94.60485976052364,38.9756633207339],[-94.60486131344891,38.975663365672894],[-94.60486965106927,38.97549211546376]]]},"properties":{"parcel":"121467","address":"8420 Ward Parkway Plz","owner":"Kinson Properties LLC","point":[-94.60462706627584,38.975561319475744],"permit_status":"denied","current_permit":false,"source_url":"https://mapd.kcmo.org/kcgis/rest/services/AGOL/MapServer/6/query","retrieved_at":"2026-10-06T02:34:59.880305+00:00"}},{"type":"Feature","geometry":{"type":"Polygon","coordinates":[[[-94.56712680932668,38.97645840070681],[-94.56712294125454,38.9764582198823],[-94.56668753118645,38.97643867729343],[-94.56668363089324,38.976438519353955],[-94.56667774861548,38.97657391063702],[-94.56712078134571,38.97659381497646],[-94.56712680932668,38.97645840070681]]]},"properties":{"parcel":"122041","address":"8311 Paseo","owner":"Nix Pamela Y","point":[-94.56690224811243,38.976516155671916],"permit_status":"denied","current_permit":false,"source_url":"https://mapd.kcmo.org/kcgis/rest/services/AGOL/MapServer/6/query","retrieved_at":"2026-10-06T02:34:59.880305+00:00"}},{"type":"Feature","geometry":{"type":"Polygon","coordinates":[[[-94.56596635846377,38.974537523208824],[-94.56579302531104,38.97452991124435],[-94.5657785024896,38.97483263692164],[-94.56577835874069,38.97483567962801],[-94.56585176073746,38.97483886505029],[-94.56595172106967,38.97484313257296],[-94.56595186481117,38.97484008986636],[-94.56596635846377,38.974537523208824]]]},"properties":{"parcel":"122069","address":"1904 E 84th St","owner":"McSilva & Wiggit LLC","point":[-94.56587243572906,38.97468508006523],"permit_status":"denied","current_permit":false,"source_url":"https://mapd.kcmo.org/kcgis/rest/services/AGOL/MapServer/6/query","retrieved_at":"2026-10-06T02:34:59.880305+00:00"}},{"type":"Feature","geometry":{"type":"Polygon","coordinates":[[[-94.57417297962937,38.97347280842132],[-94.57403544072568,38.97346678590869],[-94.57389543879931,38.9734606744129],[-94.57375444094475,38.9734544935909],[-94.57361657967955,38.97344847250442],[-94.57347250395863,38.9734421565682],[-94.57333432030558,38.97343613363508],[-94.57332088316252,38.97373632037568],[-94.57330646890757,38.97405767223767],[-94.57330629747003,38.97406126526352],[-94.5734441893294,38.9740674022463],[-94.57344436149337,38.974063809791815],[-94.57345886230547,38.97374243383359],[-94.57360282074715,38.97374884195686],[-94.57374050679245,38.97375493295745],[-94.57388124147764,38.97376115858065],[-94.57402083296272,38.97376734014092],[-94.57415787418526,38.97377340817684],[-94.57417297962937,38.97347280842132]]]},"properties":{"parcel":"122395","address":"1300 E 85th St","owner":"Sterlingz LLC","point":[-94.57391530969659,38.973751887457155],"permit_status":"denied","current_permit":false,"source_url":"https://mapd.kcmo.org/kcgis/rest/services/AGOL/MapServer/6/query","retrieved_at":"2026-10-06T02:34:59.880305+00:00"}},{"type":"Feature","geometry":{"type":"Polygon","coordinates":[[[-94.58739876743165,39.10248131458412],[-94.5873431161269,39.10247952583374],[-94.58730056453642,39.10247813852903],[-94.58720239101746,39.10247496408534],[-94.5871858583127,39.10247442674121],[-94.58710421897331,39.10247178784179],[-94.58700396117152,39.10246854500207],[-94.58699597486363,39.10266058792395],[-94.5869998512858,39.102660722887535],[-94.58709620430567,39.10266383079154],[-94.58719434801262,39.10266702994347],[-94.58728855581157,39.10267007122283],[-94.58729246159896,39.10267020501063],[-94.58728472976351,39.10285366864487],[-94.5872846156868,39.10285641441155],[-94.58728813973265,39.10285654962933],[-94.5873827313758,39.102859887421786],[-94.58739876743165,39.10248131458412]]]},"properties":{"parcel":"122517","address":"304 W 10th St","owner":"304 W 10st LLC","point":[-94.58726812229357,39.10266543036751],"permit_status":"denied","current_permit":false,"source_url":"https://mapd.kcmo.org/kcgis/rest/services/AGOL/MapServer/6/query","retrieved_at":"2026-10-06T02:34:59.880305+00:00"}},{"type":"Feature","geometry":{"type":"Polygon","coordinates":[[[-94.58488682386096,39.10099739112937],[-94.58439370780165,39.10097928382258],[-94.58439076475784,39.10104829409849],[-94.58438779304967,39.101117280941594],[-94.58438479197292,39.101186269521115],[-94.58438184882966,39.10125521058038],[-94.58438572590282,39.10125534448641],[-94.58487661353108,39.10127338480563],[-94.58487917363104,39.10120437422703],[-94.5848817337549,39.10113538767228],[-94.5848842637742,39.101066400566545],[-94.58488682386096,39.10099739112937]]]},"properties":{"parcel":"122536","address":"106 W 11th St","owner":"Kcac Partners LLC","point":[-94.58463473249742,39.10112633430694],"permit_status":"denied","current_permit":false,"source_url":"https://mapd.kcmo.org/kcgis/rest/services/AGOL/MapServer/6/query","retrieved_at":"2026-10-06T02:34:59.880305+00:00"}},{"type":"Feature","geometry":{"type":"Polygon","coordinates":[[[-94.58491384127176,39.09740020577329],[-94.5848265110436,39.09739729485042],[-94.58473912209581,39.09739438390482],[-94.5846518204844,39.09739145052164],[-94.58456695764295,39.0973886285637],[-94.58454797607392,39.09774670295166],[-94.58463298697626,39.097749592313654],[-94.58472037567903,39.09775254910003],[-94.58480782458417,39.09775550577713],[-94.58489524339959,39.09775846298256],[-94.58491384127176,39.09740020577329]]]},"properties":{"parcel":"122608","address":"106 W 14th St","owner":"NP Power & Light Building LLC","point":[-94.58473100379159,39.097573454362475],"permit_status":"denied","current_permit":false,"source_url":"https://mapd.kcmo.org/kcgis/rest/services/AGOL/MapServer/6/query","retrieved_at":"2026-10-06T02:34:59.880305+00:00"}},{"type":"Feature","geometry":{"type":"Polygon","coordinates":[[[-94.58871804273664,39.10444986376659],[-94.58834331397652,39.10443882238013],[-94.58834319577721,39.104438822469696],[-94.58833995999676,39.104504423804734],[-94.5883367822089,39.10457002509499],[-94.5883365247077,39.10457547031761],[-94.58871040166072,39.104586375661476],[-94.58871062906067,39.10458095276958],[-94.58871436451984,39.1045153968064],[-94.58871804273664,39.10444986376659]]]},"properties":{"parcel":"122881","address":"800 Broadway Blvd","owner":"Exact 802 LLC","point":[-94.58852718334494,39.104509910305566],"permit_status":"denied","current_permit":false,"source_url":"https://mapd.kcmo.org/kcgis/rest/services/AGOL/MapServer/6/query","retrieved_at":"2026-10-06T02:34:59.880305+00:00"}},{"type":"Feature","geometry":{"type":"Polygon","coordinates":[[[-94.58986991923591,39.10186023902153],[-94.58962071469034,39.10185381317967],[-94.589616287639,39.10195915752064],[-94.58939253044451,39.1019530925921],[-94.58939157195333,39.10197192069498],[-94.58938996612004,39.10200308598499],[-94.58938614275822,39.10207575566864],[-94.58937559575189,39.10207540223944],[-94.58931844572251,39.102073697379026],[-94.58922010853367,39.10207076443443],[-94.58906407810036,39.102066145141585],[-94.58895461842661,39.10206290414356],[-94.5889415422256,39.10206246337005],[-94.58892875258816,39.10231874817903],[-94.58984629802991,39.10235085561341],[-94.58986226935109,39.102019654619475],[-94.5898637289652,39.10198913123894],[-94.58986991923591,39.10186023902153]]]},"properties":{"parcel":"123024","address":"439 W 10th St","owner":"Barry Mason Charles & Slana Cassandra Ann","point":[-94.58939426045629,39.10219725192384],"permit_status":"denied","current_permit":false,"source_url":"https://mapd.kcmo.org/kcgis/rest/services/AGOL/MapServer/6/query","retrieved_at":"2026-10-06T02:34:59.880305+00:00"}},{"type":"Feature","geometry":{"type":"Polygon","coordinates":[[[-94.5934358876065,39.089965716245096],[-94.59299337871025,39.08995076279327],[-94.59298947367424,39.08995067495667],[-94.59298442817143,39.09004407810861],[-94.59298836336697,39.090044211682766],[-94.59343084354703,39.09005921150963],[-94.5934358876065,39.089965716245096]]]},"properties":{"parcel":"123562","address":"1833 Summit St","owner":"Carr Nathan J","point":[-94.59321015923399,39.090004897176854],"permit_status":"voided-city","current_permit":false,"source_url":"https://mapd.kcmo.org/kcgis/rest/services/AGOL/MapServer/6/query","retrieved_at":"2026-10-06T02:34:59.880305+00:00"}},{"type":"Feature","geometry":{"type":"Polygon","coordinates":[[[-94.59859502567994,39.09049497782698],[-94.59825677835299,39.0904848755015],[-94.59825296136285,39.09048478776705],[-94.59825287401539,39.09048478784066],[-94.59824916703312,39.09055393651334],[-94.59825305742828,39.09055402418605],[-94.59857953103696,39.09056379326581],[-94.59859502567994,39.09049497782698]]]},"properties":{"parcel":"123986","address":"1822 Holly St","owner":"Wallace Gabrielle","point":[-94.59841956771521,39.09052445717016],"permit_status":"cancelled","current_permit":false,"source_url":"https://mapd.kcmo.org/kcgis/rest/services/AGOL/MapServer/6/query","retrieved_at":"2026-10-06T02:34:59.880305+00:00"}},{"type":"Feature","geometry":{"type":"Polygon","coordinates":[[[-94.58429016183342,39.08958078515585],[-94.58428587433004,39.08958062809007],[-94.58387126291197,39.08956591786872],[-94.58386741657264,39.08956578277892],[-94.58386123776522,39.0897040325921],[-94.58385465041307,39.08984379282359],[-94.58385855695526,39.08984392729848],[-94.58427493243148,39.08985932385461],[-94.5842786907054,39.08985945785058],[-94.584284807485,39.089719103037],[-94.58429016183342,39.08958078515585]]]},"properties":{"parcel":"124812","address":"1914 Main St","owner":"1914 Main LLC","point":[-94.58407299089134,39.08971156781455],"permit_status":"denied","current_permit":false,"source_url":"https://mapd.kcmo.org/kcgis/rest/services/AGOL/MapServer/6/query","retrieved_at":"2026-10-06T02:34:59.880305+00:00"}},{"type":"Feature","geometry":{"type":"Polygon","coordinates":[[[-94.58687009939646,39.0883499217279],[-94.58627018247999,39.0883279674606],[-94.58626671290466,39.088396657992405],[-94.5862632141296,39.0884654852573],[-94.58626709050586,39.08846561910187],[-94.58686348067059,39.0884872888582],[-94.58687009939646,39.0883499217279]]]},"properties":{"parcel":"124960","address":"2020 Wyandotte St","owner":"MLF Building 2009 LLC","point":[-94.58656557644426,39.08843107162485],"permit_status":"denied","current_permit":false,"source_url":"https://mapd.kcmo.org/kcgis/rest/services/AGOL/MapServer/6/query","retrieved_at":"2026-10-06T02:34:59.880305+00:00"}},{"type":"Feature","geometry":{"type":"Polygon","coordinates":[[[-94.58839020640174,39.08799511180684],[-94.58817134254183,39.08779067739575],[-94.58816807909994,39.087787614416726],[-94.58810151827478,39.08783177878663],[-94.58803489717906,39.08787594259172],[-94.58825714259841,39.08808348647652],[-94.58832364557763,39.088039322063466],[-94.58839020640174,39.08799511180684]]]},"properties":{"parcel":"124983","address":"321 Southwest Blvd","owner":"321-323 Swblvd LLC","point":[-94.58821255934268,39.08793552719928],"permit_status":"denied","current_permit":false,"source_url":"https://mapd.kcmo.org/kcgis/rest/services/AGOL/MapServer/6/query","retrieved_at":"2026-10-06T02:34:59.880305+00:00"}},{"type":"Feature","geometry":{"type":"Polygon","coordinates":[[[-94.57663012497763,39.080379498776416],[-94.57617085583801,39.0803629359836],[-94.57616746611522,39.08043206099483],[-94.57616574193194,39.08046665784039],[-94.57616964647558,39.080466793146606],[-94.57662548073431,39.08048324208094],[-94.57662699922436,39.08044866881669],[-94.57663012497763,39.080379498776416]]]},"properties":{"parcel":"125341","address":"2528 Holmes St","owner":"Gutierrez Properties LLC","point":[-94.57639884611342,39.08040577988562],"permit_status":"denied","current_permit":false,"source_url":"https://mapd.kcmo.org/kcgis/rest/services/AGOL/MapServer/6/query","retrieved_at":"2026-10-06T02:34:59.880305+00:00"}},{"type":"Feature","geometry":{"type":"Polygon","coordinates":[[[-94.57713080805397,39.079769190279144],[-94.57710726285738,39.07976838157083],[-94.57671176316151,39.07975500548156],[-94.57670785865614,39.07975487019343],[-94.57670450563114,39.07983026567794],[-94.57670135078185,39.079898909488165],[-94.57670528465069,39.0798990441852],[-94.57712471062989,39.079913296823676],[-94.57712760152323,39.079844583962554],[-94.57713080805397,39.079769190279144]]]},"properties":{"parcel":"125360","address":"2549 Cherry St","owner":"Abdiana A LLC","point":[-94.57691604130208,39.07983742482025],"permit_status":"voided-city","current_permit":false,"source_url":"https://mapd.kcmo.org/kcgis/rest/services/AGOL/MapServer/6/query","retrieved_at":"2026-10-06T02:34:59.880305+00:00"}},{"type":"Feature","geometry":{"type":"Polygon","coordinates":[[[-94.57608644607149,39.07808475266092],[-94.57564706852138,39.078069616873904],[-94.57564370474242,39.0781366133963],[-94.57564758053513,39.078136748738764],[-94.57608311294408,39.07815188646031],[-94.57608644607149,39.07808475266092]]]},"properties":{"parcel":"125374","address":"2629 Holmes St","owner":"Greggors LLC","point":[-94.57586508265763,39.07811068302861],"permit_status":"denied","current_permit":false,"source_url":"https://mapd.kcmo.org/kcgis/rest/services/AGOL/MapServer/6/query","retrieved_at":"2026-10-06T02:34:59.880305+00:00"}},{"type":"Feature","geometry":{"type":"Polygon","coordinates":[[[-94.57842014204809,39.09990634572376],[-94.5779923463275,39.09989308844801],[-94.57796336193763,39.099892214913915],[-94.57772471020306,39.099885166833424],[-94.57749075623592,39.09987825242638],[-94.5774788864926,39.10008693220544],[-94.57747142653413,39.10021916523689],[-94.57746390629944,39.10035135139949],[-94.57745638677183,39.100483538130156],[-94.57744886719213,39.100615702548744],[-94.57744137689758,39.10074781946692],[-94.5774338573377,39.10088005252057],[-94.5779062072509,39.10089499927445],[-94.57793354691088,39.10089589623056],[-94.5783609089702,39.10090984157369],[-94.57836877897658,39.10077742575252],[-94.5783765903765,39.1006451472513],[-94.57838437230694,39.10051280012434],[-94.57839215415866,39.100380407804536],[-94.578399995469,39.10024803717786],[-94.57840777723726,39.10011562139834],[-94.57841564633605,39.0999832055566],[-94.57842014204809,39.09990634572376]]]},"properties":{"parcel":"12614","address":"414 E 12th St","owner":"City of Kansas City","point":[-94.5779242216568,39.10043197296734],"permit_status":"cancelled","current_permit":false,"source_url":"https://mapd.kcmo.org/kcgis/rest/services/AGOL/MapServer/6/query","retrieved_at":"2026-10-06T02:34:59.880305+00:00"}},{"type":"Feature","geometry":{"type":"Polygon","coordinates":[[[-94.55868971140211,39.06671435300858],[-94.55851380864176,39.066708470076186],[-94.5585099342408,39.066708335307155],[-94.55850889461684,39.06672892856902],[-94.55848423935002,39.06672809377347],[-94.55848354626227,39.06674182261453],[-94.55847676053855,39.06687718953329],[-94.55868119344821,39.06688404204435],[-94.55868797878304,39.06674867625826],[-94.55868971140211,39.06671435300858]]]},"properties":{"parcel":"126259","address":"3237 Garfield Ave","owner":"The Five J's Real Property LLC","point":[-94.55858236973961,39.06681293289577],"permit_status":"denied","current_permit":false,"source_url":"https://mapd.kcmo.org/kcgis/rest/services/AGOL/MapServer/6/query","retrieved_at":"2026-10-06T02:34:59.880305+00:00"}},{"type":"Feature","geometry":{"type":"Polygon","coordinates":[[[-94.56184989970151,39.0636541027992],[-94.561374103349,39.063638246625075],[-94.56136694381324,39.06377583227621],[-94.56135984295038,39.06391257187397],[-94.56183561111894,39.0639284979065],[-94.56184274184196,39.06379171193087],[-94.56184989970151,39.0636541027992]]]},"properties":{"parcel":"126365","address":"3426 Michigan Ave","owner":"Orphey Erik","point":[-94.56160484316923,39.063783772103534],"permit_status":"denied","current_permit":false,"source_url":"https://mapd.kcmo.org/kcgis/rest/services/AGOL/MapServer/6/query","retrieved_at":"2026-10-06T02:34:59.880305+00:00"}},{"type":"Feature","geometry":{"type":"Polygon","coordinates":[[[-94.57295461159461,39.077633279930154],[-94.57235765077856,39.07761099990112],[-94.57235284931318,39.07770831425788],[-94.57294933968275,39.077729771469144],[-94.57295461159461,39.077633279930154]]]},"properties":{"parcel":"126776","address":"2700 Harrison St","owner":"Gray Gerald II & Myra L-Trustees","point":[-94.5726536311036,39.077670797094015],"permit_status":"cancelled","current_permit":false,"source_url":"https://mapd.kcmo.org/kcgis/rest/services/AGOL/MapServer/6/query","retrieved_at":"2026-10-06T02:34:59.880305+00:00"}},{"type":"Feature","geometry":{"type":"Polygon","coordinates":[[[-94.57296626017994,39.07645797846977],[-94.57292987437336,39.0763582638979],[-94.57292597006278,39.07635812905492],[-94.57242428102376,39.076340869845794],[-94.57242037671449,39.07634073441381],[-94.57241554638368,39.07643907959156],[-94.57241941987475,39.076439213898766],[-94.5729623844852,39.07645784418208],[-94.57296626017994,39.07645797846977]]]},"properties":{"parcel":"126789","address":"2736 Harrison St","owner":"Re Supreme LLC","point":[-94.57268107511969,39.07639867174473],"permit_status":"denied","current_permit":false,"source_url":"https://mapd.kcmo.org/kcgis/rest/services/AGOL/MapServer/6/query","retrieved_at":"2026-10-06T02:34:59.880305+00:00"}},{"type":"Feature","geometry":{"type":"Polygon","coordinates":[[[-94.57350027952023,39.07642879100921],[-94.57319044034199,39.07608753595314],[-94.57318750155439,39.076084311034975],[-94.57318136874568,39.07608724305219],[-94.57316429387951,39.076095010924256],[-94.57314709917664,39.07610257236991],[-94.57312975899971,39.07610997373875],[-94.57311227041342,39.076117215032546],[-94.57309466490308,39.07612422758918],[-94.57307694249246,39.07613103428934],[-94.57305907169574,39.07613770322305],[-94.57304111326093,39.076144076474755],[-94.5730309601644,39.07614755956887],[-94.57303325314699,39.076150784895425],[-94.57331473281339,39.07654720088462],[-94.57331581834588,39.076545918306316],[-94.57331614162665,39.076545574891334],[-94.57350027952023,39.07642879100921]]]},"properties":{"parcel":"126792","address":"914 E 28th St","owner":"Porto Bernardo Zito & Alexandria L Harkins","point":[-94.57325301345116,39.07628978795232],"permit_status":"voided-city","current_permit":false,"source_url":"https://mapd.kcmo.org/kcgis/rest/services/AGOL/MapServer/6/query","retrieved_at":"2026-10-06T02:34:59.880305+00:00"}},{"type":"Feature","geometry":{"type":"Polygon","coordinates":[[[-94.57574820267989,39.07524688646411],[-94.57529530788858,39.075229972844404],[-94.5752914329906,39.0752298386336],[-94.57528506106408,39.075366715616134],[-94.57574127549361,39.075383878235485],[-94.5757413327344,39.0753838781983],[-94.57574598915242,39.075290613086274],[-94.57574820267989,39.07524688646411]]]},"properties":{"parcel":"126826","address":"2800 Charlotte St","owner":"F.o.b. Holdings II LLC","point":[-94.57551546090676,39.075328664351204],"permit_status":"cancelled","current_permit":false,"source_url":"https://mapd.kcmo.org/kcgis/rest/services/AGOL/MapServer/6/query","retrieved_at":"2026-10-06T02:34:59.880305+00:00"}},{"type":"Feature","geometry":{"type":"Polygon","coordinates":[[[-94.57505042287055,39.075634115017614],[-94.5744940046213,39.07557180074566],[-94.57448992315457,39.07557134573714],[-94.57448770609294,39.07558383949055],[-94.57448516500244,39.07559665435386],[-94.574482331078,39.07560944709537],[-94.57447920358436,39.07562221657145],[-94.57447584123071,39.075634963316666],[-94.57447221537238,39.07564766446844],[-94.57446849906806,39.07565949620797],[-94.57446823567238,39.07566025144211],[-94.57446402260373,39.07567283856465],[-94.57445957318215,39.0756853795043],[-94.57500378378155,39.07580522408565],[-94.57500603838714,39.07579915922742],[-94.5750116860513,39.07578309328346],[-94.57501663051528,39.07576826335397],[-94.5750170695232,39.07576702750913],[-94.57502213224797,39.075750916751325],[-94.57502695856941,39.075734713478155],[-94.57503149132172,39.0757184886569],[-94.57503575909901,39.075702217100314],[-94.57503973328271,39.07568590054287],[-94.57504344469449,39.0756695383928],[-94.57504689039912,39.075653130652],[-94.5750499551803,39.07563667682261],[-94.57505042287055,39.075634115017614]]]},"properties":{"parcel":"126832","address":"2757 Charlotte St","owner":"Rogg Kenton & Hannah","point":[-94.57476836594446,39.0756940588216],"permit_status":"cancelled","current_permit":false,"source_url":"https://mapd.kcmo.org/kcgis/rest/services/AGOL/MapServer/6/query","retrieved_at":"2026-10-06T02:34:59.880305+00:00"}},{"type":"Feature","geometry":{"type":"Polygon","coordinates":[[[-94.57684971256263,39.07591700752182],[-94.57641257904638,39.07590237593534],[-94.57640867548899,39.07590224178046],[-94.57640573939935,39.07595676804179],[-94.57640309176239,39.076005895392484],[-94.57640696670609,39.076006030710346],[-94.57684454132617,39.076020798167356],[-94.5768469830768,39.0759715794194],[-94.57684971256263,39.07591700752182]]]},"properties":{"parcel":"126901","address":"2748 Holmes St","owner":"Gutierrez Properties LLC","point":[-94.57662634688211,39.0759641737306],"permit_status":"denied","current_permit":false,"source_url":"https://mapd.kcmo.org/kcgis/rest/services/AGOL/MapServer/6/query","retrieved_at":"2026-10-06T02:34:59.880305+00:00"}},{"type":"Feature","geometry":{"type":"Polygon","coordinates":[[[-94.5785152710283,39.07518725995199],[-94.57809425865172,39.07517468308169],[-94.57809408628691,39.07517742889161],[-94.57809241465948,39.075206809513915],[-94.57809025614266,39.075245867318955],[-94.57808634008084,39.07531426118535],[-94.57808239399849,39.07538272314126],[-94.57807778660363,39.07546374766267],[-94.57849839082527,39.0754779711385],[-94.57850317285074,39.075395368281036],[-94.57850720664054,39.0753269520137],[-94.57851118090498,39.075258467715166],[-94.57851515592041,39.07519000572396],[-94.5785152710283,39.07518725995199]]]},"properties":{"parcel":"126942","address":"2805 Gillham Rd","owner":"Midtown Gilham LLC","point":[-94.57829677460663,39.07532060659952],"permit_status":"denied","current_permit":false,"source_url":"https://mapd.kcmo.org/kcgis/rest/services/AGOL/MapServer/6/query","retrieved_at":"2026-10-06T02:34:59.880305+00:00"}},{"type":"Feature","geometry":{"type":"Polygon","coordinates":[[[-94.57815458851611,39.073638220473974],[-94.57772460243285,39.0736242536919],[-94.5777213014682,39.07369234856089],[-94.57772520710907,39.0736924838146],[-94.57815111255204,39.07370629316332],[-94.57815458851611,39.073638220473974]]]},"properties":{"parcel":"126998","address":"2918 Cherry St","owner":"Stubbers Steve & Fair Diane","point":[-94.57793790999067,39.07366528451743],"permit_status":"voided-city","current_permit":false,"source_url":"https://mapd.kcmo.org/kcgis/rest/services/AGOL/MapServer/6/query","retrieved_at":"2026-10-06T02:34:59.880305+00:00"}},{"type":"Feature","geometry":{"type":"Polygon","coordinates":[[[-94.57815806594196,39.07357014835474],[-94.57772793342716,39.07355611189638],[-94.57772460243285,39.0736242536919],[-94.57815458851611,39.073638220473974],[-94.57815806594196,39.07357014835474]]]},"properties":{"parcel":"126999","address":"2920 Cherry St","owner":"Stubbers Steve & Fair Diane","point":[-94.5779413044138,39.07359720102332],"permit_status":"voided-city","current_permit":false,"source_url":"https://mapd.kcmo.org/kcgis/rest/services/AGOL/MapServer/6/query","retrieved_at":"2026-10-06T02:34:59.880305+00:00"}},{"type":"Feature","geometry":{"type":"Polygon","coordinates":[[[-94.5781615131963,39.07350200589642],[-94.57773516713446,39.073488128236086],[-94.57773123435354,39.07348799357282],[-94.57772793342716,39.07355611189638],[-94.57815806594196,39.07357014835474],[-94.5781615131963,39.07350200589642]]]},"properties":{"parcel":"127000","address":"2922 Cherry St","owner":"Stubbers Steve & Fair Diane","point":[-94.57794469449732,39.0735290588964],"permit_status":"voided-city","current_permit":false,"source_url":"https://mapd.kcmo.org/kcgis/rest/services/AGOL/MapServer/6/query","retrieved_at":"2026-10-06T02:34:59.880305+00:00"}},{"type":"Feature","geometry":{"type":"Polygon","coordinates":[[[-94.57989857616678,39.072079748755584],[-94.57945309480503,39.072061679839415],[-94.57944919142736,39.07206152233318],[-94.579449104908,39.07206289524008],[-94.57944772516413,39.07208893452975],[-94.57944401552314,39.072157510812076],[-94.5794479189061,39.07215766831847],[-94.57989348811759,39.07217566855135],[-94.57989713942995,39.07210716093743],[-94.57989857616678,39.072079748755584]]]},"properties":{"parcel":"127028","address":"3013 Oak St","owner":"Harshfield Holdings LLC","point":[-94.57967058751123,39.072132335874755],"permit_status":"cancelled","current_permit":false,"source_url":"https://mapd.kcmo.org/kcgis/rest/services/AGOL/MapServer/6/query","retrieved_at":"2026-10-06T02:34:59.880305+00:00"}},{"type":"Feature","geometry":{"type":"Polygon","coordinates":[[[-94.57804864331993,39.070858548367944],[-94.5779963057454,39.07085650180297],[-94.5779602007779,39.070855118775654],[-94.57794266135373,39.07121480529223],[-94.57803107487861,39.07121813252528],[-94.57803121829022,39.071215089282525],[-94.57804864331993,39.070858548367944]]]},"properties":{"parcel":"127081","address":"514 E 31st St","owner":"Fort Awesome Enterprises LLC","point":[-94.57799564259591,39.07103667683009],"permit_status":"cancelled","current_permit":false,"source_url":"https://mapd.kcmo.org/kcgis/rest/services/AGOL/MapServer/6/query","retrieved_at":"2026-10-06T02:34:59.880305+00:00"}},{"type":"Feature","geometry":{"type":"Polygon","coordinates":[[[-94.57456115926698,39.07311008273879],[-94.5739967031788,39.073089345605545],[-94.57399572603249,39.07311002989309],[-94.57399184567143,39.073188880149345],[-94.57455647950022,39.073209707571],[-94.57456021239639,39.07313078989237],[-94.57456115926698,39.07311008273879]]]},"properties":{"parcel":"127130","address":"2924 Campbell St","owner":"Crumley Joshua & Taylor","point":[-94.57427605678123,39.07315983502086],"permit_status":"voided-city","current_permit":false,"source_url":"https://mapd.kcmo.org/kcgis/rest/services/AGOL/MapServer/6/query","retrieved_at":"2026-10-06T02:34:59.880305+00:00"}},{"type":"Feature","geometry":{"type":"Polygon","coordinates":[[[-94.58381269781194,39.07240325865281],[-94.58381111196077,39.07240321345894],[-94.58363715995657,39.072396955176465],[-94.58361729419046,39.072725606309184],[-94.58361712090252,39.07272862727058],[-94.58379257184245,39.07273520483636],[-94.58381269781194,39.07240325865281]]]},"properties":{"parcel":"127320","address":"105 E 30th St","owner":"D & G Development Co LLC","point":[-94.583714981185,39.072564432481],"permit_status":"cancelled","current_permit":false,"source_url":"https://mapd.kcmo.org/kcgis/rest/services/AGOL/MapServer/6/query","retrieved_at":"2026-10-06T02:34:59.880305+00:00"}},{"type":"Feature","geometry":{"type":"Polygon","coordinates":[[[-94.58248072870224,39.07102801971673],[-94.58236950880932,39.07102383105704],[-94.58235015071227,39.07136594761887],[-94.58246131380969,39.07137005568189],[-94.58248072870224,39.07102801971673]]]},"properties":{"parcel":"127373","address":"208 E 31st St","owner":"Weiser Jeremy","point":[-94.58241542455251,39.071196983667804],"permit_status":"denied","current_permit":false,"source_url":"https://mapd.kcmo.org/kcgis/rest/services/AGOL/MapServer/6/query","retrieved_at":"2026-10-06T02:34:59.880305+00:00"}},{"type":"Feature","geometry":{"type":"Polygon","coordinates":[[[-94.58124723927776,39.068918680265554],[-94.58076943365742,39.06890077616129],[-94.58076536195738,39.06898520917579],[-94.58124310868342,39.06900309102852],[-94.58124723927776,39.068918680265554]]]},"properties":{"parcel":"127608","address":"3201 McGee St","owner":"Aquion Investments LLC","point":[-94.58100628880165,39.06895194472067],"permit_status":"denied","current_permit":false,"source_url":"https://mapd.kcmo.org/kcgis/rest/services/AGOL/MapServer/6/query","retrieved_at":"2026-10-06T02:34:59.880305+00:00"}},{"type":"Feature","geometry":{"type":"Polygon","coordinates":[[[-94.58126095063504,39.068640736915434],[-94.5807864931857,39.068623037045775],[-94.5807826186383,39.06862290244487],[-94.580779235913,39.06869374378401],[-94.58077599806442,39.06876229694063],[-94.5812540661031,39.068780131621466],[-94.58125748030643,39.06871155544827],[-94.58126095063504,39.068640736915434]]]},"properties":{"parcel":"127610","address":"3207 McGee St","owner":"Aquion Investments LLC","point":[-94.58101836599985,39.06870264961614],"permit_status":"denied","current_permit":false,"source_url":"https://mapd.kcmo.org/kcgis/rest/services/AGOL/MapServer/6/query","retrieved_at":"2026-10-06T02:34:59.880305+00:00"}},{"type":"Feature","geometry":{"type":"Polygon","coordinates":[[[-94.5843885441076,39.0692476486087],[-94.58424574271642,39.06924262712673],[-94.58423046945147,39.069554938325616],[-94.58423046964182,39.069555098491136],[-94.58437306630849,39.06956021223468],[-94.58437306617229,39.069560097830745],[-94.5843885441076,39.0692476486087]]]},"properties":{"parcel":"127639","address":"16 E 32nd St","owner":"Ecoliving Property LLC","point":[-94.58430945811648,39.06940129346716],"permit_status":"denied","current_permit":false,"source_url":"https://mapd.kcmo.org/kcgis/rest/services/AGOL/MapServer/6/query","retrieved_at":"2026-10-06T02:34:59.880305+00:00"}},{"type":"Feature","geometry":{"type":"Polygon","coordinates":[[[-94.58394625378813,39.06923204335119],[-94.5838005171263,39.06922688557999],[-94.58378524144318,39.06953880832217],[-94.58378524176644,39.069539081747614],[-94.58393092044825,39.069544309365575],[-94.58393092017728,39.0695440805577],[-94.58394625378813,39.06923204335119]]]},"properties":{"parcel":"127642","address":"22 E 32nd St","owner":"Brown Tonya","point":[-94.58386573475613,39.069385425836685],"permit_status":"cancelled","current_permit":false,"source_url":"https://mapd.kcmo.org/kcgis/rest/services/AGOL/MapServer/6/query","retrieved_at":"2026-10-06T02:34:59.880305+00:00"}},{"type":"Feature","geometry":{"type":"Polygon","coordinates":[[[-94.58251148309559,39.06918112788199],[-94.58237085328341,39.06917612487635],[-94.5823556287975,39.06948699431091],[-94.58235562911725,39.06948726945242],[-94.58236960118658,39.06948778527114],[-94.58249623035319,39.06949240920899],[-94.58249622998096,39.06949208944995],[-94.58251148309559,39.06918112788199]]]},"properties":{"parcel":"127649","address":"42 E 32nd St","owner":"Sutera Samuel D & Soraya N","point":[-94.58243355001619,39.06933406109645],"permit_status":"cancelled","current_permit":false,"source_url":"https://mapd.kcmo.org/kcgis/rest/services/AGOL/MapServer/6/query","retrieved_at":"2026-10-06T02:34:59.880305+00:00"}},{"type":"Feature","geometry":{"type":"Polygon","coordinates":[[[-94.58938133006178,39.06905964677739],[-94.58892920531058,39.069042672797615],[-94.588925330754,39.0690425613481],[-94.58891864513284,39.069164749398695],[-94.58892257916195,39.069164883683904],[-94.5893743517101,39.06918183622186],[-94.58938133006178,39.06905964677739]]]},"properties":{"parcel":"127720","address":"3202 Central St","owner":"Sloss Christina & Miller Kathleen","point":[-94.58914992466485,39.06911219808804],"permit_status":"denied","current_permit":false,"source_url":"https://mapd.kcmo.org/kcgis/rest/services/AGOL/MapServer/6/query","retrieved_at":"2026-10-06T02:34:59.880305+00:00"}},{"type":"Feature","geometry":{"type":"Polygon","coordinates":[[[-94.58736131852717,39.06536757345748],[-94.58712818128718,39.065359465008264],[-94.58711994545546,39.0655127269238],[-94.5871197731225,39.065515792510965],[-94.58735273601751,39.065523718632576],[-94.58735290760521,39.06552065190161],[-94.58736131852717,39.06536757345748]]]},"properties":{"parcel":"127825","address":"105 W 34th St","owner":"Townsend Jesse & Joslyn","point":[-94.5872405881477,39.06544015019064],"permit_status":"voided-city","current_permit":false,"source_url":"https://mapd.kcmo.org/kcgis/rest/services/AGOL/MapServer/6/query","retrieved_at":"2026-10-06T02:34:59.880305+00:00"}},{"type":"Feature","geometry":{"type":"Polygon","coordinates":[[[-94.5873992777987,39.064685078615135],[-94.58694594858252,39.06466798227688],[-94.58694207350698,39.06466784845285],[-94.58693464043465,39.06480465731654],[-94.58693851551907,39.064804792284825],[-94.58739178668246,39.06482170507609],[-94.5873992777987,39.064685078615135]]]},"properties":{"parcel":"127831","address":"3418 Baltimore Ave","owner":"Dibenedetto Jack L-Trustee","point":[-94.5871669442479,39.06474486796584],"permit_status":"denied","current_permit":false,"source_url":"https://mapd.kcmo.org/kcgis/rest/services/AGOL/MapServer/6/query","retrieved_at":"2026-10-06T02:34:59.880305+00:00"}},{"type":"Feature","geometry":{"type":"Polygon","coordinates":[[[-94.57946769641592,39.103025647040624],[-94.57946381996196,39.10302548894599],[-94.57900532890761,39.103006864485934],[-94.57894270140422,39.1030042670492],[-94.57894249511018,39.103004267188865],[-94.57849990746675,39.10298841226236],[-94.5784947192297,39.103076414269715],[-94.57849022352995,39.10315338846696],[-94.57877693340006,39.1031632625957],[-94.5787737049419,39.10321829280521],[-94.57876493909151,39.10336329300318],[-94.57892090802801,39.103369388766254],[-94.57895661835843,39.10337066935877],[-94.57898601464701,39.103371609291834],[-94.57944326295775,39.10339024439693],[-94.57945296757391,39.10324629544851],[-94.57946183363475,39.10311335324503],[-94.57946769641592,39.103025647040624]]]},"properties":{"parcel":"12794","address":"903 McGee St","owner":"Land Clearance For Redevelopment Authority of Kansas City Mi","point":[-94.57911599464208,39.103190777700455],"permit_status":"denied","current_permit":false,"source_url":"https://mapd.kcmo.org/kcgis/rest/services/AGOL/MapServer/6/query","retrieved_at":"2026-10-06T02:34:59.880305+00:00"}},{"type":"Feature","geometry":{"type":"Polygon","coordinates":[[[-94.57850250160556,39.10294443385275],[-94.57849990746675,39.10298841226236],[-94.57894249511018,39.103004267188865],[-94.57894270140422,39.1030042670492],[-94.57900532890761,39.103006864485934],[-94.57946381996196,39.10302548894599],[-94.57946769641592,39.103025647040624],[-94.57947070047328,39.102980479107345],[-94.57947956520368,39.102847718226755],[-94.57948294511536,39.10279731036019],[-94.57948386939887,39.102783581322974],[-94.5794662205551,39.10278283829105],[-94.5790182729714,39.10276454990404],[-94.57898831891028,39.1027635405707],[-94.57895705467398,39.10276211054044],[-94.57895621912081,39.10277584065752],[-94.57895290041868,39.10282814756399],[-94.57895051214825,39.10287214815365],[-94.57895030658875,39.10287214829285],[-94.57850766048264,39.102856454171466],[-94.57850250160556,39.10294443385275]]]},"properties":{"parcel":"12795","address":"913 McGee St","owner":"Land Clearance For Redevelopment Authority of Kansas City Mi","point":[-94.57899007076948,39.1029082910728],"permit_status":"denied","current_permit":false,"source_url":"https://mapd.kcmo.org/kcgis/rest/services/AGOL/MapServer/6/query","retrieved_at":"2026-10-06T02:34:59.880305+00:00"}},{"type":"Feature","geometry":{"type":"Polygon","coordinates":[[[-94.57951364185482,39.10233601493314],[-94.5790124860486,39.10231563489336],[-94.57900556897884,39.10243267425995],[-94.57899866873998,39.102564814288826],[-94.5789934936417,39.10266400668378],[-94.57898831891028,39.1027635405707],[-94.5790182729714,39.10276454990404],[-94.5794662205551,39.10278283829105],[-94.57948386939887,39.102783581322974],[-94.57948476358227,39.10276985230624],[-94.57948843220838,39.10271505057967],[-94.57949726986548,39.10258242813826],[-94.57950616482968,39.10244987429612],[-94.57951364185482,39.10233601493314]]]},"properties":{"parcel":"12796","address":"933 McGee St","owner":"Land Clearance For Redevelopment Authority of Kansas City Mi","point":[-94.57925198905302,39.102507344292476],"permit_status":"denied","current_permit":false,"source_url":"https://mapd.kcmo.org/kcgis/rest/services/AGOL/MapServer/6/query","retrieved_at":"2026-10-06T02:34:59.880305+00:00"}},{"type":"Feature","geometry":{"type":"Polygon","coordinates":[[[-94.57474984223123,39.068379400677955],[-94.57465494453439,39.06837561748913],[-94.57459961564048,39.06837343345614],[-94.57458354652496,39.06869418698255],[-94.57458340294676,39.06869720791373],[-94.57463964191604,39.068699322157265],[-94.57463967055844,39.06869934559176],[-94.57473453836086,39.06870289943166],[-94.57474984223123,39.068379400677955]]]},"properties":{"parcel":"128060","address":"817 E Linwood Blvd","owner":"Urbanlux Living KC LLC","point":[-94.57466691399361,39.06853679383025],"permit_status":"denied","current_permit":false,"source_url":"https://mapd.kcmo.org/kcgis/rest/services/AGOL/MapServer/6/query","retrieved_at":"2026-10-06T02:34:59.880305+00:00"}},{"type":"Feature","geometry":{"type":"Polygon","coordinates":[[[-94.59710873736695,39.07732620240026],[-94.59677891617409,39.07731432747238],[-94.5966650449099,39.07737670339454],[-94.59666490094432,39.07737876278377],[-94.59666062105218,39.07744713351864],[-94.59665631112615,39.07751555061102],[-94.59666021554328,39.07751568408733],[-94.59709598402996,39.07753127053479],[-94.5971002364153,39.07746294499754],[-94.59710448652744,39.07739457312765],[-94.59710873736695,39.07732620240026]]]},"properties":{"parcel":"128308","address":"2734 Belleview Ave","owner":"Glasser Brian","point":[-94.59688255952676,39.07742085332315],"permit_status":"voided-city","current_permit":false,"source_url":"https://mapd.kcmo.org/kcgis/rest/services/AGOL/MapServer/6/query","retrieved_at":"2026-10-06T02:34:59.880305+00:00"}},{"type":"Feature","geometry":{"type":"Polygon","coordinates":[[[-94.57735580454018,39.06604079167539],[-94.57689096292823,39.06602366332136],[-94.57688705991411,39.0660235291817],[-94.57688261475248,39.066119540618715],[-94.57735133129533,39.06613671105309],[-94.57735153038631,39.06613222627972],[-94.57735580454018,39.06604079167539]]]},"properties":{"parcel":"128391","address":"3300 Holmes St","owner":"3300h Najjar Trust","point":[-94.57711920084176,39.06608016614705],"permit_status":"denied","current_permit":false,"source_url":"https://mapd.kcmo.org/kcgis/rest/services/AGOL/MapServer/6/query","retrieved_at":"2026-10-06T02:34:59.880305+00:00"}},{"type":"Feature","geometry":{"type":"Polygon","coordinates":[[[-94.57736481182116,39.06584888423196],[-94.57690138025568,39.06583173267426],[-94.57689595022804,39.06583153032729],[-94.57689150506458,39.06592751831496],[-94.57689640676938,39.065927698701685],[-94.57736030783228,39.06594484939519],[-94.57736096790538,39.06593112046308],[-94.57736481182116,39.06584888423196]]]},"properties":{"parcel":"128393","address":"3306 Holmes St","owner":"Sapo Verde LLC","point":[-94.57712814993499,39.06588820127346],"permit_status":"voided-city","current_permit":false,"source_url":"https://mapd.kcmo.org/kcgis/rest/services/AGOL/MapServer/6/query","retrieved_at":"2026-10-06T02:34:59.880305+00:00"}},{"type":"Feature","geometry":{"type":"Polygon","coordinates":[[[-94.57860562550124,39.0654250103566],[-94.57860404011457,39.06542524023344],[-94.57859121626709,39.06542719374624],[-94.57857848140722,39.06542933138833],[-94.57856571527232,39.065431719023145],[-94.57855306894179,39.06543429019445],[-94.57854051015455,39.06543706666084],[-94.57852800953691,39.06544002727739],[-94.57851562884886,39.06544328469052],[-94.57850330554452,39.06544667934871],[-94.57849106983498,39.06545032620771],[-94.57847901040108,39.065454131968565],[-94.57846698130308,39.065458166515974],[-94.57845509994272,39.06546243091509],[-94.57844333539903,39.06546683194733],[-94.57843168850701,39.065471461135495],[-94.57842015921848,39.065476275006084],[-94.57840880625517,39.06548129296834],[-94.57839757089394,39.06548649446907],[-94.57838648321803,39.065491878916035],[-94.57837554029234,39.06549744631127],[-94.57836480524499,39.06550321949321],[-94.57835412760637,39.065509153373384],[-94.57834368641055,39.06551524611551],[-94.57833339074912,39.06552156756715],[-94.57832330210628,39.06552798097418],[-94.57831341843188,39.06553462305093],[-94.57830365233387,39.065541425785725],[-94.57829412118583,39.06554836450284],[-94.57828476636566,39.06555551017228],[-94.57827561638683,39.0655627695356],[-94.57826670287723,39.06557021178607],[-94.57825796564376,39.06557781408333],[-94.57824943249263,39.065585507194285],[-94.5782411350783,39.065593384337106],[-94.57823304397351,39.06560137574504],[-94.5782251569758,39.06560948027556],[-94.57821753508914,39.06561779055519],[-94.5782101194124,39.06562612472087],[-94.57820293800317,39.06563464120356],[-94.57819599078704,39.0656432725049],[-94.57818927925491,39.06565203978873],[-94.5781828026497,39.065660921890796],[-94.57817664894584,39.065669849537706],[-94.57817067151846,39.06567893723185],[-94.57816498842591,39.065688115679706],[-94.57816255538184,39.06569219124124],[-94.57859123516322,39.06570892590449],[-94.5785912938637,39.065708925864925],[-94.57860562550124,39.0654250103566]]]},"properties":{"parcel":"128410","address":"3318 Gillham Rd","owner":"Johnson Manor-R2 LLC","point":[-94.57843482170773,39.065566490660835],"permit_status":"denied","current_permit":false,"source_url":"https://mapd.kcmo.org/kcgis/rest/services/AGOL/MapServer/6/query","retrieved_at":"2026-10-06T02:34:59.880305+00:00"}},{"type":"Feature","geometry":{"type":"Polygon","coordinates":[[[-94.57625661315282,39.06356805229099],[-94.57601197772695,39.06355956361078],[-94.57600489854327,39.063691521416395],[-94.57599744539183,39.06382920024242],[-94.57598999069535,39.063966833304015],[-94.57623436558895,39.06397669504946],[-94.57624190773788,39.06383894808331],[-94.57624947749309,39.063700971715015],[-94.57625661315282,39.06356805229099]]]},"properties":{"parcel":"128501","address":"3457 Holmes St","owner":"Holmes LLC","point":[-94.57612343809332,39.063765085978716],"permit_status":"denied","current_permit":false,"source_url":"https://mapd.kcmo.org/kcgis/rest/services/AGOL/MapServer/6/query","retrieved_at":"2026-10-06T02:34:59.880305+00:00"}},{"type":"Feature","geometry":{"type":"Polygon","coordinates":[[[-94.60573951410936,39.06562491408214],[-94.60571106046078,39.06555648160385],[-94.6052960849233,39.06554184662637],[-94.60529215179926,39.06554171289254],[-94.60533099553216,39.06560999994885],[-94.60533489857697,39.065610134280554],[-94.60573951410936,39.06562491408214]]]},"properties":{"parcel":"129156","address":"3414 Genessee St","owner":"Malmstrom Joshua","point":[-94.60551898040448,39.06558324077635],"permit_status":"denied","current_permit":false,"source_url":"https://mapd.kcmo.org/kcgis/rest/services/AGOL/MapServer/6/query","retrieved_at":"2026-10-06T02:34:59.880305+00:00"}},{"type":"Feature","geometry":{"type":"Polygon","coordinates":[[[-94.59651460056959,39.070265134593335],[-94.59602081416857,39.07024753501923],[-94.59601691088689,39.07024740152024],[-94.59600908388133,39.07038478316855],[-94.59650263779038,39.07040339031128],[-94.5965065704345,39.07040352434171],[-94.59650983983165,39.07034716621613],[-94.59651305318454,39.07029222617417],[-94.59651460056959,39.070265134593335]]]},"properties":{"parcel":"129302","address":"3120 Karnes Blvd","owner":"Rauth Scott T & Anne","point":[-94.59626211928551,39.07031969619515],"permit_status":"denied","current_permit":false,"source_url":"https://mapd.kcmo.org/kcgis/rest/services/AGOL/MapServer/6/query","retrieved_at":"2026-10-06T02:34:59.880305+00:00"}},{"type":"Feature","geometry":{"type":"Polygon","coordinates":[[[-94.5994302307037,39.06756169655346],[-94.59895389679977,39.06754347729133],[-94.59894999289519,39.06754332043805],[-94.59894987660937,39.067544121365245],[-94.59894845348919,39.06755439663052],[-94.59894673529371,39.067564602359624],[-94.59894475364138,39.06757478600344],[-94.59894247914836,39.06758492413403],[-94.59893993899614,39.067595039609095],[-94.59893710600298,39.067605109570906],[-94.59893403813703,39.06761513397028],[-94.5989306480789,39.06762511288124],[-94.5989270502344,39.06763500101707],[-94.5989231015467,39.06764481966393],[-94.5989189488363,39.06765461560286],[-94.59891450028695,39.06766432141338],[-94.59890973040478,39.067674072113796],[-94.5994181456822,39.06769265432861],[-94.59942202094665,39.067692788309785],[-94.59942908186306,39.06757965897233],[-94.5994302307037,39.06756169655346]]]},"properties":{"parcel":"129513","address":"3304 West Coleman Rd","owner":"Mary M Posten Revocable Trust Dated 3/23/1999","point":[-94.59917944970024,39.067620123425755],"permit_status":"voided-city","current_permit":false,"source_url":"https://mapd.kcmo.org/kcgis/rest/services/AGOL/MapServer/6/query","retrieved_at":"2026-10-06T02:34:59.880305+00:00"}},{"type":"Feature","geometry":{"type":"Polygon","coordinates":[[[-94.59275167898228,39.060862934184215],[-94.59274395851295,39.0608626199922],[-94.592282257971,39.06084426913393],[-94.59227374757612,39.060980006164485],[-94.59273703509274,39.06099821679266],[-94.59274310901857,39.06099844077113],[-94.59275167898228,39.060862934184215]]]},"properties":{"parcel":"129645","address":"3609 Pennsylvania Ave","owner":"Salzman Michael Douglas","point":[-94.59251269729228,39.06092147017435],"permit_status":"denied","current_permit":false,"source_url":"https://mapd.kcmo.org/kcgis/rest/services/AGOL/MapServer/6/query","retrieved_at":"2026-10-06T02:34:59.880305+00:00"}},{"type":"Feature","geometry":{"type":"Polygon","coordinates":[[[-94.59333061348374,39.06245381119708],[-94.59288349110223,39.0624383123096],[-94.59287763134863,39.06255796086443],[-94.59332343558998,39.062574834250654],[-94.59333061348374,39.06245381119708]]]},"properties":{"parcel":"129704","address":"3558 Pennsylvania Ave","owner":"Nelson Nicole Renee","point":[-94.59310385330846,39.062505886030756],"permit_status":"voided-city","current_permit":false,"source_url":"https://mapd.kcmo.org/kcgis/rest/services/AGOL/MapServer/6/query","retrieved_at":"2026-10-06T02:34:59.880305+00:00"}},{"type":"Feature","geometry":{"type":"Polygon","coordinates":[[[-94.59332429318079,39.06282551598727],[-94.59286548776527,39.062809636834835],[-94.59286534102014,39.0628096369517],[-94.59286325516533,39.06285286050812],[-94.59286105406923,39.06289773100395],[-94.59286586752668,39.06289788790905],[-94.59331490066323,39.06291407175783],[-94.59331889305233,39.06291420642034],[-94.5933216505156,39.062869151852205],[-94.59332429318079,39.06282551598727]]]},"properties":{"parcel":"129708","address":"3548 Pennsylvania Ave","owner":"Huell Jessica Whitney & Brian Keith Gamble","point":[-94.593092499708,39.062861006180164],"permit_status":"denied","current_permit":false,"source_url":"https://mapd.kcmo.org/kcgis/rest/services/AGOL/MapServer/6/query","retrieved_at":"2026-10-06T02:34:59.880305+00:00"}},{"type":"Feature","geometry":{"type":"Polygon","coordinates":[[[-94.59097837831497,39.062333944412636],[-94.59061373353987,39.062322032814556],[-94.59059764368469,39.06259235950917],[-94.59059089225143,39.062706266122696],[-94.59095545238948,39.06271872585262],[-94.59095562384557,39.062715683139885],[-94.59096217424319,39.0626056669765],[-94.59097837831497,39.062333944412636]]]},"properties":{"parcel":"129712","address":"3560 Broadway Blvd","owner":"3560 Broadway LLC","point":[-94.59078800359742,39.0624631519609],"permit_status":"denied","current_permit":false,"source_url":"https://mapd.kcmo.org/kcgis/rest/services/AGOL/MapServer/6/query","retrieved_at":"2026-10-06T02:34:59.880305+00:00"}},{"type":"Feature","geometry":{"type":"Polygon","coordinates":[[[-94.60000721974154,39.05772484142296],[-94.59955176442442,39.057708551510004],[-94.59954650902911,39.05781612517823],[-94.59957462648765,39.05781724521824],[-94.59965222290847,39.057820404570606],[-94.59970088369828,39.05782235361683],[-94.59984119889609,39.057828000129554],[-94.60000205971473,39.05783452006781],[-94.60000721974154,39.05772484142296]]]},"properties":{"parcel":"129784","address":"3807 Roanoke Rd","owner":"Hickok Homes LLC","point":[-94.599776905626,39.057770483300594],"permit_status":"denied","current_permit":false,"source_url":"https://mapd.kcmo.org/kcgis/rest/services/AGOL/MapServer/6/query","retrieved_at":"2026-10-06T02:34:59.880305+00:00"}},{"type":"Feature","geometry":{"type":"Polygon","coordinates":[[[-94.55740237079736,39.08469723327263],[-94.5568854482802,39.08467904528051],[-94.55688177838736,39.084678886905515],[-94.55688160150473,39.08467888699182],[-94.55687750414391,39.08476608753567],[-94.55687765093465,39.084766087464075],[-94.5568813780988,39.08476626869198],[-94.55739824366984,39.084784045448245],[-94.55740237079736,39.08469723327263]]]},"properties":{"parcel":"12983","address":"2228 Brooklyn Ave","owner":"Flaig Rental Properties LLC","point":[-94.55713992795161,39.08473166036835],"permit_status":"denied","current_permit":false,"source_url":"https://mapd.kcmo.org/kcgis/rest/services/AGOL/MapServer/6/query","retrieved_at":"2026-10-06T02:34:59.880305+00:00"}},{"type":"Feature","geometry":{"type":"Polygon","coordinates":[[[-94.59640623567664,39.05837728426673],[-94.59594487451238,39.05836098458103],[-94.59594136816105,39.05841567269964],[-94.59593702831238,39.05848280868608],[-94.5959361664429,39.058496515596644],[-94.5963936832141,39.058513321300204],[-94.5963976166649,39.05851345476219],[-94.59640275838728,39.05843204101745],[-94.59640623567664,39.05837728426673]]]},"properties":{"parcel":"129847","address":"3731 Madison Ave","owner":"Kriefall Katherine & Jacob","point":[-94.59616991222525,39.05845742485177],"permit_status":"denied","current_permit":false,"source_url":"https://mapd.kcmo.org/kcgis/rest/services/AGOL/MapServer/6/query","retrieved_at":"2026-10-06T02:34:59.880305+00:00"}},{"type":"Feature","geometry":{"type":"Polygon","coordinates":[[[-94.5958953800009,39.05913087435674],[-94.59589135920716,39.05913074037765],[-94.59543260563788,39.05911423117002],[-94.59542491602592,39.05922282939504],[-94.595419097675,39.059304450139386],[-94.59588298812413,39.05932136817527],[-94.59588313486205,39.05932136805463],[-94.59588833798094,39.059240387885175],[-94.59589190169316,39.05918519635006],[-94.5958953800009,39.05913087435674]]]},"properties":{"parcel":"129854","address":"3710 Summit St","owner":"Enceladus Investments 2 LLC","point":[-94.59565846754819,39.05920401287255],"permit_status":"denied","current_permit":false,"source_url":"https://mapd.kcmo.org/kcgis/rest/services/AGOL/MapServer/6/query","retrieved_at":"2026-10-06T02:34:59.880305+00:00"}},{"type":"Feature","geometry":{"type":"Polygon","coordinates":[[[-94.59179560704878,39.05823859391539],[-94.59132864047903,39.058221274193514],[-94.5913207161204,39.05835691751797],[-94.59178741804277,39.05837371179152],[-94.59179560704878,39.05823859391539]]]},"properties":{"parcel":"129920","address":"3783 Washington St","owner":"Hawkins Chani","point":[-94.59155809692584,39.05829775571668],"permit_status":"denied","current_permit":false,"source_url":"https://mapd.kcmo.org/kcgis/rest/services/AGOL/MapServer/6/query","retrieved_at":"2026-10-06T02:34:59.880305+00:00"}},{"type":"Feature","geometry":{"type":"Polygon","coordinates":[[[-94.59239436116212,39.05905993204905],[-94.59192630494799,39.05904284439665],[-94.59191782476121,39.059179609341804],[-94.59190934448512,39.05931633023756],[-94.59237719691889,39.05933330371364],[-94.59238547734478,39.05920212068027],[-94.5923857637548,39.05919669883638],[-94.59239436116212,39.05905993204905]]]},"properties":{"parcel":"129934","address":"3758 Washington St","owner":"Middleton Wesley A & Angela D","point":[-94.59215179782808,39.05918815408909],"permit_status":"voided-city","current_permit":false,"source_url":"https://mapd.kcmo.org/kcgis/rest/services/AGOL/MapServer/6/query","retrieved_at":"2026-10-06T02:34:59.880305+00:00"}},{"type":"Feature","geometry":{"type":"Polygon","coordinates":[[[-94.5927951761958,39.06017084502875],[-94.59232555830455,39.06015467546138],[-94.59232394826608,39.06018092106466],[-94.59231699192732,39.0602918077149],[-94.59278655129553,39.06030797736257],[-94.5927951761958,39.06017084502875]]]},"properties":{"parcel":"129954","address":"3631 Pennsylvania Ave","owner":"Cayenne Properties LLC","point":[-94.59255576273519,39.06023636438978],"permit_status":"voided-city","current_permit":false,"source_url":"https://mapd.kcmo.org/kcgis/rest/services/AGOL/MapServer/6/query","retrieved_at":"2026-10-06T02:34:59.880305+00:00"}},{"type":"Feature","geometry":{"type":"Polygon","coordinates":[[[-94.59472063922793,39.0585252172734],[-94.59425575596879,39.058507381321846],[-94.59424654668607,39.058644169917095],[-94.59471110872347,39.05866198385655],[-94.59472063922793,39.0585252172734]]]},"properties":{"parcel":"129969","address":"3724 Jefferson St","owner":"Stephens Matthew T & Whitsitt Rachel","point":[-94.59448352278918,39.05858469359525],"permit_status":"voided-city","current_permit":false,"source_url":"https://mapd.kcmo.org/kcgis/rest/services/AGOL/MapServer/6/query","retrieved_at":"2026-10-06T02:34:59.880305+00:00"}},{"type":"Feature","geometry":{"type":"Polygon","coordinates":[[[-94.60440874316562,39.064148858995246],[-94.60440804518788,39.064054087233025],[-94.60398250740107,39.06403522521977],[-94.60398285284805,39.064130156321184],[-94.60440874316562,39.064148858995246]]]},"properties":{"parcel":"130060","address":"3508 Wyoming St","owner":"Kirstein Ryan","point":[-94.60419551987451,39.06409212177711],"permit_status":"denied","current_permit":false,"source_url":"https://mapd.kcmo.org/kcgis/rest/services/AGOL/MapServer/6/query","retrieved_at":"2026-10-06T02:34:59.880305+00:00"}},{"type":"Feature","geometry":{"type":"Polygon","coordinates":[[[-94.60441723513884,39.062382428954415],[-94.60441619215032,39.06227209850485],[-94.60435628765073,39.06226970330177],[-94.60399263287023,39.062254216906176],[-94.60398922821007,39.06225408322904],[-94.60398916951249,39.06225408328138],[-94.60398870066555,39.06225408369942],[-94.60398488395614,39.06225415574505],[-94.60398062851587,39.06225425106255],[-94.60397261864088,39.06225535648383],[-94.60396496165963,39.06225744489382],[-94.60395777550268,39.06226038119058],[-94.60395126563995,39.062264184639744],[-94.60394557788358,39.06226872011457],[-94.60394086097656,39.06227384962554],[-94.60393717208211,39.062279527360175],[-94.60393468622392,39.06228552435425],[-94.60393337471928,39.062291794299696],[-94.60393332458173,39.062298132907564],[-94.60394122577769,39.06236251253404],[-94.60441723513884,39.062382428954415]]]},"properties":{"parcel":"130096","address":"3560 Wyoming St","owner":"Brock Kathleen D","point":[-94.60417700887095,39.0623303227208],"permit_status":"cancelled","current_permit":false,"source_url":"https://mapd.kcmo.org/kcgis/rest/services/AGOL/MapServer/6/query","retrieved_at":"2026-10-06T02:34:59.880305+00:00"}},{"type":"Feature","geometry":{"type":"Polygon","coordinates":[[[-94.6071820286414,39.05899273212066],[-94.60669212822647,39.05899075537476],[-94.60669129779332,39.059121474984785],[-94.60669127601095,39.05912698928875],[-94.60669039454682,39.05926329072479],[-94.60717580467099,39.05926346401665],[-94.60717994340905,39.05926346021323],[-94.60718099872162,39.059127272446375],[-94.6071820286414,39.05899273212066]]]},"properties":{"parcel":"130230","address":"1820 W 38th St","owner":"Stanley House LLC","point":[-94.60693613745039,39.059127130867566],"permit_status":"denied","current_permit":false,"source_url":"https://mapd.kcmo.org/kcgis/rest/services/AGOL/MapServer/6/query","retrieved_at":"2026-10-06T02:34:59.880305+00:00"}},{"type":"Feature","geometry":{"type":"Polygon","coordinates":[[[-94.60601643963814,39.0573866700078],[-94.60552532585547,39.05737089230294],[-94.6055253012766,39.05737409564472],[-94.60552437191625,39.057577805294486],[-94.60552369741326,39.05771614239565],[-94.60552305135383,39.05785436677962],[-94.60601347127985,39.0578547914983],[-94.6060143205169,39.05771668247572],[-94.60601522904008,39.05757848072851],[-94.60601643963814,39.0573866700078]]]},"properties":{"parcel":"130253","address":"1712 W 39th St","owner":"1714 Bell Plaza LLC","point":[-94.60576940478592,39.05764731156208],"permit_status":"cancelled","current_permit":false,"source_url":"https://mapd.kcmo.org/kcgis/rest/services/AGOL/MapServer/6/query","retrieved_at":"2026-10-06T02:34:59.880305+00:00"}},{"type":"Feature","geometry":{"type":"Polygon","coordinates":[[[-94.60670158091715,39.05772616792902],[-94.6067005274196,39.05786416388242],[-94.60669950155632,39.05800199906927],[-94.6071873389087,39.05800269578424],[-94.60719183047114,39.058002691656164],[-94.60719323612041,39.057864833807564],[-94.6071946113357,39.05772674545907],[-94.60719604639768,39.05758845226868],[-94.60719760208961,39.05743386836864],[-94.60671802209403,39.05741831446548],[-94.60670510885335,39.05741789097244],[-94.60670366341296,39.057587945654525],[-94.6067026061899,39.05758794490573],[-94.60670158091715,39.05772616792902]]]},"properties":{"parcel":"130273","address":"3895 State Line Rd","owner":"W 39th Apartments Spe LLC","point":[-94.60694871176752,39.05765731009885],"permit_status":"denied","current_permit":false,"source_url":"https://mapd.kcmo.org/kcgis/rest/services/AGOL/MapServer/6/query","retrieved_at":"2026-10-06T02:34:59.880305+00:00"}},{"type":"Feature","geometry":{"type":"Polygon","coordinates":[[[-94.60131752711166,39.0578878411409],[-94.60083474369426,39.05787032038565],[-94.60083084035176,39.057870187047286],[-94.6008255778548,39.05800752247159],[-94.60082948047283,39.05800765695481],[-94.60099072161884,39.05801351108348],[-94.60115789045551,39.058019567491655],[-94.60131616817617,39.05802531105245],[-94.60131752711166,39.0578878411409]]]},"properties":{"parcel":"130356","address":"3811 Mercier St","owner":"G1 Real Estate 010 LLC","point":[-94.6010724032152,39.05794768180624],"permit_status":"voided-city","current_permit":false,"source_url":"https://mapd.kcmo.org/kcgis/rest/services/AGOL/MapServer/6/query","retrieved_at":"2026-10-06T02:34:59.880305+00:00"}},{"type":"Feature","geometry":{"type":"Polygon","coordinates":[[[-94.60484436166305,39.05677543729637],[-94.60483966598201,39.056775280779455],[-94.60472899523938,39.056771490464904],[-94.60439953311891,39.056759499969345],[-94.60439648199525,39.05680048174192],[-94.60439248401245,39.05685512423263],[-94.60472291501517,39.0568671155938],[-94.60483170839206,39.056870861267726],[-94.60483631603972,39.056871017864104],[-94.60484436166305,39.05677543729637]]]},"properties":{"parcel":"130543","address":"3911 Genessee St","owner":"Luong Jennifer & Joshua Hammack","point":[-94.60461721835709,39.05682780298727],"permit_status":"denied","current_permit":false,"source_url":"https://mapd.kcmo.org/kcgis/rest/services/AGOL/MapServer/6/query","retrieved_at":"2026-10-06T02:34:59.880305+00:00"}},{"type":"Feature","geometry":{"type":"Polygon","coordinates":[[[-94.60241298527946,39.05473367325918],[-94.60234161289131,39.05473117325222],[-94.60228805425776,39.054729298244034],[-94.60228264847582,39.0548262263265],[-94.60226465490264,39.055149068781205],[-94.60226454071197,39.055151791132005],[-94.60226448394957,39.05515211151385],[-94.60231789630474,39.05515407818433],[-94.60238912251991,39.05515666928522],[-94.60238915067035,39.05515634950046],[-94.6023892935015,39.05515365000526],[-94.60240219718838,39.05492476082838],[-94.60240732037484,39.05483444555997],[-94.60241298527946,39.05473367325918]]]},"properties":{"parcel":"130591","address":"1311 W 40th St","owner":"Carrillo Dustin L & Lori","point":[-94.60233339013278,39.05503691480479],"permit_status":"denied","current_permit":false,"source_url":"https://mapd.kcmo.org/kcgis/rest/services/AGOL/MapServer/6/query","retrieved_at":"2026-10-06T02:34:59.880305+00:00"}},{"type":"Feature","geometry":{"type":"Polygon","coordinates":[[[-94.6027682597881,39.05464298133809],[-94.6027277612133,39.054641918734454],[-94.60270666130502,39.05464115936777],[-94.60252588206797,39.054634843139226],[-94.60241879351877,39.05463107036132],[-94.60241298527946,39.05473367325918],[-94.60252004460456,39.05473742318709],[-94.60269994219865,39.05474369443908],[-94.60272104357155,39.05474443092478],[-94.6027614827466,39.054745470702194],[-94.6027682597881,39.05464298133809]]]},"properties":{"parcel":"130604","address":"4015 Terrace St","owner":"Blodgett William & Huebner Amanda","point":[-94.60259040679088,39.054688327298635],"permit_status":"voided-city","current_permit":false,"source_url":"https://mapd.kcmo.org/kcgis/rest/services/AGOL/MapServer/6/query","retrieved_at":"2026-10-06T02:34:59.880305+00:00"}},{"type":"Feature","geometry":{"type":"Polygon","coordinates":[[[-94.60063751654634,39.05475839651809],[-94.60052673137609,39.05475483112045],[-94.60052658893058,39.0547578520894],[-94.60052479554658,39.054796407892084],[-94.60051821226651,39.05493488798484],[-94.6005112626224,39.0550830252581],[-94.60062190152469,39.055087071866325],[-94.6006220439668,39.055084050897456],[-94.60062896834029,39.054938431106585],[-94.60063555000201,39.05479999677089],[-94.60063740275088,39.05476144091533],[-94.60063751654634,39.05475839651809]]]},"properties":{"parcel":"130634","address":"1209 W 40th St","owner":"Bartlett Maxewell & Serena","point":[-94.60057688099859,39.05486744237787],"permit_status":"denied","current_permit":false,"source_url":"https://mapd.kcmo.org/kcgis/rest/services/AGOL/MapServer/6/query","retrieved_at":"2026-10-06T02:34:59.880305+00:00"}},{"type":"Feature","geometry":{"type":"Polygon","coordinates":[[[-94.60574302525481,39.0539700266828],[-94.6052701608911,39.05395523866601],[-94.60526628710151,39.05395510544919],[-94.60525861690228,39.05408603669226],[-94.6052624906659,39.054086147600486],[-94.60573837817077,39.05410072640708],[-94.60574184243261,39.054003342869535],[-94.60574302525481,39.0539700266828]]]},"properties":{"parcel":"130760","address":"4104 Genessee St","owner":"Cissel Trevor Michael &  Garcia Cissell Sydney Alaina","point":[-94.60550070533273,39.054044689780895],"permit_status":"cancelled","current_permit":false,"source_url":"https://mapd.kcmo.org/kcgis/rest/services/AGOL/MapServer/6/query","retrieved_at":"2026-10-06T02:34:59.880305+00:00"}},{"type":"Feature","geometry":{"type":"Polygon","coordinates":[[[-94.60682160185895,39.05314245012946],[-94.60641142424376,39.05312843358786],[-94.60641067496516,39.05317666657375],[-94.60640960468939,39.05324565337305],[-94.60682066186877,39.05325967025892],[-94.6068212343111,39.05319066045926],[-94.60682160185895,39.05314245012946]]]},"properties":{"parcel":"130802","address":"4130 Bell St","owner":"Guilfoil Cameron","point":[-94.6066155187504,39.05321815691615],"permit_status":"denied","current_permit":false,"source_url":"https://mapd.kcmo.org/kcgis/rest/services/AGOL/MapServer/6/query","retrieved_at":"2026-10-06T02:34:59.880305+00:00"}},{"type":"Feature","geometry":{"type":"Polygon","coordinates":[[[-94.5941576357893,39.05551560493757],[-94.59394659839629,39.05550749224828],[-94.5939290771878,39.05550681993456],[-94.5937706899032,39.055501181407855],[-94.593788346699,39.05513958092506],[-94.593788188256,39.05513072558599],[-94.5937815851371,39.05513050208704],[-94.59324091873607,39.0551097942316],[-94.5932305352741,39.05531499754834],[-94.59322015322199,39.0555202019998],[-94.59320347722927,39.055849402862684],[-94.59413955104112,39.05588562595448],[-94.5941576357893,39.05551560493757]]]},"properties":{"parcel":"131115","address":"615 W 39th Ter","owner":"Westport Manor LLC","point":[-94.59350053047555,39.05540808947809],"permit_status":"denied","current_permit":false,"source_url":"https://mapd.kcmo.org/kcgis/rest/services/AGOL/MapServer/6/query","retrieved_at":"2026-10-06T02:34:59.880305+00:00"}},{"type":"Feature","geometry":{"type":"Polygon","coordinates":[[[-94.59435277306517,39.055152327935566],[-94.59417569097633,39.05514556103737],[-94.5941576357893,39.05551560493757],[-94.59433468951485,39.055522417075],[-94.59435277306517,39.055152327935566]]]},"properties":{"parcel":"131131","address":"620 W 40th St","owner":"Stewardship Portfolio LLC","point":[-94.5942551980086,39.055333966436564],"permit_status":"denied","current_permit":false,"source_url":"https://mapd.kcmo.org/kcgis/rest/services/AGOL/MapServer/6/query","retrieved_at":"2026-10-06T02:34:59.880305+00:00"}},{"type":"Feature","geometry":{"type":"Polygon","coordinates":[[[-94.59223979003312,39.05597139123108],[-94.59214276650252,39.055967623939566],[-94.59213242926727,39.05616520833862],[-94.59222951161073,39.056168860615685],[-94.59223979003312,39.05597139123108]]]},"properties":{"parcel":"131151","address":"512 W 39th Ter","owner":"Newport Nathan Allen","point":[-94.59218612260496,39.056068299784855],"permit_status":"cancelled","current_permit":false,"source_url":"https://mapd.kcmo.org/kcgis/rest/services/AGOL/MapServer/6/query","retrieved_at":"2026-10-06T02:34:59.880305+00:00"}},{"type":"Feature","geometry":{"type":"Polygon","coordinates":[[[-94.59940389876337,39.054164094884584],[-94.59931576298875,39.05398842202461],[-94.5991544340889,39.05403908081828],[-94.59924303886179,39.05421461554248],[-94.59940389876337,39.054164094884584]]]},"properties":{"parcel":"131180","address":"1116 W 41st Ter","owner":"Molina Brande & Aaron","point":[-94.59927926226936,39.054101587851434],"permit_status":"denied","current_permit":false,"source_url":"https://mapd.kcmo.org/kcgis/rest/services/AGOL/MapServer/6/query","retrieved_at":"2026-10-06T02:34:59.880305+00:00"}},{"type":"Feature","geometry":{"type":"Polygon","coordinates":[[[-94.600156192914,39.05393091302797],[-94.60015220369188,39.05393215202046],[-94.60005156425905,39.05396374535185],[-94.5998959557776,39.05401261498411],[-94.59989208389561,39.054013830986364],[-94.59990506262989,39.05403985772508],[-94.59998160517175,39.05419291089883],[-94.60014149693731,39.054142985528166],[-94.60014698281215,39.0541412424439],[-94.6001504793585,39.054061797070005],[-94.600156192914,39.05393091302797]]]},"properties":{"parcel":"131188","address":"1135 W 41st St","owner":"Mickelson Coryn E","point":[-94.60004231557954,39.054101519756955],"permit_status":"denied","current_permit":false,"source_url":"https://mapd.kcmo.org/kcgis/rest/services/AGOL/MapServer/6/query","retrieved_at":"2026-10-06T02:34:59.880305+00:00"}},{"type":"Feature","geometry":{"type":"Polygon","coordinates":[[[-94.59778512809093,39.055216404341834],[-94.59773878190927,39.0551247361171],[-94.59747325570711,39.055207238488364],[-94.59751919094506,39.0552990438742],[-94.59752309225249,39.05529780504553],[-94.59778512809093,39.055216404341834]]]},"properties":{"parcel":"131321","address":"3952 Clark Ave","owner":"Gutierrez Properties LLC","point":[-94.59762917991097,39.0552118214151],"permit_status":"denied","current_permit":false,"source_url":"https://mapd.kcmo.org/kcgis/rest/services/AGOL/MapServer/6/query","retrieved_at":"2026-10-06T02:34:59.880305+00:00"}},{"type":"Feature","geometry":{"type":"Polygon","coordinates":[[[-94.59846723528447,39.05495668179394],[-94.5983829872026,39.05479017962495],[-94.59824564989931,39.05483308375503],[-94.5983298093538,39.05499935614415],[-94.59846723528447,39.05495668179394]]]},"properties":{"parcel":"131328","address":"1024 W 41st St","owner":"Motter William Colhoun IV & Jaime Davis","point":[-94.59835644772812,39.054894882774484],"permit_status":"denied","current_permit":false,"source_url":"https://mapd.kcmo.org/kcgis/rest/services/AGOL/MapServer/6/query","retrieved_at":"2026-10-06T02:34:59.880305+00:00"}},{"type":"Feature","geometry":{"type":"Polygon","coordinates":[[[-94.55610822265132,39.085384926919126],[-94.55564608030107,39.0853702981978],[-94.55564435038102,39.08541050049984],[-94.55564132307514,39.08548092946214],[-94.55563911158147,39.08554344129518],[-94.55610134401314,39.08555825132999],[-94.5561035248809,39.08549558048196],[-94.55610649301092,39.08542515153647],[-94.55610822265132,39.085384926919126]]]},"properties":{"parcel":"13150","address":"2202 Park Ave","owner":"Fondren Quinnee L","point":[-94.55587391975932,39.0854530404993],"permit_status":"denied","current_permit":false,"source_url":"https://mapd.kcmo.org/kcgis/rest/services/AGOL/MapServer/6/query","retrieved_at":"2026-10-06T02:34:59.880305+00:00"}},{"type":"Feature","geometry":{"type":"Polygon","coordinates":[[[-94.57407836892031,39.06096447276459],[-94.57363833190507,39.060947178948496],[-94.57361332757475,39.06094616509571],[-94.57360485237521,39.06109441542993],[-94.57360323915572,39.06112287964491],[-94.5736289487147,39.061123962841144],[-94.57406851860623,39.06114185131834],[-94.57407194639555,39.06108066633892],[-94.57407462393743,39.061031744823275],[-94.57407836892031,39.06096447276459]]]},"properties":{"parcel":"131612","address":"3611 Campbell St","owner":"Talley Michele Morgan","point":[-94.57384016096432,39.061056205581096],"permit_status":"voided-city","current_permit":false,"source_url":"https://mapd.kcmo.org/kcgis/rest/services/AGOL/MapServer/6/query","retrieved_at":"2026-10-06T02:34:59.880305+00:00"}},{"type":"Feature","geometry":{"type":"Polygon","coordinates":[[[-94.5735127087659,39.06223627327342],[-94.57351176958036,39.062236250984576],[-94.57311205041164,39.0622185636753],[-94.5731111985155,39.06221851844768],[-94.5731068195955,39.062298123630484],[-94.57310171772548,39.06238889511424],[-94.57350314167323,39.062406695787836],[-94.57350821228529,39.06231599294919],[-94.5735127087659,39.06223627327342]]]},"properties":{"parcel":"131704","address":"3522 Harrison Blvd","owner":"Free Thomas & Skyla","point":[-94.57330751682494,39.06230705828983],"permit_status":"denied","current_permit":false,"source_url":"https://mapd.kcmo.org/kcgis/rest/services/AGOL/MapServer/6/query","retrieved_at":"2026-10-06T02:34:59.880305+00:00"}},{"type":"Feature","geometry":{"type":"Polygon","coordinates":[[[-94.5553746412399,39.08692112481082],[-94.55491929735818,39.08690362989368],[-94.55491542332727,39.08690349500579],[-94.55491524874547,39.08690646958464],[-94.55491175665472,39.08698431151769],[-94.55491112136383,39.0869979945012],[-94.55491508494599,39.086998130491075],[-94.55537047082342,39.08701411413124],[-94.55537106290039,39.087000660545264],[-94.5553746412399,39.08692112481082]]]},"properties":{"parcel":"13175","address":"2027 Park Ave","owner":"Summitz LLC","point":[-94.55514319690903,39.086952718164255],"permit_status":"denied","current_permit":false,"source_url":"https://mapd.kcmo.org/kcgis/rest/services/AGOL/MapServer/6/query","retrieved_at":"2026-10-06T02:34:59.880305+00:00"}},{"type":"Feature","geometry":{"type":"Polygon","coordinates":[[[-94.57707476503998,39.06128171878166],[-94.57660294062761,39.0612640910628],[-94.57659830267269,39.061263933371116],[-94.57659055224521,39.06139680751047],[-94.57659035086098,39.06140056067279],[-94.5765870086779,39.06145748982942],[-94.57658663243018,39.06146373769028],[-94.5765864882834,39.06146614027328],[-94.57658646036018,39.06146678038315],[-94.5765864029493,39.061467970796635],[-94.57658640428359,39.061469205789145],[-94.57658640537129,39.061470212545466],[-94.57658643851822,39.06147304917603],[-94.57658679336161,39.061476870615536],[-94.57658729633225,39.061479936317966],[-94.5765876214809,39.061481399906285],[-94.57658821139316,39.06148412291103],[-94.57658938943604,39.06148791978503],[-94.576591036668,39.0614920372547],[-94.57659127200047,39.06149254105069],[-94.57659277213669,39.06149565243194],[-94.57659474155909,39.06149917421607],[-94.57659700583588,39.06150260485515],[-94.57659947474447,39.06150596671729],[-94.57660226633789,39.06150919051033],[-94.57660520457641,39.06151232382764],[-94.57660843612653,39.061515296214345],[-94.576611872944,39.061518108872214],[-94.57661551431737,39.06152078239452],[-94.57661927511428,39.06152329681637],[-94.57662326830118,39.061525628610724],[-94.57662740805712,39.06152779957074],[-94.57663169577597,39.06152974162496],[-94.57663610000697,39.061531546317426],[-94.57664062067589,39.06153314500562],[-94.57664528928225,39.06153449133519],[-94.57665007435246,39.06153565568528],[-94.57665485844105,39.06153659065541],[-94.57665981991508,39.06153736534286],[-94.57666475103477,39.06153788836081],[-94.5766697707117,39.061538205964766],[-94.57667654980621,39.061538498386895],[-94.57705883135685,39.061554010753255],[-94.57706678398733,39.061418276919866],[-94.57707421688642,39.06129110028917],[-94.57707476503998,39.06128171878166]]]},"properties":{"parcel":"131826","address":"3600 Holmes St","owner":"Stogsdill Shawn & Hruby Laurent","point":[-94.57682856626252,39.06140941879633],"permit_status":"cancelled","current_permit":false,"source_url":"https://mapd.kcmo.org/kcgis/rest/services/AGOL/MapServer/6/query","retrieved_at":"2026-10-06T02:34:59.880305+00:00"}},{"type":"Feature","geometry":{"type":"Polygon","coordinates":[[[-94.58761869908632,39.060887679822315],[-94.58716369027545,39.06086925733871],[-94.58715517192874,39.06100709789851],[-94.58761053425137,39.06102529019654],[-94.58761869908632,39.060887679822315]]]},"properties":{"parcel":"132193","address":"3620 Baltimore Ave","owner":"Cunningham Lee Ross Trust","point":[-94.58738700911564,39.06094738886041],"permit_status":"denied","current_permit":false,"source_url":"https://mapd.kcmo.org/kcgis/rest/services/AGOL/MapServer/6/query","retrieved_at":"2026-10-06T02:34:59.880305+00:00"}},{"type":"Feature","geometry":{"type":"Polygon","coordinates":[[[-94.58808565393828,39.060906363790544],[-94.58761869908632,39.060887679822315],[-94.58761053425137,39.06102529019654],[-94.58807731360739,39.06104372435599],[-94.58807740091856,39.06104372429005],[-94.5880837553707,39.060937872716195],[-94.58808565393828,39.060906363790544]]]},"properties":{"parcel":"132201","address":"3627 Wyandotte St","owner":"Jda Wyandotte Inc","point":[-94.5878471295407,39.06098158145637],"permit_status":"cancelled","current_permit":false,"source_url":"https://mapd.kcmo.org/kcgis/rest/services/AGOL/MapServer/6/query","retrieved_at":"2026-10-06T02:34:59.880305+00:00"}},{"type":"Feature","geometry":{"type":"Polygon","coordinates":[[[-94.58532757110694,39.059451065194686],[-94.58486235825525,39.05943314571201],[-94.58485531449345,39.05943287626691],[-94.58484984675327,39.059523373999916],[-94.58532122340016,39.05954144918885],[-94.58532210385886,39.05954147199758],[-94.58532757110694,39.059451065194686]]]},"properties":{"parcel":"132421","address":"3716 Walnut St","owner":"Fight Brands Real Estate LLC","point":[-94.58508870793,39.0594872195973],"permit_status":"denied","current_permit":false,"source_url":"https://mapd.kcmo.org/kcgis/rest/services/AGOL/MapServer/6/query","retrieved_at":"2026-10-06T02:34:59.880305+00:00"}},{"type":"Feature","geometry":{"type":"Polygon","coordinates":[[[-94.58537962168292,39.058588670173314],[-94.58537874123742,39.05858864850902],[-94.58490769435554,39.058570481211696],[-94.58490681391041,39.05857045954384],[-94.58489887377424,39.05870322002497],[-94.584898038326,39.05871688050135],[-94.58490517152619,39.0587171498788],[-94.58536374395163,39.05873482293792],[-94.58537081775384,39.0587351146392],[-94.5853715937379,39.05872149996474],[-94.58537576641055,39.05865283147544],[-94.58537962168292,39.058588670173314]]]},"properties":{"parcel":"132428","address":"3740 Walnut St","owner":"Fountain Holdings LLC","point":[-94.58514075006863,39.058620750824375],"permit_status":"voided-city","current_permit":false,"source_url":"https://mapd.kcmo.org/kcgis/rest/services/AGOL/MapServer/6/query","retrieved_at":"2026-10-06T02:34:59.880305+00:00"}},{"type":"Feature","geometry":{"type":"Polygon","coordinates":[[[-94.58428719594225,39.057426774757104],[-94.5838475598618,39.057410045413455],[-94.58383812561254,39.05754717716718],[-94.58427896513787,39.057563997199495],[-94.58428719594225,39.057426774757104]]]},"properties":{"parcel":"132450","address":"3820 Warwick Blvd","owner":"Eubanks Trust","point":[-94.58406292612915,39.05748697596214],"permit_status":"cancelled","current_permit":false,"source_url":"https://mapd.kcmo.org/kcgis/rest/services/AGOL/MapServer/6/query","retrieved_at":"2026-10-06T02:34:59.880305+00:00"}},{"type":"Feature","geometry":{"type":"Polygon","coordinates":[[[-94.58270541981533,39.05316614014218],[-94.58269840613657,39.053165962640485],[-94.58224375100052,39.05315564452186],[-94.5822227685256,39.053154995198476],[-94.58221914963468,39.05322277089644],[-94.58222003003984,39.05322281603756],[-94.5822401613148,39.053223282342614],[-94.5826945539917,39.05323401194476],[-94.58270159705025,39.053234213450764],[-94.58270541981533,39.05316614014218]]]},"properties":{"parcel":"132583","address":"4023 McGee St","owner":"Suddarth Daniel","point":[-94.5824622456288,39.05319445551931],"permit_status":"denied","current_permit":false,"source_url":"https://mapd.kcmo.org/kcgis/rest/services/AGOL/MapServer/6/query","retrieved_at":"2026-10-06T02:34:59.880305+00:00"}},{"type":"Feature","geometry":{"type":"Polygon","coordinates":[[[-94.58940884505583,39.05652870892317],[-94.58940875775019,39.05652870899011],[-94.58940171431793,39.05652848558084],[-94.58899246098642,39.0565144059409],[-94.5889854174994,39.0565141367448],[-94.58898041581868,39.0565980681246],[-94.58898007035125,39.05660339905632],[-94.58898007058097,39.056603582103],[-94.58940364701306,39.0566182674465],[-94.58940884505583,39.05652870892317]]]},"properties":{"parcel":"132635","address":"3901 Central St","owner":"Scout Real Estate Holdings LLC","point":[-94.58919465734252,39.05656338855735],"permit_status":"denied","current_permit":false,"source_url":"https://mapd.kcmo.org/kcgis/rest/services/AGOL/MapServer/6/query","retrieved_at":"2026-10-06T02:34:59.880305+00:00"}},{"type":"Feature","geometry":{"type":"Polygon","coordinates":[[[-94.58841538610372,39.05526278119493],[-94.58841189450227,39.05526264598459],[-94.58795721596384,39.055244960218225],[-94.58795402481944,39.05529896089281],[-94.58795112167735,39.05534797446531],[-94.58840248531781,39.05536550374549],[-94.58840955732866,39.05536579526413],[-94.58841521345215,39.055265527029555],[-94.58841538610372,39.05526278119493]]]},"properties":{"parcel":"132719","address":"3933 Wyandotte St","owner":"Westport Air B&B LLC","point":[-94.58818225913646,39.05532346767906],"permit_status":"denied","current_permit":false,"source_url":"https://mapd.kcmo.org/kcgis/rest/services/AGOL/MapServer/6/query","retrieved_at":"2026-10-06T02:34:59.880305+00:00"}},{"type":"Feature","geometry":{"type":"Polygon","coordinates":[[[-94.58519016358603,39.05068191431432],[-94.5851831207474,39.050681690649355],[-94.58472243086244,39.050666810413496],[-94.58471797888167,39.05072289411912],[-94.5847167702443,39.05074344145765],[-94.58472381308765,39.05074366515073],[-94.58484703435313,39.0507476718272],[-94.58484652406514,39.05076263686766],[-94.58484575794661,39.05078451097665],[-94.58517683148249,39.050795206157126],[-94.58518387436054,39.050795453275285],[-94.5851850790403,39.05077355539098],[-94.58519016358603,39.05068191431432]]]},"properties":{"parcel":"132845","address":"4125 Walnut St 1","owner":"Lynn Jessica & Zebulon","point":[-94.58495234721958,39.05073316778838],"permit_status":"denied","current_permit":false,"source_url":"https://mapd.kcmo.org/kcgis/rest/services/AGOL/MapServer/6/query","retrieved_at":"2026-10-06T02:34:59.880305+00:00"}},{"type":"Feature","geometry":{"type":"Polygon","coordinates":[[[-94.58516985563526,39.0510474500933],[-94.58470053583865,39.051032279194864],[-94.58470022037353,39.05103779428842],[-94.58469334684587,39.05115540643749],[-94.5846926009995,39.05116911319882],[-94.58469964385705,39.051169313440425],[-94.58515531905746,39.05118412878249],[-94.5851623333353,39.051184352469896],[-94.58516985563526,39.0510474500933]]]},"properties":{"parcel":"132850","address":"4115 Walnut St","owner":"Clay Kelly Speicher & Sindelar Nathan Thomas","point":[-94.58493169559102,39.0511014282654],"permit_status":"cancelled","current_permit":false,"source_url":"https://mapd.kcmo.org/kcgis/rest/services/AGOL/MapServer/6/query","retrieved_at":"2026-10-06T02:34:59.880305+00:00"}},{"type":"Feature","geometry":{"type":"Polygon","coordinates":[[[-94.58288054913531,39.05015219216839],[-94.58287350643656,39.05015203700651],[-94.58242881494445,39.05013832614577],[-94.58242174358462,39.050138125215085],[-94.58240190588872,39.050137658733384],[-94.58240064405244,39.050137613863086],[-94.5823956382558,39.05022433595419],[-94.58240274046177,39.05022455974554],[-94.58241676663737,39.05022503090581],[-94.5828683268771,39.050239605833674],[-94.58287536963805,39.05023980675761],[-94.58288054913531,39.05015219216839]]]},"properties":{"parcel":"132914","address":"4139 McGee St","owner":"Karat Investment Group LLC","point":[-94.58263806854339,39.05018826406129],"permit_status":"cancelled","current_permit":false,"source_url":"https://mapd.kcmo.org/kcgis/rest/services/AGOL/MapServer/6/query","retrieved_at":"2026-10-06T02:34:59.880305+00:00"}},{"type":"Feature","geometry":{"type":"Polygon","coordinates":[[[-94.58243380975296,39.04956318865413],[-94.58242673771753,39.049562988296245],[-94.58241265225215,39.04956251717894],[-94.58196473562911,39.04954910427633],[-94.58195772304283,39.04954892615707],[-94.58195596453325,39.049576773432975],[-94.5819505804452,39.049664776536986],[-94.58195753362344,39.04966495584247],[-94.58240589168864,39.04967884838693],[-94.58241997714984,39.04967929605208],[-94.58242704922412,39.0496795198633],[-94.58243216808614,39.04959041807056],[-94.58243380975296,39.04956318865413]]]},"properties":{"parcel":"132925","address":"4156 Oak St","owner":"G1 Real Estate 013, LLC","point":[-94.58219144362474,39.04962759730377],"permit_status":"denied","current_permit":false,"source_url":"https://mapd.kcmo.org/kcgis/rest/services/AGOL/MapServer/6/query","retrieved_at":"2026-10-06T02:34:59.880305+00:00"}},{"type":"Feature","geometry":{"type":"Polygon","coordinates":[[[-94.57391749252872,39.05531600109549],[-94.57343176964822,39.05530015460282],[-94.57342655300413,39.055391155090604],[-94.5739123337793,39.055407047329616],[-94.57391749252872,39.05531600109549]]]},"properties":{"parcel":"133136","address":"3922 Harrison St","owner":"Carpenter Eva C& Carpenter Iris & Ernest","point":[-94.57367203525487,39.05535357809305],"permit_status":"cancelled","current_permit":false,"source_url":"https://mapd.kcmo.org/kcgis/rest/services/AGOL/MapServer/6/query","retrieved_at":"2026-10-06T02:34:59.880305+00:00"}},{"type":"Feature","geometry":{"type":"Polygon","coordinates":[[[-94.57571158174342,39.0531404582943],[-94.5752300717912,39.05312518799503],[-94.57522816897416,39.05315788599179],[-94.57522217591949,39.0532615636695],[-94.57570389240668,39.05327701634161],[-94.57571158174342,39.0531404582943]]]},"properties":{"parcel":"133178","address":"4035 Charlotte St","owner":"Maxlatt LLC","point":[-94.5754664269584,39.053209724830644],"permit_status":"voided-city","current_permit":false,"source_url":"https://mapd.kcmo.org/kcgis/rest/services/AGOL/MapServer/6/query","retrieved_at":"2026-10-06T02:34:59.880305+00:00"}},{"type":"Feature","geometry":{"type":"Polygon","coordinates":[[[-94.5775190619133,39.05332883900931],[-94.57706715953405,39.05331424303946],[-94.57706008782239,39.05331399602239],[-94.57705602494366,39.05338213851946],[-94.57705181381317,39.0534502342077],[-94.57751049535698,39.053465099729785],[-94.57751476392943,39.05339693534451],[-94.5775190619133,39.05332883900931]]]},"properties":{"parcel":"133284","address":"4028 Holmes St","owner":"Anatol Giselle","point":[-94.57728539915252,39.05338953693199],"permit_status":"denied","current_permit":false,"source_url":"https://mapd.kcmo.org/kcgis/rest/services/AGOL/MapServer/6/query","retrieved_at":"2026-10-06T02:34:59.880305+00:00"}},{"type":"Feature","geometry":{"type":"Polygon","coordinates":[[[-94.57803328300983,39.05341384118644],[-94.57802940856574,39.05341370706536],[-94.57755684636884,39.053398280220996],[-94.57755257852158,39.0534663999896],[-94.57754839804204,39.05353458719774],[-94.57754421748012,39.053602706334395],[-94.57753991884505,39.05367087073832],[-94.57801711955868,39.05368643240449],[-94.57802118297273,39.053618266996615],[-94.57802521630215,39.053550103324],[-94.57802921956842,39.05348196083537],[-94.57803328300983,39.05341384118644]]]},"properties":{"parcel":"133296","address":"4025 Kenwood Ave","owner":"Lamus Kristy L & Federico","point":[-94.57778679699791,39.053542345260865],"permit_status":"denied","current_permit":false,"source_url":"https://mapd.kcmo.org/kcgis/rest/services/AGOL/MapServer/6/query","retrieved_at":"2026-10-06T02:34:59.880305+00:00"}},{"type":"Feature","geometry":{"type":"Polygon","coordinates":[[[-94.57578293480408,39.0518916423451],[-94.57578205446839,39.051891642917084],[-94.57530175673892,39.05187696702286],[-94.5752949539106,39.05199162749972],[-94.5757759559264,39.052006279510955],[-94.57578293480408,39.0518916423451]]]},"properties":{"parcel":"133584","address":"4117 Charlotte St Apt 1N","owner":"Mason Brandon","point":[-94.57553890565154,39.0519416352084],"permit_status":"voided-city","current_permit":false,"source_url":"https://mapd.kcmo.org/kcgis/rest/services/AGOL/MapServer/6/query","retrieved_at":"2026-10-06T02:34:59.880305+00:00"}},{"type":"Feature","geometry":{"type":"Polygon","coordinates":[[[-94.5755107730239,39.05228507252276],[-94.57539174637493,39.0522815114627],[-94.57538305940346,39.05241795574968],[-94.57537419593312,39.05255540690547],[-94.57549328116751,39.05255912811133],[-94.57550196819282,39.05242153977561],[-94.5755107730239,39.05228507252276]]]},"properties":{"parcel":"133590","address":"805 E 41st St","owner":"Walker Anna Joy","point":[-94.5754425138297,39.05241974776264],"permit_status":"cancelled","current_permit":false,"source_url":"https://mapd.kcmo.org/kcgis/rest/services/AGOL/MapServer/6/query","retrieved_at":"2026-10-06T02:34:59.880305+00:00"}},{"type":"Feature","geometry":{"type":"Polygon","coordinates":[[[-94.57642699460293,39.05222370413272],[-94.57594182227771,39.05220809595406],[-94.5759363741472,39.052298936585906],[-94.5763219174207,39.052311863746766],[-94.57642145835594,39.05231525415172],[-94.57642699460293,39.05222370413272]]]},"properties":{"parcel":"133596","address":"4110 Charlotte St","owner":"Nguyen Davis T","point":[-94.57618167501286,39.052261320359314],"permit_status":"denied","current_permit":false,"source_url":"https://mapd.kcmo.org/kcgis/rest/services/AGOL/MapServer/6/query","retrieved_at":"2026-10-06T02:34:59.880305+00:00"}},{"type":"Feature","geometry":{"type":"Polygon","coordinates":[[[-94.57428177586375,39.04905320465052],[-94.57379621433945,39.04903777139751],[-94.57378699187564,39.04919867508087],[-94.57427249626937,39.04921454428876],[-94.57427566681814,39.04915990213245],[-94.57428177586375,39.04905320465052]]]},"properties":{"parcel":"133696","address":"4246 Harrison St","owner":"Curry Daniel Graham","point":[-94.57403549666267,39.04910655339148],"permit_status":"cancelled","current_permit":false,"source_url":"https://mapd.kcmo.org/kcgis/rest/services/AGOL/MapServer/6/query","retrieved_at":"2026-10-06T02:34:59.880305+00:00"}},{"type":"Feature","geometry":{"type":"Polygon","coordinates":[[[-94.5595400162849,39.06110763843487],[-94.55942079999697,39.06110376315894],[-94.55940098369057,39.061446643271054],[-94.55952023061612,39.061450494526305],[-94.5595400162849,39.06110763843487]]]},"properties":{"parcel":"133987","address":"2010 E 36th St","owner":"Hartley Sheldon Omar","point":[-94.55947050721794,39.061277140852965],"permit_status":"denied","current_permit":false,"source_url":"https://mapd.kcmo.org/kcgis/rest/services/AGOL/MapServer/6/query","retrieved_at":"2026-10-06T02:34:59.880305+00:00"}},{"type":"Feature","geometry":{"type":"Polygon","coordinates":[[[-94.55793637414988,39.056631303170626],[-94.55793572850781,39.05663128003847],[-94.55748157872534,39.056615763290885],[-94.55748065226025,39.05663223796838],[-94.55747686193116,39.05669802174309],[-94.55747636969981,39.05670623678717],[-94.55793022653978,39.05672168562956],[-94.55793081348865,39.05672170764686],[-94.55793536048442,39.05664777789497],[-94.55793637414988,39.056631303170626]]]},"properties":{"parcel":"134248","address":"3825 Brooklyn Ave","owner":"Johnyz Construction LLC","point":[-94.55770606239236,39.056672899819034],"permit_status":"denied","current_permit":false,"source_url":"https://mapd.kcmo.org/kcgis/rest/services/AGOL/MapServer/6/query","retrieved_at":"2026-10-06T02:34:59.880305+00:00"}},{"type":"Feature","geometry":{"type":"Polygon","coordinates":[[[-94.56655659104865,39.06104245538584],[-94.56610420250804,39.06102735963256],[-94.56610029758671,39.06102722398873],[-94.56609891264333,39.0610519360854],[-94.56609129211459,39.06118782973592],[-94.56609516549521,39.061187965397906],[-94.56654758511957,39.06120303828695],[-94.56655139530758,39.06113508057919],[-94.56655520553032,39.06106716748813],[-94.56655659104865,39.06104245538584]]]},"properties":{"parcel":"134463","address":"3600 Flora Ave","owner":"KC 365 LLC","point":[-94.56632472737114,39.06110112403366],"permit_status":"denied","current_permit":false,"source_url":"https://mapd.kcmo.org/kcgis/rest/services/AGOL/MapServer/6/query","retrieved_at":"2026-10-06T02:34:59.880305+00:00"}},{"type":"Feature","geometry":{"type":"Polygon","coordinates":[[[-94.57137124088268,39.05681282857791],[-94.57089988870989,39.05679609270823],[-94.57089598621428,39.05679595779539],[-94.5708895503932,39.05690590424058],[-94.57088181678805,39.057036490007356],[-94.57088574917128,39.057036418974775],[-94.57135860158313,39.05702594864067],[-94.57136391069675,39.05693659563537],[-94.57136468994717,39.0569228437618],[-94.57137046239141,39.05682660333218],[-94.57137124088268,39.05681282857791]]]},"properties":{"parcel":"134903","address":"3824 Forest Ave","owner":"Rookstool Clayton B","point":[-94.57112712337596,39.05691437400119],"permit_status":"denied","current_permit":false,"source_url":"https://mapd.kcmo.org/kcgis/rest/services/AGOL/MapServer/6/query","retrieved_at":"2026-10-06T02:34:59.880305+00:00"}},{"type":"Feature","geometry":{"type":"Polygon","coordinates":[[[-94.56806871947241,39.05683933107314],[-94.56762131612363,39.056824077538096],[-94.56761444951786,39.05694768507094],[-94.56761832340223,39.0569478195382],[-94.5680617949509,39.05696293752152],[-94.56806871947241,39.05683933107314]]]},"properties":{"parcel":"134951","address":"3820 Paseo","owner":"McMunn Matt & Bridget","point":[-94.56784157178963,39.05689350807204],"permit_status":"voided-city","current_permit":false,"source_url":"https://mapd.kcmo.org/kcgis/rest/services/AGOL/MapServer/6/query","retrieved_at":"2026-10-06T02:34:59.880305+00:00"}},{"type":"Feature","geometry":{"type":"Polygon","coordinates":[[[-94.5691032519508,39.05814133050911],[-94.56909934938392,39.05814119496418],[-94.56862499624968,39.058125229634],[-94.56862112229857,39.05812509462826],[-94.56861621558147,39.05821012220119],[-94.56860969189474,39.05832251679814],[-94.56861362381787,39.05832265234216],[-94.56908786161553,39.058338617785964],[-94.56909173557918,39.05833875277618],[-94.56909828860681,39.05822638158831],[-94.56909990457353,39.05819894591372],[-94.5691032519508,39.05814133050911]]]},"properties":{"parcel":"134971","address":"3732 Virginia Ave","owner":"RC Lanscape Services LLC","point":[-94.56885398368479,39.05827444919323],"permit_status":"denied","current_permit":false,"source_url":"https://mapd.kcmo.org/kcgis/rest/services/AGOL/MapServer/6/query","retrieved_at":"2026-10-06T02:34:59.880305+00:00"}},{"type":"Feature","geometry":{"type":"Polygon","coordinates":[[[-94.56700902397881,39.05331002176761],[-94.56700515029378,39.05330988670785],[-94.56658808222642,39.05329463521455],[-94.56658681343369,39.05331769986047],[-94.5665835534082,39.0533765284497],[-94.5665874256288,39.05337666352431],[-94.56700472883165,39.05339180048014],[-94.56700902397881,39.05331002176761]]]},"properties":{"parcel":"135330","address":"4018 Flora Ave","owner":"Comfort Hall LLC","point":[-94.56679612962449,39.05334711415509],"permit_status":"denied","current_permit":false,"source_url":"https://mapd.kcmo.org/kcgis/rest/services/AGOL/MapServer/6/query","retrieved_at":"2026-10-06T02:34:59.880305+00:00"}},{"type":"Feature","geometry":{"type":"Polygon","coordinates":[[[-94.57046107594198,39.0529047113781],[-94.56999726131605,39.05288700686232],[-94.56999335903785,39.05288687249098],[-94.56999024222529,39.0529414898678],[-94.56998868520712,39.05296872018817],[-94.56999258822344,39.05296885455922],[-94.57045605124385,39.05298655930559],[-94.57045772619811,39.05295933062392],[-94.57046107594198,39.0529047113781]]]},"properties":{"parcel":"135736","address":"4038 Tracy Ave","owner":"Petersohn Cale","point":[-94.57022561988984,39.05292310062295],"permit_status":"denied","current_permit":false,"source_url":"https://mapd.kcmo.org/kcgis/rest/services/AGOL/MapServer/6/query","retrieved_at":"2026-10-06T02:34:59.880305+00:00"}},{"type":"Feature","geometry":{"type":"Polygon","coordinates":[[[-94.57093318393309,39.05285152462464],[-94.57046543649608,39.052833732266656],[-94.57046107594198,39.0529047113781],[-94.57045772619811,39.05295933062392],[-94.57092570851087,39.05297714575022],[-94.57093318393309,39.05285152462464]]]},"properties":{"parcel":"135739","address":"4037 Forest Ave","owner":"Miller Kenny","point":[-94.57069389742512,39.05293202100101],"permit_status":"denied","current_permit":false,"source_url":"https://mapd.kcmo.org/kcgis/rest/services/AGOL/MapServer/6/query","retrieved_at":"2026-10-06T02:34:59.880305+00:00"}},{"type":"Feature","geometry":{"type":"Polygon","coordinates":[[[-94.56884056914247,39.04959010310496],[-94.56882218299712,39.04948257263219],[-94.56845429171395,39.04947018233196],[-94.56844832056099,39.04957685654206],[-94.56884056914247,39.04959010310496]]]},"properties":{"parcel":"135790","address":"4229 Virginia Ave","owner":"Hammack Joshua & Jennifer","point":[-94.56864060147265,39.04952971458712],"permit_status":"denied","current_permit":false,"source_url":"https://mapd.kcmo.org/kcgis/rest/services/AGOL/MapServer/6/query","retrieved_at":"2026-10-06T02:34:59.880305+00:00"}},{"type":"Feature","geometry":{"type":"Polygon","coordinates":[[[-94.56416903766367,39.05163065226055],[-94.5636880050084,39.051610712101784],[-94.56368413286907,39.05161055404991],[-94.56368161829455,39.051654120621116],[-94.56367946565294,39.0516922642255],[-94.56368335466927,39.051692421696295],[-94.5641643879816,39.051712476849836],[-94.56416903766367,39.05163065226055]]]},"properties":{"parcel":"136207","address":"4115 Highland Ave","owner":"Ibarra & Browne LLC","point":[-94.5639235811464,39.05167319242331],"permit_status":"voided-city","current_permit":false,"source_url":"https://mapd.kcmo.org/kcgis/rest/services/AGOL/MapServer/6/query","retrieved_at":"2026-10-06T02:34:59.880305+00:00"}},{"type":"Feature","geometry":{"type":"Polygon","coordinates":[[[-94.55588484426073,39.053983271780204],[-94.55538011796926,39.05396557335328],[-94.55538003243637,39.053967839172316],[-94.55537968479409,39.05397454343317],[-94.55537537639204,39.05405563529188],[-94.55588001442685,39.05407317304308],[-94.55588435242197,39.05399219555627],[-94.55588484426073,39.053983271780204]]]},"properties":{"parcel":"136335","address":"3937 Olive St","owner":"Construction Project Management LLC","point":[-94.55562985742088,39.054023915424075],"permit_status":"denied","current_permit":false,"source_url":"https://mapd.kcmo.org/kcgis/rest/services/AGOL/MapServer/6/query","retrieved_at":"2026-10-06T02:34:59.880305+00:00"}},{"type":"Feature","geometry":{"type":"Polygon","coordinates":[[[-94.56299176879484,39.051334025601456],[-94.56298789522523,39.05133389040813],[-94.56253101883927,39.05131715806036],[-94.56250936275859,39.05131634652902],[-94.56250545837985,39.051316211908215],[-94.56249861015236,39.05143524135701],[-94.56250251233732,39.05143537655125],[-94.56252416918893,39.051436189227445],[-94.56298500721475,39.05145305560345],[-94.56298656813475,39.051425574820925],[-94.56299176879484,39.051334025601456]]]},"properties":{"parcel":"136834","address":"4121 Woodland Ave","owner":"Tried And True Enterprises LLC","point":[-94.56274548418104,39.051379800211194],"permit_status":"denied","current_permit":false,"source_url":"https://mapd.kcmo.org/kcgis/rest/services/AGOL/MapServer/6/query","retrieved_at":"2026-10-06T02:34:59.880305+00:00"}},{"type":"Feature","geometry":{"type":"Polygon","coordinates":[[[-94.55497618287461,39.04961750517605],[-94.55497230941421,39.0496173702884],[-94.55451074944203,39.049599579082624],[-94.55450563113058,39.04969591002159],[-94.55496724892994,39.04971367719496],[-94.55497112314785,39.04971383610735],[-94.55497618287461,39.04961750517605]]]},"properties":{"parcel":"137049","address":"4209 Wabash Ave","owner":"Akinmoladun Sherryee L II","point":[-94.5547409189232,39.04965670759882],"permit_status":"denied","current_permit":false,"source_url":"https://mapd.kcmo.org/kcgis/rest/services/AGOL/MapServer/6/query","retrieved_at":"2026-10-06T02:34:59.880305+00:00"}},{"type":"Feature","geometry":{"type":"Polygon","coordinates":[[[-94.56732317565009,39.04788187653998],[-94.56731930152799,39.04788174206272],[-94.56690405724159,39.04786784059567],[-94.56690018385353,39.04786770496001],[-94.5668951682147,39.04796392314739],[-94.56689904234052,39.04796405763874],[-94.56731437441934,39.04797789042988],[-94.5673182485467,39.047978024907295],[-94.56731894061403,39.047965211206396],[-94.56732317565009,39.04788187653998]]]},"properties":{"parcel":"137507","address":"4320 Flora Ave","owner":"Kapple-Nelson Hunter","point":[-94.56710919876457,39.047922899843684],"permit_status":"cancelled","current_permit":false,"source_url":"https://mapd.kcmo.org/kcgis/rest/services/AGOL/MapServer/6/query","retrieved_at":"2026-10-06T02:34:59.880305+00:00"}},{"type":"Feature","geometry":{"type":"Polygon","coordinates":[[[-94.5718362240467,39.04535754947701],[-94.57170811295455,39.04535298348439],[-94.57170059111571,39.0454878944968],[-94.5716932139516,39.04562154582289],[-94.57169304168647,39.04562456620813],[-94.57182118288823,39.04562940676925],[-94.57182876143554,39.04549275734076],[-94.5718362240467,39.04535754947701]]]},"properties":{"parcel":"137698","address":"1118 E 45th St","owner":"Tinh Ban LLC","point":[-94.57176467627141,39.04549032591878],"permit_status":"denied","current_permit":false,"source_url":"https://mapd.kcmo.org/kcgis/rest/services/AGOL/MapServer/6/query","retrieved_at":"2026-10-06T02:34:59.880305+00:00"}},{"type":"Feature","geometry":{"type":"Polygon","coordinates":[[[-94.57200943901968,39.04686959631222],[-94.57149797999665,39.046850644663735],[-94.57149407657955,39.046850509199],[-94.57149001191857,39.046921832025625],[-94.57149397329037,39.046921966882955],[-94.57200161694337,39.04694030254764],[-94.5720054902897,39.04694043744191],[-94.57200943901968,39.04686959631222]]]},"properties":{"parcel":"137713","address":"4406 Forest Ave","owner":"Madden Evans Trust Dated 10-18-2024","point":[-94.57174974177948,39.046895714168926],"permit_status":"denied","current_permit":false,"source_url":"https://mapd.kcmo.org/kcgis/rest/services/AGOL/MapServer/6/query","retrieved_at":"2026-10-06T02:34:59.880305+00:00"}},{"type":"Feature","geometry":{"type":"Polygon","coordinates":[[[-94.5699441802121,39.04783326938494],[-94.56952752552418,39.04781761513059],[-94.56952362352581,39.04781748074315],[-94.5695206490672,39.04786779760589],[-94.56951793633817,39.04791346949033],[-94.56993855301126,39.04792925754419],[-94.5699441802121,39.04783326938494]]]},"properties":{"parcel":"137850","address":"4327 Tracy Ave","owner":"Dewitt Jill","point":[-94.56973005500174,39.04789063354811],"permit_status":"extended","current_permit":false,"source_url":"https://mapd.kcmo.org/kcgis/rest/services/AGOL/MapServer/6/query","retrieved_at":"2026-10-06T02:34:59.880305+00:00"}},{"type":"Feature","geometry":{"type":"Polygon","coordinates":[[[-94.57216560204749,39.044104204598554],[-94.57165313676099,39.044085300571375],[-94.5716492628383,39.04408516623764],[-94.57164419215442,39.04417689777709],[-94.57216009193444,39.044195960456705],[-94.57216560204749,39.044104204598554]]]},"properties":{"parcel":"137912","address":"4528 Forest Ave","owner":"Cherry Q LLC","point":[-94.57190481033325,39.04414055118782],"permit_status":"denied","current_permit":false,"source_url":"https://mapd.kcmo.org/kcgis/rest/services/AGOL/MapServer/6/query","retrieved_at":"2026-10-06T02:34:59.880305+00:00"}},{"type":"Feature","geometry":{"type":"Polygon","coordinates":[[[-94.57095469714497,39.04455563277534],[-94.57049463574093,39.04453891179053],[-94.57049146279785,39.04459387365053],[-94.5704898463171,39.0446214226691],[-94.57049377821757,39.04462155815031],[-94.57095011366937,39.044638167000045],[-94.57095167128814,39.04461061743899],[-94.57095469714497,39.04455563277534]]]},"properties":{"parcel":"137949","address":"4516 Tracy Ave","owner":"Titus Dylan V","point":[-94.57072310577428,39.044574753212935],"permit_status":"denied","current_permit":false,"source_url":"https://mapd.kcmo.org/kcgis/rest/services/AGOL/MapServer/6/query","retrieved_at":"2026-10-06T02:34:59.880305+00:00"}},{"type":"Feature","geometry":{"type":"Polygon","coordinates":[[[-94.571591664688,39.042833248435855],[-94.57110755311115,39.042815514977804],[-94.57110605512105,39.04284317891765],[-94.57110300107466,39.04289839242769],[-94.57110690282882,39.042898550215575],[-94.57158711241384,39.04291605783358],[-94.571591664688,39.042833248435855]]]},"properties":{"parcel":"138015","address":"4615 Forest Ave","owner":"Wilmarth Scott","point":[-94.57134706462722,39.04287078567267],"permit_status":"denied","current_permit":false,"source_url":"https://mapd.kcmo.org/kcgis/rest/services/AGOL/MapServer/6/query","retrieved_at":"2026-10-06T02:34:59.880305+00:00"}},{"type":"Feature","geometry":{"type":"Polygon","coordinates":[[[-94.57042978421258,39.04305601563443],[-94.56994370685815,39.043038850556776],[-94.56993615484932,39.04317682642659],[-94.56992851739432,39.04331670145968],[-94.56992834506003,39.043319722415625],[-94.57032513761031,39.04333408245144],[-94.57033009559362,39.043334170413694],[-94.57033505484038,39.04333405301879],[-94.57033998380895,39.04333373028574],[-94.57034491328298,39.04333317759899],[-94.57034981172197,39.0433323961216],[-94.57035459406084,39.04333140992986],[-94.5703593446526,39.043330216684815],[-94.57036400921872,39.04332881870731],[-94.57036858406762,39.043327191974605],[-94.57037298344395,39.043325404037155],[-94.57037723591193,39.04332341140398],[-94.57038134149258,39.043321235239944],[-94.57038533026042,39.04331887552695],[-94.57038908338552,39.043316333480725],[-94.57039268966925,39.04331365423752],[-94.57039606106535,39.04331081439753],[-94.57039922618301,39.0433078156596],[-94.57040218724381,39.04330467918725],[-94.57040491275222,39.04330145133336],[-94.57040743198164,39.04329806400954],[-94.57040965919887,39.04329460707513],[-94.57041165084162,39.043291036450356],[-94.57041334902966,39.04328742081291],[-94.57041481239783,39.043283712649455],[-94.57041598226533,39.04327991313953],[-94.570416917384,39.043276092606476],[-94.57041750038606,39.043272247116974],[-94.57041764561441,39.043270759769904],[-94.57041799334583,39.043266367568606],[-94.57041807973268,39.04326471951864],[-94.5704219999947,39.04319483884103],[-94.57042978421258,39.04305601563443]]]},"properties":{"parcel":"138036","address":"1301 Brush Creek Blvd","owner":"2000 Randolph Albuquerque LLC","point":[-94.5701790840456,39.04318583263381],"permit_status":"denied","current_permit":false,"source_url":"https://mapd.kcmo.org/kcgis/rest/services/AGOL/MapServer/6/query","retrieved_at":"2026-10-06T02:34:59.880305+00:00"}},{"type":"Feature","geometry":{"type":"Polygon","coordinates":[[[-94.57091688439246,39.03487860218596],[-94.57043681820348,39.03486191539445],[-94.57043291618206,39.034861780464915],[-94.57042821459297,39.0349428047355],[-94.57042579109788,39.03498396902115],[-94.57042489680481,39.03499925403314],[-94.57042879883436,39.03499938953498],[-94.57089795190396,39.035015601920314],[-94.57090025610283,39.03500212307054],[-94.57090404624999,39.03497837091666],[-94.5709070477331,39.03495807312083],[-94.57090757235635,39.03495461835105],[-94.57091083433129,39.03493077442202],[-94.57091374427748,39.03490695415977],[-94.57091644881183,39.03488308654428],[-94.57091688439246,39.03487860218596]]]},"properties":{"parcel":"138228","address":"5025 Tracy Ave","owner":"Gray Jamee-Dawn Marie","point":[-94.5706692875301,39.034936789578765],"permit_status":"cancelled","current_permit":false,"source_url":"https://mapd.kcmo.org/kcgis/rest/services/AGOL/MapServer/6/query","retrieved_at":"2026-10-06T02:34:59.880305+00:00"}},{"type":"Feature","geometry":{"type":"Polygon","coordinates":[[[-94.56694792127185,39.03446469741277],[-94.56694404786047,39.03446453889708],[-94.5665115710264,39.03444758096227],[-94.56650769761693,39.03444742243214],[-94.56650374371475,39.03451554127045],[-94.56649967229248,39.03458583386492],[-94.56650354495407,39.034585968942764],[-94.56693948321106,39.0346016218504],[-94.56694792127185,39.03446469741277]]]},"properties":{"parcel":"138474","address":"5041 Paseo","owner":"Spears Stephanie L","point":[-94.56672216503709,39.03455068756769],"permit_status":"denied","current_permit":false,"source_url":"https://mapd.kcmo.org/kcgis/rest/services/AGOL/MapServer/6/query","retrieved_at":"2026-10-06T02:34:59.880305+00:00"}},{"type":"Feature","geometry":{"type":"Polygon","coordinates":[[[-94.55581280107488,39.03973845764958],[-94.55566079778764,39.039670666018594],[-94.55550812118133,39.03960253072309],[-94.55526269045518,39.03993364220344],[-94.55530457111804,39.03995227031051],[-94.5554169521827,39.0400021666109],[-94.55556886696303,39.04006966171781],[-94.55557109365867,39.040066617493615],[-94.55581280107488,39.03973845764958]]]},"properties":{"parcel":"138518","address":"2504 Dr. Martin Luther King Jr. Blvd","owner":"Blue Angel Real Estate LLC","point":[-94.55553797408217,39.03983604992651],"permit_status":"denied","current_permit":false,"source_url":"https://mapd.kcmo.org/kcgis/rest/services/AGOL/MapServer/6/query","retrieved_at":"2026-10-06T02:34:59.880305+00:00"}},{"type":"Feature","geometry":{"type":"Polygon","coordinates":[[[-94.55557109365867,39.040066617493615],[-94.55556886696303,39.04006966171781],[-94.55571840469213,39.040136105238844],[-94.55574297059128,39.04014703058491],[-94.55598750458287,39.039816375583506],[-94.55596732728898,39.039807393061615],[-94.55581280107488,39.03973845764958],[-94.55557109365867,39.040066617493615]]]},"properties":{"parcel":"138519","address":"2500 Dr. Martin Luther King Jr. Blvd","owner":"Blue Angel Real Estate LLC","point":[-94.55577911204621,39.03994149653856],"permit_status":"denied","current_permit":false,"source_url":"https://mapd.kcmo.org/kcgis/rest/services/AGOL/MapServer/6/query","retrieved_at":"2026-10-06T02:34:59.880305+00:00"}},{"type":"Feature","geometry":{"type":"Polygon","coordinates":[[[-94.56814962955713,39.07945916644136],[-94.56801781766531,39.0794546226286],[-94.56800753373646,39.079659708406446],[-94.56800422206169,39.07972665947256],[-94.56813609388394,39.079731181528544],[-94.56813934827807,39.079664322015304],[-94.56814962955713,39.07945916644136]]]},"properties":{"parcel":"13854","address":"1300 E 26th St","owner":"Miguel Doria","point":[-94.56807858314964,39.0795594374239],"permit_status":"denied","current_permit":false,"source_url":"https://mapd.kcmo.org/kcgis/rest/services/AGOL/MapServer/6/query","retrieved_at":"2026-10-06T02:34:59.880305+00:00"}},{"type":"Feature","geometry":{"type":"Polygon","coordinates":[[[-94.5612107223267,39.038523724699594],[-94.5610345944707,39.038517044235135],[-94.56101595225934,39.03884429651446],[-94.56119211026576,39.03885097756266],[-94.5612107223267,39.038523724699594]]]},"properties":{"parcel":"138589","address":"2006 E 48th Ter","owner":"Money Mgmt Pros LLC","point":[-94.56111334468488,39.03868401060703],"permit_status":"denied","current_permit":false,"source_url":"https://mapd.kcmo.org/kcgis/rest/services/AGOL/MapServer/6/query","retrieved_at":"2026-10-06T02:34:59.880305+00:00"}},{"type":"Feature","geometry":{"type":"Polygon","coordinates":[[[-94.55992254135086,39.038010304738975],[-94.55981709355146,39.03800626317386],[-94.55979954909138,39.038005562860526],[-94.5597799896478,39.03833112282574],[-94.55979762365261,39.03833180021511],[-94.55990309982612,39.038335864663814],[-94.55992254135086,39.038010304738975]]]},"properties":{"parcel":"138605","address":"2035 E 48th Ter","owner":"Morales Real Estate LLC","point":[-94.55985129454906,39.03817071378236],"permit_status":"denied","current_permit":false,"source_url":"https://mapd.kcmo.org/kcgis/rest/services/AGOL/MapServer/6/query","retrieved_at":"2026-10-06T02:34:59.880305+00:00"}},{"type":"Feature","geometry":{"type":"Polygon","coordinates":[[[-94.56752481452132,39.08090296436193],[-94.56749754137687,39.080902018587594],[-94.56704872272513,39.080886329621656],[-94.56704478955382,39.08088619517052],[-94.56704208179428,39.08094088175782],[-94.5670381374865,39.08102281947519],[-94.56704201268722,39.08102295510387],[-94.56749065539509,39.081038712839145],[-94.5675179579258,39.081039634573266],[-94.56752481452132,39.08090296436193]]]},"properties":{"parcel":"13869","address":"2504 West Paseo Blvd","owner":"Reasonable Real Estate LLC","point":[-94.56728048326215,39.0809818506165],"permit_status":"denied","current_permit":false,"source_url":"https://mapd.kcmo.org/kcgis/rest/services/AGOL/MapServer/6/query","retrieved_at":"2026-10-06T02:34:59.880305+00:00"}},{"type":"Feature","geometry":{"type":"Polygon","coordinates":[[[-94.56383976792473,39.036247789533],[-94.5638395625583,39.03624778964539],[-94.56335668520894,39.0362291315238],[-94.56334887265602,39.03636651179728],[-94.56383197020071,39.03638512521218],[-94.56383214622939,39.03638512511584],[-94.56383976792473,39.036247789533]]]},"properties":{"parcel":"138806","address":"4939 Woodland Ave","owner":"Graves Joya Nicole","point":[-94.56359436098555,39.036307150721335],"permit_status":"denied","current_permit":false,"source_url":"https://mapd.kcmo.org/kcgis/rest/services/AGOL/MapServer/6/query","retrieved_at":"2026-10-06T02:34:59.880305+00:00"}},{"type":"Feature","geometry":{"type":"Polygon","coordinates":[[[-94.56280394607482,39.03418030442194],[-94.56230915759178,39.034160091316934],[-94.56230274575839,39.03427598618169],[-94.56279363342043,39.03429562938947],[-94.56279756548798,39.03429578801139],[-94.56280394607482,39.03418030442194]]]},"properties":{"parcel":"138812","address":"5043 Michigan Ave","owner":"Nonstop Vibes Homes of KC LLC","point":[-94.56255334767576,39.03422814530181],"permit_status":"denied","current_permit":false,"source_url":"https://mapd.kcmo.org/kcgis/rest/services/AGOL/MapServer/6/query","retrieved_at":"2026-10-06T02:34:59.880305+00:00"}},{"type":"Feature","geometry":{"type":"Polygon","coordinates":[[[-94.57675122236931,39.04875113336728],[-94.5766366618123,39.04874761754036],[-94.57663244052988,39.048832919704616],[-94.57662520343376,39.048978607091215],[-94.57662506037605,39.04898199355699],[-94.57673982630394,39.04898580785552],[-94.57673996940571,39.04898246715135],[-94.57674706013451,39.048836641996736],[-94.57675122236931,39.04875113336728]]]},"properties":{"parcel":"139107","address":"707 E 43rd St","owner":"Ronning Mark Hofmeister & Vandeusen Briana Lee","point":[-94.57668616907299,39.04890762454397],"permit_status":"voided-city","current_permit":false,"source_url":"https://mapd.kcmo.org/kcgis/rest/services/AGOL/MapServer/6/query","retrieved_at":"2026-10-06T02:34:59.880305+00:00"}},{"type":"Feature","geometry":{"type":"Polygon","coordinates":[[[-94.57816229889059,39.0420056841547],[-94.57792603659398,39.04199321196911],[-94.57792603664426,39.041993257730915],[-94.57790736629339,39.042332273872056],[-94.57790710611862,39.042336484134466],[-94.57814383943817,39.042348017924134],[-94.57814412770246,39.042343350596084],[-94.57816229894101,39.04200572991651],[-94.57816229889059,39.0420056841547]]]},"properties":{"parcel":"139265","address":"612 Emanuel Cleaver II Blvd","owner":"White Tobias J & Bonario Rima","point":[-94.57803493471911,39.04216900189428],"permit_status":"cancelled","current_permit":false,"source_url":"https://mapd.kcmo.org/kcgis/rest/services/AGOL/MapServer/6/query","retrieved_at":"2026-10-06T02:34:59.880305+00:00"}},{"type":"Feature","geometry":{"type":"Polygon","coordinates":[[[-94.57395499014699,39.04318349992879],[-94.57395111846985,39.04318336567005],[-94.57348883463615,39.04316736606198],[-94.57348496149254,39.043167230644656],[-94.57347717814659,39.043301134653674],[-94.57347697624449,39.043304498847135],[-94.57394697696024,39.043320538799314],[-94.57395141639306,39.043244685757365],[-94.57395499014699,39.04318349992879]]]},"properties":{"parcel":"139347","address":"4605 Harrison St","owner":"Realty Works LLC 2 Series","point":[-94.57371772041795,39.04321409284307],"permit_status":"denied","current_permit":false,"source_url":"https://mapd.kcmo.org/kcgis/rest/services/AGOL/MapServer/6/query","retrieved_at":"2026-10-06T02:34:59.880305+00:00"}},{"type":"Feature","geometry":{"type":"Polygon","coordinates":[[[-94.57396303306075,39.04304545370339],[-94.57349687679928,39.04302913739322],[-94.57349297505705,39.04302900313824],[-94.57348496149254,39.043167230644656],[-94.57348883463615,39.04316736606198],[-94.57395111846985,39.04318336567005],[-94.57395499014699,39.04318349992879],[-94.57396303306075,39.04304545370339]]]},"properties":{"parcel":"139348","address":"4609 Harrison St","owner":"McCain Darrell & Dana","point":[-94.57372398848632,39.04310634217403],"permit_status":"denied","current_permit":false,"source_url":"https://mapd.kcmo.org/kcgis/rest/services/AGOL/MapServer/6/query","retrieved_at":"2026-10-06T02:34:59.880305+00:00"}},{"type":"Feature","geometry":{"type":"Polygon","coordinates":[[[-94.58411571136416,39.04841366461207],[-94.58365861463751,39.048397381265005],[-94.58363936474666,39.048396686334925],[-94.58363546269051,39.04839655241968],[-94.58363442827203,39.04841577311068],[-94.5836280826994,39.04853386537069],[-94.58361705841025,39.04874037331648],[-94.58360976535435,39.04887681729414],[-94.58363286018589,39.048877601567646],[-94.58363297755896,39.04887760148349],[-94.58408984224859,39.04889356419135],[-94.58409719187405,39.04875673116848],[-94.58410457152124,39.04861987523943],[-94.5841119782294,39.048482355741335],[-94.58411571136416,39.04841366461207]]]},"properties":{"parcel":"139375","address":"4315 Warwick Blvd","owner":"Thompson Tiffany","point":[-94.58386079874641,39.04868012427795],"permit_status":"cancelled","current_permit":false,"source_url":"https://mapd.kcmo.org/kcgis/rest/services/AGOL/MapServer/6/query","retrieved_at":"2026-10-06T02:34:59.880305+00:00"}},{"type":"Feature","geometry":{"type":"Polygon","coordinates":[[[-94.58365899176307,39.0475236975204],[-94.5832028984465,39.047507343592294],[-94.58319704323259,39.04761813706421],[-94.58318978203458,39.047756068277614],[-94.58318220244738,39.04789901063014],[-94.58363803405818,39.04791525099236],[-94.58363803376069,39.047914998730704],[-94.583645670679,39.047772307426],[-94.58365304988477,39.04763442243413],[-94.58365899176307,39.0475236975204]]]},"properties":{"parcel":"139379","address":"206 E 44th St","owner":"HNST Enterprises LLC","point":[-94.5834213893956,39.04769524535587],"permit_status":"voided-city","current_permit":false,"source_url":"https://mapd.kcmo.org/kcgis/rest/services/AGOL/MapServer/6/query","retrieved_at":"2026-10-06T02:34:59.880305+00:00"}},{"type":"Feature","geometry":{"type":"Polygon","coordinates":[[[-94.57984391142597,39.04145277182292],[-94.57979109827805,39.041451457988266],[-94.57961734052185,39.041447046298444],[-94.5796021118147,39.04144669116948],[-94.57960194007525,39.04144987116253],[-94.57958143174095,39.04184325391679],[-94.57958123074785,39.04184716669095],[-94.57982080163681,39.04185240346199],[-94.57984391142597,39.04145277182292]]]},"properties":{"parcel":"140353","address":"515 Emanuel Cleaver II Blvd","owner":"Stubbers Gregory J","point":[-94.57971211568886,39.04164801286986],"permit_status":"denied","current_permit":false,"source_url":"https://mapd.kcmo.org/kcgis/rest/services/AGOL/MapServer/6/query","retrieved_at":"2026-10-06T02:34:59.880305+00:00"}},{"type":"Feature","geometry":{"type":"Polygon","coordinates":[[[-94.59520320396504,39.04674941144622],[-94.59506258828449,39.04674430929162],[-94.5950499549724,39.046995049023664],[-94.59519060024603,39.04699996812174],[-94.59520320396504,39.04674941144622]]]},"properties":{"parcel":"140400","address":"716 W 44th Ter","owner":"Engle James R & Lauren K","point":[-94.59512658446121,39.04687223023494],"permit_status":"denied","current_permit":false,"source_url":"https://mapd.kcmo.org/kcgis/rest/services/AGOL/MapServer/6/query","retrieved_at":"2026-10-06T02:34:59.880305+00:00"}},{"type":"Feature","geometry":{"type":"Polygon","coordinates":[[[-94.59925758255315,39.04919634578667],[-94.59879985882746,39.049178407395495],[-94.59879598674502,39.0491782505092],[-94.59879220808527,39.04924673677602],[-94.59879611098124,39.04924689306433],[-94.59925380657107,39.049264854946664],[-94.59925758255315,39.04919634578667]]]},"properties":{"parcel":"140585","address":"4315 Jarboe St","owner":"Kimbrell Sean M & Katerine L","point":[-94.59902489604386,39.04922154128134],"permit_status":"denied","current_permit":false,"source_url":"https://mapd.kcmo.org/kcgis/rest/services/AGOL/MapServer/6/query","retrieved_at":"2026-10-06T02:34:59.880305+00:00"}},{"type":"Feature","geometry":{"type":"Polygon","coordinates":[[[-94.59995480535365,39.048296120161865],[-94.59949603130502,39.04827845996824],[-94.59949212919285,39.04827830255858],[-94.59949023990403,39.048312579743815],[-94.59948643341305,39.04838111125653],[-94.5994903069206,39.04838126811873],[-94.59994905225845,39.04839890605002],[-94.5999529169579,39.048330352163866],[-94.59995480535365,39.048296120161865]]]},"properties":{"parcel":"140611","address":"4340 Jarboe St","owner":"Roach Jamie & Lea Ann","point":[-94.59971966464074,39.0483557317102],"permit_status":"denied","current_permit":false,"source_url":"https://mapd.kcmo.org/kcgis/rest/services/AGOL/MapServer/6/query","retrieved_at":"2026-10-06T02:34:59.880305+00:00"}},{"type":"Feature","geometry":{"type":"Polygon","coordinates":[[[-94.59994524703754,39.04846750679009],[-94.59948647111595,39.048449823108555],[-94.5994825682608,39.048449665699245],[-94.59947876175532,39.04851819721008],[-94.59948266464552,39.04851837692837],[-94.59993756749193,39.04853590320486],[-94.59994143954256,39.04853606062533],[-94.59994524703754,39.04846750679009]]]},"properties":{"parcel":"140613","address":"4336 Jarboe St","owner":"Donley Cody","point":[-94.59971200444274,39.04849285200008],"permit_status":"denied","current_permit":false,"source_url":"https://mapd.kcmo.org/kcgis/rest/services/AGOL/MapServer/6/query","retrieved_at":"2026-10-06T02:34:59.880305+00:00"}},{"type":"Feature","geometry":{"type":"Polygon","coordinates":[[[-94.59443966965047,39.044996966209645],[-94.59401645564955,39.04498275585179],[-94.59401138005921,39.0450716980164],[-94.59443506488111,39.04508597608173],[-94.59443966965047,39.044996966209645]]]},"properties":{"parcel":"140853","address":"4527 Jefferson St","owner":"Pac Investments LLC","point":[-94.59422562449001,39.04503433211302],"permit_status":"denied","current_permit":false,"source_url":"https://mapd.kcmo.org/kcgis/rest/services/AGOL/MapServer/6/query","retrieved_at":"2026-10-06T02:34:59.880305+00:00"}},{"type":"Feature","geometry":{"type":"Polygon","coordinates":[[[-94.60348752911271,39.04945946107535],[-94.60309879275088,39.04944442938822],[-94.6030962197603,39.04949115443002],[-94.60309381943578,39.04953504151708],[-94.60348249610658,39.04955005096443],[-94.60348495627761,39.04950611748273],[-94.60348752911271,39.04945946107535]]]},"properties":{"parcel":"141141","address":"4315 Fairmount Ave","owner":"High Taylor","point":[-94.60329058970649,39.049498635956375],"permit_status":"cancelled","current_permit":false,"source_url":"https://mapd.kcmo.org/kcgis/rest/services/AGOL/MapServer/6/query","retrieved_at":"2026-10-06T02:34:59.880305+00:00"}},{"type":"Feature","geometry":{"type":"Polygon","coordinates":[[[-94.55628396409375,39.081618944815716],[-94.55622104996822,39.081616869563334],[-94.55606639471428,39.08161172778294],[-94.55582481081593,39.081603674682974],[-94.55582024751388,39.08169895179672],[-94.55582412346448,39.08169908779788],[-94.55612850297504,39.08170919226746],[-94.55627934265867,39.08171417678562],[-94.55627942938362,39.08171248299523],[-94.55627954313226,39.081708776256605],[-94.55628396409375,39.081618944815716]]]},"properties":{"parcel":"14125","address":"2434 Park Ave","owner":"Metric General Contracting LLC","point":[-94.55605207942318,39.08165894830621],"permit_status":"denied","current_permit":false,"source_url":"https://mapd.kcmo.org/kcgis/rest/services/AGOL/MapServer/6/query","retrieved_at":"2026-10-06T02:34:59.880305+00:00"}},{"type":"Feature","geometry":{"type":"Polygon","coordinates":[[[-94.60723814943997,39.049277853731475],[-94.60689842106359,39.049264643561784],[-94.60689583200983,39.0493774023647],[-94.60723717606282,39.049391435339814],[-94.60723814943997,39.049277853731475]]]},"properties":{"parcel":"141324","address":"4325 State Line Rd","owner":"Foote Kyle & Danforth Foote Elizabeth","point":[-94.60706734887953,39.04932762804809],"permit_status":"denied","current_permit":false,"source_url":"https://mapd.kcmo.org/kcgis/rest/services/AGOL/MapServer/6/query","retrieved_at":"2026-10-06T02:34:59.880305+00:00"}},{"type":"Feature","geometry":{"type":"Polygon","coordinates":[[[-94.55564764366939,39.08160458307192],[-94.55513488213,39.0815874830229],[-94.55513133057983,39.08158734684546],[-94.555130948941,39.08158734702591],[-94.55512679563296,39.081682534112225],[-94.5551271772723,39.081682533931804],[-94.55513070020342,39.081682668978836],[-94.55564313810925,39.0816998607233],[-94.55564764366939,39.08160458307192]]]},"properties":{"parcel":"14139","address":"2433 Park Ave","owner":"Construction Project Management LLC","point":[-94.55538714841511,39.08164355850187],"permit_status":"denied","current_permit":false,"source_url":"https://mapd.kcmo.org/kcgis/rest/services/AGOL/MapServer/6/query","retrieved_at":"2026-10-06T02:34:59.880305+00:00"}},{"type":"Feature","geometry":{"type":"Polygon","coordinates":[[[-94.60553146767649,39.04432251557429],[-94.60524282112301,39.04431330425154],[-94.60523894932552,39.0443131698875],[-94.60523379694797,39.04442044079035],[-94.60522850350272,39.044531028977346],[-94.60552322400697,39.044540807434444],[-94.60552740203678,39.04443023168408],[-94.60553146767649,39.04432251557429]]]},"properties":{"parcel":"141409","address":"4602 Wyoming St","owner":"NSX Properties LLC","point":[-94.6053805747159,39.04442533623721],"permit_status":"cancelled","current_permit":false,"source_url":"https://mapd.kcmo.org/kcgis/rest/services/AGOL/MapServer/6/query","retrieved_at":"2026-10-06T02:34:59.880305+00:00"}},{"type":"Feature","geometry":{"type":"Polygon","coordinates":[[[-94.60726050968044,39.04625153785522],[-94.60696243616681,39.046241812630996],[-94.60696050608868,39.04640129482467],[-94.60725913832061,39.046411865560586],[-94.60726050968044,39.04625153785522]]]},"properties":{"parcel":"141518","address":"1811 W 45th St","owner":"JLK Properties LLC","point":[-94.60711064074424,39.046326416339944],"permit_status":"denied","current_permit":false,"source_url":"https://mapd.kcmo.org/kcgis/rest/services/AGOL/MapServer/6/query","retrieved_at":"2026-10-06T02:34:59.880305+00:00"}},{"type":"Feature","geometry":{"type":"Polygon","coordinates":[[[-94.60116044258507,39.04481235652728],[-94.60081836189455,39.04480096113985],[-94.60081448787788,39.04480082663088],[-94.60080845360221,39.04491063730286],[-94.60081235623133,39.04491077064326],[-94.60115417264409,39.0449221674211],[-94.60116044258507,39.04481235652728]]]},"properties":{"parcel":"141623","address":"4536 Holly St","owner":"Chang Alex","point":[-94.60098439536624,39.044861496915075],"permit_status":"denied","current_permit":false,"source_url":"https://mapd.kcmo.org/kcgis/rest/services/AGOL/MapServer/6/query","retrieved_at":"2026-10-06T02:34:59.880305+00:00"}},{"type":"Feature","geometry":{"type":"Polygon","coordinates":[[[-94.60282213720483,39.045534946781096],[-94.60281826384478,39.045534789457236],[-94.60247673443013,39.04552168238316],[-94.60247286107239,39.045521525619854],[-94.60246638934217,39.04563145115168],[-94.60247029131426,39.045631607890044],[-94.6028121146763,39.0456447147234],[-94.60281601738426,39.045644872021576],[-94.60282079293187,39.04555895003085],[-94.60282213720483,39.045534946781096]]]},"properties":{"parcel":"141666","address":"4518 Terrace St","owner":"Jaclyn Sy Co","point":[-94.60264365083677,39.045595200591265],"permit_status":"denied","current_permit":false,"source_url":"https://mapd.kcmo.org/kcgis/rest/services/AGOL/MapServer/6/query","retrieved_at":"2026-10-06T02:34:59.880305+00:00"}},{"type":"Feature","geometry":{"type":"Polygon","coordinates":[[[-94.60285885490475,39.04487532664625],[-94.60285498308255,39.04487519334715],[-94.60251548090393,39.04486224361821],[-94.60251157827443,39.0448621103348],[-94.60250513526859,39.044972034711904],[-94.60284883402424,39.044985117483556],[-94.60285273592925,39.04498525190036],[-94.60285885490475,39.04487532664625]]]},"properties":{"parcel":"141673","address":"4538 Terrace St","owner":"Pinkston Ryan & Ashley","point":[-94.60268206636538,39.04492368067908],"permit_status":"voided-city","current_permit":false,"source_url":"https://mapd.kcmo.org/kcgis/rest/services/AGOL/MapServer/6/query","retrieved_at":"2026-10-06T02:34:59.880305+00:00"}},{"type":"Feature","geometry":{"type":"Polygon","coordinates":[[[-94.60248946544235,39.042513473205446],[-94.602158661326,39.042502322948415],[-94.60215478963302,39.04250218848181],[-94.60215247735383,39.04254735742838],[-94.60215033753278,39.04258952882402],[-94.60215019521101,39.04259257153796],[-94.60248490158723,39.042603902581405],[-94.60248946544235,39.042513473205446]]]},"properties":{"parcel":"141809","address":"4701 Terrace St","owner":"Emily Investment LLC","point":[-94.60231904931197,39.0425684431262],"permit_status":"denied","current_permit":false,"source_url":"https://mapd.kcmo.org/kcgis/rest/services/AGOL/MapServer/6/query","retrieved_at":"2026-10-06T02:34:59.880305+00:00"}},{"type":"Feature","geometry":{"type":"Polygon","coordinates":[[[-94.60391422026605,39.042535207928154],[-94.60353875883071,39.04252270505385],[-94.60353267956279,39.04263938022127],[-94.60390820062956,39.04265211072658],[-94.60391422026605,39.042535207928154]]]},"properties":{"parcel":"141818","address":"1501 W 47th St","owner":"Millrow Holdings LLC","point":[-94.60372346584107,39.04258729407471],"permit_status":"denied","current_permit":false,"source_url":"https://mapd.kcmo.org/kcgis/rest/services/AGOL/MapServer/6/query","retrieved_at":"2026-10-06T02:34:59.880305+00:00"}},{"type":"Feature","geometry":{"type":"Polygon","coordinates":[[[-94.60341934885835,39.041460564532855],[-94.60306842049125,39.04144677993459],[-94.60306405460679,39.041532564920466],[-94.60341506894744,39.04154364836309],[-94.60341934885835,39.041460564532855]]]},"properties":{"parcel":"141921","address":"4729 Liberty St","owner":"Nakayama, Ayako","point":[-94.6032416905757,39.04149656472666],"permit_status":"denied","current_permit":false,"source_url":"https://mapd.kcmo.org/kcgis/rest/services/AGOL/MapServer/6/query","retrieved_at":"2026-10-06T02:34:59.880305+00:00"}},{"type":"Feature","geometry":{"type":"Polygon","coordinates":[[[-94.60173531569131,39.0409135206859],[-94.6014892580654,39.0409053611926],[-94.60148908708013,39.04090838162271],[-94.60148360765287,39.04101592670874],[-94.60147550304036,39.04117477309484],[-94.60147536066046,39.041177793499884],[-94.60172141617713,39.04118535869167],[-94.60172969281447,39.04102358395344],[-94.60173531569131,39.0409135206859]]]},"properties":{"parcel":"141959","address":"1210 W 48th St","owner":"Bowden Mark & Anne","point":[-94.60160259264353,39.041099178524135],"permit_status":"voided-city","current_permit":false,"source_url":"https://mapd.kcmo.org/kcgis/rest/services/AGOL/MapServer/6/query","retrieved_at":"2026-10-06T02:34:59.880305+00:00"}},{"type":"Feature","geometry":{"type":"Polygon","coordinates":[[[-94.60643409584956,39.03933599043799],[-94.60610066652528,39.03932412155382],[-94.60609676419315,39.03932398781782],[-94.60609030615063,39.03943894745578],[-94.60608942012284,39.03945514795591],[-94.60608927746364,39.03945784803469],[-94.60608910580638,39.03946077637707],[-94.60609300814687,39.039460910685364],[-94.60642608593672,39.039472710696785],[-94.60643409584956,39.03933599043799]]]},"properties":{"parcel":"142083","address":"4903 Bell St","owner":"Rowley Margaret Ann","point":[-94.60626213898043,39.039387468946884],"permit_status":"denied","current_permit":false,"source_url":"https://mapd.kcmo.org/kcgis/rest/services/AGOL/MapServer/6/query","retrieved_at":"2026-10-06T02:34:59.880305+00:00"}},{"type":"Feature","geometry":{"type":"Polygon","coordinates":[[[-94.60387359935545,39.03801708531537],[-94.6037499065085,39.03791695347186],[-94.60341809764198,39.03816653643182],[-94.60354187683956,39.03826705637801],[-94.60387359935545,39.03801708531537]]]},"properties":{"parcel":"142212","address":"4971 Westwood Ter","owner":"Thies Lawrence J & Kathleen S","point":[-94.60364593852577,39.038091810873595],"permit_status":"cancelled","current_permit":false,"source_url":"https://mapd.kcmo.org/kcgis/rest/services/AGOL/MapServer/6/query","retrieved_at":"2026-10-06T02:34:59.880305+00:00"}},{"type":"Feature","geometry":{"type":"Polygon","coordinates":[[[-94.60280039728192,39.03591951060839],[-94.602765262597,39.03591828311553],[-94.60258959365802,39.035912191822426],[-94.60256927328635,39.0362844602416],[-94.6025691009231,39.036287502985765],[-94.60274478633006,39.036293183009526],[-94.60277990416522,39.036294296118584],[-94.60278007651941,39.03629125337412],[-94.60280039728192,39.03591951060839]]]},"properties":{"parcel":"142282","address":"1315 W 50th Ter","owner":"Robert Parkinson & Karen Andrews Trust Dated 05/15/2025","point":[-94.60268482814607,39.03610198542499],"permit_status":"voided-city","current_permit":false,"source_url":"https://mapd.kcmo.org/kcgis/rest/services/AGOL/MapServer/6/query","retrieved_at":"2026-10-06T02:34:59.880305+00:00"}},{"type":"Feature","geometry":{"type":"Polygon","coordinates":[[[-94.59546834573742,39.0407135547664],[-94.5952578220271,39.040706792820075],[-94.59525436050102,39.04070668124231],[-94.59525007703202,39.040706799144864],[-94.59524764286259,39.04070702994178],[-94.59524459142736,39.04070751350481],[-94.59524157037188,39.040708225280156],[-94.59523863761247,39.040709142911616],[-94.59523582175545,39.04071026637584],[-94.59523315427977,39.040711549885295],[-94.59523066241772,39.04071306263256],[-94.595228317437,39.040714710829285],[-94.59522617805266,39.040716520740645],[-94.59522424352737,39.040718489507114],[-94.59522260399143,39.04072055012842],[-94.5952211685527,39.04072274844068],[-94.59522029059806,39.04072441946462],[-94.59521783488962,39.04073046260432],[-94.59509349031123,39.04103540539711],[-94.59520980009258,39.041039200273275],[-94.59544699539218,39.0410468780292],[-94.59545403603644,39.040937134805304],[-94.59546093270068,39.04082942867068],[-94.59546814442128,39.04071657406864],[-94.59546834573742,39.0407135547664]]]},"properties":{"parcel":"142334","address":"700 W 48th St STE 106","owner":"Fowler Paige B & William C","point":[-94.59530650258719,39.04088328173799],"permit_status":"denied","current_permit":false,"source_url":"https://mapd.kcmo.org/kcgis/rest/services/AGOL/MapServer/6/query","retrieved_at":"2026-10-06T02:34:59.880305+00:00"}},{"type":"Feature","geometry":{"type":"Polygon","coordinates":[[[-94.60021847790438,39.03946734091184],[-94.59997521430584,39.03945979360467],[-94.5999705198138,39.039459659770614],[-94.59996746919083,39.03945961776733],[-94.59996509187079,39.03945955001795],[-94.59995878403791,39.03945964751936],[-94.59995247649437,39.03945995037651],[-94.59994622795104,39.03946048141999],[-94.59993997969931,39.03946121953525],[-94.59993381978705,39.039462185811715],[-94.59992768953632,39.03946338087172],[-94.59992164756125,39.03946475890315],[-94.5999156946598,39.03946636566724],[-94.59990985793776,39.03946817768781],[-94.59990408088701,39.039470173848414],[-94.59989845082276,39.03947237581117],[-94.5998929670107,39.03947478300472],[-94.59988763235245,39.039477372545655],[-94.59988241237586,39.03948014560758],[-94.59987737159375,39.03948307811026],[-94.59987253501136,39.039486217510245],[-94.59986784535008,39.039489516378715],[-94.59986335979025,39.03949295235779],[-94.59985908203237,39.03949654889728],[-94.59985500843953,39.03950032773724],[-94.5998511425504,39.039504197350915],[-94.59984753797538,39.039508204598334],[-94.59984414116929,39.03951234895334],[-94.59984097850538,39.03951660751248],[-94.59983808005742,39.039520980822005],[-94.59983544575856,39.039525421404115],[-94.59983304556981,39.039529953309504],[-94.59983091106565,39.039534601108116],[-94.59982904064557,39.03953926984553],[-94.5998274337081,39.03954405333407],[-94.59982614876951,39.039548835975],[-94.59982510011109,39.039553688200506],[-94.59982431407079,39.039558561938115],[-94.5998238507976,39.039563459424464],[-94.59982362373799,39.039568379017595],[-94.59982371794486,39.03957329833574],[-94.5998241077149,39.03957819509203],[-94.59982475857198,39.03958306759995],[-94.59982567568512,39.03958794045198],[-94.59982656108346,39.03959164640402],[-94.5998322253812,39.03961324172092],[-94.5998361269836,39.03961337509512],[-94.60020576404771,39.03962598585701],[-94.6002096355786,39.03962611924455],[-94.60021847790438,39.03946734091184]]]},"properties":{"parcel":"142382","address":"1100 W 49th St","owner":"Gateway Reverse 1005 LLC","point":[-94.60002128809059,39.039541661589794],"permit_status":"voided-city","current_permit":false,"source_url":"https://mapd.kcmo.org/kcgis/rest/services/AGOL/MapServer/6/query","retrieved_at":"2026-10-06T02:34:59.880305+00:00"}},{"type":"Feature","geometry":{"type":"Polygon","coordinates":[[[-94.60085329960495,39.04060601315485],[-94.6005243691891,39.040595382324064],[-94.60038381095724,39.04059090430922],[-94.6003749717025,39.04072991407825],[-94.60051545708569,39.0407345517607],[-94.6008455173232,39.04074541044851],[-94.60085329960495,39.04060601315485]]]},"properties":{"parcel":"142392","address":"4801 Holly St","owner":"James T And Deborah K Hamilton Revocable Trust Dated 02/13/2","point":[-94.60061437599742,39.04066796361655],"permit_status":"cancelled","current_permit":false,"source_url":"https://mapd.kcmo.org/kcgis/rest/services/AGOL/MapServer/6/query","retrieved_at":"2026-10-06T02:34:59.880305+00:00"}},{"type":"Feature","geometry":{"type":"Polygon","coordinates":[[[-94.59993042277797,39.03911261393971],[-94.59969394331993,39.038879339317134],[-94.59967585574134,39.0388897884777],[-94.5996427290414,39.03890869297362],[-94.59960945530763,39.03892736934839],[-94.59957594661995,39.038945886891746],[-94.599542320331,39.038964242643246],[-94.59950854704077,39.03898239315406],[-94.59947459747364,39.03900038363892],[-94.59960311525339,39.03915577274453],[-94.5996071731495,39.039161192630935],[-94.59961340268502,39.03916908123066],[-94.59961986827352,39.03917687753269],[-94.59962656988375,39.03918455922815],[-94.59963347521122,39.03919210403568],[-94.59964064366794,39.03919951190445],[-94.59964804741301,39.03920680516719],[-94.59965562696776,39.03921393639664],[-94.5996561851216,39.03921443987219],[-94.59993042277797,39.03911261393971]]]},"properties":{"parcel":"142393","address":"1100 Ward Pkwy","owner":"Deister Andrew Z & Courtney","point":[-94.59969727268154,39.039056498789314],"permit_status":"cancelled","current_permit":false,"source_url":"https://mapd.kcmo.org/kcgis/rest/services/AGOL/MapServer/6/query","retrieved_at":"2026-10-06T02:34:59.880305+00:00"}},{"type":"Feature","geometry":{"type":"Polygon","coordinates":[[[-94.59960486140025,39.03952127115762],[-94.59960330159403,39.03951784035085],[-94.5995941196955,39.039497896024535],[-94.59958467390761,39.039478065755304],[-94.59957496413581,39.039458282044485],[-94.59956496110514,39.03943859067883],[-94.59955472272735,39.03941896758386],[-94.5995442512672,39.03939945851946],[-94.59953348648537,39.03937999661023],[-94.5995282210114,39.0393707343284],[-94.59952245708256,39.03936064933035],[-94.59951116302526,39.039341392654784],[-94.59949966516301,39.039322205366695],[-94.5994878726067,39.0393031321614],[-94.59948346195887,39.03929618069386],[-94.59912855799864,39.03941111628156],[-94.59915322903281,39.039492139549374],[-94.59917506908748,39.03956387613445],[-94.5991940214407,39.03962616420445],[-94.59919795154863,39.039625176982454],[-94.59960486140025,39.03952127115762]]]},"properties":{"parcel":"142409","address":"4831 Jarboe St","owner":"Medrano Roberto","point":[-94.5993628753386,39.03946817389989],"permit_status":"voided-city","current_permit":false,"source_url":"https://mapd.kcmo.org/kcgis/rest/services/AGOL/MapServer/6/query","retrieved_at":"2026-10-06T02:34:59.880305+00:00"}},{"type":"Feature","geometry":{"type":"Polygon","coordinates":[[[-94.59687534336305,39.04075849975402],[-94.59641146034217,39.040743690597054],[-94.59640443379033,39.04086270007067],[-94.59639798139155,39.040972419413606],[-94.5964018830625,39.04097255290254],[-94.59685828767364,39.04098707085461],[-94.596862218687,39.040987204875805],[-94.59686849432926,39.04087748565459],[-94.59687534336305,39.04075849975402]]]},"properties":{"parcel":"142431","address":"804 W 48th St","owner":"Pac Investments LLC","point":[-94.59663645945227,39.04087009286263],"permit_status":"cancelled","current_permit":false,"source_url":"https://mapd.kcmo.org/kcgis/rest/services/AGOL/MapServer/6/query","retrieved_at":"2026-10-06T02:34:59.880305+00:00"}},{"type":"Feature","geometry":{"type":"Polygon","coordinates":[[[-94.60034399949593,39.04098693864175],[-94.59988938786464,39.04097469857676],[-94.59988551485816,39.04097461094176],[-94.59987909634405,39.041084261801],[-94.60033822720189,39.04109661127867],[-94.60034399949593,39.04098693864175]]]},"properties":{"parcel":"142458","address":"4742 Jarboe St","owner":"Center Stage Investors LLC","point":[-94.60011169156621,39.04103560022138],"permit_status":"denied","current_permit":false,"source_url":"https://mapd.kcmo.org/kcgis/rest/services/AGOL/MapServer/6/query","retrieved_at":"2026-10-06T02:34:59.880305+00:00"}},{"type":"Feature","geometry":{"type":"Polygon","coordinates":[[[-94.60019454226135,39.03901459428658],[-94.60019134069532,39.039011531564434],[-94.59991204112025,39.03874708399508],[-94.59990309926015,39.03875278843289],[-94.59987117799697,39.03877288291395],[-94.59983904961676,39.03879279394402],[-94.59980677579682,39.038812567804065],[-94.59977429629559,39.03883213590272],[-94.59974163901747,39.03885152109686],[-94.59970886487338,39.03887074621523],[-94.59970045136353,39.03887560416347],[-94.59969394331993,39.038879339317134],[-94.59993042277797,39.03911261393971],[-94.59993787103993,39.03910983953839],[-94.60002552091267,39.039077295802606],[-94.60019454226135,39.03901459428658]]]},"properties":{"parcel":"142503","address":"1108 Ward Pkwy","owner":"Wesley Shane & Jessica","point":[-94.59994123997939,39.03894543544078],"permit_status":"denied","current_permit":false,"source_url":"https://mapd.kcmo.org/kcgis/rest/services/AGOL/MapServer/6/query","retrieved_at":"2026-10-06T02:34:59.880305+00:00"}},{"type":"Feature","geometry":{"type":"Polygon","coordinates":[[[-94.59952072233321,39.0369736887261],[-94.5990395435097,39.03672183595594],[-94.59902345008416,39.036752372787475],[-94.59891615050013,39.036955989175254],[-94.59892002596816,39.036958000555096],[-94.59934222251978,39.037180043864275],[-94.599346127381,39.03718207694174],[-94.59952072233321,39.0369736887261]]]},"properties":{"parcel":"142532","address":"4979 Ward Pkwy","owner":"Kathleen Lally-Arena Revocable Trust Under Declaration Dated","point":[-94.59913109819274,39.036854180981365],"permit_status":"cancelled","current_permit":false,"source_url":"https://mapd.kcmo.org/kcgis/rest/services/AGOL/MapServer/6/query","retrieved_at":"2026-10-06T02:34:59.880305+00:00"}},{"type":"Feature","geometry":{"type":"Polygon","coordinates":[[[-94.59986744601056,39.03655988812309],[-94.59974280192637,39.03646439821807],[-94.59973272757799,39.03645736007558],[-94.59972242091835,39.03645045827237],[-94.59971196779608,39.03644371733203],[-94.59970133750252,39.036437205923555],[-94.59969053280913,39.036430808495815],[-94.59967955091065,39.036424616574905],[-94.59966842331497,39.03641860839699],[-94.59965711991833,39.03641276110677],[-94.59964567012068,39.036407118724895],[-94.59963407386007,39.036401637205564],[-94.59962233123206,39.03639638461946],[-94.59961047221255,39.03639129287015],[-94.59959846532482,39.03638640603027],[-94.59958631200685,39.03638170350569],[-94.59957404309246,39.03637720586293],[-94.59956165635148,39.03637289193894],[-94.59954918195089,39.03636882977879],[-94.59953656108684,39.036364928480815],[-94.59952385249717,39.036361232040754],[-94.59951105694978,39.03635776505486],[-94.59949817217918,39.036354481191175],[-94.59948523048928,39.03635140330305],[-94.59947219967303,39.036348577751795],[-94.59945905246191,39.03634591132087],[-94.59944587629933,39.036343520056406],[-94.59943261234868,39.03634128960386],[-94.5994192907744,39.036339286292254],[-94.59940593945231,39.03633751352988],[-94.59939252900979,39.0363359467448],[-94.59937911958896,39.03633458531372],[-94.5993656225061,39.03633347507407],[-94.59935215428621,39.03633254899981],[-94.59933862920903,39.03633187409072],[-94.59932507434806,39.03633140456182],[-94.59931151977551,39.036331140959554],[-94.59929799486375,39.03633110785589],[-94.59928444093171,39.03633130186868],[-94.59927088732057,39.03633172526101],[-94.5992573633026,39.03633233110203],[-94.59924442560111,39.03633314294314],[-94.59916314065659,39.03648738439927],[-94.59916701613719,39.036489418079995],[-94.59969064850131,39.0367642288284],[-94.59969458192137,39.036766238416995],[-94.59986744601056,39.03655988812309]]]},"properties":{"parcel":"142534","address":"4987 Ward Pkwy","owner":"Enders Tyler L","point":[-94.59952780364765,39.03652465310154],"permit_status":"cancelled","current_permit":false,"source_url":"https://mapd.kcmo.org/kcgis/rest/services/AGOL/MapServer/6/query","retrieved_at":"2026-10-06T02:34:59.880305+00:00"}},{"type":"Feature","geometry":{"type":"Polygon","coordinates":[[[-94.59455847436134,39.038349300008115],[-94.59440525995319,39.038344436068336],[-94.59415862575763,39.03833662766472],[-94.59387660741844,39.03832772491266],[-94.5938757776695,39.03834310156558],[-94.59385679732014,39.03867722360116],[-94.59385499082454,39.03870886995134],[-94.59385094530096,39.038778431229524],[-94.59385077399614,39.03878145222194],[-94.5939104520585,39.03878318833083],[-94.59391344549921,39.03878327687249],[-94.5939174936816,39.03878336570886],[-94.59452932594635,39.0388011075814],[-94.59452952726518,39.03879806425478],[-94.59455847436134,39.038349300008115]]]},"properties":{"parcel":"142689","address":"609 W 49th St","owner":"Uc IV LLC","point":[-94.59420700480274,39.03851326180464],"permit_status":"denied","current_permit":false,"source_url":"https://mapd.kcmo.org/kcgis/rest/services/AGOL/MapServer/6/query","retrieved_at":"2026-10-06T02:34:59.880305+00:00"}},{"type":"Feature","geometry":{"type":"Polygon","coordinates":[[[-94.58112822329028,39.027522720138485],[-94.58091524812919,39.027515981458244],[-94.58089150551099,39.02784088429994],[-94.5808913029817,39.0278439956807],[-94.5811067746079,39.02785123776572],[-94.58110697715328,39.0278481486935],[-94.58112822329028,39.027522720138485]]]},"properties":{"parcel":"143304","address":"444 E 55th St","owner":"Kipp Eric D","point":[-94.58101048397884,39.02768180221921],"permit_status":"cancelled","current_permit":false,"source_url":"https://mapd.kcmo.org/kcgis/rest/services/AGOL/MapServer/6/query","retrieved_at":"2026-10-06T02:34:59.880305+00:00"}},{"type":"Feature","geometry":{"type":"Polygon","coordinates":[[[-94.58288551093293,39.029209986028285],[-94.58288149115214,39.02920987447956],[-94.58286341922688,39.02920924722314],[-94.5828453770753,39.029208367108104],[-94.58282739408814,39.029207281591546],[-94.58280938155214,39.02920601247347],[-94.58279139659354,39.02920449335844],[-94.58277347077048,39.02920274367293],[-94.58275557407065,39.0292008114883],[-94.58273770644017,39.02919865047064],[-94.58271989645364,39.029196237146664],[-94.58270214565995,39.0291936418743],[-94.5826844540313,39.02919084062864],[-94.58266679071126,39.0291877865255],[-94.5826491858505,39.029184549902595],[-94.58263169806472,39.02918108381234],[-94.58261423940338,39.02917743522315],[-94.58259686845695,39.0291735354506],[-94.58257958527749,39.02916942911262],[-94.582576709611,39.02916872241029],[-94.58256235982394,39.02916513968344],[-94.58254525291287,39.02916062078614],[-94.58252820370339,39.02915589763288],[-94.58251127159518,39.02915096674952],[-94.58250992243451,39.029150555846364],[-94.58250880985062,39.029153667872905],[-94.58238655744404,39.029495710904826],[-94.58238547557167,39.02949875426541],[-94.58245787791013,39.029501220015334],[-94.58286330778978,39.02951516525876],[-94.58286770826632,39.0295153222996],[-94.58288551093293,39.029209986028285]]]},"properties":{"parcel":"143356","address":"400 E 54th St","owner":"Logan Kelly J","point":[-94.58265740020113,39.02935284846656],"permit_status":"denied","current_permit":false,"source_url":"https://mapd.kcmo.org/kcgis/rest/services/AGOL/MapServer/6/query","retrieved_at":"2026-10-06T02:34:59.880305+00:00"}},{"type":"Feature","geometry":{"type":"Polygon","coordinates":[[[-94.58501262970616,39.03371376230351],[-94.58485437847,39.033707629884866],[-94.58471367231006,39.03370214977471],[-94.58470494984662,39.03386694470615],[-94.58484568640459,39.03387242594847],[-94.58500396739811,39.03387860297478],[-94.58501262970616,39.03371376230351]]]},"properties":{"parcel":"143572","address":"5125 Grand Ave","owner":"Flores Theresa F","point":[-94.58485880431405,39.03379035350483],"permit_status":"denied","current_permit":false,"source_url":"https://mapd.kcmo.org/kcgis/rest/services/AGOL/MapServer/6/query","retrieved_at":"2026-10-06T02:34:59.880305+00:00"}},{"type":"Feature","geometry":{"type":"Polygon","coordinates":[[[-94.58677713131112,39.03426366447859],[-94.58629902954857,39.03424502798205],[-94.58629512750403,39.03424487070215],[-94.58628696247828,39.03438259716275],[-94.58671384133596,39.03439930460779],[-94.58676923209912,39.034401481726135],[-94.58677221980523,39.03434905982663],[-94.58677713131112,39.03426366447859]]]},"properties":{"parcel":"143603","address":"5118 Walnut St","owner":"Nichols From Heaven LLC","point":[-94.58653307879031,39.034306362152606],"permit_status":"denied","current_permit":false,"source_url":"https://mapd.kcmo.org/kcgis/rest/services/AGOL/MapServer/6/query","retrieved_at":"2026-10-06T02:34:59.880305+00:00"}},{"type":"Feature","geometry":{"type":"Polygon","coordinates":[[[-94.58653211534497,39.03135872111134],[-94.58635658913954,39.031352238016204],[-94.58626875308889,39.03134900757804],[-94.58626858105183,39.031352280826404],[-94.58624885258146,39.03170228197704],[-94.58633665897044,39.03170548899882],[-94.58651242068079,39.0317119256146],[-94.58653208566545,39.031359040894756],[-94.58653211534497,39.03135872111134]]]},"properties":{"parcel":"143669","address":"21 E Concord Ave","owner":"Hickok James","point":[-94.58639052408513,39.031530661435895],"permit_status":"denied","current_permit":false,"source_url":"https://mapd.kcmo.org/kcgis/rest/services/AGOL/MapServer/6/query","retrieved_at":"2026-10-06T02:34:59.880305+00:00"}},{"type":"Feature","geometry":{"type":"Polygon","coordinates":[[[-94.58964684340543,39.0333814696067],[-94.58964294216423,39.03338133589114],[-94.58915686468423,39.03336342596941],[-94.58914897042293,39.03350142758541],[-94.58963645642866,39.033519450289596],[-94.58964032980809,39.03351958459881],[-94.58964684340543,39.0333814696067]]]},"properties":{"parcel":"143750","address":"5143 Wyandotte St","owner":"Bernica Andrea C","point":[-94.58939820811185,39.03344144859606],"permit_status":"voided-city","current_permit":false,"source_url":"https://mapd.kcmo.org/kcgis/rest/services/AGOL/MapServer/6/query","retrieved_at":"2026-10-06T02:34:59.880305+00:00"}},{"type":"Feature","geometry":{"type":"Polygon","coordinates":[[[-94.58369495436801,39.029508302727145],[-94.58369102406795,39.029508213451074],[-94.58308250271293,39.02949089338268],[-94.58307131806309,39.029685252273836],[-94.58365508519397,39.0297040087739],[-94.58365922090547,39.02970414309378],[-94.58366006605269,39.029698788913734],[-94.58366542412308,39.02966579014651],[-94.58367104626095,39.02963283752339],[-94.58367696400003,39.02959992987767],[-94.58368314281901,39.02956702318822],[-94.58368961723848,39.02953416147612],[-94.58369495436801,39.029508302727145]]]},"properties":{"parcel":"144035","address":"5330 Oak St","owner":"Grant Robert & Kathy","point":[-94.58337861414884,39.02958347653295],"permit_status":"denied","current_permit":false,"source_url":"https://mapd.kcmo.org/kcgis/rest/services/AGOL/MapServer/6/query","retrieved_at":"2026-10-06T02:34:59.880305+00:00"}},{"type":"Feature","geometry":{"type":"Polygon","coordinates":[[[-94.58874044826939,39.0207341778763],[-94.58832973177351,39.020721836382556],[-94.58832585985664,39.020721724909116],[-94.58832201336101,39.02074204614954],[-94.58831609652826,39.020772184906136],[-94.58830988628853,39.02080225524141],[-94.5883034120023,39.020832280586056],[-94.58829754934207,39.02085823150529],[-94.58873205629644,39.020871310092005],[-94.58874044826939,39.0207341778763]]]},"properties":{"parcel":"144248","address":"5844 Brookside Blvd","owner":"Stedman Terry & Karlye","point":[-94.58852509684796,39.02078722007377],"permit_status":"denied","current_permit":false,"source_url":"https://mapd.kcmo.org/kcgis/rest/services/AGOL/MapServer/6/query","retrieved_at":"2026-10-06T02:34:59.880305+00:00"}},{"type":"Feature","geometry":{"type":"Polygon","coordinates":[[[-94.583880822394,39.023550374411585],[-94.58342714322019,39.023535277381235],[-94.58341920927995,39.02367243170629],[-94.58387288859547,39.023687528766715],[-94.58387524600997,39.023646386481076],[-94.583880822394,39.023550374411585]]]},"properties":{"parcel":"144369","address":"5704 Oak St","owner":"Tiemeyer Ross B","point":[-94.58365076355557,39.02359838044633],"permit_status":"denied","current_permit":false,"source_url":"https://mapd.kcmo.org/kcgis/rest/services/AGOL/MapServer/6/query","retrieved_at":"2026-10-06T02:34:59.880305+00:00"}},{"type":"Feature","geometry":{"type":"Polygon","coordinates":[[[-94.58199934305149,39.02391961494105],[-94.58153278398025,39.023903856621196],[-94.58152505046478,39.0240405993843],[-94.58198767957165,39.024056153995524],[-94.58199158102092,39.02405628911144],[-94.58199934305149,39.02391961494105]]]},"properties":{"parcel":"144798","address":"5643 Locust St","owner":"Levin Amy Elizabeth Living Trust 02/28/2020","point":[-94.58176218958923,39.02398010716267],"permit_status":"denied","current_permit":false,"source_url":"https://mapd.kcmo.org/kcgis/rest/services/AGOL/MapServer/6/query","retrieved_at":"2026-10-06T02:34:59.880305+00:00"}},{"type":"Feature","geometry":{"type":"Polygon","coordinates":[[[-94.57510521897778,39.02298194930539],[-94.57510120027001,39.02298181403458],[-94.57464729170175,39.022965815241854],[-94.57463988951663,39.02309612666028],[-94.57509379928862,39.02311178398156],[-94.57509781800255,39.02311191810853],[-94.57510521897778,39.02298194930539]]]},"properties":{"parcel":"145101","address":"5711 Harrison St","owner":"Seck Deanna & Kyle","point":[-94.57487255023864,39.023039037982834],"permit_status":"denied","current_permit":false,"source_url":"https://mapd.kcmo.org/kcgis/rest/services/AGOL/MapServer/6/query","retrieved_at":"2026-10-06T02:34:59.880305+00:00"}},{"type":"Feature","geometry":{"type":"Polygon","coordinates":[[[-94.55595252425046,39.03160259082698],[-94.55548230939507,39.03158343524685],[-94.55547998661187,39.03162459061997],[-94.55547611791222,39.03169308375563],[-94.55594639069813,39.03171223933237],[-94.55595252425046,39.03160259082698]]]},"properties":{"parcel":"145279","address":"5205 Wabash Ave","owner":"Comfort Hall LLC","point":[-94.555713715093,39.0316588371878],"permit_status":"denied","current_permit":false,"source_url":"https://mapd.kcmo.org/kcgis/rest/services/AGOL/MapServer/6/query","retrieved_at":"2026-10-06T02:34:59.880305+00:00"}},{"type":"Feature","geometry":{"type":"Polygon","coordinates":[[[-94.562854532699,39.033461311342904],[-94.56285057209487,39.03346117619121],[-94.56234241107818,39.033441908546735],[-94.56233616999761,39.03355167181308],[-94.56284409708235,39.03357091615721],[-94.56284811710046,39.0335710518491],[-94.562854532699,39.033461311342904]]]},"properties":{"parcel":"145565","address":"5115 Michigan Ave","owner":"Tice Ronald G & Shane M","point":[-94.56259531515732,39.033506491577995],"permit_status":"voided-city","current_permit":false,"source_url":"https://mapd.kcmo.org/kcgis/rest/services/AGOL/MapServer/6/query","retrieved_at":"2026-10-06T02:34:59.880305+00:00"}},{"type":"Feature","geometry":{"type":"Polygon","coordinates":[[[-94.56579724651041,39.03398471491261],[-94.56579337539223,39.0339846255723],[-94.56533875377954,39.033971748012235],[-94.56533806302095,39.03398543063567],[-94.56533183887335,39.03410860227806],[-94.56579165465517,39.034123719840146],[-94.56579179826483,39.03412040202138],[-94.56579670254699,39.03399842033684],[-94.56579724651041,39.03398471491261]]]},"properties":{"parcel":"146133","address":"5100 Highland Ave","owner":"Martin Anthony","point":[-94.56556455517901,39.03405351130745],"permit_status":"cancelled","current_permit":false,"source_url":"https://mapd.kcmo.org/kcgis/rest/services/AGOL/MapServer/6/query","retrieved_at":"2026-10-06T02:34:59.880305+00:00"}},{"type":"Feature","geometry":{"type":"Polygon","coordinates":[[[-94.56819817952841,39.03362911649714],[-94.56772742238795,39.033612573272435],[-94.56772354977669,39.03361243766312],[-94.56772311666606,39.03361971348525],[-94.56772190373036,39.033639849427075],[-94.56771385019518,39.033776865812236],[-94.5677122033217,39.033804187196026],[-94.56771226272924,39.03380418716154],[-94.56818604264777,39.03382127725038],[-94.56818777646349,39.03379379621461],[-94.56819644567611,39.03365655119997],[-94.56819817952841,39.03362911649714]]]},"properties":{"parcel":"146166","address":"5116 Paseo","owner":"Ibarra & Browne LLC","point":[-94.56795501594877,39.033716708506105],"permit_status":"cancelled","current_permit":false,"source_url":"https://mapd.kcmo.org/kcgis/rest/services/AGOL/MapServer/6/query","retrieved_at":"2026-10-06T02:34:59.880305+00:00"}},{"type":"Feature","geometry":{"type":"Polygon","coordinates":[[[-94.56646258806538,39.03157707817431],[-94.56597359744141,39.03156008062962],[-94.5659696655403,39.03155994556755],[-94.5659689137658,39.03157095173453],[-94.56596856681597,39.03157642048021],[-94.56596261020131,39.031669617998375],[-94.56596651203944,39.03166975364973],[-94.56645582527489,39.03168663663497],[-94.56646157666594,39.03159348439889],[-94.56646258806538,39.03157707817431]]]},"properties":{"parcel":"146233","address":"5221 Wayne Ave","owner":"Tice Ronald G","point":[-94.56621213477474,39.03163155119863],"permit_status":"voided-city","current_permit":false,"source_url":"https://mapd.kcmo.org/kcgis/rest/services/AGOL/MapServer/6/query","retrieved_at":"2026-10-06T02:34:59.880305+00:00"}},{"type":"Feature","geometry":{"type":"Polygon","coordinates":[[[-94.56632363624408,39.02908038636193],[-94.5659699894988,39.02906827635932],[-94.56596242494743,39.02919714740247],[-94.56631615809513,39.02920921047246],[-94.56632363624408,39.02908038636193]]]},"properties":{"parcel":"146564","address":"5341 Wayne Ave","owner":"Ivy Nguyen LLC","point":[-94.56614304954945,39.0291387668822],"permit_status":"denied","current_permit":false,"source_url":"https://mapd.kcmo.org/kcgis/rest/services/AGOL/MapServer/6/query","retrieved_at":"2026-10-06T02:34:59.880305+00:00"}},{"type":"Feature","geometry":{"type":"Polygon","coordinates":[[[-94.56847148738117,39.02867790414859],[-94.5680143453565,39.02866162920891],[-94.56801032634081,39.02866149426627],[-94.56800510146036,39.02874993226599],[-94.56846649691514,39.02876547255407],[-94.56847148738117,39.02867790414859]]]},"properties":{"parcel":"146642","address":"5400 Paseo","owner":"Beck Nicholas P & Ashlie E","point":[-94.56823833205982,39.02871391820729],"permit_status":"denied","current_permit":false,"source_url":"https://mapd.kcmo.org/kcgis/rest/services/AGOL/MapServer/6/query","retrieved_at":"2026-10-06T02:34:59.880305+00:00"}},{"type":"Feature","geometry":{"type":"Polygon","coordinates":[[[-94.56568780910342,39.02494061619394],[-94.56568393623633,39.024940481088734],[-94.56519150156126,39.02492345929068],[-94.56518644599053,39.02500814407362],[-94.56518627203103,39.02501116503299],[-94.56568255049186,39.02502793299767],[-94.56568780910342,39.02494061619394]]]},"properties":{"parcel":"146723","address":"5601 Highland Ave","owner":"Hunt Ronald & Wells Naomi","point":[-94.56543711867016,39.02497438013378],"permit_status":"cancelled","current_permit":false,"source_url":"https://mapd.kcmo.org/kcgis/rest/services/AGOL/MapServer/6/query","retrieved_at":"2026-10-06T02:34:59.880305+00:00"}},{"type":"Feature","geometry":{"type":"Polygon","coordinates":[[[-94.56861929362354,39.02620809107153],[-94.56816058450596,39.02619215968559],[-94.56815961717777,39.02619211563285],[-94.56815168195715,39.02632917677195],[-94.5681526191985,39.02632919853334],[-94.56861089054725,39.02634501637456],[-94.5686136917687,39.026299320836905],[-94.56861929362354,39.02620809107153]]]},"properties":{"parcel":"146884","address":"5514 Paseo","owner":"Ingram Jeremy","point":[-94.56838627203629,39.02625370595422],"permit_status":"denied","current_permit":false,"source_url":"https://mapd.kcmo.org/kcgis/rest/services/AGOL/MapServer/6/query","retrieved_at":"2026-10-06T02:34:59.880305+00:00"}},{"type":"Feature","geometry":{"type":"Polygon","coordinates":[[[-94.56980597594976,39.02558969201224],[-94.56980210524021,39.02558955761453],[-94.56977972143338,39.02558879248045],[-94.56967834143515,39.025585146359184],[-94.56933137117657,39.025573203285354],[-94.56932741100064,39.02557306835303],[-94.56931991160587,39.02570347153243],[-94.5697724876272,39.025719218410465],[-94.56979481058406,39.025719959557264],[-94.56979874216927,39.025720095062844],[-94.56979914689164,39.025713299168814],[-94.56980444895783,39.02561710434386],[-94.56980597594976,39.02558969201224]]]},"properties":{"parcel":"146972","address":"5538 Lydia Ave","owner":"Cisneros Ernesto","point":[-94.56956223191423,39.025660287938145],"permit_status":"denied","current_permit":false,"source_url":"https://mapd.kcmo.org/kcgis/rest/services/AGOL/MapServer/6/query","retrieved_at":"2026-10-06T02:34:59.880305+00:00"}},{"type":"Feature","geometry":{"type":"Polygon","coordinates":[[[-94.56828978164086,39.01983071029498],[-94.56780902528749,39.01981415087599],[-94.56779946115732,39.01996471345349],[-94.56779894103822,39.019972928036765],[-94.56828127775076,39.019985460086644],[-94.56828147937286,39.019981615959715],[-94.56828978164086,39.01983071029498]]]},"properties":{"parcel":"147337","address":"5845 Blue Hills Rd","owner":"Graves Joel N & Graves Joya N","point":[-94.56804490636844,39.019897711874236],"permit_status":"denied","current_permit":false,"source_url":"https://mapd.kcmo.org/kcgis/rest/services/AGOL/MapServer/6/query","retrieved_at":"2026-10-06T02:34:59.880305+00:00"}},{"type":"Feature","geometry":{"type":"Polygon","coordinates":[[[-94.5994078619724,38.97197744946958],[-94.59922702853754,38.971969870095606],[-94.59922019707655,38.9719695773044],[-94.59922002625012,38.97197266641035],[-94.59919698579914,38.97235029427098],[-94.59938473918648,38.97235837175583],[-94.59940768972051,38.97198056145822],[-94.5994078619724,38.97197744946958]]]},"properties":{"parcel":"148726","address":"700 W 86th Ter","owner":"Anker Emily","point":[-94.59930236248175,38.972165427864596],"permit_status":"denied","current_permit":false,"source_url":"https://mapd.kcmo.org/kcgis/rest/services/AGOL/MapServer/6/query","retrieved_at":"2026-10-06T02:34:59.880305+00:00"}},{"type":"Feature","geometry":{"type":"Polygon","coordinates":[[[-94.60499411524272,38.973548452703355],[-94.60493356105589,38.97323386800642],[-94.60468216683367,38.97322331731627],[-94.6047013693054,38.97356434413785],[-94.60472212197016,38.97356409670521],[-94.60474923489922,38.97356352322353],[-94.60477634752439,38.97356274380518],[-94.60480348989041,38.973561758423195],[-94.60483057179475,38.97356052139619],[-94.60485765416013,38.97355910074095],[-94.60488467753143,38.97355743015556],[-94.6049117013279,38.973555551916775],[-94.60493872258769,38.97355344543421],[-94.60496568638322,38.97355113306643],[-94.60499259271425,38.97354861481346],[-94.60499411524272,38.973548452703355]]]},"properties":{"parcel":"148849","address":"1203 W 85th Ter","owner":"Pessoa Marco Antonio Bentempo","point":[-94.60482772792801,38.973391160354886],"permit_status":"denied","current_permit":false,"source_url":"https://mapd.kcmo.org/kcgis/rest/services/AGOL/MapServer/6/query","retrieved_at":"2026-10-06T02:34:59.880305+00:00"}},{"type":"Feature","geometry":{"type":"Polygon","coordinates":[[[-94.60104454038161,38.96631180246519],[-94.60076816564,38.966340780798745],[-94.60073846713938,38.96676900485808],[-94.60101349168893,38.96677977357189],[-94.60101736151591,38.96677995269999],[-94.60104454038161,38.96631180246519]]]},"properties":{"parcel":"149136","address":"812 W 89th Ter","owner":"Gordon And Thea Ida Joint Revocable Trust U.t.a Dated 03/12/","point":[-94.60089187197529,38.96655489282841],"permit_status":"denied","current_permit":false,"source_url":"https://mapd.kcmo.org/kcgis/rest/services/AGOL/MapServer/6/query","retrieved_at":"2026-10-06T02:34:59.880305+00:00"}},{"type":"Feature","geometry":{"type":"Polygon","coordinates":[[[-94.5890733133888,38.97316790645244],[-94.58906308289845,38.9731674331836],[-94.58903456103397,38.97316642529392],[-94.58900606874005,38.9731656233054],[-94.58897751881322,38.973165027284544],[-94.58894896767883,38.97316463718831],[-94.5889204476371,38.973164498754436],[-94.5888990784855,38.97316453734397],[-94.58889881835053,38.973168061817],[-94.58887929830361,38.97354353350146],[-94.58897623846529,38.973547349432785],[-94.58906582021041,38.97355089746954],[-94.58907317084129,38.97317110992744],[-94.5890733133888,38.97316790645244]]]},"properties":{"parcel":"149633","address":"102 E Pocahontas Ln","owner":"Tuttle Michelle Lynne","point":[-94.58897927294176,38.97335732171445],"permit_status":"cancelled","current_permit":false,"source_url":"https://mapd.kcmo.org/kcgis/rest/services/AGOL/MapServer/6/query","retrieved_at":"2026-10-06T02:34:59.880305+00:00"}},{"type":"Feature","geometry":{"type":"Polygon","coordinates":[[[-94.58684887775479,38.973020236428255],[-94.58683264453173,38.97300082295129],[-94.58682195749385,38.97298710218977],[-94.58680956983041,38.97297114090783],[-94.58679741435635,38.97295508678304],[-94.58678549470972,38.97293891864766],[-94.5867738372976,38.972922658219254],[-94.58676241495338,38.97290626204381],[-94.58675125630768,38.97288977243033],[-94.58674464720619,38.97287836020206],[-94.58672831542629,38.972849587233114],[-94.58584274583713,38.9731433723309],[-94.58616956048091,38.97327545395311],[-94.5862625556263,38.97331444343629],[-94.58684498167058,38.97302220768188],[-94.58684887775479,38.973020236428255]]]},"properties":{"parcel":"149759","address":"8521 Sleepy Hollow Rd","owner":"Landmark Equity Group LLC","point":[-94.58637480145643,38.97308279000639],"permit_status":"denied","current_permit":false,"source_url":"https://mapd.kcmo.org/kcgis/rest/services/AGOL/MapServer/6/query","retrieved_at":"2026-10-06T02:34:59.880305+00:00"}},{"type":"Feature","geometry":{"type":"Polygon","coordinates":[[[-94.58656981484441,38.96694093181178],[-94.58656594509986,38.96694079796696],[-94.58601768828834,38.96692150319419],[-94.5860137907005,38.966921368207544],[-94.58600296367737,38.967081865006236],[-94.58599193623836,38.967245725485185],[-94.58599580532173,38.96724590568395],[-94.58653674366754,38.967270492115986],[-94.58654064206318,38.96727067227498],[-94.58654810161184,38.96718657829347],[-94.58655521447767,38.96710603115511],[-94.58656385840644,38.96700834485207],[-94.58656981484441,38.96694093181178]]]},"properties":{"parcel":"149888","address":"8816 Iroquois Trl","owner":"Mullen Cara","point":[-94.58627921709083,38.967093948080674],"permit_status":"denied","current_permit":false,"source_url":"https://mapd.kcmo.org/kcgis/rest/services/AGOL/MapServer/6/query","retrieved_at":"2026-10-06T02:34:59.880305+00:00"}},{"type":"Feature","geometry":{"type":"Polygon","coordinates":[[[-94.59358363863907,38.96770737076414],[-94.59355637045279,38.96752143704623],[-94.59355244216427,38.96752139443284],[-94.59307339467915,38.96751337948462],[-94.5930728647004,38.96753450040707],[-94.59307240751335,38.96756477203876],[-94.59307221124288,38.96759508979669],[-94.5930723102676,38.967625407318934],[-94.59307267307996,38.96765572463064],[-94.5930733560409,38.96768599535244],[-94.59307427500656,38.96771631222032],[-94.59307436811488,38.967719149987865],[-94.59358363863907,38.96770737076414]]]},"properties":{"parcel":"149963","address":"8826 Daniel Boone Rd","owner":"Lienemann Molly E & Seth","point":[-94.59332082794849,38.96761024855781],"permit_status":"denied","current_permit":false,"source_url":"https://mapd.kcmo.org/kcgis/rest/services/AGOL/MapServer/6/query","retrieved_at":"2026-10-06T02:34:59.880305+00:00"}},{"type":"Feature","geometry":{"type":"Polygon","coordinates":[[[-94.57962963918683,38.96543372318797],[-94.57925159593466,38.965417734850185],[-94.57924772699229,38.96541757673682],[-94.5792122116179,38.96623967722023],[-94.57959360052612,38.9662557097345],[-94.57962963918683,38.96543372318797]]]},"properties":{"parcel":"150540","address":"815 E 89th St","owner":"Craddolph Roland T","point":[-94.57942079592587,38.9658367002041],"permit_status":"denied","current_permit":false,"source_url":"https://mapd.kcmo.org/kcgis/rest/services/AGOL/MapServer/6/query","retrieved_at":"2026-10-06T02:34:59.880305+00:00"}},{"type":"Feature","geometry":{"type":"Polygon","coordinates":[[[-94.59022758474163,38.95396086231258],[-94.59022470679088,38.953956013709636],[-94.59021792202775,38.95394377747878],[-94.59021154676311,38.95393151862171],[-94.59020520206471,38.95391909785575],[-94.59019926689501,38.953906678488984],[-94.59019356677499,38.95389416627115],[-94.59018809945164,38.95388151772962],[-94.59018280859941,38.95386879983564],[-94.5901778693403,38.95385603647925],[-94.59017328240384,38.95384322537181],[-94.59016889904727,38.953830347179164],[-94.59016469224832,38.95381746827795],[-94.59016092559882,38.953804474630175],[-94.5901574211927,38.95379145789846],[-94.59015409328653,38.95377839526774],[-94.59015108766837,38.95376528719748],[-94.5901482872076,38.95375220127785],[-94.59014580830049,38.95373906877525],[-94.59014365308816,38.953725845069556],[-94.59014167214767,38.95371255201336],[-94.59014024953707,38.95369932831375],[-94.5901394481187,38.95369184618747],[-94.59013180141311,38.95369256198391],[-94.5896877239503,38.95373541745403],[-94.58978864254438,38.95412670155157],[-94.5897950863969,38.954124270608425],[-94.59021882699827,38.95396416455619],[-94.59022758474163,38.95396086231258]]]},"properties":{"parcel":"151826","address":"9609 Walnut St","owner":"Cole Shelly","point":[-94.58996786552134,38.95391288817237],"permit_status":"cancelled","current_permit":false,"source_url":"https://mapd.kcmo.org/kcgis/rest/services/AGOL/MapServer/6/query","retrieved_at":"2026-10-06T02:34:59.880305+00:00"}},{"type":"Feature","geometry":{"type":"Polygon","coordinates":[[[-94.59718675163406,38.953550826464145],[-94.59683526287448,38.953538144360216],[-94.59681440555977,38.95395313623846],[-94.5971661014935,38.95396581765887],[-94.59718675163406,38.953550826464145]]]},"properties":{"parcel":"152652","address":"408 W 96th Ter","owner":"O'Kelly Raymond Patrick","point":[-94.5970006287994,38.9537519813513],"permit_status":"cancelled","current_permit":false,"source_url":"https://mapd.kcmo.org/kcgis/rest/services/AGOL/MapServer/6/query","retrieved_at":"2026-10-06T02:34:59.880305+00:00"}},{"type":"Feature","geometry":{"type":"Polygon","coordinates":[[[-94.60279572997526,38.945617314676994],[-94.60278711201448,38.94579746725935],[-94.60293699512118,38.945804221873004],[-94.6029659461821,38.94580554690621],[-94.60299050107129,38.94580664585423],[-94.60331268476945,38.945821233973135],[-94.60331725524856,38.9458214358593],[-94.60333058527634,38.94554769514948],[-94.60332600019768,38.945547516158],[-94.60280011155355,38.945526289603926],[-94.60279572997526,38.945617314676994]]]},"properties":{"parcel":"153047","address":"10101 Belleview Ave","owner":"Brown Satara","point":[-94.60305711487635,38.94570739096817],"permit_status":"cancelled","current_permit":false,"source_url":"https://mapd.kcmo.org/kcgis/rest/services/AGOL/MapServer/6/query","retrieved_at":"2026-10-06T02:34:59.880305+00:00"}},{"type":"Feature","geometry":{"type":"Polygon","coordinates":[[[-94.54397366974496,39.089288280738074],[-94.54388588208778,39.089285247221284],[-94.54379806434473,39.089282214793755],[-94.54377904995665,39.08963113024934],[-94.54377887492876,39.089634150571875],[-94.54386654632108,39.08963720652142],[-94.54395421700113,39.08964028528606],[-94.54395439200736,39.08963724208254],[-94.54397366974496,39.089288280738074]]]},"properties":{"parcel":"15311","address":"3311 E 19th St","owner":"Fisher Jake & Latonya","point":[-94.54387629578076,39.08945970549371],"permit_status":"cancelled","current_permit":false,"source_url":"https://mapd.kcmo.org/kcgis/rest/services/AGOL/MapServer/6/query","retrieved_at":"2026-10-06T02:34:59.880305+00:00"}},{"type":"Feature","geometry":{"type":"Polygon","coordinates":[[[-94.54912904738957,39.01176062929072],[-94.549128138207,39.01176060622053],[-94.54912514666177,39.011760470765964],[-94.54863646876301,39.011738916211925],[-94.54863400790204,39.01178566262943],[-94.5486280449474,39.01189938387965],[-94.54911675251155,39.011920893265625],[-94.5491201539229,39.011921029119826],[-94.54912062392053,39.011921052375],[-94.54912658678961,39.01180728533817],[-94.54912904738957,39.01176062929072]]]},"properties":{"parcel":"1533","address":"6305 Walrond Ave","owner":"Lane Bobbie Y","point":[-94.54887731637172,39.011853334608915],"permit_status":"denied","current_permit":false,"source_url":"https://mapd.kcmo.org/kcgis/rest/services/AGOL/MapServer/6/query","retrieved_at":"2026-10-06T02:34:59.880305+00:00"}},{"type":"Feature","geometry":{"type":"Polygon","coordinates":[[[-94.57929428877627,38.94458038323004],[-94.5790841948345,38.94457103002312],[-94.57908399235592,38.94457405049202],[-94.57906110429026,38.94491222873171],[-94.57906087399918,38.9449152715285],[-94.57927243271281,38.94492480797612],[-94.57929408630656,38.94458340369924],[-94.57929428877627,38.94458038323004]]]},"properties":{"parcel":"153453","address":"911 E 100th Ter","owner":"Redd Jordan M","point":[-94.57917794511889,38.944747816215475],"permit_status":"denied","current_permit":false,"source_url":"https://mapd.kcmo.org/kcgis/rest/services/AGOL/MapServer/6/query","retrieved_at":"2026-10-06T02:34:59.880305+00:00"}},{"type":"Feature","geometry":{"type":"Polygon","coordinates":[[[-94.54838081765237,39.08821402376544],[-94.54792558639735,39.088198080838865],[-94.54792023744167,39.088277799530765],[-94.5479182620497,39.08830784275215],[-94.54792231303608,39.08830797779974],[-94.54837443287643,39.08832284777883],[-94.54837623340079,39.08829282693108],[-94.54838081765237,39.08821402376544]]]},"properties":{"parcel":"15451","address":"1917 Kansas Ave","owner":"Positive Community Development Resolutions LLC","point":[-94.54815066983778,39.0882459116481],"permit_status":"denied","current_permit":false,"source_url":"https://mapd.kcmo.org/kcgis/rest/services/AGOL/MapServer/6/query","retrieved_at":"2026-10-06T02:34:59.880305+00:00"}},{"type":"Feature","geometry":{"type":"Polygon","coordinates":[[[-94.55016463856239,39.08873993822947],[-94.55016073364452,39.08873984895844],[-94.5498711802745,39.08873104967258],[-94.5497888837284,39.0887285679607],[-94.54978534989596,39.08879693711018],[-94.54978172796113,39.08886528341559],[-94.54977822347459,39.088933651978685],[-94.549774630935,39.089002068055954],[-94.5497710677312,39.089070459523036],[-94.54976747447526,39.089138920216215],[-94.5497675339292,39.08913892019085],[-94.54977138088306,39.089139010071804],[-94.55013894550004,39.08915006415947],[-94.5501427623772,39.08915017692183],[-94.55014641328957,39.08908176252598],[-94.55015006422617,39.08901339217461],[-94.55015371514119,39.088945001229675],[-94.55015736533025,39.088876631448784],[-94.55016098835486,39.088808262250694],[-94.55016463856239,39.08873993822947]]]},"properties":{"parcel":"15472","address":"1844 Benton Blvd","owner":"1844 Benton LLC","point":[-94.5499659718012,39.08893932660418],"permit_status":"denied","current_permit":false,"source_url":"https://mapd.kcmo.org/kcgis/rest/services/AGOL/MapServer/6/query","retrieved_at":"2026-10-06T02:34:59.880305+00:00"}},{"type":"Feature","geometry":{"type":"Polygon","coordinates":[[[-94.58792917192991,38.927009524783315],[-94.58744307586102,38.9269794347988],[-94.58742251879194,38.92722409778643],[-94.58790772674419,38.92724528767132],[-94.58791159436242,38.92724544492843],[-94.58792917192991,38.927009524783315]]]},"properties":{"parcel":"154735","address":"11009 Oak St","owner":"Hies Properties LLC","point":[-94.58767635580612,38.927116811284876],"permit_status":"denied","current_permit":false,"source_url":"https://mapd.kcmo.org/kcgis/rest/services/AGOL/MapServer/6/query","retrieved_at":"2026-10-06T02:34:59.880305+00:00"}},{"type":"Feature","geometry":{"type":"Polygon","coordinates":[[[-94.59133030825178,38.919935651708585],[-94.59097914955767,38.91991308911354],[-94.59092510207189,38.92043528580229],[-94.59092481305204,38.92043832868075],[-94.59099048755344,38.920442715931635],[-94.5911772592788,38.92034184688858],[-94.59129726785372,38.92027704451754],[-94.59133030825178,38.919935651708585]]]},"properties":{"parcel":"155477","address":"112 E 114th Ter","owner":"Jackson Ryan C & Kathryn E","point":[-94.5911364676282,38.920106348113066],"permit_status":"cancelled","current_permit":false,"source_url":"https://mapd.kcmo.org/kcgis/rest/services/AGOL/MapServer/6/query","retrieved_at":"2026-10-06T02:34:59.880305+00:00"}},{"type":"Feature","geometry":{"type":"Polygon","coordinates":[[[-94.60345953725792,38.91619595543808],[-94.60297918741571,38.91608270470696],[-94.60297520355834,38.91608177065509],[-94.60296376547952,38.91611205227588],[-94.60295080978337,38.9161455626564],[-94.60293759034525,38.91617898117018],[-94.60292410719873,38.91621233127051],[-94.6029103610765,38.91624561352873],[-94.60289635054521,38.9162788496833],[-94.60288204701507,38.91631201687798],[-94.60287670341351,38.916324263140396],[-94.6028806018453,38.91632535744068],[-94.60335658774882,38.91645884017217],[-94.60344545214977,38.916237657846104],[-94.60345953725792,38.91619595543808]]]},"properties":{"parcel":"156248","address":"11612 Jefferson St","owner":"Blacker Trust Agreement Dated November 22, 2023","point":[-94.60316946748179,38.91626223160601],"permit_status":"cancelled","current_permit":false,"source_url":"https://mapd.kcmo.org/kcgis/rest/services/AGOL/MapServer/6/query","retrieved_at":"2026-10-06T02:34:59.880305+00:00"}},{"type":"Feature","geometry":{"type":"Polygon","coordinates":[[[-94.6040126296769,38.90572569982],[-94.60387451636102,38.90571923291702],[-94.6038725241345,38.90571912028214],[-94.60386678429106,38.90571903329054],[-94.60385032595413,38.90571863663643],[-94.60382997301303,38.905718379588066],[-94.60380962040779,38.90571835306646],[-94.60378929668536,38.90571855361402],[-94.60376894467797,38.90571893780684],[-94.60374862308548,38.90571959597441],[-94.60372832958066,38.905720438309196],[-94.60372223962545,38.90572074117821],[-94.60376957465529,38.90617130349868],[-94.60379390514287,38.90616844514467],[-94.6038377960133,38.906163463154066],[-94.60388171569743,38.90615866474493],[-94.60392569427803,38.90615409508134],[-94.60396970250449,38.906149777070716],[-94.6039716928109,38.906149568793325],[-94.60400352068946,38.90614661219327],[-94.60401254626389,38.90572874255515],[-94.6040126296769,38.90572569982]]]},"properties":{"parcel":"156641","address":"818 W 122nd Ter","owner":"Prosperous Investments LLC","point":[-94.60387653195725,38.90593767737421],"permit_status":"denied","current_permit":false,"source_url":"https://mapd.kcmo.org/kcgis/rest/services/AGOL/MapServer/6/query","retrieved_at":"2026-10-06T02:34:59.880305+00:00"}},{"type":"Feature","geometry":{"type":"Polygon","coordinates":[[[-94.57853895864928,38.89125170461359],[-94.57853509302984,38.891251570496465],[-94.57801491473857,38.89123446059366],[-94.57799668231155,38.891508799196764],[-94.57852095732139,38.891522039449484],[-94.57853895864928,38.89125170461359]]]},"properties":{"parcel":"158106","address":"12918 Virginia Ave","owner":"Honsinger Dalton & Sarah","point":[-94.57826781216144,38.891380251905176],"permit_status":"denied","current_permit":false,"source_url":"https://mapd.kcmo.org/kcgis/rest/services/AGOL/MapServer/6/query","retrieved_at":"2026-10-06T02:34:59.880305+00:00"}},{"type":"Feature","geometry":{"type":"Polygon","coordinates":[[[-94.58812762039199,38.90194397102523],[-94.58742027176979,38.901900112716866],[-94.58741640614863,38.9018998644869],[-94.58739091021876,38.90221740911574],[-94.58739486370689,38.90221765842481],[-94.58800217692304,38.90225536856335],[-94.58798155639562,38.90251199973862],[-94.5880813309608,38.90251810250984],[-94.58808159049278,38.90251485314602],[-94.58812762039199,38.90194397102523]]]},"properties":{"parcel":"158301","address":"12404 Cherry St","owner":"Powers Jackson M","point":[-94.58775924216067,38.90208069007049],"permit_status":"denied","current_permit":false,"source_url":"https://mapd.kcmo.org/kcgis/rest/services/AGOL/MapServer/6/query","retrieved_at":"2026-10-06T02:34:59.880305+00:00"}},{"type":"Feature","geometry":{"type":"Polygon","coordinates":[[[-94.5472521280843,39.08739380021699],[-94.54716228683287,39.087390884401394],[-94.54708603922248,39.08738842178695],[-94.54707689103928,39.08758410158366],[-94.54708088473201,39.087584236683625],[-94.54715375610974,39.087586518764766],[-94.54724450771752,39.087589388456465],[-94.5472521280843,39.08739380021699]]]},"properties":{"parcel":"15843","address":"3002 E 20th Ter","owner":"Murrell Estate LLC","point":[-94.54716488015026,39.08748895090032],"permit_status":"denied","current_permit":false,"source_url":"https://mapd.kcmo.org/kcgis/rest/services/AGOL/MapServer/6/query","retrieved_at":"2026-10-06T02:34:59.880305+00:00"}},{"type":"Feature","geometry":{"type":"Polygon","coordinates":[[[-94.54647151266416,39.086929749256804],[-94.54638780891376,39.086926991135144],[-94.54636479092389,39.08692624522534],[-94.54634907480795,39.087226492015596],[-94.5463721215504,39.087227283678494],[-94.54645594381118,39.087230019455234],[-94.54647151266416,39.086929749256804]]]},"properties":{"parcel":"15871","address":"3019 E 20th Ter","owner":"Murrell Bryan Marcel & Lashawnna R","point":[-94.54641033042202,39.0870781206362],"permit_status":"denied","current_permit":false,"source_url":"https://mapd.kcmo.org/kcgis/rest/services/AGOL/MapServer/6/query","retrieved_at":"2026-10-06T02:34:59.880305+00:00"}},{"type":"Feature","geometry":{"type":"Polygon","coordinates":[[[-94.58861718826702,38.88433472953192],[-94.5886133236216,38.8843345036492],[-94.58758169940575,38.88427503482769],[-94.58720522002258,38.88480385774179],[-94.58720911323282,38.88480408364973],[-94.58788320520168,38.88484295683997],[-94.58857931331558,38.88488306906891],[-94.58861718826702,38.88433472953192]]]},"properties":{"parcel":"159558","address":"13321 Cherry St","owner":"E73 Captial LLC","point":[-94.58798659861839,38.88456929363686],"permit_status":"denied","current_permit":false,"source_url":"https://mapd.kcmo.org/kcgis/rest/services/AGOL/MapServer/6/query","retrieved_at":"2026-10-06T02:34:59.880305+00:00"}},{"type":"Feature","geometry":{"type":"Polygon","coordinates":[[[-94.59437907428132,38.88530915616067],[-94.5940124898396,38.8852932048287],[-94.59400923930791,38.885293070728395],[-94.59400273495918,38.885377508816305],[-94.59400659958736,38.885377665876014],[-94.59437365293522,38.88539366146607],[-94.59437907428132,38.88530915616067]]]},"properties":{"parcel":"159690","address":"13333 Walnut St","owner":"Mwangi Mary M","point":[-94.59419112466568,38.88534333248849],"permit_status":"denied","current_permit":false,"source_url":"https://mapd.kcmo.org/kcgis/rest/services/AGOL/MapServer/6/query","retrieved_at":"2026-10-06T02:34:59.880305+00:00"}},{"type":"Feature","geometry":{"type":"Polygon","coordinates":[[[-94.60412403968868,39.24776277081271],[-94.60386388285627,39.24776066875758],[-94.60386114669703,39.248100133003135],[-94.60386112098915,39.248103152627664],[-94.60411960355736,39.24810545009388],[-94.60411960348968,39.24810540433373],[-94.6041196292533,39.24810242989731],[-94.60411962915184,39.24810236125707],[-94.60412403968868,39.24776277081271]]]},"properties":{"parcel":"161802","address":"2002 NW 84th Ter","owner":"Groumoutis, Tina","point":[-94.60399217759773,39.247931451907924],"permit_status":"cancelled","current_permit":false,"source_url":"https://mapd.kcmo.org/kcgis/rest/services/AGOL/MapServer/6/query","retrieved_at":"2026-10-06T02:34:59.880305+00:00"}},{"type":"Feature","geometry":{"type":"Polygon","coordinates":[[[-94.54937024719536,39.08216528855181],[-94.54936637124774,39.08216517578894],[-94.54895228240503,39.082152673843865],[-94.54894541890677,39.08228996187065],[-94.54936370818396,39.08230259877408],[-94.54937024719536,39.08216528855181]]]},"properties":{"parcel":"16200","address":"2418 Benton Blvd","owner":"Shockey Richard & Shannon","point":[-94.54915790695887,39.08222762521123],"permit_status":"denied","current_permit":false,"source_url":"https://mapd.kcmo.org/kcgis/rest/services/AGOL/MapServer/6/query","retrieved_at":"2026-10-06T02:34:59.880305+00:00"}},{"type":"Feature","geometry":{"type":"Polygon","coordinates":[[[-94.60717602161233,39.24032201898094],[-94.60707946755835,39.24027126812832],[-94.606783623477,39.24008001012578],[-94.60644534861532,39.240254483338106],[-94.60647797456299,39.240290764289675],[-94.60651289351938,39.24032571608729],[-94.60654995760146,39.24035931598406],[-94.60658916877541,39.2403914043872],[-94.60663034829494,39.240421979742244],[-94.60667343710892,39.240450906536424],[-94.60669467178495,39.24046411123187],[-94.60674037621276,39.240490519362446],[-94.60675839844063,39.240500181141485],[-94.60694220249988,39.2405967949169],[-94.60716433070115,39.24033573436559],[-94.60717602161233,39.24032201898094]]]},"properties":{"parcel":"162113","address":"8116 NW Harden Dr","owner":"Ewert, Luke & Susan","point":[-94.60684562471005,39.240347525174826],"permit_status":"denied","current_permit":false,"source_url":"https://mapd.kcmo.org/kcgis/rest/services/AGOL/MapServer/6/query","retrieved_at":"2026-10-06T02:34:59.880305+00:00"}},{"type":"Feature","geometry":{"type":"Polygon","coordinates":[[[-94.65586465968599,39.21903621525597],[-94.65586306172293,39.21903187015441],[-94.65585968663272,39.21902196753992],[-94.6558565760661,39.21901197305057],[-94.65585373091008,39.21900195532584],[-94.65585117832178,39.21899189144918],[-94.6558488903579,39.21898178145803],[-94.65584689863829,39.21897162531005],[-94.6558451687039,39.21896146938382],[-94.655843735011,39.21895126615682],[-94.65584256599263,39.218941039695494],[-94.65584168964627,39.218930814558625],[-94.65584110733367,39.218920541551974],[-94.65584107597417,39.21891932894288],[-94.65583707672955,39.21891947157407],[-94.65531722673875,39.218938561518634],[-94.65531334441202,39.218938703976],[-94.65538851415322,39.219053210697126],[-94.65539242590125,39.21905306877005],[-94.6558606891121,39.219036357277616],[-94.65586465968599,39.21903621525597]]]},"properties":{"parcel":"163159","address":"6835 N Mokane Ave","owner":"Barger, Darla M","point":[-94.65559748803756,39.2189868364536],"permit_status":"cancelled","current_permit":false,"source_url":"https://mapd.kcmo.org/kcgis/rest/services/AGOL/MapServer/6/query","retrieved_at":"2026-10-06T02:34:59.880305+00:00"}},{"type":"Feature","geometry":{"type":"Polygon","coordinates":[[[-94.63853591725344,39.21223021773025],[-94.63851438513562,39.21204896377233],[-94.63851050273085,39.21204926525943],[-94.63782353922029,39.21210444286445],[-94.63802925993522,39.212355150337096],[-94.63803701804251,39.21235148030691],[-94.63804556860087,39.21234771838823],[-94.63805423784949,39.21234411534591],[-94.63806302588247,39.21234071922833],[-94.6380719312249,39.212337527749206],[-94.6380783974606,39.21233536934304],[-94.63808098324527,39.21233451913744],[-94.63808142414442,39.21233438190546],[-94.63809009527282,39.21233174040025],[-94.63809935471262,39.21232914395748],[-94.63810676333206,39.212327236687265],[-94.63810870425907,39.212326753329336],[-94.63810923269989,39.21232663830167],[-94.63811811160589,39.21232459200628],[-94.63812760685252,39.21232263592838],[-94.63813716201363,39.212320862248575],[-94.63814395313989,39.21231977882474],[-94.63814730575643,39.21231927148392],[-94.63814942281785,39.2123189938386],[-94.63815647960548,39.2123180256442],[-94.63815718455658,39.21231793271523],[-94.63816497684388,39.21231707690527],[-94.63816618316595,39.21231693819315],[-94.63816624272349,39.21231693812252],[-94.63817594664349,39.212316034284186],[-94.63818570840823,39.21231538205901],[-94.63819550288375,39.212314912836156],[-94.63845811807572,39.21230169599128],[-94.63845876507636,39.21230167291407],[-94.63846361696716,39.212301187234566],[-94.63846846845233,39.21230049506117],[-94.63847326066583,39.21229957415563],[-94.63847796424032,39.21229844686112],[-94.63848257917797,39.212297114321636],[-94.63848707606657,39.21229557600012],[-94.63849145490715,39.21229383246867],[-94.6384957157413,39.2122919048914],[-94.6384998292073,39.21228981847154],[-94.63850376501944,39.21228750231632],[-94.63850749620053,39.212285072575085],[-94.63851110781579,39.212282413601486],[-94.63851448465473,39.21227964164973],[-94.6385176266241,39.212276709243476],[-94.63852056175658,39.212273663253896],[-94.63852328996006,39.212270456776565],[-94.6385257547092,39.212267136211295],[-94.63852801266424,39.212263723798884],[-94.63852997710966,39.21226024366673],[-94.63853164501336,39.21225664948597],[-94.63853310837492,39.21225298690769],[-94.63853424881475,39.212249256072674],[-94.63853515244917,39.21224550206701],[-94.63853576335548,39.212241703792984],[-94.63853610951591,39.21223788238151],[-94.63853615935852,39.21223406075041],[-94.63853591725344,39.21223021773025]]]},"properties":{"parcel":"164345","address":"6425 N Kirkwood Ave","owner":"Zink, Adam B & Teresa","point":[-94.63820179435116,39.21216733029735],"permit_status":"denied","current_permit":false,"source_url":"https://mapd.kcmo.org/kcgis/rest/services/AGOL/MapServer/6/query","retrieved_at":"2026-10-06T02:34:59.880305+00:00"}},{"type":"Feature","geometry":{"type":"Polygon","coordinates":[[[-94.62865003114709,39.21153441736078],[-94.62827751015115,39.21143616852655],[-94.62827345024381,39.21143509705335],[-94.62827149422336,39.211443473948165],[-94.6282698046602,39.211452010139276],[-94.6282684071245,39.21146061522158],[-94.62826724630254,39.21146919659096],[-94.62826643922608,39.211477822187334],[-94.62826583733542,39.21148647272606],[-94.62826552877142,39.211495097773515],[-94.62825561041548,39.21176576022981],[-94.62825567046993,39.2117660335826],[-94.62825585157013,39.21176898550649],[-94.62825629801947,39.211771890805764],[-94.62825703853626,39.211774772901045],[-94.6282580730789,39.21177760891214],[-94.62825934278403,39.2117803760236],[-94.62826090569656,39.211783051291256],[-94.62826270520053,39.211785634777435],[-94.62826476845835,39.211788102999996],[-94.62826706675595,39.2117904348263],[-94.62826954204527,39.21179265148448],[-94.62827225012485,39.211794707724586],[-94.62827516599539,39.21179660357412],[-94.62827822858763,39.211798316220104],[-94.62828143643102,39.21179984566417],[-94.6282847917324,39.21180119247579],[-94.62828829297749,39.2118023326324],[-94.62829185417992,39.21180328853697],[-94.628295531836,39.211803994346525],[-94.62829923856893,39.211804516509986],[-94.62830303311831,39.21180480977422],[-94.62830418104583,39.21180490003096],[-94.62831088654066,39.211805190088995],[-94.62831762111334,39.211805297072694],[-94.62832432802287,39.211805152403805],[-94.62833103235172,39.21180480181519],[-94.62833773699933,39.21180422242342],[-94.62834438175548,39.211803459483285],[-94.62835096866144,39.21180242261561],[-94.6283574956779,39.21180120334364],[-94.62836396349533,39.21179977707032],[-94.6283703434422,39.21179814611531],[-94.62837663330949,39.21179630876502],[-94.62838283599767,39.21179424270804],[-94.62838888986872,39.21179201665303],[-94.62839482641333,39.2117895613526],[-94.62840061557068,39.21178692374435],[-94.62840628671,39.211784080915734],[-94.62841178108965,39.21178107697598],[-94.62841709867209,39.2117778913329],[-94.6284188317078,39.211776677341774],[-94.62842420735916,39.211773078645976],[-94.62842976050345,39.211769640487965],[-94.62843548971074,39.211766385177555],[-94.62844136630437,39.21176331217429],[-94.62844741896318,39.21176042316253],[-94.62845359033278,39.211757716489544],[-94.62845990913152,39.2117552155758],[-94.62846637540225,39.21175294387355],[-94.62847293015224,39.211750807638786],[-94.62847957428987,39.21174890182354],[-94.62848633575132,39.21174722410892],[-94.62849315489726,39.21174572937224],[-94.62850006416315,39.211744463338164],[-94.62850700399194,39.211743426072395],[-94.62851403095905,39.21174259520428],[-94.62852105976981,39.21174196911187],[-94.62852814777968,39.21174155001992],[-94.62853523477565,39.211741381467306],[-94.62854232210636,39.21174139652783],[-94.6285493812203,39.21174166330175],[-94.6285564407515,39.2117421588772],[-94.62856350061655,39.21174283749377],[-94.62857050358943,39.211743767855374],[-94.6285774171931,39.21174488135716],[-94.62858059396163,39.211745496189536],[-94.62865003114709,39.21153441736078]]]},"properties":{"parcel":"164515","address":"6410 N Amoret Ave","owner":"Spry, Tara & Holyfield, Clay","point":[-94.62843814259637,39.21163789941404],"permit_status":"denied","current_permit":false,"source_url":"https://mapd.kcmo.org/kcgis/rest/services/AGOL/MapServer/6/query","retrieved_at":"2026-10-06T02:34:59.880305+00:00"}},{"type":"Feature","geometry":{"type":"Polygon","coordinates":[[[-94.61672966093039,39.21604714744563],[-94.61629678984549,39.21604446809523],[-94.61507076959943,39.216039561095236],[-94.61520210910797,39.216321590250985],[-94.6167248622413,39.21632825872163],[-94.61672966093039,39.21604714744563]]]},"properties":{"parcel":"164635","address":"6726 NW Waukomis Dr","owner":"Arnold, Carl","point":[-94.61593276215913,39.2161843688483],"permit_status":"denied","current_permit":false,"source_url":"https://mapd.kcmo.org/kcgis/rest/services/AGOL/MapServer/6/query","retrieved_at":"2026-10-06T02:34:59.880305+00:00"}},{"type":"Feature","geometry":{"type":"Polygon","coordinates":[[[-94.61585937060318,39.19943834237094],[-94.61559216178637,39.19918781688296],[-94.61537219959861,39.199327101901375],[-94.61564132117961,39.19957817568848],[-94.61585937060318,39.19943834237094]]]},"properties":{"parcel":"165638","address":"3022 NW 57th Ter","owner":"Lucas, Marichel","point":[-94.61561593219112,39.19938272213616],"permit_status":"denied","current_permit":false,"source_url":"https://mapd.kcmo.org/kcgis/rest/services/AGOL/MapServer/6/query","retrieved_at":"2026-10-06T02:34:59.880305+00:00"}},{"type":"Feature","geometry":{"type":"Polygon","coordinates":[[[-94.63461063564992,39.200392270002546],[-94.63454761556882,39.20032926184791],[-94.63454460964817,39.200326245121424],[-94.63453515325746,39.20033197611277],[-94.63444298264466,39.20038797847393],[-94.63443910479198,39.2003903407621],[-94.63449140047685,39.20044260647655],[-94.63450524781828,39.200456456516335],[-94.63452304809948,39.20044563647042],[-94.63459274808697,39.20040318168389],[-94.63461063564992,39.200392270002546]]]},"properties":{"parcel":"166215","address":"5764 N Anita Ave","owner":"Ursula Sims Realty LLC","point":[-94.63452487040624,39.200391305382325],"permit_status":"denied","current_permit":false,"source_url":"https://mapd.kcmo.org/kcgis/rest/services/AGOL/MapServer/6/query","retrieved_at":"2026-10-06T02:34:59.880305+00:00"}},{"type":"Feature","geometry":{"type":"Polygon","coordinates":[[[-94.62554792874046,39.19771269541902],[-94.62554028600562,39.19768110539044],[-94.62552919646838,39.1976293855562],[-94.62551948800144,39.19757752637879],[-94.6255111620324,39.197525505548754],[-94.62550421868032,39.19747339170713],[-94.62549865643228,39.197421162547485],[-94.62549760393526,39.197408052697625],[-94.625493664165,39.19740833150477],[-94.62518956797322,39.19743096693838],[-94.62506505541725,39.19782191846563],[-94.6250727711538,39.19782845452037],[-94.62554398944089,39.197713661208304],[-94.62554792874046,39.19771269541902]]]},"properties":{"parcel":"166722","address":"5621 N Adrian Ave","owner":"Davis, Jeremy R & Elijah-Davis, Crystal G","point":[-94.6253294874407,39.197603455967496],"permit_status":"cancelled","current_permit":false,"source_url":"https://mapd.kcmo.org/kcgis/rest/services/AGOL/MapServer/6/query","retrieved_at":"2026-10-06T02:34:59.880305+00:00"}},{"type":"Feature","geometry":{"type":"Polygon","coordinates":[[[-94.64815177704183,39.20538648018372],[-94.64815466183592,39.205387804142575],[-94.6481605499201,39.205390862610116],[-94.64816631997323,39.20539408138929],[-94.64817188602434,39.205397483469746],[-94.6481773053714,39.20540104589837],[-94.64818251699238,39.20540476875281],[-94.64818755475362,39.20540867429821],[-94.6481923854302,39.20541269565216],[-94.64819698269417,39.2054168992009],[-94.64820137434396,39.205421218556324],[-94.6482055582652,39.20542569719368],[-94.64820948064724,39.20543026825664],[-94.64821319530435,39.205435000317586],[-94.64821664616609,39.205439800782784],[-94.6482198325465,39.205444693105434],[-94.64822278394998,39.205449723008485],[-94.64822550023221,39.20545482185138],[-94.64822792335995,39.20546001258824],[-94.6482300804384,39.205465248852065],[-94.6482319730389,39.20547057868943],[-94.64823360179321,39.20547595290698],[-94.64823496670729,39.20548137436472],[-94.6482360368495,39.20548681793373],[-94.64823678354912,39.20549228479453],[-94.6482372950814,39.2054977988591],[-94.6482375125792,39.20550333617802],[-94.6482374366322,39.20550882753779],[-94.64823709458729,39.20551434154439],[-94.64823648782095,39.20551983357954],[-94.64823558839535,39.20552530367879],[-94.64823439478708,39.205530726675775],[-94.64823296444563,39.205536151689984],[-94.64823121120257,39.20554150790218],[-94.64822919235719,39.205546772931264],[-94.64822691021119,39.20555199253474],[-94.64822439196598,39.20555716610602],[-94.64822157861495,39.20556220334312],[-94.64822143205441,39.205562432332215],[-94.64868088652563,39.20580245573157],[-94.64901551096058,39.20544800191037],[-94.64845968059036,39.20502265869231],[-94.64815177704183,39.20538648018372]]]},"properties":{"parcel":"166786","address":"6134 N Mattox Rd","owner":"Birks, Oren C & Tracie","point":[-94.64857835799819,39.205410684975185],"permit_status":"cancelled","current_permit":false,"source_url":"https://mapd.kcmo.org/kcgis/rest/services/AGOL/MapServer/6/query","retrieved_at":"2026-10-06T02:34:59.880305+00:00"}},{"type":"Feature","geometry":{"type":"Polygon","coordinates":[[[-94.6530827913705,39.19446980271106],[-94.65307470244204,39.19445457562704],[-94.65306614177517,39.19443909633476],[-94.65305737543675,39.194423686524885],[-94.65304831526441,39.194408368621524],[-94.6530389906619,39.19439314258595],[-94.65302943108264,39.194378031259745],[-94.65301963647585,39.19436301119057],[-94.65300957749261,39.194348107585284],[-94.65299922383933,39.19433324898263],[-94.65298869631893,39.19431854962545],[-94.65297787276397,39.1943039438932],[-94.6529668149667,39.19428945229692],[-94.65295549278862,39.194275074876195],[-94.65294396504066,39.194260813269715],[-94.65293223245425,39.19424666576041],[-94.652920204616,39.194232633610966],[-94.65290794253468,39.19421871502515],[-94.6528954757168,39.194204957440846],[-94.65288277240363,39.194191291686685],[-94.65286983568305,39.19417778582748],[-94.6528566625194,39.19416439582256],[-94.65284331465759,39.194151120446826],[-94.65282970109179,39.19413802674446],[-94.65281588269303,39.1941250494267],[-94.65280182931784,39.19411218624494],[-94.65278759992316,39.19409950633473],[-94.652773136338,39.194086964011674],[-94.65275846502549,39.19407455924096],[-94.65274618329465,39.19406443936646],[-94.65243082881523,39.19380532102764],[-94.65151799253188,39.194788740350226],[-94.65151514616446,39.19479178713217],[-94.65162572510837,39.194965098868195],[-94.6530827913705,39.19446980271106]]]},"properties":{"parcel":"167179","address":"5501 N Lucerne Dr","owner":"Wheeler, John & Andra","point":[-94.65246321063304,39.19438558692285],"permit_status":"cancelled","current_permit":false,"source_url":"https://mapd.kcmo.org/kcgis/rest/services/AGOL/MapServer/6/query","retrieved_at":"2026-10-06T02:34:59.880305+00:00"}},{"type":"Feature","geometry":{"type":"Polygon","coordinates":[[[-94.55231705086128,39.0084111513554],[-94.55226652306213,39.008413713226666],[-94.55217875115103,39.008418146247955],[-94.55209095136824,39.008422578643625],[-94.55208078356424,39.008314217945816],[-94.55207688312034,39.00831419737785],[-94.55199245140705,39.0083133421008],[-94.5518452311279,39.00831185227448],[-94.55184133068376,39.00831183112662],[-94.55184008822964,39.00833629095207],[-94.55183511544232,39.00843509411836],[-94.55183320821008,39.00847390123034],[-94.55183156012475,39.00850714870327],[-94.55183549073874,39.0085073059803],[-94.55231156554115,39.00852890028144],[-94.55231474119184,39.008460644107195],[-94.55231693661418,39.00841430899186],[-94.55231705086128,39.0084111513554]]]},"properties":{"parcel":"1685","address":"6440 Agnes Ave","owner":"Walker Tiffany Ann Lashell","point":[-94.55196330015342,39.00842036244579],"permit_status":"cancelled","current_permit":false,"source_url":"https://mapd.kcmo.org/kcgis/rest/services/AGOL/MapServer/6/query","retrieved_at":"2026-10-06T02:34:59.880305+00:00"}},{"type":"Feature","geometry":{"type":"Polygon","coordinates":[[[-94.66794490427509,39.24969607200445],[-94.6679441885651,39.24969179446065],[-94.66794291170498,39.24968758636623],[-94.66794110769926,39.24968351631244],[-94.66793874428777,39.249679630105874],[-94.66793582152519,39.24967595062661],[-94.66793245943576,39.24967252403361],[-94.66792868607992,39.249669394330596],[-94.667924469884,39.249666586731145],[-94.66791990285408,39.24966412112262],[-94.66791504254267,39.24966206892228],[-94.66790991905613,39.24966040663459],[-94.6679046193108,39.24965917932239],[-94.66789917346756,39.24965838637015],[-94.66789361095299,39.249658027735464],[-94.66788916758202,39.249658057592725],[-94.66758159653651,39.249669390896834],[-94.66757788983669,39.249669532938675],[-94.66757418221282,39.24966990492657],[-94.6675705354567,39.24967050505564],[-94.66756700610719,39.249671288056355],[-94.66756353473853,39.24967232265446],[-94.66756012486573,39.24967354020471],[-94.66755686261622,39.249674963463214],[-94.6675537464642,39.24967656955216],[-94.66755083809677,39.24967831262259],[-94.6675480759357,39.24968028428346],[-94.667545491288,39.24968234720925],[-94.6675431425436,39.249684615716404],[-94.6675410295391,39.249687021164895],[-94.66753921101906,39.24968951771007],[-94.6675375391144,39.24969210556466],[-94.66753613368579,39.249694762248176],[-94.66753505074877,39.24969753172419],[-94.66753417464437,39.24970034723485],[-94.66753362313379,39.24970323149084],[-94.66753330556264,39.24970611426634],[-94.66753327959364,39.24970725830793],[-94.66749820251366,39.24988060251826],[-94.66794150648629,39.249937072259044],[-94.66794490427509,39.24969607200445]]]},"properties":{"parcel":"168625","address":"7500 NW 85th Ter","owner":"Talent Investments LLC","point":[-94.66772963282651,39.24979393041309],"permit_status":"denied","current_permit":false,"source_url":"https://mapd.kcmo.org/kcgis/rest/services/AGOL/MapServer/6/query","retrieved_at":"2026-10-06T02:34:59.880305+00:00"}},{"type":"Feature","geometry":{"type":"Polygon","coordinates":[[[-94.67505246461576,39.24296947371952],[-94.67504957584163,39.24296707564961],[-94.67504494521283,39.24296291957298],[-94.67504055109974,39.242958623572065],[-94.67503639130554,39.24295419165418],[-94.67503246656007,39.24294962153029],[-94.67502874755465,39.24294495957664],[-94.67502529302317,39.24294015994479],[-94.6750220737124,39.24293529131904],[-94.67501908945023,39.24293028448734],[-94.67501639863593,39.242925254906524],[-94.67501397450364,39.242920088216266],[-94.6750118120719,39.242914851920396],[-94.67500988638865,39.242909569508505],[-94.67500825477349,39.24290421801445],[-94.67500694744261,39.24289882027286],[-94.67500587402996,39.24289342160778],[-94.67500503731158,39.24288795509074],[-94.67500452272596,39.24288246463757],[-94.67500430464229,39.24287699661899],[-94.6750043785332,39.2428715052816],[-94.67500448946639,39.24286907982327],[-94.67500110538451,39.24286894705521],[-94.67456591810426,39.242853812829175],[-94.67456238690767,39.242853681412846],[-94.67457537397223,39.243332679340114],[-94.67457546922343,39.243335791464055],[-94.6745789934695,39.2433331092091],[-94.67504588686164,39.24297449492121],[-94.67505246461576,39.24296947371952]]]},"properties":{"parcel":"168921","address":"8102 NW 81st Pl","owner":"Davis, Pete Jr","point":[-94.67469161912217,39.243153587130664],"permit_status":"cancelled","current_permit":false,"source_url":"https://mapd.kcmo.org/kcgis/rest/services/AGOL/MapServer/6/query","retrieved_at":"2026-10-06T02:34:59.880305+00:00"}},{"type":"Feature","geometry":{"type":"MultiPolygon","coordinates":[[[[-94.66394474785406,39.23980065762704],[-94.66392301384093,39.23980434903623],[-94.6639011602382,39.23980785756862],[-94.66387927814952,39.239811137335764],[-94.66385736536974,39.23981418891273],[-94.66385665870428,39.23981428085535],[-94.66394892782647,39.239991105897474],[-94.66395049425608,39.239994123868954],[-94.66401964573217,39.23997231270257],[-94.66403007611311,39.239953056402086],[-94.66395160742164,39.23980273063515],[-94.66395004173049,39.23979971209053],[-94.66394474785406,39.23980065762704]]],[[[-94.66404883642927,39.23999901903009],[-94.6640799566832,39.24005862367775],[-94.66411885586855,39.24004635088828],[-94.66408767600502,39.23998674576286],[-94.66404883642927,39.23999901903009]]]]},"properties":{"parcel":"169050","address":"8003 N Stoddard Ave","owner":"Kulkarni, Vikram","point":[-94.66394336113969,39.23988366862872],"permit_status":"denied","current_permit":false,"source_url":"https://mapd.kcmo.org/kcgis/rest/services/AGOL/MapServer/6/query","retrieved_at":"2026-10-06T02:34:59.880305+00:00"}},{"type":"Feature","geometry":{"type":"Polygon","coordinates":[[[-94.66556172299377,39.23666884968108],[-94.66538677553754,39.236514999922775],[-94.66499143355436,39.23678751389444],[-94.66498752526859,39.23679017409819],[-94.66503898553502,39.2368284934922],[-94.66517727218368,39.23693144055264],[-94.66518117900169,39.236928781488636],[-94.66556172299377,39.23666884968108]]]},"properties":{"parcel":"169406","address":"7308 NW 77th Ter","owner":"Shepherd, David & Charianne","point":[-94.66527618392823,39.23672818178776],"permit_status":"cancelled","current_permit":false,"source_url":"https://mapd.kcmo.org/kcgis/rest/services/AGOL/MapServer/6/query","retrieved_at":"2026-10-06T02:34:59.880305+00:00"}},{"type":"Feature","geometry":{"type":"Polygon","coordinates":[[[-94.6677614477509,39.235288797820985],[-94.66773170756436,39.235216425002385],[-94.66762363465867,39.2351504798469],[-94.66720773072832,39.23542987271555],[-94.66720382396136,39.23543248608772],[-94.66735197591463,39.235563949108226],[-94.66735591283692,39.23556133454381],[-94.6677614477509,39.235288797820985]]]},"properties":{"parcel":"169582","address":"7513 NW 76th Ter","owner":"Stokes, Dalazha","point":[-94.66748461032874,39.23535933526827],"permit_status":"denied","current_permit":false,"source_url":"https://mapd.kcmo.org/kcgis/rest/services/AGOL/MapServer/6/query","retrieved_at":"2026-10-06T02:34:59.880305+00:00"}},{"type":"Feature","geometry":{"type":"Polygon","coordinates":[[[-94.55347667156853,39.00831914772542],[-94.5534365267416,39.00832339911381],[-94.55334958046667,39.00833259132472],[-94.55326266351244,39.00834180576646],[-94.55317565853925,39.00835099787455],[-94.55298771954236,39.00837089780035],[-94.55298370138004,39.00837131205618],[-94.5529812460557,39.008421491319105],[-94.55297783740623,39.00849006738029],[-94.55298185526925,39.00849022572315],[-94.553467725402,39.00851183202288],[-94.55347092902656,39.008443256041694],[-94.55347410330171,39.008374657764065],[-94.55347667156853,39.00831914772542]]]},"properties":{"parcel":"1696","address":"6470 South Benton Ave","owner":"Cooper Lisa Benson","point":[-94.55322770579565,39.00839807454159],"permit_status":"denied","current_permit":false,"source_url":"https://mapd.kcmo.org/kcgis/rest/services/AGOL/MapServer/6/query","retrieved_at":"2026-10-06T02:34:59.880305+00:00"}},{"type":"Feature","geometry":{"type":"Polygon","coordinates":[[[-94.49140535740213,39.19500314139014],[-94.49110537944523,39.19499718028727],[-94.49109907162533,39.19534036114242],[-94.49134659594358,39.19534310312026],[-94.49136720787287,39.19534006042302],[-94.49138341126681,39.195331985442046],[-94.49139479286474,39.19531995123565],[-94.4914001450691,39.195302516827994],[-94.49140192103961,39.19520632809822],[-94.49140414306463,39.19506911498667],[-94.49140535740213,39.19500314139014]]]},"properties":{"parcel":"172326","address":"7601 NE 56th St","owner":"Truong Nathan","point":[-94.49125291414265,39.19513772154245],"permit_status":"denied","current_permit":false,"source_url":"https://mapd.kcmo.org/kcgis/rest/services/AGOL/MapServer/6/query","retrieved_at":"2026-10-06T02:34:59.880305+00:00"}},{"type":"Feature","geometry":{"type":"Polygon","coordinates":[[[-94.47691264185656,39.284649471265126],[-94.4768985712138,39.284642283592866],[-94.47687931895967,39.28463262442571],[-94.47685992090071,39.28462319345407],[-94.47684034540951,39.284613923175634],[-94.4768206822672,39.28460485936816],[-94.47680081076427,39.28459600086352],[-94.47678082365596,39.284587302492184],[-94.47676071872652,39.28457878713367],[-94.47674049448878,39.284570499975445],[-94.47672009501855,39.28456239696244],[-94.47669957625514,39.28455447581771],[-94.47653078669586,39.28482309905448],[-94.4765290192972,39.28482582084214],[-94.47653258192061,39.28482742315783],[-94.47669392626209,39.28489927634833],[-94.47669748889297,39.284900878658966],[-94.47669978621205,39.2848982250427],[-94.47691264185656,39.284649471265126]]]},"properties":{"parcel":"173184","address":"8522 NE 105th Ter","owner":"Remley Shane M","point":[-94.47671184624775,39.2847362851598],"permit_status":"cancelled","current_permit":false,"source_url":"https://mapd.kcmo.org/kcgis/rest/services/AGOL/MapServer/6/query","retrieved_at":"2026-10-06T02:34:59.880305+00:00"}},{"type":"Feature","geometry":{"type":"Polygon","coordinates":[[[-94.52648559708786,39.08818458084045],[-94.52604522823843,39.0881703566906],[-94.52604170504767,39.088170243073776],[-94.52603505988057,39.08830702504841],[-94.52603858307813,39.08830713866542],[-94.52647827970738,39.08832136356462],[-94.52648559708786,39.08818458084045]]]},"properties":{"parcel":"18128","address":"1904 Chelsea Ave","owner":"Acosta Erick & Mendoza Reyes Nallely","point":[-94.52626017805554,39.08824580294443],"permit_status":"denied","current_permit":false,"source_url":"https://mapd.kcmo.org/kcgis/rest/services/AGOL/MapServer/6/query","retrieved_at":"2026-10-06T02:34:59.880305+00:00"}},{"type":"Feature","geometry":{"type":"Polygon","coordinates":[[[-94.55129644996163,39.00848287902203],[-94.55129627170537,39.00847969920618],[-94.5512704357581,39.00807556137933],[-94.5512630756251,39.008075656709686],[-94.55124216673295,39.00807582606213],[-94.55119102099552,39.0080762380641],[-94.55111899477598,39.00807656652595],[-94.55107746934034,39.00807665335589],[-94.55109320776685,39.00847058955472],[-94.55109329808444,39.008473839196625],[-94.55119254246172,39.00847823404482],[-94.55124187212238,39.00848043185173],[-94.55125832415226,39.008481179699565],[-94.55129644996163,39.00848287902203]]]},"properties":{"parcel":"1889","address":"3010 E Meyer Blvd","owner":"Gray Leon","point":[-94.55118421800307,39.0082736214553],"permit_status":"denied","current_permit":false,"source_url":"https://mapd.kcmo.org/kcgis/rest/services/AGOL/MapServer/6/query","retrieved_at":"2026-10-06T02:34:59.880305+00:00"}},{"type":"Feature","geometry":{"type":"Polygon","coordinates":[[[-94.53271994189119,39.08134977556664],[-94.5327164190291,39.08134966215121],[-94.53227356561511,39.081336171501924],[-94.53226955251736,39.081418268230976],[-94.53226833042099,39.08144378176769],[-94.53226824393897,39.081445657442444],[-94.53226824406404,39.081445932011604],[-94.53226809839535,39.08144838029391],[-94.53271432642349,39.08146205306308],[-94.53271447191801,39.081459260996766],[-94.53271994189119,39.08134977556664]]]},"properties":{"parcel":"19409","address":"2415 Spruce Ave","owner":"Morales Real Estate LLC","point":[-94.53249472874231,39.08138402189881],"permit_status":"denied","current_permit":false,"source_url":"https://mapd.kcmo.org/kcgis/rest/services/AGOL/MapServer/6/query","retrieved_at":"2026-10-06T02:34:59.880305+00:00"}},{"type":"Feature","geometry":{"type":"Polygon","coordinates":[[[-94.53272546909284,39.08124028954611],[-94.53228243947615,39.08122677552677],[-94.53227891662087,39.08122666209814],[-94.53227842338354,39.08123622753938],[-94.53227621211974,39.08128139364157],[-94.53227394350998,39.08132795663003],[-94.53227356561511,39.081336171501924],[-94.5327164190291,39.08134966215121],[-94.53271994189119,39.08134977556664],[-94.53272546909284,39.08124028954611]]]},"properties":{"parcel":"19410","address":"2425 Spruce Ave","owner":"Morales Real Estate LLC","point":[-94.53249864825943,39.0813046751358],"permit_status":"denied","current_permit":false,"source_url":"https://mapd.kcmo.org/kcgis/rest/services/AGOL/MapServer/6/query","retrieved_at":"2026-10-06T02:34:59.880305+00:00"}},{"type":"Feature","geometry":{"type":"Polygon","coordinates":[[[-94.54595710801168,39.005728508919006],[-94.54595323841386,39.00572835027569],[-94.54546733000235,39.005706414084074],[-94.54546373701167,39.00577531093809],[-94.54546008680008,39.00584416205133],[-94.54594980854233,39.00586621060395],[-94.54595345828034,39.00579735947593],[-94.54595710801168,39.005728508919006]]]},"properties":{"parcel":"1947","address":"6643 Bales Ave","owner":"Grayce Dynasty LLC","point":[-94.54570859760992,39.005786335207006],"permit_status":"denied","current_permit":false,"source_url":"https://mapd.kcmo.org/kcgis/rest/services/AGOL/MapServer/6/query","retrieved_at":"2026-10-06T02:34:59.880305+00:00"}},{"type":"Feature","geometry":{"type":"Polygon","coordinates":[[[-94.53145038239327,39.23417596345813],[-94.53143567683881,39.233988487352725],[-94.5309067706901,39.23401370612211],[-94.53092144543213,39.234201205181996],[-94.53145038239327,39.23417596345813]]]},"properties":{"parcel":"207939","address":"7711 N Norton Ave","owner":"Mabrey Mitchell G & Juliana","point":[-94.53117856948606,39.23409483479012],"permit_status":"cancelled","current_permit":false,"source_url":"https://mapd.kcmo.org/kcgis/rest/services/AGOL/MapServer/6/query","retrieved_at":"2026-10-06T02:34:59.880305+00:00"}},{"type":"Feature","geometry":{"type":"Polygon","coordinates":[[[-94.60728909435156,39.04289925323641],[-94.60700283109477,39.042889814118844],[-94.60700246651515,39.04291994918429],[-94.60700215510981,39.042947405990255],[-94.60700095363374,39.04304613936319],[-94.60699962762365,39.04315859967827],[-94.6072868021553,39.04316844982088],[-94.60728774537779,39.04305539380737],[-94.60728872276333,39.04294455778052],[-94.60728909435156,39.04289925323641]]]},"properties":{"parcel":"208564","address":"4649 State Line Rd","owner":"La Fama Inc","point":[-94.6071449083442,39.04299677267672],"permit_status":"denied","current_permit":false,"source_url":"https://mapd.kcmo.org/kcgis/rest/services/AGOL/MapServer/6/query","retrieved_at":"2026-10-06T02:34:59.880305+00:00"}},{"type":"Feature","geometry":{"type":"Polygon","coordinates":[[[-94.43059613238024,39.01264749443103],[-94.43005126653442,39.01262284705053],[-94.4260242681514,39.01244060910412],[-94.42601645132045,39.01264832961574],[-94.42599246475137,39.013286088288766],[-94.42775727530929,39.01336203889711],[-94.43056023980525,39.013482584999736],[-94.43059613238024,39.01264749443103]]]},"properties":{"parcel":"208590","address":"5915 Norfleet Rd","owner":"Friend Olen Kent","point":[-94.42829342446983,39.012967208952254],"permit_status":"denied","current_permit":false,"source_url":"https://mapd.kcmo.org/kcgis/rest/services/AGOL/MapServer/6/query","retrieved_at":"2026-10-06T02:34:59.880305+00:00"}},{"type":"Feature","geometry":{"type":"Polygon","coordinates":[[[-94.54580214933668,39.10707109787079],[-94.54579827274992,39.10707096153767],[-94.5452914673628,39.107053450457535],[-94.54528343884166,39.10721720991978],[-94.54527537853609,39.10738183942643],[-94.54527401731013,39.10740932020386],[-94.54527803928303,39.10740945535391],[-94.54578440688077,39.10742724123071],[-94.54578576931839,39.10739966949633],[-94.54579406034752,39.10723375969136],[-94.54580214933668,39.10707109787079]]]},"properties":{"parcel":"208596","address":"511 Gladstone Blvd","owner":"Ozmd LLC","point":[-94.5455346819466,39.107307799558896],"permit_status":"denied","current_permit":false,"source_url":"https://mapd.kcmo.org/kcgis/rest/services/AGOL/MapServer/6/query","retrieved_at":"2026-10-06T02:34:59.880305+00:00"}},{"type":"Feature","geometry":{"type":"Polygon","coordinates":[[[-94.46716537009955,39.289019169559296],[-94.46711025898095,39.289004922676675],[-94.46688327693616,39.288952463255704],[-94.466807101076,39.289277474112055],[-94.46704424544889,39.28932275167998],[-94.46716537009955,39.289019169559296]]]},"properties":{"parcel":"209630","address":"9019 NE 109th Ter","owner":"Gerdes Charles C","point":[-94.46697560600906,39.289148321835675],"permit_status":"cancelled","current_permit":false,"source_url":"https://mapd.kcmo.org/kcgis/rest/services/AGOL/MapServer/6/query","retrieved_at":"2026-10-06T02:34:59.880305+00:00"}},{"type":"Feature","geometry":{"type":"Polygon","coordinates":[[[-94.57207540911779,38.88921738172904],[-94.57196798592096,38.88921408554474],[-94.57197486469505,38.889125620779346],[-94.57032997348568,38.88907063196722],[-94.5702073596155,38.8908560137581],[-94.57016558119048,38.89142226418786],[-94.57190855249758,38.89147977995701],[-94.57194875792378,38.8909344430133],[-94.57207540911779,38.88921738172904]]]},"properties":{"parcel":"210915","address":"1800 E 131st St","owner":"Day W M & Alexis D","point":[-94.57113930171275,38.89003669774357],"permit_status":"denied","current_permit":false,"source_url":"https://mapd.kcmo.org/kcgis/rest/services/AGOL/MapServer/6/query","retrieved_at":"2026-10-06T02:34:59.880305+00:00"}},{"type":"Feature","geometry":{"type":"Polygon","coordinates":[[[-94.58323446377072,38.9004271571527],[-94.5830246104788,38.90041126664443],[-94.58300021559987,38.90040940770701],[-94.58297752938626,38.90059252138235],[-94.58321552805302,38.90061054277754],[-94.58321549563522,38.90060848346809],[-94.58321562890556,38.90059722511629],[-94.5832160257692,38.900586012911596],[-94.58321671466993,38.90057475587991],[-94.58321769788058,38.900563519803775],[-94.58321894392537,38.900552306993774],[-94.58323446377072,38.9004271571527]]]},"properties":{"parcel":"211311","address":"12471 Charlotte St","owner":"Brown Cheryl","point":[-94.58310848397397,38.90048973207324],"permit_status":"cancelled","current_permit":false,"source_url":"https://mapd.kcmo.org/kcgis/rest/services/AGOL/MapServer/6/query","retrieved_at":"2026-10-06T02:34:59.880305+00:00"}},{"type":"Feature","geometry":{"type":"Polygon","coordinates":[[[-94.50381801022306,39.17427901546946],[-94.5038131716121,39.17394988104157],[-94.50356513472728,39.17394847030753],[-94.50356976641785,39.17427767339339],[-94.50357576233559,39.174277696661996],[-94.50378740965316,39.17427883399667],[-94.50381801022306,39.17427901546946]]]},"properties":{"parcel":"214972","address":"6516 NE 44th St","owner":"Tyner Tanisha T & Tyner Eboni C","point":[-94.50369152077465,39.174113777217485],"permit_status":"denied","current_permit":false,"source_url":"https://mapd.kcmo.org/kcgis/rest/services/AGOL/MapServer/6/query","retrieved_at":"2026-10-06T02:34:59.880305+00:00"}},{"type":"Feature","geometry":{"type":"Polygon","coordinates":[[[-94.63365009276293,39.19667331467328],[-94.63360614219216,39.196632089589514],[-94.63350147285541,39.19669938555908],[-94.63350144280228,39.19669943135413],[-94.63354539257669,39.19674063416955],[-94.63365009276293,39.19667331467328]]]},"properties":{"parcel":"217068","address":"5620 N Anita Ave","owner":"Davean Properties LLC","point":[-94.63357578336519,39.19668635011618],"permit_status":"denied","current_permit":false,"source_url":"https://mapd.kcmo.org/kcgis/rest/services/AGOL/MapServer/6/query","retrieved_at":"2026-10-06T02:34:59.880305+00:00"}},{"type":"Feature","geometry":{"type":"Polygon","coordinates":[[[-94.59218572222649,38.89824056060967],[-94.59187247508595,38.89822083196414],[-94.5918403155578,38.89853284625302],[-94.59199162230136,38.89853959159005],[-94.5921538232523,38.89854978323699],[-94.59218572222649,38.89824056060967]]]},"properties":{"parcel":"218681","address":"205 E 126th St","owner":"Syrios Trust Dated 01/28/2005","point":[-94.59201301246826,38.89838670343134],"permit_status":"denied","current_permit":false,"source_url":"https://mapd.kcmo.org/kcgis/rest/services/AGOL/MapServer/6/query","retrieved_at":"2026-10-06T02:34:59.880305+00:00"}},{"type":"Feature","geometry":{"type":"Polygon","coordinates":[[[-94.47604894674099,39.25776241346121],[-94.47591237237451,39.25756010256993],[-94.47587704978618,39.25757469217336],[-94.47552869532652,39.25771828404445],[-94.47550555928323,39.25772747696975],[-94.47520914221988,39.25780504576146],[-94.4751130421578,39.25783046790499],[-94.47507410307385,39.257840779061794],[-94.47508957437654,39.25786826133853],[-94.4751952000121,39.2581130548879],[-94.47604894674099,39.25776241346121]]]},"properties":{"parcel":"221179","address":"9105 N Lewis Ave","owner":"De La Cruz Isaac","point":[-94.47548213327718,39.25783562348339],"permit_status":"denied","current_permit":false,"source_url":"https://mapd.kcmo.org/kcgis/rest/services/AGOL/MapServer/6/query","retrieved_at":"2026-10-06T02:34:59.880305+00:00"}},{"type":"Feature","geometry":{"type":"Polygon","coordinates":[[[-94.46516185870723,39.30138604673489],[-94.46472016182439,39.3013840370028],[-94.46471880668668,39.30156250038122],[-94.46516053340339,39.30156451012753],[-94.46516072260545,39.30153927251116],[-94.46516185870723,39.30138604673489]]]},"properties":{"parcel":"222329","address":"11506 N Windsor Ave","owner":"Logan Travis J & Emily","point":[-94.4649404277352,39.30146265962303],"permit_status":"denied","current_permit":false,"source_url":"https://mapd.kcmo.org/kcgis/rest/services/AGOL/MapServer/6/query","retrieved_at":"2026-10-06T02:34:59.880305+00:00"}},{"type":"Feature","geometry":{"type":"Polygon","coordinates":[[[-94.53015088527924,39.07406593614996],[-94.52969043620445,39.074052234860176],[-94.52968656219922,39.074052121442435],[-94.52968085478928,39.07416174421349],[-94.52968472953431,39.0741618576312],[-94.53014541270288,39.0741756057883],[-94.53015088527924,39.07406593614996]]]},"properties":{"parcel":"22260","address":"2810 Elmwood Ave","owner":"Contreras Cabanas Isidro","point":[-94.52991592185519,39.074113840181724],"permit_status":"denied","current_permit":false,"source_url":"https://mapd.kcmo.org/kcgis/rest/services/AGOL/MapServer/6/query","retrieved_at":"2026-10-06T02:34:59.880305+00:00"}},{"type":"Feature","geometry":{"type":"Polygon","coordinates":[[[-94.59185000856498,39.29896006189059],[-94.59181873753991,39.29893915201507],[-94.5915161659262,39.29873655930594],[-94.5914866052668,39.29871679141922],[-94.59147045320869,39.2987505754223],[-94.59143736967233,39.29878494357486],[-94.59140832826407,39.2988027217572],[-94.5913584670652,39.298819554170656],[-94.5913670986528,39.29884604175552],[-94.59148420841125,39.29920559958354],[-94.59149556240398,39.29924048251446],[-94.59168661716933,39.29930812537149],[-94.59183475061471,39.29936310400249],[-94.59183526435582,39.29934949005502],[-94.59183819710555,39.299273251904495],[-94.59183873793484,39.2992595235359],[-94.59184870856127,39.29900239073932],[-94.59185000856498,39.29896006189059]]]},"properties":{"parcel":"223172","address":"1004 NW 112th Ter","owner":"Gbeyetin Gbedolo Vklr","point":[-94.59164794204003,39.29910399516143],"permit_status":"denied","current_permit":false,"source_url":"https://mapd.kcmo.org/kcgis/rest/services/AGOL/MapServer/6/query","retrieved_at":"2026-10-06T02:34:59.880305+00:00"}},{"type":"Feature","geometry":{"type":"Polygon","coordinates":[[[-94.56785227477354,38.98550635831404],[-94.5676766296902,38.985499046825076],[-94.56765450273524,38.98593888093441],[-94.56783017897534,38.98594621531883],[-94.56785227477354,38.98550635831404]]]},"properties":{"parcel":"223504","address":"1705 E 77th Ter","owner":"Center Stage Investors LLC","point":[-94.56775339669684,38.98572261962423],"permit_status":"denied","current_permit":false,"source_url":"https://mapd.kcmo.org/kcgis/rest/services/AGOL/MapServer/6/query","retrieved_at":"2026-10-06T02:34:59.880305+00:00"}},{"type":"Feature","geometry":{"type":"Polygon","coordinates":[[[-94.41941379408462,38.9505377845297],[-94.41856609551505,38.950896181087536],[-94.41845445993022,38.95134926679288],[-94.41913180593244,38.95147400568664],[-94.41936541399913,38.951522355843416],[-94.41936556396273,38.951519312737666],[-94.41940020693598,38.95081482221745],[-94.41941379408462,38.9505377845297]]]},"properties":{"parcel":"224397","address":"14001 Lookout Dr","owner":"Deselich Eric P & Rianna","point":[-94.41894767187176,38.95112272394021],"permit_status":"voided-city","current_permit":false,"source_url":"https://mapd.kcmo.org/kcgis/rest/services/AGOL/MapServer/6/query","retrieved_at":"2026-10-06T02:34:59.880305+00:00"}},{"type":"Feature","geometry":{"type":"Polygon","coordinates":[[[-94.59725051878496,39.26185043975006],[-94.59708054475604,39.2617188616868],[-94.5967600919331,39.26195502111964],[-94.59687562434152,39.2620488024874],[-94.59689339164144,39.26206320213751],[-94.59691065537098,39.26207471874572],[-94.5969530161588,39.26210255081565],[-94.59725051878496,39.26185043975006]]]},"properties":{"parcel":"224641","address":"9219 N Holly St","owner":"Vidal John F & Nieme F Alisasis","point":[-94.59700993016584,39.261902730434855],"permit_status":"denied","current_permit":false,"source_url":"https://mapd.kcmo.org/kcgis/rest/services/AGOL/MapServer/6/query","retrieved_at":"2026-10-06T02:34:59.880305+00:00"}},{"type":"Feature","geometry":{"type":"Polygon","coordinates":[[[-94.59707698559518,39.05845553010929],[-94.59661805921706,39.05843895591825],[-94.59660970605658,39.05857556094371],[-94.59660126666148,39.05871459255089],[-94.59659876949934,39.05875573381488],[-94.59705352839366,39.05877123614823],[-94.59705749047365,39.05877136956411],[-94.59706001668611,39.05873020538552],[-94.59706857185844,39.05859172393398],[-94.59707698559518,39.05845553010929]]]},"properties":{"parcel":"225650","address":"3726 Madison Ave","owner":"Hoffman Kurt W & Susan Ash","point":[-94.59683488617141,39.058653158242436],"permit_status":"voided-city","current_permit":false,"source_url":"https://mapd.kcmo.org/kcgis/rest/services/AGOL/MapServer/6/query","retrieved_at":"2026-10-06T02:34:59.880305+00:00"}},{"type":"Feature","geometry":{"type":"Polygon","coordinates":[[[-94.58549571614785,39.04240004026512],[-94.58544210863133,39.04239820331085],[-94.58544271917197,39.04239415294162],[-94.58540616001908,39.04239292126598],[-94.58540619543066,39.04239857282615],[-94.58525185644436,39.042391843766914],[-94.58525205687866,39.042387725055654],[-94.58521584911395,39.04238651651649],[-94.58521561933696,39.04239063524914],[-94.58516233536946,39.04238884369175],[-94.58515464746117,39.04253615606445],[-94.58521585531128,39.042538216979494],[-94.58521724578996,39.042474492615376],[-94.58529711425979,39.042477179946665],[-94.5852966832299,39.04248473096383],[-94.58530806785996,39.042485111613566],[-94.58530847030906,39.04247758349818],[-94.58543208671149,39.04248172599225],[-94.58542717538242,39.04254531565197],[-94.58548838327496,39.042547398732864],[-94.58549571614785,39.04240004026512]]]},"properties":{"parcel":"228278","address":"210 Emanuel Cleaver II Blvd 2 EAST","owner":"Arch King LLC","point":[-94.58532683599326,39.042437266440245],"permit_status":"denied","current_permit":false,"source_url":"https://mapd.kcmo.org/kcgis/rest/services/AGOL/MapServer/6/query","retrieved_at":"2026-10-06T02:34:59.880305+00:00"}},{"type":"Feature","geometry":{"type":"Polygon","coordinates":[[[-94.56860482688391,39.045650998181905],[-94.56825350255532,39.045637475752144],[-94.56824960067813,39.04563734017789],[-94.56824867546756,39.045652373473544],[-94.56824325092565,39.04574696630593],[-94.56824166353402,39.045774424319575],[-94.5682769038604,39.04577577655053],[-94.5685963915882,39.04578805918729],[-94.56860387240653,39.04566603149753],[-94.56860482688391,39.045650998181905]]]},"properties":{"parcel":"228346","address":"4440 Paseo","owner":"Yonter Nic O","point":[-94.56842348158023,39.04570649890173],"permit_status":"denied","current_permit":false,"source_url":"https://mapd.kcmo.org/kcgis/rest/services/AGOL/MapServer/6/query","retrieved_at":"2026-10-06T02:34:59.880305+00:00"}},{"type":"Feature","geometry":{"type":"Polygon","coordinates":[[[-94.5685374052456,39.04675053324591],[-94.568190301953,39.04673822026531],[-94.56818640001647,39.04673808583306],[-94.56817849200885,39.04687597075904],[-94.56817960706661,39.04687601644108],[-94.56818239468704,39.04687610576314],[-94.56852897084157,39.04688878402684],[-94.56852988071698,39.04687386800578],[-94.5685374052456,39.04675053324591]]]},"properties":{"parcel":"228348","address":"4404 Paseo","owner":"Ferrer Juan A","point":[-94.56835789617466,39.04681220062585],"permit_status":"denied","current_permit":false,"source_url":"https://mapd.kcmo.org/kcgis/rest/services/AGOL/MapServer/6/query","retrieved_at":"2026-10-06T02:34:59.880305+00:00"}},{"type":"Feature","geometry":{"type":"Polygon","coordinates":[[[-94.57818243094098,39.07309272424369],[-94.57790608858542,39.073083458271185],[-94.57785364532674,39.073013432298055],[-94.5777544275177,39.07301006637502],[-94.5777444668474,39.073215062062594],[-94.5781750384542,39.07322987668624],[-94.57818243094098,39.07309272424369]]]},"properties":{"parcel":"228682","address":"2936 Cherry St","owner":"Cherry Warehouse Hotel LLC","point":[-94.57796328648693,39.07315389315315],"permit_status":"voided-city","current_permit":false,"source_url":"https://mapd.kcmo.org/kcgis/rest/services/AGOL/MapServer/6/query","retrieved_at":"2026-10-06T02:34:59.880305+00:00"}},{"type":"Feature","geometry":{"type":"Polygon","coordinates":[[[-94.58092006116105,39.088453620110045],[-94.58132673935798,39.08846857517154],[-94.58133671943538,39.088262778879304],[-94.5809296313829,39.08824782299212],[-94.58092006116105,39.088453620110045]]]},"properties":{"parcel":"229686","address":"2015 Grand Blvd STE 224","owner":"Carlson Kleila","point":[-94.58112829527141,39.08835819949468],"permit_status":"voided-city","current_permit":false,"source_url":"https://mapd.kcmo.org/kcgis/rest/services/AGOL/MapServer/6/query","retrieved_at":"2026-10-06T02:34:59.880305+00:00"}},{"type":"Feature","geometry":{"type":"Polygon","coordinates":[[[-94.44113256396582,38.959271701224296],[-94.44088796610234,38.95917483569029],[-94.44069702530544,38.95946867129672],[-94.44094162391862,38.959565536654566],[-94.44113256396582,38.959271701224296]]]},"properties":{"parcel":"232350","address":"12200 E 89th Ter","owner":"The Warren & Gay Lathrop Co-Grantor Trust Agreement Dated 7/","point":[-94.44091479474208,38.95937018626051],"permit_status":"denied","current_permit":false,"source_url":"https://mapd.kcmo.org/kcgis/rest/services/AGOL/MapServer/6/query","retrieved_at":"2026-10-06T02:34:59.880305+00:00"}},{"type":"Feature","geometry":{"type":"Polygon","coordinates":[[[-94.59779190686281,39.053259329446405],[-94.59774231902249,39.05315679606775],[-94.5976939666447,39.053056847741836],[-94.59764499779777,39.052955571675575],[-94.5975944098536,39.05285100266809],[-94.59754632268904,39.05275155686079],[-94.5969846355545,39.052925233485105],[-94.59698073503914,39.05292642653383],[-94.597012162378,39.0529904891489],[-94.59702937636496,39.053024956875724],[-94.59705356442292,39.05307351341377],[-94.59708113713376,39.053128793533375],[-94.59710917919291,39.053184987345965],[-94.59713107131796,39.05322887808038],[-94.59715464227646,39.05327617551765],[-94.59718124403014,39.053329466928716],[-94.59720560800905,39.05337829728442],[-94.59723212087903,39.05343144918364],[-94.59723599283856,39.053430279603305],[-94.59779190686281,39.053259329446405]]]},"properties":{"parcel":"234371","address":"4143 Roanoke Rd 10","owner":"Lofton Sheila","point":[-94.59739137568681,39.05310115347358],"permit_status":"cancelled","current_permit":false,"source_url":"https://mapd.kcmo.org/kcgis/rest/services/AGOL/MapServer/6/query","retrieved_at":"2026-10-06T02:34:59.880305+00:00"}},{"type":"Feature","geometry":{"type":"Polygon","coordinates":[[[-94.47298760975823,39.0306923824029],[-94.47305464104612,39.03069493597741],[-94.47308987355501,39.03069624832581],[-94.47310547848859,39.03069686971085],[-94.47328218738036,39.03070357554483],[-94.47330714371408,39.03033406279498],[-94.47318939232326,39.030329203329806],[-94.47311765105792,39.03032405232944],[-94.47308216827889,39.03031984377313],[-94.47298760975823,39.0306923824029]]]},"properties":{"parcel":"236724","address":"9114 E 51st St","owner":"Stafford Donna J & William C","point":[-94.47316406399953,39.03051322259894],"permit_status":"denied","current_permit":false,"source_url":"https://mapd.kcmo.org/kcgis/rest/services/AGOL/MapServer/6/query","retrieved_at":"2026-10-06T02:34:59.880305+00:00"}},{"type":"Feature","geometry":{"type":"Polygon","coordinates":[[[-94.54719674263966,39.003635860765904],[-94.54672952955022,39.0036163934119],[-94.54672704209952,39.00366767146149],[-94.54672195338402,39.00377665604168],[-94.54672154767417,39.003785122200405],[-94.54718905511758,39.003804588894525],[-94.54719478263479,39.00368713746781],[-94.54719674263966,39.003635860765904]]]},"properties":{"parcel":"2371","address":"6731 Indiana Ave","owner":"Lux David Arnold","point":[-94.54695832161825,39.00373189675474],"permit_status":"denied","current_permit":false,"source_url":"https://mapd.kcmo.org/kcgis/rest/services/AGOL/MapServer/6/query","retrieved_at":"2026-10-06T02:34:59.880305+00:00"}},{"type":"Feature","geometry":{"type":"Polygon","coordinates":[[[-94.60069580590458,39.043812153114544],[-94.59972524652078,39.04378273954679],[-94.5997011277972,39.044289796488805],[-94.59970148598562,39.04429621770889],[-94.59970233370467,39.04430021656664],[-94.5997036713064,39.044304130918306],[-94.59970548994187,39.04430792759411],[-94.59970776975102,39.044311567713486],[-94.5997104916194,39.04431502097553],[-94.59971362615504,39.04431825136791],[-94.59971714838,39.04432123202688],[-94.5997210230396,39.0443239309493],[-94.59972521269462,39.04432632757429],[-94.599729677698,39.04432839619477],[-94.59973438428139,39.044330118534795],[-94.59973927740472,39.044331476908695],[-94.59974431964397,39.04433246162407],[-94.59975209576524,39.04433292174457],[-94.60061621115646,39.04436122227276],[-94.60062335003947,39.0443613030618],[-94.60062355029771,39.04436130517715],[-94.6006287545445,39.04436065544585],[-94.60062883301,39.044360639361514],[-94.60063384967216,39.04435961397297],[-94.60063878800895,39.044358186519844],[-94.6006435277701,39.04435639199936],[-94.60064801542295,39.04435424132608],[-94.60064812755877,39.04435417430268],[-94.60065221505997,39.04435175970007],[-94.60065608049689,39.044348967182],[-94.60065957656948,39.04434589583551],[-94.60066266957088,39.04434257085871],[-94.60066533240581,39.044339024308314],[-94.60066753651842,39.04433529281842],[-94.60066920364382,39.04433153376282],[-94.60066924752033,39.04433143819718],[-94.6006692592179,39.044331410729995],[-94.600670488823,39.044327416950686],[-94.6006706273299,39.04432577398212],[-94.60067070738747,39.04432481234296],[-94.60067073198424,39.04432457035614],[-94.60067085027937,39.04432212428522],[-94.60069580590458,39.043812153114544]]]},"properties":{"parcel":"239779","address":"1111 W 46th St 17","owner":"Chaudhry Huda","point":[-94.60019830334639,39.04405097480168],"permit_status":"denied","current_permit":false,"source_url":"https://mapd.kcmo.org/kcgis/rest/services/AGOL/MapServer/6/query","retrieved_at":"2026-10-06T02:34:59.880305+00:00"}},{"type":"Feature","geometry":{"type":"Polygon","coordinates":[[[-94.60192167381321,39.26352681316463],[-94.60192876495293,39.263984620579755],[-94.60196325940214,39.263984093886776],[-94.60199774453021,39.26398322856709],[-94.60203221445008,39.26398202462593],[-94.60206666033392,39.263980483787044],[-94.60210107923714,39.263978605481],[-94.602135462327,39.263976387999605],[-94.60216981034623,39.263973836490194],[-94.60220411224708,39.26397094409857],[-94.6021341809701,39.26349705396168],[-94.60192167381321,39.26352681316463]]]},"properties":{"parcel":"240189","address":"1811 NW 93rd Ter","owner":"Humphreys, Abby D & William","point":[-94.60204822791644,39.2637488786316],"permit_status":"cancelled","current_permit":false,"source_url":"https://mapd.kcmo.org/kcgis/rest/services/AGOL/MapServer/6/query","retrieved_at":"2026-10-06T02:34:59.880305+00:00"}},{"type":"Feature","geometry":{"type":"Polygon","coordinates":[[[-94.59951716673858,39.26374509767845],[-94.59954547379039,39.263756666803054],[-94.59957395487172,39.263767975511506],[-94.59960260409657,39.2637790243807],[-94.59963142292911,39.26378980826118],[-94.59966039886258,39.263800328879626],[-94.59968953483597,39.26381058337335],[-94.59971882275345,39.26382057060515],[-94.59974826114302,39.263830290576195],[-94.59977784116657,39.263839737573946],[-94.59994808906345,39.26351246646705],[-94.59975096632138,39.26345050700785],[-94.59972470594073,39.26344225378625],[-94.59951716673858,39.26374509767845]]]},"properties":{"parcel":"240222","address":"1623 NW 93rd Ter","owner":"Sebus Kyle & Joni","point":[-94.59974222954787,39.26362878207275],"permit_status":"denied","current_permit":false,"source_url":"https://mapd.kcmo.org/kcgis/rest/services/AGOL/MapServer/6/query","retrieved_at":"2026-10-06T02:34:59.880305+00:00"}},{"type":"Feature","geometry":{"type":"Polygon","coordinates":[[[-94.58359461481444,39.04949056223731],[-94.58359055867007,39.04955891035558],[-94.58359768868941,39.04955913405428],[-94.58403914981871,39.04957293488426],[-94.58404616314526,39.04957311230584],[-94.58405795355236,39.04937024185854],[-94.5836023792316,39.04935624643177],[-94.58359461481444,39.04949056223731]]]},"properties":{"parcel":"241174","address":"200 E 43rd St STE 105","owner":"Des Properties LLC","point":[-94.58382627483633,39.049430402047925],"permit_status":"denied","current_permit":false,"source_url":"https://mapd.kcmo.org/kcgis/rest/services/AGOL/MapServer/6/query","retrieved_at":"2026-10-06T02:34:59.880305+00:00"}},{"type":"Feature","geometry":{"type":"Polygon","coordinates":[[[-94.58290221829249,39.061231273877226],[-94.582434765838,39.06121314038504],[-94.58243159458556,39.06121300476947],[-94.58242772188235,39.0612128484848],[-94.58242766245188,39.0612128485268],[-94.58241933993656,39.06134974991115],[-94.58241101812463,39.06148665243524],[-94.58240266606444,39.06162343942866],[-94.58239851914362,39.06169226849737],[-94.58239855610921,39.06169945248295],[-94.58239959160774,39.06170659057337],[-94.58240153751332,39.061713613616305],[-94.58240442160097,39.061720430068775],[-94.58240824455144,39.06172699416851],[-94.58241288883761,39.0617331915943],[-94.58241832505708,39.061738976033105],[-94.58242452451732,39.06174428057866],[-94.58243142702513,39.06174908067645],[-94.58243891576078,39.061753239695946],[-94.58244690126355,39.06175680288991],[-94.58245535850912,39.06175970334951],[-94.58246413553643,39.061761870823496],[-94.58247314728823,39.06176335170561],[-94.58248198131048,39.06176405533621],[-94.58248770458064,39.061764302405585],[-94.58286990167709,39.06178013956672],[-94.58287012999271,39.06177460224135],[-94.58287801680645,39.06164227616873],[-94.58288610357421,39.061505283403],[-94.58289421965895,39.06136829004069],[-94.58290221829249,39.061231273877226]]]},"properties":{"parcel":"241394","address":"3606 Gillham Rd 23","owner":"Service Henry C & Kimberly D","point":[-94.5826485523979,39.06149596791912],"permit_status":"denied","current_permit":false,"source_url":"https://mapd.kcmo.org/kcgis/rest/services/AGOL/MapServer/6/query","retrieved_at":"2026-10-06T02:34:59.880305+00:00"}},{"type":"Feature","geometry":{"type":"Polygon","coordinates":[[[-94.54050491173467,39.25356539294547],[-94.54073773965929,39.2538332844701],[-94.54091989849265,39.25377734858351],[-94.5407670711966,39.25348789756628],[-94.5407459901761,39.25349172763411],[-94.54072502192804,39.25349592259613],[-94.54070418042822,39.253500478443456],[-94.54068347450523,39.25350539574508],[-94.54066291592882,39.253510672208975],[-94.54064251425861,39.25351630039581],[-94.54062227538071,39.25352228144769],[-94.54060221621485,39.253528613070735],[-94.54058234264483,39.25353529240298],[-94.54056266570143,39.253542311432675],[-94.54054319421263,39.25354966958481],[-94.54052393994925,39.253557366283424],[-94.54050491173467,39.25356539294547]]]},"properties":{"parcel":"242752","address":"3204 NE 88th Ter","owner":"Gadea Mario","point":[-94.54073048082343,39.25367137076449],"permit_status":"cancelled","current_permit":false,"source_url":"https://mapd.kcmo.org/kcgis/rest/services/AGOL/MapServer/6/query","retrieved_at":"2026-10-06T02:34:59.880305+00:00"}},{"type":"Feature","geometry":{"type":"Polygon","coordinates":[[[-94.5440354127335,39.074645872932805],[-94.5439056947549,39.074641369138114],[-94.54389551469993,39.07484139628253],[-94.54388855506562,39.07497916471899],[-94.54401821557887,39.07498467530884],[-94.54402523439005,39.07484688510575],[-94.5440354127335,39.074645872932805]]]},"properties":{"parcel":"24414","address":"3244 E 28th St","owner":"Silverz LLC","point":[-94.54396547632355,39.07474363460767],"permit_status":"denied","current_permit":false,"source_url":"https://mapd.kcmo.org/kcgis/rest/services/AGOL/MapServer/6/query","retrieved_at":"2026-10-06T02:34:59.880305+00:00"}},{"type":"Feature","geometry":{"type":"Polygon","coordinates":[[[-94.58520420679484,39.10943814245933],[-94.5851016043724,39.109131426749386],[-94.58487782520344,39.109176437677874],[-94.58487334712851,39.10916284811418],[-94.58486560017046,39.10916440048577],[-94.58481234010635,39.109004542946955],[-94.58479009893762,39.108937843714976],[-94.58452604676403,39.108990787946034],[-94.58451008089186,39.10899398965552],[-94.58453083177507,39.10905733457313],[-94.58468974746889,39.10954242635434],[-94.58520420679484,39.10943814245933]]]},"properties":{"parcel":"244815","address":"304 Delaware St","owner":"Delaware Landing LLC","point":[-94.58488657555289,39.1093072900686],"permit_status":"denied","current_permit":false,"source_url":"https://mapd.kcmo.org/kcgis/rest/services/AGOL/MapServer/6/query","retrieved_at":"2026-10-06T02:34:59.880305+00:00"}},{"type":"Feature","geometry":{"type":"Polygon","coordinates":[[[-94.59153809132572,39.04481105883785],[-94.59185277311998,39.04482152257627],[-94.59187958325438,39.04420821480629],[-94.59156849308268,39.044198105260556],[-94.59153809132572,39.04481105883785]]]},"properties":{"parcel":"245477","address":"4524 Broadway 1S","owner":"Munoz Hernandez Erik","point":[-94.59170972419334,39.04450963682207],"permit_status":"denied","current_permit":false,"source_url":"https://mapd.kcmo.org/kcgis/rest/services/AGOL/MapServer/6/query","retrieved_at":"2026-10-06T02:34:59.880305+00:00"}},{"type":"Feature","geometry":{"type":"Polygon","coordinates":[[[-94.46961201981328,39.0538659419133],[-94.47003154514726,39.05378532616839],[-94.47003562945947,39.05370158321378],[-94.47003838399793,39.05364488511148],[-94.47003998128956,39.05361321838962],[-94.47004397769028,39.05353087057109],[-94.47004548708416,39.05350233850601],[-94.47004818086036,39.05344529774479],[-94.4695602938096,39.05343109968927],[-94.4695599674598,39.05343766641568],[-94.46955910921669,39.053456222010524],[-94.4695585143559,39.05347475536523],[-94.46955818286804,39.053493288788594],[-94.46955814629939,39.05351182228891],[-94.46955837310362,39.05353035700193],[-94.46955851695174,39.05353706056417],[-94.46955915458987,39.053555594240294],[-94.4695600556019,39.0535741279851],[-94.4695611928537,39.05359263833861],[-94.46956268078144,39.0536111499276],[-94.46956443357084,39.053629615251864],[-94.46956645119242,39.05364810352602],[-94.46956659737863,39.05364936201236],[-94.4695689084639,39.05366782748209],[-94.46957151155567,39.053686247266164],[-94.46957440884518,39.05370464424602],[-94.46957757024416,39.05372304072259],[-94.46958099578151,39.05374136976934],[-94.46958415837122,39.053756998232046],[-94.46958811214739,39.05377528165448],[-94.46959235939879,39.05379351881948],[-94.46959684142513,39.05381173259258],[-94.46960164628176,39.05382987837894],[-94.4696066859135,39.0538480013454],[-94.46961201981328,39.0538659419133]]]},"properties":{"parcel":"246760","address":"3834 Windsor Rd","owner":"KC Property Holdings LLC","point":[-94.46980236067722,39.05364873276919],"permit_status":"denied","current_permit":false,"source_url":"https://mapd.kcmo.org/kcgis/rest/services/AGOL/MapServer/6/query","retrieved_at":"2026-10-06T02:34:59.880305+00:00"}},{"type":"Feature","geometry":{"type":"Polygon","coordinates":[[[-94.54455880678086,39.000344219348285],[-94.54406798164084,39.00032374413993],[-94.54406408155224,39.000323585445294],[-94.54405991348523,39.00041142750316],[-94.54405574614145,39.00049927013127],[-94.5440596455059,39.00049942768239],[-94.5445505883892,39.00051985768985],[-94.54455469794225,39.00043201563859],[-94.54455637703825,39.00039632050575],[-94.54455880678086,39.000344219348285]]]},"properties":{"parcel":"2468","address":"6914 Monroe Ave","owner":"Sagastume Cesar","point":[-94.54430730364923,39.00042172157087],"permit_status":"denied","current_permit":false,"source_url":"https://mapd.kcmo.org/kcgis/rest/services/AGOL/MapServer/6/query","retrieved_at":"2026-10-06T02:34:59.880305+00:00"}},{"type":"Feature","geometry":{"type":"Polygon","coordinates":[[[-94.59095188871171,39.10258387095762],[-94.59049165218022,39.10256788598088],[-94.59010150787013,39.10255433331476],[-94.59010105782339,39.10255431764606],[-94.59009221389901,39.10255408493945],[-94.59008344858398,39.102555284274054],[-94.59007499223173,39.102557884131244],[-94.59006706707606,39.102561816186494],[-94.5900598813909,39.10256697710498],[-94.5900536240168,39.10257323125722],[-94.59004845939822,39.10258041428344],[-94.59004452326185,39.10258833741296],[-94.59004449987712,39.10258842208953],[-94.5900440390534,39.10259032268572],[-94.59002847335194,39.102894117455946],[-94.59001315803295,39.10318130464856],[-94.59092048703461,39.10321512812954],[-94.59093517985356,39.10292627044501],[-94.59095188871171,39.10258387095762]]]},"properties":{"parcel":"247573","address":"920 Washington St","owner":"Quality Hill Historic Rehab","point":[-94.5904902087936,39.10274222007084],"permit_status":"cancelled","current_permit":false,"source_url":"https://mapd.kcmo.org/kcgis/rest/services/AGOL/MapServer/6/query","retrieved_at":"2026-10-06T02:34:59.880305+00:00"}},{"type":"Feature","geometry":{"type":"Polygon","coordinates":[[[-94.59095188871171,39.10258387095762],[-94.59049165218022,39.10256788598088],[-94.59010150787013,39.10255433331476],[-94.59010105782339,39.10255431764606],[-94.59004452326185,39.10258833741296],[-94.59004449987712,39.10258842208953],[-94.5900440390534,39.10259032268572],[-94.59002847335194,39.102894117455946],[-94.59001315803295,39.10318130464856],[-94.59092048703461,39.10321512812954],[-94.59093517985356,39.10292627044501],[-94.59095188871171,39.10258387095762]]]},"properties":{"parcel":"247609","address":"510 W 10th St","owner":"Truvillion Austin","point":[-94.5904902087936,39.10274222007084],"permit_status":"voided-city","current_permit":false,"source_url":"https://mapd.kcmo.org/kcgis/rest/services/AGOL/MapServer/6/query","retrieved_at":"2026-10-06T02:34:59.880305+00:00"}},{"type":"Feature","geometry":{"type":"Polygon","coordinates":[[[-94.59095188871171,39.10258387095762],[-94.59049165218022,39.10256788598088],[-94.59010150787013,39.10255433331476],[-94.59010105782339,39.10255431764606],[-94.59004452326185,39.10258833741296],[-94.59004449987712,39.10258842208953],[-94.5900440390534,39.10259032268572],[-94.59002847335194,39.102894117455946],[-94.59001315803295,39.10318130464856],[-94.59092048703461,39.10321512812954],[-94.59093517985356,39.10292627044501],[-94.59095188871171,39.10258387095762]]]},"properties":{"parcel":"247613","address":"522 W 10th St","owner":"Lampe Paul David","point":[-94.5904902087936,39.10274222007084],"permit_status":"denied","current_permit":false,"source_url":"https://mapd.kcmo.org/kcgis/rest/services/AGOL/MapServer/6/query","retrieved_at":"2026-10-06T02:34:59.880305+00:00"}},{"type":"Feature","geometry":{"type":"Polygon","coordinates":[[[-94.58863843831683,39.0652988756724],[-94.58863843257058,39.065298974636335],[-94.58863188812823,39.065416243264664],[-94.58862330565725,39.065571358893784],[-94.58862327801285,39.065572136290776],[-94.58875172027243,39.06557732465661],[-94.58875174972601,39.06557682125608],[-94.58876047674183,39.0654213399866],[-94.58876715469663,39.06530421654286],[-94.58876680359081,39.06530391935938],[-94.58863843831683,39.0652988756724]]]},"properties":{"parcel":"250066","address":"217 W 34th St","owner":"Sams James","point":[-94.58869186121285,39.065496349440195],"permit_status":"cancelled","current_permit":false,"source_url":"https://mapd.kcmo.org/kcgis/rest/services/AGOL/MapServer/6/query","retrieved_at":"2026-10-06T02:34:59.880305+00:00"}},{"type":"Feature","geometry":{"type":"Polygon","coordinates":[[[-94.54807212075038,39.068039070804474],[-94.5479147648279,39.0680342848284],[-94.54789292231474,39.068416403451515],[-94.54798796476801,39.06841924679223],[-94.5480504250298,39.06842107499199],[-94.5480505990903,39.06841805465249],[-94.54807212075038,39.068039070804474]]]},"properties":{"parcel":"25060","address":"3004 E Linwood Blvd","owner":"Lisa's House Inc","point":[-94.54798255679432,39.068227737128],"permit_status":"cancelled","current_permit":false,"source_url":"https://mapd.kcmo.org/kcgis/rest/services/AGOL/MapServer/6/query","retrieved_at":"2026-10-06T02:34:59.880305+00:00"}},{"type":"Feature","geometry":{"type":"Polygon","coordinates":[[[-94.58983685416433,39.10254525770781],[-94.58952716333746,39.102534428538625],[-94.58952684059194,39.10253870918936],[-94.58950988362533,39.102877288167385],[-94.58981966104852,39.10288806869309],[-94.58983685416433,39.10254525770781]]]},"properties":{"parcel":"250631","address":"935 Washington St STE 201","owner":"Phillips Josie","point":[-94.58967336303542,39.1027112729376],"permit_status":"denied","current_permit":false,"source_url":"https://mapd.kcmo.org/kcgis/rest/services/AGOL/MapServer/6/query","retrieved_at":"2026-10-06T02:34:59.880305+00:00"}},{"type":"Feature","geometry":{"type":"Polygon","coordinates":[[[-94.58981966104852,39.10288806869309],[-94.58950988362533,39.102877288167385],[-94.58952684059194,39.10253870918936],[-94.58952716333746,39.102534428538625],[-94.5891080635928,39.10251976447294],[-94.58908836343689,39.102873583447],[-94.5890503581638,39.10287223506435],[-94.5890443907385,39.10298986060114],[-94.58910375729931,39.102991688601044],[-94.589087091009,39.103320256402505],[-94.58901761752162,39.103318115209994],[-94.58901219879147,39.10342494921896],[-94.58892273702745,39.10342141606708],[-94.58892482668246,39.10338540257899],[-94.58885574963514,39.10338330903715],[-94.58884041503224,39.103699948071565],[-94.58977729200136,39.103732919920034],[-94.58981966104852,39.10288806869309]]]},"properties":{"parcel":"250640","address":"925 Washington St STE 102","owner":"Charbonneau Piercyn","point":[-94.58945087894924,39.10315490190552],"permit_status":"cancelled","current_permit":false,"source_url":"https://mapd.kcmo.org/kcgis/rest/services/AGOL/MapServer/6/query","retrieved_at":"2026-10-06T02:34:59.880305+00:00"}},{"type":"Feature","geometry":{"type":"Polygon","coordinates":[[[-94.58981966104852,39.10288806869309],[-94.58950988362533,39.102877288167385],[-94.58952684059194,39.10253870918936],[-94.58952716333746,39.102534428538625],[-94.5891080635928,39.10251976447294],[-94.58908836343689,39.102873583447],[-94.5890503581638,39.10287223506435],[-94.5890443907385,39.10298986060114],[-94.58910375729931,39.102991688601044],[-94.589087091009,39.103320256402505],[-94.58901761752162,39.103318115209994],[-94.58901219879147,39.10342494921896],[-94.58892273702745,39.10342141606708],[-94.58892482668246,39.10338540257899],[-94.58885574963514,39.10338330903715],[-94.58884041503224,39.103699948071565],[-94.58977729200136,39.103732919920034],[-94.58981966104852,39.10288806869309]]]},"properties":{"parcel":"250665","address":"445 W 9th St STE 203","owner":"Jennifer L Lang Revocable Trust Agreement U/A Dated 08/19/20","point":[-94.58945087894924,39.10315490190552],"permit_status":"denied","current_permit":false,"source_url":"https://mapd.kcmo.org/kcgis/rest/services/AGOL/MapServer/6/query","retrieved_at":"2026-10-06T02:34:59.880305+00:00"}},{"type":"Feature","geometry":{"type":"Polygon","coordinates":[[[-94.58981966104852,39.10288806869309],[-94.58950988362533,39.102877288167385],[-94.58952684059194,39.10253870918936],[-94.58952716333746,39.102534428538625],[-94.5891080635928,39.10251976447294],[-94.58908836343689,39.102873583447],[-94.5890503581638,39.10287223506435],[-94.5890443907385,39.10298986060114],[-94.58910375729931,39.102991688601044],[-94.589087091009,39.103320256402505],[-94.58901761752162,39.103318115209994],[-94.58901219879147,39.10342494921896],[-94.58892273702745,39.10342141606708],[-94.58892482668246,39.10338540257899],[-94.58885574963514,39.10338330903715],[-94.58884041503224,39.103699948071565],[-94.58977729200136,39.103732919920034],[-94.58981966104852,39.10288806869309]]]},"properties":{"parcel":"250708","address":"445 W 9th St STE 302","owner":"Goslee Michael","point":[-94.58945087894924,39.10315490190552],"permit_status":"denied","current_permit":false,"source_url":"https://mapd.kcmo.org/kcgis/rest/services/AGOL/MapServer/6/query","retrieved_at":"2026-10-06T02:34:59.880305+00:00"}},{"type":"Feature","geometry":{"type":"Polygon","coordinates":[[[-94.58981966104852,39.10288806869309],[-94.58950988362533,39.102877288167385],[-94.58952684059194,39.10253870918936],[-94.58952716333746,39.102534428538625],[-94.5891080635928,39.10251976447294],[-94.58908836343689,39.102873583447],[-94.5890503581638,39.10287223506435],[-94.5890443907385,39.10298986060114],[-94.58910375729931,39.102991688601044],[-94.589087091009,39.103320256402505],[-94.58901761752162,39.103318115209994],[-94.58901219879147,39.10342494921896],[-94.58892273702745,39.10342141606708],[-94.58892482668246,39.10338540257899],[-94.58885574963514,39.10338330903715],[-94.58884041503224,39.103699948071565],[-94.58977729200136,39.103732919920034],[-94.58981966104852,39.10288806869309]]]},"properties":{"parcel":"250709","address":"445 W 9th St STE 303","owner":"Rothfuss Luke Michael","point":[-94.58945087894924,39.10315490190552],"permit_status":"denied","current_permit":false,"source_url":"https://mapd.kcmo.org/kcgis/rest/services/AGOL/MapServer/6/query","retrieved_at":"2026-10-06T02:34:59.880305+00:00"}},{"type":"Feature","geometry":{"type":"Polygon","coordinates":[[[-94.5978850147291,39.194464192456394],[-94.59789142120509,39.19443462113056],[-94.59785695073317,39.194429512883495],[-94.5978605330875,39.194410610734145],[-94.59785413946771,39.19440971004347],[-94.5977145437419,39.194390031149474],[-94.5977034540695,39.19444041432392],[-94.5978850147291,39.194464192456394]]]},"properties":{"parcel":"250894","address":"5437 N Fairmount Ave","owner":"Martinson Edna & Tan Clarence Trustees","point":[-94.59778333785201,39.19442006180882],"permit_status":"denied","current_permit":false,"source_url":"https://mapd.kcmo.org/kcgis/rest/services/AGOL/MapServer/6/query","retrieved_at":"2026-10-06T02:34:59.880305+00:00"}},{"type":"Feature","geometry":{"type":"Polygon","coordinates":[[[-94.5823228858623,39.01271393787877],[-94.58228641956724,39.012349972127836],[-94.58226867509573,39.012349183805625],[-94.58224541661187,39.01234812593968],[-94.58221019233066,39.01234652564055],[-94.58215295172045,39.01234395523548],[-94.58215295469299,39.01234398955494],[-94.58221419545644,39.01272445342175],[-94.58222417678193,39.01272332064076],[-94.5822520067296,39.01272039456035],[-94.58227989410511,39.01271767550616],[-94.58230540714735,39.01271541516897],[-94.58230778320944,39.01271518468236],[-94.5823228858623,39.01271393787877]]]},"properties":{"parcel":"251531","address":"429 E 63rd Ter","owner":"Hoffman-Holthaus LLC","point":[-94.58224393148416,39.012531955003304],"permit_status":"denied","current_permit":false,"source_url":"https://mapd.kcmo.org/kcgis/rest/services/AGOL/MapServer/6/query","retrieved_at":"2026-10-06T02:34:59.880305+00:00"}},{"type":"Feature","geometry":{"type":"Polygon","coordinates":[[[-94.5478609008854,39.066723831390654],[-94.54741534967751,39.066710009755106],[-94.54740993331464,39.0668190613885],[-94.54741383703673,39.06681917420558],[-94.5478558095171,39.06683286003015],[-94.5478609008854,39.066723831390654]]]},"properties":{"parcel":"25154","address":"3228 Bellefontaine Ave","owner":"Bcfund-002 LLC","point":[-94.54763548781646,39.06677144638958],"permit_status":"denied","current_permit":false,"source_url":"https://mapd.kcmo.org/kcgis/rest/services/AGOL/MapServer/6/query","retrieved_at":"2026-10-06T02:34:59.880305+00:00"}},{"type":"Feature","geometry":{"type":"Polygon","coordinates":[[[-94.45620190515697,39.037750740273445],[-94.45622123220888,39.03775162901705],[-94.45621757674047,39.03780014209676],[-94.4562597506874,39.03780207762998],[-94.45626037113684,39.03779385445375],[-94.45627180769385,39.03764219702222],[-94.45624720426214,39.03764106891821],[-94.45624692916486,39.03764471374842],[-94.45621002511781,39.03764302043895],[-94.45620190515697,39.037750740273445]]]},"properties":{"parcel":"251611","address":"10527 E 46th Ter","owner":"Watson Davian T","point":[-94.45623676073399,39.037697727010936],"permit_status":"cancelled","current_permit":false,"source_url":"https://mapd.kcmo.org/kcgis/rest/services/AGOL/MapServer/6/query","retrieved_at":"2026-10-06T02:34:59.880305+00:00"}},{"type":"Feature","geometry":{"type":"Polygon","coordinates":[[[-94.45587922089028,39.0376275523946],[-94.45584231685996,39.03762586068481],[-94.45584259124414,39.03762221642728],[-94.4558179914954,39.037621085374],[-94.45580655543691,39.03777274562169],[-94.45580593346885,39.0377809676509],[-94.4558481095945,39.037782901617724],[-94.45585176898338,39.03773438626286],[-94.45587109749512,39.037735272204934],[-94.45587922089028,39.0376275523946]]]},"properties":{"parcel":"251616","address":"10545 E 46th Ter","owner":"Echols Becky Sue","point":[-94.45584433424878,39.03768096932873],"permit_status":"denied","current_permit":false,"source_url":"https://mapd.kcmo.org/kcgis/rest/services/AGOL/MapServer/6/query","retrieved_at":"2026-10-06T02:34:59.880305+00:00"}},{"type":"Feature","geometry":{"type":"Polygon","coordinates":[[[-94.5517188712758,39.06752447684162],[-94.55150803655886,39.06751674491118],[-94.55149001860373,39.06788524846139],[-94.55170152900772,39.067892316580355],[-94.5517188712758,39.06752447684162]]]},"properties":{"parcel":"25200","address":"2701 E Linwood Blvd","owner":"Montanaro Ellen & George","point":[-94.5516046026573,39.0677048626515],"permit_status":"denied","current_permit":false,"source_url":"https://mapd.kcmo.org/kcgis/rest/services/AGOL/MapServer/6/query","retrieved_at":"2026-10-06T02:34:59.880305+00:00"}},{"type":"Feature","geometry":{"type":"Polygon","coordinates":[[[-94.5943793853912,39.095013334932176],[-94.59437550864094,39.0950132007859],[-94.59394286406963,39.09499840257195],[-94.59393898805577,39.0949982689826],[-94.59393681015675,39.095058618602565],[-94.59393694521845,39.09505861448965],[-94.59437731888406,39.09507381488994],[-94.59437732242549,39.095073718216085],[-94.5943793853912,39.095013334932176]]]},"properties":{"parcel":"252060","address":"1617 Madison Ave","owner":"Fields Tanesha M","point":[-94.59415811962216,39.09503597471091],"permit_status":"denied","current_permit":false,"source_url":"https://mapd.kcmo.org/kcgis/rest/services/AGOL/MapServer/6/query","retrieved_at":"2026-10-06T02:34:59.880305+00:00"}},{"type":"Feature","geometry":{"type":"Polygon","coordinates":[[[-94.58172464660592,39.09553738714474],[-94.58173171433567,39.095397618251674],[-94.58132510744815,39.095382329382915],[-94.58131798571361,39.095521792832194],[-94.58172464660592,39.09553738714474]]]},"properties":{"parcel":"253104","address":"1508 Grand Blvd 3","owner":"BP Properties KCMO LLC","point":[-94.5815248654838,39.095459705541934],"permit_status":"denied","current_permit":false,"source_url":"https://mapd.kcmo.org/kcgis/rest/services/AGOL/MapServer/6/query","retrieved_at":"2026-10-06T02:34:59.880305+00:00"}},{"type":"Feature","geometry":{"type":"Polygon","coordinates":[[[-94.57977196465343,39.04689163602165],[-94.57977550875593,39.04694977763217],[-94.57978086650108,39.04700778023645],[-94.57979687808536,39.04712244047387],[-94.57981979467071,39.04723592250325],[-94.57984953236365,39.047347810887345],[-94.57988598229983,39.04745769602296],[-94.58034398913122,39.04747079363998],[-94.58033887908755,39.047455890256074],[-94.58030732441897,39.04735006724811],[-94.58027560245725,39.047194869657055],[-94.5802437235947,39.047193930595576],[-94.58021965884727,39.04719315089381],[-94.58023271521805,39.046904279731926],[-94.57995158503019,39.04689656513818],[-94.57977196465343,39.04689163602165]]]},"properties":{"parcel":"253945","address":"506 E 44th St STE 300","owner":"Jackson Matthew","point":[-94.58001263727633,39.047157795683844],"permit_status":"denied","current_permit":false,"source_url":"https://mapd.kcmo.org/kcgis/rest/services/AGOL/MapServer/6/query","retrieved_at":"2026-10-06T02:34:59.880305+00:00"}},{"type":"Feature","geometry":{"type":"Polygon","coordinates":[[[-94.57829595572645,39.10213269758541],[-94.57830376862206,39.102001516819534],[-94.57830771861441,39.10193548109077],[-94.57831166859884,39.10186944478908],[-94.57831951044908,39.101737281271454],[-94.57832740955585,39.10160513887646],[-94.57833525056347,39.10147292959097],[-94.57834315103105,39.101340742570684],[-94.5783509904866,39.10120850982651],[-94.57835886226532,39.10107632281843],[-94.57793270220108,39.10106217073889],[-94.57792488969959,39.10119424270374],[-94.57792099739045,39.10125961542168],[-94.57791707727137,39.101326407331776],[-94.57791159923644,39.10141846055734],[-94.57790920600871,39.10145850335358],[-94.57790297997543,39.101563986893666],[-94.57790139420473,39.101590620496744],[-94.57789496374009,39.101699148445505],[-94.57789358083008,39.101722670711474],[-94.5778896884128,39.10178799708913],[-94.5778857681854,39.10185474323086],[-94.5778818464097,39.101920756046844],[-94.57788069251957,39.101939588763],[-94.57788057851087,39.1019420593808],[-94.57787789746581,39.10198677059614],[-94.57787014167643,39.1021178580572],[-94.57829595572645,39.10213269758541]]]},"properties":{"parcel":"254163","address":"401 E 10th St","owner":"City of Kansas City","point":[-94.578114402083,39.1015978796866],"permit_status":"cancelled","current_permit":false,"source_url":"https://mapd.kcmo.org/kcgis/rest/services/AGOL/MapServer/6/query","retrieved_at":"2026-10-06T02:34:59.880305+00:00"}},{"type":"Feature","geometry":{"type":"Polygon","coordinates":[[[-94.58524679286448,39.10871321219749],[-94.58526639633791,39.10877193707788],[-94.58549683199178,39.10872592921539],[-94.58547722613464,39.10866720208704],[-94.58524679286448,39.10871321219749]]]},"properties":{"parcel":"254507","address":"401 Wyandotte St","owner":"The Mullins Place LLC","point":[-94.58537181233972,39.10871957070644],"permit_status":"denied","current_permit":false,"source_url":"https://mapd.kcmo.org/kcgis/rest/services/AGOL/MapServer/6/query","retrieved_at":"2026-10-06T02:34:59.880305+00:00"}},{"type":"Feature","geometry":{"type":"Polygon","coordinates":[[[-94.5696286292742,39.0832874377264],[-94.56962209045044,39.08341047431613],[-94.56962206957328,39.083410888470254],[-94.56992129761788,39.08342054586476],[-94.56992785753266,39.08329709567631],[-94.5696286292742,39.0832874377264]]]},"properties":{"parcel":"255440","address":"2404 Forest Ave","owner":"Watson Donna C","point":[-94.56977497419587,39.08335378499622],"permit_status":"denied","current_permit":false,"source_url":"https://mapd.kcmo.org/kcgis/rest/services/AGOL/MapServer/6/query","retrieved_at":"2026-10-06T02:34:59.880305+00:00"}},{"type":"Feature","geometry":{"type":"Polygon","coordinates":[[[-94.48159619372186,39.280123485998836],[-94.48171369554493,39.28033938574004],[-94.48214267050479,39.28016314717037],[-94.4820369898116,39.28000776151991],[-94.48203022130285,39.28000077139933],[-94.48202242956933,39.27999494358796],[-94.48201381196304,39.279990425694834],[-94.48200458675397,39.27998733215086],[-94.48199498760175,39.279985741310504],[-94.48198525763733,39.279985693467175],[-94.48197564330496,39.27998718983267],[-94.48196638812011,39.279990192506475],[-94.48178250979083,39.28005910362104],[-94.4815969143172,39.280123246444894],[-94.48159619372186,39.280123485998836]]]},"properties":{"parcel":"255609","address":"10351 N Skiles Ct","owner":"Loving Amy F","point":[-94.48186808486096,39.2801433165846],"permit_status":"cancelled","current_permit":false,"source_url":"https://mapd.kcmo.org/kcgis/rest/services/AGOL/MapServer/6/query","retrieved_at":"2026-10-06T02:34:59.880305+00:00"}},{"type":"Feature","geometry":{"type":"Polygon","coordinates":[[[-94.41645543099628,38.96297198720863],[-94.4162722680189,38.96290044249142],[-94.41405096464271,38.96203284185597],[-94.41400944341531,38.96280255815092],[-94.41400491741479,38.96288632356432],[-94.41388572918919,38.96288090435431],[-94.41383300839992,38.96403842664993],[-94.41370997605124,38.966426540070074],[-94.41629026524944,38.966534617392135],[-94.41645543099628,38.96297198720863]]]},"properties":{"parcel":"256193","address":"14400 E 87th St","owner":"Shipley Eli & Bethany","point":[-94.41506106260853,38.96523248336],"permit_status":"cancelled","current_permit":false,"source_url":"https://mapd.kcmo.org/kcgis/rest/services/AGOL/MapServer/6/query","retrieved_at":"2026-10-06T02:34:59.880305+00:00"}},{"type":"Feature","geometry":{"type":"Polygon","coordinates":[[[-94.5460899783894,39.063939581174566],[-94.54561430056458,39.063923019421786],[-94.54561308314182,39.06394786905618],[-94.54560894124951,39.06403234671606],[-94.5456083902939,39.06404387829988],[-94.5456033786511,39.064146203348564],[-94.54599159407876,39.06415854383413],[-94.54599587918192,39.06415863309552],[-94.54600083843029,39.064158472117725],[-94.54600579901138,39.06415810349563],[-94.54601070002612,39.064157529541326],[-94.546015601626,39.06415672677827],[-94.54602038424093,39.06415574101528],[-94.54602510872648,39.06415450301386],[-94.54602971571012,39.06415310603681],[-94.54603423521463,39.06415145683293],[-94.54603863648308,39.06414964808173],[-94.54604286078504,39.064147631756654],[-94.5460469389546,39.06414543415853],[-94.54605086952283,39.06414305299985],[-94.5460546260758,39.06414048943511],[-94.54605817489005,39.06413778752325],[-94.5460615482513,39.06413494896761],[-94.54606468669647,39.06413192745797],[-94.54606758953639,39.06412879163714],[-94.546070288322,39.064125541492686],[-94.54607269280285,39.064122176488226],[-94.54607492036364,39.06411867541268],[-94.54607685585069,39.06411510523795],[-94.54607849706318,39.064111466536936],[-94.54607990270004,39.06410775871447],[-94.54608107422946,39.06410398291401],[-94.54608192361796,39.06410016262319],[-94.54608250809544,39.06409629495932],[-94.5460825079612,39.06409608845984],[-94.54608282744066,39.0640920395701],[-94.54608294427818,39.06409004831935],[-94.54608485386893,39.064048907253394],[-94.5460899783894,39.063939581174566]]]},"properties":{"parcel":"25711","address":"3401 Benton Blvd","owner":"RMJH Investments of Missouri LLC","point":[-94.54584701281527,39.06403811250797],"permit_status":"in review","current_permit":false,"source_url":"https://mapd.kcmo.org/kcgis/rest/services/AGOL/MapServer/6/query","retrieved_at":"2026-10-06T02:34:59.880305+00:00"}},{"type":"Feature","geometry":{"type":"Polygon","coordinates":[[[-94.5973842042722,39.16307258991379],[-94.597487446323,39.163072020247085],[-94.59772320512917,39.16306725471403],[-94.59773148105958,39.163066905139516],[-94.5978694026999,39.16305812136295],[-94.59800679469154,39.163043189041446],[-94.59814338307015,39.16302213795058],[-94.59827889547374,39.16299501006694],[-94.59841306168587,39.16296185948448],[-94.59899578691032,39.162803103087434],[-94.59909535496227,39.16277941093635],[-94.59919617189543,39.16276177401537],[-94.59929786981127,39.16275025668469],[-94.59940007759641,39.16274490097304],[-94.59950242227688,39.16274572642435],[-94.59960453037917,39.162752730026405],[-94.59970602929302,39.16276588622184],[-94.59980654863128,39.162785147001415],[-94.59990572158138,39.16281044207919],[-94.600003186244,39.16284167914903],[-94.60052247873068,39.16302950522555],[-94.600508258003,39.16151398681943],[-94.60004784963925,39.16163512765833],[-94.5996778296568,39.1617863841521],[-94.59861620183132,39.1618342334202],[-94.59769857859446,39.16187412898956],[-94.59753979582337,39.161880954521266],[-94.59741076354831,39.16188640845952],[-94.59730778898988,39.16189108430194],[-94.5973842042722,39.16307258991379]]]},"properties":{"parcel":"257679","address":"1601 NW 38th St","owner":"JVM Landing Apartments LLC","point":[-94.59892560105627,39.16231799263749],"permit_status":"denied","current_permit":false,"source_url":"https://mapd.kcmo.org/kcgis/rest/services/AGOL/MapServer/6/query","retrieved_at":"2026-10-06T02:34:59.880305+00:00"}},{"type":"Feature","geometry":{"type":"Polygon","coordinates":[[[-94.53861551064134,39.06675473846309],[-94.53818489982207,39.06674231810598],[-94.53818102548196,39.0667422284232],[-94.53817998219375,39.06676698581612],[-94.53817627294553,39.06685407087299],[-94.53818017592134,39.06685418399939],[-94.5386107587776,39.0668665586212],[-94.53861443742028,39.06677949586971],[-94.53861551064134,39.06675473846309]]]},"properties":{"parcel":"25831","address":"3218 Mersington Ave","owner":"Gary Lawrence Price Revocable Trust Dated 4/29/2021","point":[-94.53839536153338,39.06681678337135],"permit_status":"denied","current_permit":false,"source_url":"https://mapd.kcmo.org/kcgis/rest/services/AGOL/MapServer/6/query","retrieved_at":"2026-10-06T02:34:59.880305+00:00"}},{"type":"Feature","geometry":{"type":"Polygon","coordinates":[[[-94.58499743102794,39.09861652789074],[-94.58504034632028,39.09779759763612],[-94.58454616756563,39.09778075016921],[-94.5845028055086,39.09859917833901],[-94.58499743102794,39.09861652789074]]]},"properties":{"parcel":"260169","address":"1300 Baltimore Ave","owner":"Power & Light North Condominium Owners Association, Inc","point":[-94.58477169174886,39.098198387987566],"permit_status":"denied","current_permit":false,"source_url":"https://mapd.kcmo.org/kcgis/rest/services/AGOL/MapServer/6/query","retrieved_at":"2026-10-06T02:34:59.880305+00:00"}},{"type":"Feature","geometry":{"type":"Polygon","coordinates":[[[-94.54382001764534,39.063923730854896],[-94.54347456676076,39.06391360838376],[-94.54347030707366,39.06400278859607],[-94.54350587941403,39.06400388505195],[-94.54381599268733,39.06401328680911],[-94.54382001764534,39.063923730854896]]]},"properties":{"parcel":"26088","address":"3403 Indiana Ave","owner":"Jetpack Property Group LLC","point":[-94.54364521812359,39.06396325972548],"permit_status":"cancelled","current_permit":false,"source_url":"https://mapd.kcmo.org/kcgis/rest/services/AGOL/MapServer/6/query","retrieved_at":"2026-10-06T02:34:59.880305+00:00"}},{"type":"Feature","geometry":{"type":"Polygon","coordinates":[[[-94.49175110498996,39.2746455923213],[-94.49174589880185,39.27513031172704],[-94.49193664742954,39.27513154917282],[-94.4919404873021,39.27477397442896],[-94.49193857329055,39.274772676428164],[-94.49191120901196,39.27476790528928],[-94.4918849713461,39.27475878649555],[-94.49186054623341,39.2747455584428],[-94.49183857222818,39.27472856695662],[-94.49181962380446,39.274708256251365],[-94.49180419633754,39.274685157316895],[-94.49180113404917,39.274679506883835],[-94.49179348270785,39.27466977239098],[-94.49178442487676,39.274661330882154],[-94.49177417621506,39.274654383342394],[-94.49176298073455,39.27464909518664],[-94.49175110498996,39.2746455923213]]]},"properties":{"parcel":"261505","address":"7406 NE 100th Ct","owner":"Jessick Monica I","point":[-94.49184319322706,39.274952143077996],"permit_status":"extended","current_permit":false,"source_url":"https://mapd.kcmo.org/kcgis/rest/services/AGOL/MapServer/6/query","retrieved_at":"2026-10-06T02:34:59.880305+00:00"}},{"type":"Feature","geometry":{"type":"Polygon","coordinates":[[[-94.6317867878176,39.22441220813967],[-94.6317505952362,39.224412519722286],[-94.63171484313106,39.224406881725145],[-94.63168050285465,39.22439544732756],[-94.63165738880197,39.22438337890433],[-94.63163630525159,39.224368036473834],[-94.63120964024228,39.22466918128381],[-94.63120766651464,39.22478931995245],[-94.63120766586655,39.224789366857564],[-94.63184279517696,39.2247984018584],[-94.6317867878176,39.22441220813967]]]},"properties":{"parcel":"261977","address":"7041 N London Ave","owner":"Cervantes, Jonnie J","point":[-94.63159845231861,39.22454085050305],"permit_status":"denied","current_permit":false,"source_url":"https://mapd.kcmo.org/kcgis/rest/services/AGOL/MapServer/6/query","retrieved_at":"2026-10-06T02:34:59.880305+00:00"}},{"type":"Feature","geometry":{"type":"Polygon","coordinates":[[[-94.50357156866045,39.30348871324697],[-94.50356215683152,39.30472696575162],[-94.5055459838979,39.30473138634896],[-94.50554694355182,39.30447431245608],[-94.50554378385897,39.30441395876629],[-94.50553478104288,39.304354196731246],[-94.5055200201199,39.30429559070185],[-94.50549964048183,39.30423869411248],[-94.50547383457976,39.30418404425476],[-94.50544284610658,39.30413215720378],[-94.5053309289967,39.30395974467588],[-94.5053002843941,39.30390863507686],[-94.50527360221241,39.30385534958202],[-94.50525103599007,39.303800194814414],[-94.50519828642818,39.30365491215766],[-94.50518728462293,39.30361919246468],[-94.50518003722419,39.30358252624866],[-94.50517662200875,39.30354530699976],[-94.50517459390497,39.30353754456569],[-94.50517131391014,39.30353022266557],[-94.50516687177392,39.30352354164668],[-94.50516138904537,39.30351768432006],[-94.505155015747,39.30351281095826],[-94.50514792626974,39.30350905490983],[-94.50514031460118,39.30350651895058],[-94.50513238901748,39.30350527247132],[-94.50512436638438,39.30350534957915],[-94.50357156866045,39.30348871324697]]]},"properties":{"parcel":"263105","address":"6200 NE Cookingham Dr","owner":"Kansas City City Of","point":[-94.50447711035306,39.30404595093983],"permit_status":"cancelled","current_permit":false,"source_url":"https://mapd.kcmo.org/kcgis/rest/services/AGOL/MapServer/6/query","retrieved_at":"2026-10-06T02:34:59.880305+00:00"}},{"type":"Feature","geometry":{"type":"Polygon","coordinates":[[[-94.57898845828136,39.108034642400916],[-94.57900607494308,39.10803103820083],[-94.5797695494868,39.10787440416573],[-94.58003362166387,39.10782020137939],[-94.58000848874218,39.10774679402369],[-94.57998114456663,39.10766695985741],[-94.57989163035813,39.1074054037679],[-94.57922490425663,39.10738197075632],[-94.57930281929754,39.10761589770145],[-94.57888223992533,39.10771572361518],[-94.57898389095237,39.108020917100475],[-94.57898845828136,39.108034642400916]]]},"properties":{"parcel":"263111","address":"531 Grand Blvd","owner":"Grand-River Market Partners LLC","point":[-94.57948722978216,39.1076913417363],"permit_status":"voided-city","current_permit":false,"source_url":"https://mapd.kcmo.org/kcgis/rest/services/AGOL/MapServer/6/query","retrieved_at":"2026-10-06T02:34:59.880305+00:00"}},{"type":"Feature","geometry":{"type":"Polygon","coordinates":[[[-94.65018174560562,39.203350285271],[-94.65025355235778,39.2035023087357],[-94.65092742094618,39.20335526540333],[-94.65090026377881,39.20328744820348],[-94.65086883605385,39.203221501388256],[-94.65083326577457,39.20315769355514],[-94.65079369781662,39.203096284589684],[-94.65018174560562,39.203350285271]]]},"properties":{"parcel":"263120","address":"5947 N Cosby Ave","owner":"Neal, Lyndon & Kozakiewicz, Melissa","point":[-94.65058514303217,39.20331886673724],"permit_status":"cancelled","current_permit":false,"source_url":"https://mapd.kcmo.org/kcgis/rest/services/AGOL/MapServer/6/query","retrieved_at":"2026-10-06T02:34:59.880305+00:00"}},{"type":"Feature","geometry":{"type":"Polygon","coordinates":[[[-94.58611115410532,39.29212099888558],[-94.58619402819146,39.292251437261086],[-94.58619408274387,39.29225150242849],[-94.58648994777809,39.29212203200757],[-94.58645745425848,39.29207356097942],[-94.58641729667573,39.29200796599673],[-94.58641375815378,39.2920091406475],[-94.58611115410532,39.29212099888558]]]},"properties":{"parcel":"263149","address":"522 NW 110th St","owner":"BC Homes LLC","point":[-94.58624750453338,39.29218673463433],"permit_status":"denied","current_permit":false,"source_url":"https://mapd.kcmo.org/kcgis/rest/services/AGOL/MapServer/6/query","retrieved_at":"2026-10-06T02:34:59.880305+00:00"}},{"type":"Feature","geometry":{"type":"Polygon","coordinates":[[[-94.58270099179289,39.09031522759209],[-94.58313699799724,39.09033062515288],[-94.58315690599312,39.08995445064703],[-94.58356748028896,39.08996915657586],[-94.58360654777609,39.08927215293816],[-94.5827579571835,39.08924643059674],[-94.58270099179289,39.09031522759209]]]},"properties":{"parcel":"263617","address":"1989 Main St","owner":"1989 Main Propco LLC","point":[-94.58316291481535,39.089613301792596],"permit_status":"denied","current_permit":false,"source_url":"https://mapd.kcmo.org/kcgis/rest/services/AGOL/MapServer/6/query","retrieved_at":"2026-10-06T02:34:59.880305+00:00"}},{"type":"Feature","geometry":{"type":"Polygon","coordinates":[[[-94.55369367842309,39.07443566995033],[-94.55368977278616,39.07443553389177],[-94.55324355451846,39.074421347030984],[-94.55323817653385,39.07453026205832],[-94.55324205208653,39.074530397001666],[-94.553684396255,39.07454449470017],[-94.55368827107631,39.07454463077308],[-94.55369367842309,39.07443566995033]]]},"properties":{"parcel":"26443","address":"2823 Wabash Ave","owner":"C & J Investments LLC","point":[-94.5534659215967,39.074482966004325],"permit_status":"denied","current_permit":false,"source_url":"https://mapd.kcmo.org/kcgis/rest/services/AGOL/MapServer/6/query","retrieved_at":"2026-10-06T02:34:59.880305+00:00"}},{"type":"Feature","geometry":{"type":"Polygon","coordinates":[[[-94.59879917688741,39.0480143656151],[-94.59887649489602,39.04662481203208],[-94.59841160048465,39.046607953010515],[-94.59833714771439,39.04799711433058],[-94.59879917688741,39.0480143656151]]]},"properties":{"parcel":"264543","address":"4400 Belleview Ave","owner":"The Belleview LLC","point":[-94.59860611907922,39.04731096318133],"permit_status":"denied","current_permit":false,"source_url":"https://mapd.kcmo.org/kcgis/rest/services/AGOL/MapServer/6/query","retrieved_at":"2026-10-06T02:34:59.880305+00:00"}},{"type":"Feature","geometry":{"type":"Polygon","coordinates":[[[-94.55777906140251,39.07598187729353],[-94.55730644017054,39.07596616259922],[-94.5573022805679,39.076048649305086],[-94.55777099663443,39.07606425211866],[-94.55777490163497,39.07606438804077],[-94.55777906140251,39.07598187729353]]]},"properties":{"parcel":"26690","address":"2734 Brooklyn Ave","owner":"Planet Earth Realty LLC","point":[-94.55754067119712,39.07601526329931],"permit_status":"denied","current_permit":false,"source_url":"https://mapd.kcmo.org/kcgis/rest/services/AGOL/MapServer/6/query","retrieved_at":"2026-10-06T02:34:59.880305+00:00"}},{"type":"Feature","geometry":{"type":"Polygon","coordinates":[[[-94.55954375908591,39.07300328275524],[-94.5590888292954,39.07298823035224],[-94.55908495381571,39.07298809503108],[-94.55908047972106,39.07307884196924],[-94.5590843552062,39.07307897786257],[-94.55953928556018,39.07309400854558],[-94.55954375908591,39.07300328275524]]]},"properties":{"parcel":"26768","address":"2917 Euclid Ave","owner":"The Kansas City Metropolitan Lutheran Ministry","point":[-94.55931211930485,39.073041062362236],"permit_status":"denied","current_permit":false,"source_url":"https://mapd.kcmo.org/kcgis/rest/services/AGOL/MapServer/6/query","retrieved_at":"2026-10-06T02:34:59.880305+00:00"}},{"type":"Feature","geometry":{"type":"Polygon","coordinates":[[[-94.56580387465772,39.076858856166055],[-94.56568659893838,39.076854871814625],[-94.56568654066156,39.07685613029044],[-94.56568221443281,39.07693918996533],[-94.56567985103074,39.07698474636061],[-94.56567751475937,39.07703028157549],[-94.5656728429602,39.077121372024266],[-94.56576537284236,39.07712454663954],[-94.56578882894738,39.07712533423612],[-94.56579000320973,39.07712540164395],[-94.56579709687588,39.07698873073557],[-94.56580381858458,39.07686011464072],[-94.56580387465772,39.076858856166055]]]},"properties":{"parcel":"27136","address":"1414 E 27th Ter","owner":"Holt Eliese","point":[-94.56573729962292,39.077009506155534],"permit_status":"denied","current_permit":false,"source_url":"https://mapd.kcmo.org/kcgis/rest/services/AGOL/MapServer/6/query","retrieved_at":"2026-10-06T02:34:59.880305+00:00"}},{"type":"Feature","geometry":{"type":"Polygon","coordinates":[[[-94.54913711976594,39.002107267502026],[-94.54864918386721,39.00208523099154],[-94.54864519643384,39.002085073630546],[-94.54863854564046,39.00222195100751],[-94.54864241505237,39.00222210841791],[-94.54913046995007,39.002244190668044],[-94.54913576193476,39.00213463441441],[-94.54913711976594,39.002107267502026]]]},"properties":{"parcel":"2715","address":"6824 College Ave","owner":"Hanna's Rentals LLC","point":[-94.54888716002236,39.002178292710965],"permit_status":"cancelled","current_permit":false,"source_url":"https://mapd.kcmo.org/kcgis/rest/services/AGOL/MapServer/6/query","retrieved_at":"2026-10-06T02:34:59.880305+00:00"}},{"type":"Feature","geometry":{"type":"Polygon","coordinates":[[[-94.5496276278463,39.002156826241716],[-94.5496236103485,39.00215666721088],[-94.54913576193476,39.00213463441441],[-94.54913046995007,39.002244190668044],[-94.5496223373521,39.00226638308843],[-94.5496276278463,39.002156826241716]]]},"properties":{"parcel":"2726","address":"6825 Walrond Ave","owner":"Manley Demarco Taylor Iverson","point":[-94.54937904920104,39.00220050845488],"permit_status":"denied","current_permit":false,"source_url":"https://mapd.kcmo.org/kcgis/rest/services/AGOL/MapServer/6/query","retrieved_at":"2026-10-06T02:34:59.880305+00:00"}},{"type":"Feature","geometry":{"type":"Polygon","coordinates":[[[-94.56782639343209,39.07409566541209],[-94.56767753648056,39.07409055795625],[-94.56766083508738,39.07442961522386],[-94.56766072057793,39.074432658435555],[-94.56775706323391,39.07443603461577],[-94.56780957909038,39.074437880315415],[-94.56782639343209,39.07409566541209]]]},"properties":{"parcel":"27279","address":"1312 E 29th St","owner":"Guidry Azure & Leo Jr","point":[-94.5677436246504,39.074262640317976],"permit_status":"denied","current_permit":false,"source_url":"https://mapd.kcmo.org/kcgis/rest/services/AGOL/MapServer/6/query","retrieved_at":"2026-10-06T02:34:59.880305+00:00"}},{"type":"Feature","geometry":{"type":"Polygon","coordinates":[[[-94.56838230495121,39.074561170220264],[-94.56837842936874,39.0745610357801],[-94.56794849725539,39.074545979262275],[-94.56794462240836,39.074545844807275],[-94.56793765421455,39.07468711486812],[-94.56793751036261,39.074690158097034],[-94.5683752223941,39.07470546121002],[-94.56838230495121,39.074561170220264]]]},"properties":{"parcel":"27284","address":"2833 Tracy Ave","owner":"It Property Management LLC","point":[-94.56815998714288,39.074624142544195],"permit_status":"awaiting customer response","current_permit":false,"source_url":"https://mapd.kcmo.org/kcgis/rest/services/AGOL/MapServer/6/query","retrieved_at":"2026-10-06T02:34:59.880305+00:00"}},{"type":"Feature","geometry":{"type":"Polygon","coordinates":[[[-94.56844983013926,39.07335805907375],[-94.5684459553552,39.073357923491244],[-94.56801060023597,39.073342962475095],[-94.56800580312019,39.073452266832206],[-94.5684449749932,39.073467363482486],[-94.56844983013926,39.07335805907375]]]},"properties":{"parcel":"27328","address":"2915 Tracy Ave","owner":"Shea Rachel & Cory","point":[-94.56822780412637,39.07340516295298],"permit_status":"denied","current_permit":false,"source_url":"https://mapd.kcmo.org/kcgis/rest/services/AGOL/MapServer/6/query","retrieved_at":"2026-10-06T02:34:59.880305+00:00"}},{"type":"Feature","geometry":{"type":"Polygon","coordinates":[[[-94.56543659666615,39.070893741888504],[-94.56543269267057,39.07089360679423],[-94.56498029848315,39.07087825503957],[-94.56497736869623,39.070946624518726],[-94.56497147631403,39.07108281378133],[-94.56497537958587,39.071082949463474],[-94.56542792037443,39.07109830172606],[-94.56543366513857,39.070962134260604],[-94.56543659666615,39.070893741888504]]]},"properties":{"parcel":"27507","address":"3031 Flora Ave","owner":"KXH LLC","point":[-94.56520260322428,39.071022474020964],"permit_status":"denied","current_permit":false,"source_url":"https://mapd.kcmo.org/kcgis/rest/services/AGOL/MapServer/6/query","retrieved_at":"2026-10-06T02:34:59.880305+00:00"}},{"type":"Feature","geometry":{"type":"Polygon","coordinates":[[[-94.57398581428085,39.0265702207475],[-94.57444487614603,39.026586088386296],[-94.5744745497445,39.026039527494945],[-94.57401598625601,39.02602350577944],[-94.57398581428085,39.0265702207475]]]},"properties":{"parcel":"280557","address":"5520 Troost Ave","owner":"Scholars Row KC LLC","point":[-94.57423030092558,39.02630487412122],"permit_status":"denied","current_permit":false,"source_url":"https://mapd.kcmo.org/kcgis/rest/services/AGOL/MapServer/6/query","retrieved_at":"2026-10-06T02:34:59.880305+00:00"}},{"type":"Feature","geometry":{"type":"Polygon","coordinates":[[[-94.57416516506393,39.07815197458004],[-94.57417754681212,39.07793924755798],[-94.57409994437508,39.07793629322162],[-94.57408775780695,39.07814921059408],[-94.57416516506393,39.07815197458004]]]},"properties":{"parcel":"281827","address":"824 E 27th St","owner":"Armo Ventures LLC","point":[-94.57413260146018,39.07804422907603],"permit_status":"denied","current_permit":false,"source_url":"https://mapd.kcmo.org/kcgis/rest/services/AGOL/MapServer/6/query","retrieved_at":"2026-10-06T02:34:59.880305+00:00"}},{"type":"Feature","geometry":{"type":"Polygon","coordinates":[[[-94.5736741474505,39.031794044200524],[-94.57469685252696,39.0318282392097],[-94.5746997850987,39.03177359245511],[-94.57469987232513,39.03177354606532],[-94.57469962075875,39.03177353821807],[-94.5747450626297,39.030937347304764],[-94.57474523453743,39.03093414385999],[-94.57372747831599,39.03090017323122],[-94.5736741474505,39.031794044200524]]]},"properties":{"parcel":"282312","address":"5220 Troost Ave","owner":"T53 Project LLC","point":[-94.57421132867239,39.031355442761416],"permit_status":"denied","current_permit":false,"source_url":"https://mapd.kcmo.org/kcgis/rest/services/AGOL/MapServer/6/query","retrieved_at":"2026-10-06T02:34:59.880305+00:00"}},{"type":"Feature","geometry":{"type":"Polygon","coordinates":[[[-94.58715958855383,39.10767049978491],[-94.58713229264741,39.10767217674768],[-94.5870607570967,39.107675479242054],[-94.58703650078351,39.10767659562447],[-94.58698678416697,39.10767889848646],[-94.5869134858945,39.10768227084767],[-94.58683874941853,39.107685712303955],[-94.5868366937956,39.10768580478569],[-94.58683487455616,39.107685875926684],[-94.5867584047879,39.10768943302573],[-94.58668217060377,39.10769292182951],[-94.58660514354243,39.10769645750576],[-94.58651648755684,39.10770054975306],[-94.58661194192423,39.107995615911555],[-94.58661763070505,39.10801320748254],[-94.58658157505161,39.10802034957681],[-94.5865887374638,39.108041028943475],[-94.5867335937184,39.10845998048599],[-94.58677252530106,39.10845212633241],[-94.58682299714104,39.10844197550669],[-94.58684771883364,39.10843696911066],[-94.586881483659,39.10843017127955],[-94.58691812577673,39.10842275294388],[-94.5869936715783,39.10840752729534],[-94.58706660275179,39.10839280635289],[-94.58714062095979,39.10837785517373],[-94.58721513827889,39.10836281262356],[-94.58727236221299,39.108351307165265],[-94.58729379545453,39.10834696667517],[-94.58733839497434,39.10833796348372],[-94.58736640427483,39.10833231442841],[-94.58738619332539,39.10832831779124],[-94.58744051046095,39.108317364136845],[-94.5875152430073,39.10830547990787],[-94.58755142702869,39.10829820243294],[-94.58761767630264,39.10828488016717],[-94.58749880168318,39.10791499780643],[-94.58746828916703,39.10784181175048],[-94.58745747480195,39.10781235014825],[-94.5874480022052,39.10778260953847],[-94.58743988317244,39.10775263052577],[-94.58743313169047,39.10772244456085],[-94.58742775074039,39.107692088822766],[-94.58742355793022,39.10766012311107],[-94.58734396895991,39.107657990225306],[-94.58730691456864,39.1076569969303],[-94.58730528556359,39.10766962884563],[-94.58729640351712,39.10766919675992],[-94.58723352679445,39.10766635113586],[-94.58715958855383,39.10767049978491]]]},"properties":{"parcel":"282903","address":"237 W 4th St","owner":"River Market West II LLC","point":[-94.58710469279274,39.108162954555326],"permit_status":"denied","current_permit":false,"source_url":"https://mapd.kcmo.org/kcgis/rest/services/AGOL/MapServer/6/query","retrieved_at":"2026-10-06T02:34:59.880305+00:00"}},{"type":"Feature","geometry":{"type":"Polygon","coordinates":[[[-94.48280839220102,39.231969218189114],[-94.48279360548658,39.23198339942568],[-94.48265018608836,39.23211686108549],[-94.48298722070167,39.23233592896974],[-94.48314569427696,39.23218845611715],[-94.48280839220102,39.231969218189114]]]},"properties":{"parcel":"282985","address":"7610 N Skiles Ave","owner":"Brown Joshua & Meagan","point":[-94.48289793970497,39.23215265860132],"permit_status":"cancelled","current_permit":false,"source_url":"https://mapd.kcmo.org/kcgis/rest/services/AGOL/MapServer/6/query","retrieved_at":"2026-10-06T02:34:59.880305+00:00"}},{"type":"Feature","geometry":{"type":"Polygon","coordinates":[[[-94.5954376481235,39.08743159495235],[-94.59590048972683,39.08744745938628],[-94.59590524973066,39.08736517233712],[-94.59544240866413,39.08734930792119],[-94.5954376481235,39.08743159495235]]]},"properties":{"parcel":"283385","address":"2107 Belleview Ave","owner":"Burleson Ashley M & Dustin S","point":[-94.59567144903562,39.08739838364474],"permit_status":"denied","current_permit":false,"source_url":"https://mapd.kcmo.org/kcgis/rest/services/AGOL/MapServer/6/query","retrieved_at":"2026-10-06T02:34:59.880305+00:00"}},{"type":"Feature","geometry":{"type":"Polygon","coordinates":[[[-94.5475111598958,39.060945647824816],[-94.54706684556673,39.06092983427082],[-94.54706571529417,39.06095138848404],[-94.54706142839133,39.06103671288846],[-94.54750583215252,39.06105250354534],[-94.5475111598958,39.060945647824816]]]},"properties":{"parcel":"28390","address":"3543 Bellefontaine Ave","owner":"Fairway Independent Mortgage Corporation","point":[-94.54728615920473,39.06099405068625],"permit_status":"denied","current_permit":false,"source_url":"https://mapd.kcmo.org/kcgis/rest/services/AGOL/MapServer/6/query","retrieved_at":"2026-10-06T02:34:59.880305+00:00"}},{"type":"Feature","geometry":{"type":"Polygon","coordinates":[[[-94.5978014937911,39.08679235391242],[-94.59779811948891,39.086857040591646],[-94.59779263244863,39.08694698937733],[-94.59825670706428,39.086963124859935],[-94.59826207294141,39.08687355883536],[-94.59826541905352,39.086809490518824],[-94.59826899564926,39.086742263893186],[-94.59780510002813,39.08672501344406],[-94.5978014937911,39.08679235391242]]]},"properties":{"parcel":"284427","address":"2123 Holly St","owner":"Cea-Klish Laura I-Trustee","point":[-94.59803176851678,39.086833265555235],"permit_status":"denied","current_permit":false,"source_url":"https://mapd.kcmo.org/kcgis/rest/services/AGOL/MapServer/6/query","retrieved_at":"2026-10-06T02:34:59.880305+00:00"}},{"type":"Feature","geometry":{"type":"Polygon","coordinates":[[[-94.55417108738669,39.00427141887486],[-94.55411671658106,39.00426908735607],[-94.55368081846647,39.00425043472222],[-94.55367569954306,39.00434612570561],[-94.55367439850973,39.004370723452475],[-94.55367826878366,39.004370881839435],[-94.55416452159896,39.00439166193701],[-94.55417108738669,39.00427141887486]]]},"properties":{"parcel":"2859","address":"6719 Chestnut Ave","owner":"Comfort Hall LLC","point":[-94.55392337273406,39.00430877229023],"permit_status":"denied","current_permit":false,"source_url":"https://mapd.kcmo.org/kcgis/rest/services/AGOL/MapServer/6/query","retrieved_at":"2026-10-06T02:34:59.880305+00:00"}},{"type":"Feature","geometry":{"type":"Polygon","coordinates":[[[-94.62713992590315,39.26691755257458],[-94.62694446612542,39.26682393367502],[-94.62670376701672,39.26712758722745],[-94.62686570307623,39.26720515095829],[-94.62689922585126,39.26722120824288],[-94.62713992590315,39.26691755257458]]]},"properties":{"parcel":"287469","address":"4004 NW 95th Ter","owner":"De Vooght, Mason & Kirch, Rachel Allison","point":[-94.62692184658687,39.267022569901016],"permit_status":"denied","current_permit":false,"source_url":"https://mapd.kcmo.org/kcgis/rest/services/AGOL/MapServer/6/query","retrieved_at":"2026-10-06T02:34:59.880305+00:00"}},{"type":"Feature","geometry":{"type":"Polygon","coordinates":[[[-94.61280981071569,39.252442279515044],[-94.61306406031593,39.252443798170205],[-94.61306536080117,39.25231217750284],[-94.61281111167624,39.2523106588498],[-94.61280981071569,39.252442279515044]]]},"properties":{"parcel":"287569","address":"8705 N Allenton Ave","owner":"Montgomery, Shannon & Carter, Ben","point":[-94.6129375858759,39.25237722850894],"permit_status":"cancelled","current_permit":false,"source_url":"https://mapd.kcmo.org/kcgis/rest/services/AGOL/MapServer/6/query","retrieved_at":"2026-10-06T02:34:59.880305+00:00"}},{"type":"Feature","geometry":{"type":"Polygon","coordinates":[[[-94.59869679572915,39.090228385624414],[-94.59868217316802,39.09029345648312],[-94.59909800597646,39.090307142281674],[-94.59912805778724,39.09024258965988],[-94.59869679572915,39.090228385624414]]]},"properties":{"parcel":"287763","address":"1831 Mercier St","owner":"Schkleicher Kyle Rand","point":[-94.59890205301213,39.0902680230715],"permit_status":"denied","current_permit":false,"source_url":"https://mapd.kcmo.org/kcgis/rest/services/AGOL/MapServer/6/query","retrieved_at":"2026-10-06T02:34:59.880305+00:00"}},{"type":"Feature","geometry":{"type":"Polygon","coordinates":[[[-94.50234490982126,38.9707611150653],[-94.50234544290211,38.970749585216666],[-94.50234930609989,38.970749674375675],[-94.50258232978153,38.97075504653605],[-94.50260324167182,38.97033259098677],[-94.50236681914694,38.970322239986665],[-94.5023723786501,38.970211336392154],[-94.50203387433908,38.97020126303778],[-94.50176570952138,38.97019332876764],[-94.50149868788537,38.97018541503175],[-94.50103783388842,38.97017173707685],[-94.5010422014084,38.97018612874373],[-94.50105313559797,38.97022168660969],[-94.5010643907518,38.97025722044624],[-94.50107593975675,38.97029266389802],[-94.50108775257064,38.9703280833207],[-94.50109977057106,38.970363412359305],[-94.50111216962463,38.97039871736757],[-94.50112474455528,38.97043397775424],[-94.50113758329525,38.97046914603993],[-94.5011507737784,38.97050426855814],[-94.50116419802868,38.97053934530989],[-94.50117785824355,38.970574307079474],[-94.50119184089267,38.97060927056004],[-94.50120605730916,38.970644140795386],[-94.50121370712145,38.97066615243331],[-94.50122162146957,38.97068811830545],[-94.50122985750988,38.97071001553001],[-94.50123759669906,38.970729944403686],[-94.50124149506804,38.970730058768325],[-94.50234490982126,38.9707611150653]]]},"properties":{"parcel":"288054","address":"8450 Oldham Rd","owner":"Thomas Sir James","point":[-94.50186425822055,38.970451561897086],"permit_status":"denied","current_permit":false,"source_url":"https://mapd.kcmo.org/kcgis/rest/services/AGOL/MapServer/6/query","retrieved_at":"2026-10-06T02:34:59.880305+00:00"}},{"type":"Feature","geometry":{"type":"Polygon","coordinates":[[[-94.56330048568118,39.08976318120725],[-94.56335618886617,39.08861071761201],[-94.56288410580201,39.08859474957656],[-94.56282582511551,39.089747126249584],[-94.56330048568118,39.08976318120725]]]},"properties":{"parcel":"288890","address":"1901 Vine St","owner":"1900 Vine Street LLC","point":[-94.56309164347313,39.089178921930795],"permit_status":"denied","current_permit":false,"source_url":"https://mapd.kcmo.org/kcgis/rest/services/AGOL/MapServer/6/query","retrieved_at":"2026-10-06T02:34:59.880305+00:00"}},{"type":"Feature","geometry":{"type":"Polygon","coordinates":[[[-94.59041551297159,39.065731406825776],[-94.59038746511499,39.06622046037638],[-94.59039139751657,39.06622059518543],[-94.5907936056425,39.06623510951872],[-94.591502482021,39.06626063961633],[-94.59159754387551,39.0662640628964],[-94.5916337378538,39.06570196021089],[-94.59164099281936,39.065589272748426],[-94.5916540914445,39.065385848499496],[-94.59155636338397,39.06538227920434],[-94.59101912245146,39.06536335571703],[-94.59100227190137,39.065627446751094],[-94.59067789982667,39.06561772394667],[-94.59066834244096,39.065739725634266],[-94.59041557313812,39.06573140563508],[-94.59041551297159,39.065731406825776]]]},"properties":{"parcel":"288898","address":null,"owner":"MTP 1 LLC","point":[-94.5910085396435,39.06598009300532],"permit_status":"denied","current_permit":false,"source_url":"https://mapd.kcmo.org/kcgis/rest/services/AGOL/MapServer/6/query","retrieved_at":"2026-10-06T02:34:59.880305+00:00"}},{"type":"Feature","geometry":{"type":"Polygon","coordinates":[[[-94.54643464611027,38.94760324193228],[-94.54762089322129,38.94765468107283],[-94.54709426120782,38.94695365175251],[-94.54699653109512,38.94680462007935],[-94.54692545946665,38.94612767691881],[-94.54503082995983,38.946215712508796],[-94.5449824677672,38.94712520145247],[-94.54506449958436,38.94712848817027],[-94.5454125806866,38.94714324898707],[-94.54576552386992,38.94715818990987],[-94.54611093730166,38.947172835283396],[-94.54646575685277,38.947187864300574],[-94.54643464611027,38.94760324193228]]]},"properties":{"parcel":"289498","address":"9903 Grandview Rd","owner":"BK Properties LLC","point":[-94.54602047424277,38.94687913591593],"permit_status":"denied","current_permit":false,"source_url":"https://mapd.kcmo.org/kcgis/rest/services/AGOL/MapServer/6/query","retrieved_at":"2026-10-06T02:34:59.880305+00:00"}},{"type":"Feature","geometry":{"type":"Polygon","coordinates":[[[-94.66771745915099,39.31757915665103],[-94.66771748126554,39.317579166343094],[-94.66797840557845,39.31757970132595],[-94.66789266221176,39.317373597207094],[-94.6677181589307,39.31737323957011],[-94.66771745915099,39.31757915665103]]]},"properties":{"parcel":"289574","address":"12347 N Shannon Ave","owner":"Powell, Robert","point":[-94.66782661451526,39.317476376929065],"permit_status":"denied","current_permit":false,"source_url":"https://mapd.kcmo.org/kcgis/rest/services/AGOL/MapServer/6/query","retrieved_at":"2026-10-06T02:34:59.880305+00:00"}},{"type":"Feature","geometry":{"type":"Polygon","coordinates":[[[-94.59545868778977,39.07455853255469],[-94.59552076379389,39.073311821880225],[-94.59506085962994,39.0732937100048],[-94.59500135945483,39.07454044122419],[-94.59545868778977,39.07455853255469]]]},"properties":{"parcel":"289849","address":"2950 Summit St","owner":"Syndicate Property Holdings 3 LLC","point":[-94.59526042677015,39.073926131552206],"permit_status":"denied","current_permit":false,"source_url":"https://mapd.kcmo.org/kcgis/rest/services/AGOL/MapServer/6/query","retrieved_at":"2026-10-06T02:34:59.880305+00:00"}},{"type":"Feature","geometry":{"type":"Polygon","coordinates":[[[-94.58180288527532,39.09511975879416],[-94.58179947187928,39.09518963944397],[-94.58179602900773,39.09525942801871],[-94.58220245017826,39.09527270988266],[-94.58220586386265,39.09520278460461],[-94.58220927756634,39.09513288163426],[-94.5822127198386,39.095062932881426],[-94.58181020470484,39.09504996806965],[-94.58180632797558,39.09504983350542],[-94.58180288527532,39.09511975879416]]]},"properties":{"parcel":"290167","address":"1515 Walnut St","owner":"Doncar Domus LLC","point":[-94.58200437488168,39.095161260539115],"permit_status":"awaiting customer response","current_permit":false,"source_url":"https://mapd.kcmo.org/kcgis/rest/services/AGOL/MapServer/6/query","retrieved_at":"2026-10-06T02:34:59.880305+00:00"}},{"type":"Feature","geometry":{"type":"Polygon","coordinates":[[[-94.545932743686,39.05803714000011],[-94.54547386284638,39.05802196676543],[-94.54546881734001,39.0581180460254],[-94.5454726919808,39.058118181227904],[-94.54592767017222,39.058133196409734],[-94.545932743686,39.05803714000011]]]},"properties":{"parcel":"29113","address":"3718 College Ave","owner":"Pearson Robert L Jr","point":[-94.54570077436284,39.058077593012754],"permit_status":"cancelled","current_permit":false,"source_url":"https://mapd.kcmo.org/kcgis/rest/services/AGOL/MapServer/6/query","retrieved_at":"2026-10-06T02:34:59.880305+00:00"}},{"type":"Feature","geometry":{"type":"Polygon","coordinates":[[[-94.60668835286224,39.04479928618893],[-94.60697975862743,39.04480876597278],[-94.60698106091654,39.044699508465975],[-94.6066900074221,39.04468984474356],[-94.60668835286224,39.04479928618893]]]},"properties":{"parcel":"293593","address":"4550 Bell St","owner":"Modern Lux Homes LLC","point":[-94.60683478668096,39.04474939732745],"permit_status":"denied","current_permit":false,"source_url":"https://mapd.kcmo.org/kcgis/rest/services/AGOL/MapServer/6/query","retrieved_at":"2026-10-06T02:34:59.880305+00:00"}},{"type":"Feature","geometry":{"type":"Polygon","coordinates":[[[-94.60668835286224,39.04479928618893],[-94.60668664344371,39.04491078581962],[-94.60669051527474,39.04491091899147],[-94.60697838545745,39.044920152038436],[-94.60697975862743,39.04480876597278],[-94.60668835286224,39.04479928618893]]]},"properties":{"parcel":"293594","address":"4538 Bell St","owner":"Mid Term Moderns LLC","point":[-94.60683327763043,39.0448597758962],"permit_status":"denied","current_permit":false,"source_url":"https://mapd.kcmo.org/kcgis/rest/services/AGOL/MapServer/6/query","retrieved_at":"2026-10-06T02:34:59.880305+00:00"}},{"type":"Feature","geometry":{"type":"Polygon","coordinates":[[[-94.66330860226401,39.274706352308804],[-94.66341791338014,39.27470617321852],[-94.66446151344782,39.27470445976373],[-94.66470904460675,39.27470414251376],[-94.66470854851373,39.27451488911196],[-94.66483480129396,39.274482064195595],[-94.66495947020408,39.274443659736164],[-94.66508624126537,39.274398520046226],[-94.66521050834268,39.274346884912035],[-94.66533193888083,39.274288892516054],[-94.66545020791558,39.274224698053644],[-94.66556499894332,39.274154473317694],[-94.665676004768,39.27407840623892],[-94.66575263379443,39.274019699495376],[-94.66582666141689,39.27395774466877],[-94.66541113687391,39.273669405983334],[-94.66522996097113,39.273555797486594],[-94.6651556488534,39.27350919854954],[-94.66507303376505,39.273457393552675],[-94.66466834716985,39.273203625081166],[-94.66462380951981,39.27318062215809],[-94.66457688408323,39.27316299433508],[-94.66452821688966,39.273150984297054],[-94.66447847794772,39.273144757387996],[-94.6644283520209,39.27314439933472],[-94.66437852920039,39.27314991506658],[-94.66432969540446,39.27316122864767],[-94.66425974130671,39.2731858902377],[-94.66418797383794,39.27320463057497],[-94.66411489324628,39.27321731903183],[-94.66404100893284,39.27322386716461],[-94.66396683590101,39.27322422933019],[-94.66389289116665,39.27321840300414],[-94.6638196901543,39.2732064287983],[-94.66373449594082,39.27345644561245],[-94.66361293652939,39.27381318111508],[-94.66357174106747,39.27393407450997],[-94.66367081436748,39.27395192656358],[-94.66377063275586,39.27396498427918],[-94.6638709643638,39.2739732173249],[-94.66387886375752,39.27397347435838],[-94.66388660740014,39.273975056283234],[-94.66389397468454,39.27397791803231],[-94.6639007557256,39.273981978077806],[-94.66390675733957,39.27398712075388],[-94.66391180854762,39.273993199551825],[-94.66391576544689,39.27400004129397],[-94.66391851531004,39.27400745106724],[-94.66391997979676,39.27401521777607],[-94.6639132291672,39.27424705133537],[-94.66391221866834,39.27424981979006],[-94.66391076661272,39.27425238435313],[-94.66390891254639,39.27425467517992],[-94.663906706964,39.274256629880824],[-94.66390420993355,39.274258195220476],[-94.66390148946049,39.27425932856759],[-94.66389861963565,39.27425999905597],[-94.66389567861735,39.2742601884252],[-94.66389274650287,39.274259891517886],[-94.66388990314697,39.274259116420154],[-94.6638872259871,39.27425788424144],[-94.66388478793449,39.27425622853955],[-94.66388265538833,39.27425419440675],[-94.66388088642756,39.27425183724171],[-94.66387952922896,39.274249221240694],[-94.66387862075523,39.27424641764929],[-94.66387973466612,39.274210598602785],[-94.66376775936611,39.27420296940818],[-94.66365624313218,39.27419028863558],[-94.66354541374048,39.27417258218593],[-94.66353413657629,39.274206841359444],[-94.6635326073781,39.274209459974664],[-94.6635306882055,39.27421180781819],[-94.66352842610016,39.27421382734096],[-94.6635258765096,39.27421546904152],[-94.66352310192799,39.27421669267941],[-94.66352017036438,39.27421746826147],[-94.66351715367566,39.274217776777064],[-94.66351412580525,39.274217610664024],[-94.66351116097067,39.274216973994015],[-94.66347797206086,39.27420932261895],[-94.66332993783146,39.27464367240408],[-94.66330860226401,39.274706352308804]]]},"properties":{"parcel":"294519","address":null,"owner":"Corporate Circle Apartments LLC","point":[-94.664648889756,39.27387362781252],"permit_status":"cancelled","current_permit":false,"source_url":"https://mapd.kcmo.org/kcgis/rest/services/AGOL/MapServer/6/query","retrieved_at":"2026-10-06T02:34:59.880305+00:00"}},{"type":"Feature","geometry":{"type":"Polygon","coordinates":[[[-94.59910974243924,39.08804067363272],[-94.59912676871936,39.088041172832014],[-94.59921606069344,39.08804390206674],[-94.59923500159488,39.08771571672424],[-94.59914572178404,39.08771299206948],[-94.59912719595746,39.08771242493347],[-94.59910974243924,39.08804067363272]]]},"properties":{"parcel":"294891","address":null,"owner":"Veteran Owned Realty LLC","point":[-94.59917200299527,39.087878195178476],"permit_status":"denied","current_permit":false,"source_url":"https://mapd.kcmo.org/kcgis/rest/services/AGOL/MapServer/6/query","retrieved_at":"2026-10-06T02:34:59.880305+00:00"}},{"type":"Feature","geometry":{"type":"Polygon","coordinates":[[[-94.55978770135422,39.096985662352225],[-94.55978674894766,39.09700529562806],[-94.55978441129476,39.09705444400505],[-94.55978317137757,39.097080460000136],[-94.55978120926015,39.097121417464294],[-94.55977797781769,39.097189214643066],[-94.55978185388915,39.097189349939974],[-94.56019967585027,39.097202748980756],[-94.5602028782598,39.097134951233535],[-94.5602048093027,39.0970939943505],[-94.56020602116958,39.097067977793515],[-94.56020832841342,39.097018806543275],[-94.56020928002903,39.09699924362264],[-94.56021155861934,39.096950048933806],[-94.55979397305303,39.096936649813415],[-94.55979003753446,39.09693651397534],[-94.55978770135422,39.096985662352225]]]},"properties":{"parcel":"295202","address":null,"owner":"Westcott Danielle","point":[-94.55999459964127,39.09707421889682],"permit_status":"cancelled","current_permit":false,"source_url":"https://mapd.kcmo.org/kcgis/rest/services/AGOL/MapServer/6/query","retrieved_at":"2026-10-06T02:34:59.880305+00:00"}},{"type":"Feature","geometry":{"type":"Polygon","coordinates":[[[-94.58322399712213,39.105058766074265],[-94.58322454618666,39.10512674357791],[-94.58322502332547,39.105182252311735],[-94.5832251511689,39.105191701364596],[-94.58322596427547,39.10525883323751],[-94.58322671455096,39.105323103354905],[-94.5832268757527,39.10533532208862],[-94.58322697589507,39.10534431411966],[-94.58322706525196,39.10534600722531],[-94.58322754136155,39.105351315772424],[-94.58322836913511,39.105356622352446],[-94.58322943328562,39.10536190759909],[-94.58323079028752,39.10536712342265],[-94.58323241156279,39.105372316176854],[-94.58323432642509,39.10537744065144],[-94.58323647543179,39.10538251805348],[-94.58323891946769,39.10538750486617],[-94.5832397148515,39.105388991541716],[-94.5832416277227,39.10539242227617],[-94.58324457004288,39.10539722511562],[-94.58324777584747,39.10540195798081],[-94.58325121716071,39.1054065551098],[-94.58325489330032,39.105411060548306],[-94.58325886297074,39.10541544965772],[-94.58326297931566,39.10541970309427],[-94.58326736050579,39.105423795032806],[-94.58327194566172,39.10542777356622],[-94.58327673693015,39.105431591215506],[-94.58328173357756,39.105435248553235],[-94.58328690697142,39.1054387455998],[-94.5832922541481,39.10544205947665],[-94.58329778027372,39.10544521306071],[-94.58330351031063,39.10544820690616],[-94.58330932746959,39.10545099304702],[-94.58331532061581,39.10545359773254],[-94.58332146182127,39.1054559958139],[-94.58332769017763,39.105458210787326],[-94.58332786643247,39.1054582569947],[-94.58332845400852,39.10545846192875],[-94.58333424137965,39.10546026536496],[-94.58334070418485,39.10546206774608],[-94.5833472548487,39.105463664710044],[-94.58335383461011,39.105465032846126],[-94.58336053156914,39.10546617209139],[-94.58336731714776,39.105467128799575],[-94.5833740723555,39.105467856150376],[-94.58338091465977,39.10546835463184],[-94.58338159014822,39.1054683999101],[-94.58352123551096,39.10547390571868],[-94.58373811768121,39.10548068299001],[-94.58413713765968,39.105493048725634],[-94.58414006685736,39.105437354495194],[-94.58414290797928,39.10538230213042],[-94.58414566551129,39.1053298118882],[-94.58414566540318,39.105329720937625],[-94.58416229045045,39.10501223908905],[-94.58419030786023,39.10501306544547],[-94.58421080575296,39.10501371418129],[-94.58423475608268,39.10460756441544],[-94.58417467030462,39.104605755049114],[-94.58398730524144,39.10460003329196],[-94.58394616218757,39.10459878103327],[-94.58360187222932,39.104588251623255],[-94.58357933344892,39.104587557909966],[-94.58327044194071,39.104574005915815],[-94.58326656465955,39.10457384794828],[-94.5832660402988,39.10457682281001],[-94.58326277230857,39.104595335034695],[-94.58325104727673,39.104662315703145],[-94.5832436372928,39.1047290175767],[-94.5832379702581,39.10477954271489],[-94.58323689779257,39.10479215072985],[-94.5832312479685,39.10485731948364],[-94.58322615835549,39.10492440809673],[-94.58322320824682,39.10496353729163],[-94.58322337770537,39.10498277924167],[-94.58322341870233,39.10499204588352],[-94.58322399712213,39.105058766074265]]]},"properties":{"parcel":"296439","address":null,"owner":"Wi Flashcube LLC","point":[-94.58369241773242,39.105036240127774],"permit_status":"denied","current_permit":false,"source_url":"https://mapd.kcmo.org/kcgis/rest/services/AGOL/MapServer/6/query","retrieved_at":"2026-10-06T02:34:59.880305+00:00"}},{"type":"Feature","geometry":{"type":"Polygon","coordinates":[[[-94.55327317201248,39.05020869160669],[-94.5528221444438,39.050191780692685],[-94.55281713924525,39.050287494285136],[-94.55326810873291,39.050304404100544],[-94.55327317201248,39.05020869160669]]]},"properties":{"parcel":"30074","address":"4144 Montgall Ave","owner":"KGB Enterprises LLC","point":[-94.55304514366212,39.050248092945914],"permit_status":"cancelled","current_permit":false,"source_url":"https://mapd.kcmo.org/kcgis/rest/services/AGOL/MapServer/6/query","retrieved_at":"2026-10-06T02:34:59.880305+00:00"}},{"type":"Feature","geometry":{"type":"Polygon","coordinates":[[[-94.54676792470093,39.05095119707714],[-94.54629488511117,39.050933172038526],[-94.54629413181488,39.05094683279824],[-94.54628885296596,39.051042614279304],[-94.54671772988858,39.05105896385394],[-94.54676245082364,39.051060638546055],[-94.54676792470093,39.05095119707714]]]},"properties":{"parcel":"30309","address":"4113 Benton Blvd","owner":"Wiggit Holdings LLC","point":[-94.54652850532133,39.05099690567822],"permit_status":"denied","current_permit":false,"source_url":"https://mapd.kcmo.org/kcgis/rest/services/AGOL/MapServer/6/query","retrieved_at":"2026-10-06T02:34:59.880305+00:00"}},{"type":"Feature","geometry":{"type":"Polygon","coordinates":[[[-94.54069356384065,39.050537247790615],[-94.54014851875208,39.05052110029852],[-94.54014262493243,39.05063111363357],[-94.54014652701825,39.050631226694954],[-94.54068693650505,39.05064721621888],[-94.54069356384065,39.050537247790615]]]},"properties":{"parcel":"30772","address":"4120 Cleveland Ave","owner":"Baston Steve D","point":[-94.5404179373462,39.05058418071209],"permit_status":"cancelled","current_permit":false,"source_url":"https://mapd.kcmo.org/kcgis/rest/services/AGOL/MapServer/6/query","retrieved_at":"2026-10-06T02:34:59.880305+00:00"}},{"type":"Feature","geometry":{"type":"Polygon","coordinates":[[[-94.5407836800519,39.04875154639251],[-94.54024548561542,39.04873535061667],[-94.54024161150983,39.048735237548854],[-94.5402393183011,39.04877784256562],[-94.54023568865031,39.04884527381326],[-94.5402395913716,39.048845386871356],[-94.54077781522525,39.04886153690189],[-94.5407836800519,39.04875154639251]]]},"properties":{"parcel":"30787","address":"4222 Cleveland Ave","owner":"Obasi Ernest & Ozanna","point":[-94.5405089918131,39.04881155818944],"permit_status":"denied","current_permit":false,"source_url":"https://mapd.kcmo.org/kcgis/rest/services/AGOL/MapServer/6/query","retrieved_at":"2026-10-06T02:34:59.880305+00:00"}},{"type":"Feature","geometry":{"type":"Polygon","coordinates":[[[-94.53351853996728,39.053189411773154],[-94.53303281320417,39.0531745633762],[-94.53302896894606,39.053174450060524],[-94.53302451677862,39.053256821907674],[-94.53302146115807,39.05331182897334],[-94.533025335492,39.053311919971904],[-94.53350701347844,39.05332658537165],[-94.53351088782432,39.053326698662936],[-94.53351391305252,39.05327183002269],[-94.53351853996728,39.053189411773154]]]},"properties":{"parcel":"31605","address":"3942 Kensington Ave","owner":"Kearney Trust Dated 09/23/2014","point":[-94.53327149315419,39.053223116840414],"permit_status":"denied","current_permit":false,"source_url":"https://mapd.kcmo.org/kcgis/rest/services/AGOL/MapServer/6/query","retrieved_at":"2026-10-06T02:34:59.880305+00:00"}},{"type":"Feature","geometry":{"type":"Polygon","coordinates":[[[-94.53206327597724,39.04823066316946],[-94.53153788191088,39.04821478978635],[-94.53153181049018,39.048352602497374],[-94.53205700014381,39.04836840789286],[-94.53206327597724,39.04823066316946]]]},"properties":{"parcel":"31790","address":"4233 Cypress Ave","owner":"Redmonds Services LLC","point":[-94.53179749733144,39.04829163283342],"permit_status":"denied","current_permit":false,"source_url":"https://mapd.kcmo.org/kcgis/rest/services/AGOL/MapServer/6/query","retrieved_at":"2026-10-06T02:34:59.880305+00:00"}},{"type":"Feature","geometry":{"type":"Polygon","coordinates":[[[-94.54465782065394,39.04075329512909],[-94.5443898821095,39.04074335267685],[-94.54438595155827,39.04074612333661],[-94.54396836325859,39.04104027792809],[-94.54396449205899,39.041043001645264],[-94.54423679548975,39.04127559826345],[-94.5442406960171,39.041272851073266],[-94.5444103832909,39.04115327895288],[-94.54464003358981,39.041161703566544],[-94.54465770597223,39.04075638409796],[-94.54465782065394,39.04075329512909]]]},"properties":{"parcel":"34209","address":"4646 Benton Blvd","owner":"Right Side Up Investments LLC","point":[-94.54441069556778,39.040898331013025],"permit_status":"denied","current_permit":false,"source_url":"https://mapd.kcmo.org/kcgis/rest/services/AGOL/MapServer/6/query","retrieved_at":"2026-10-06T02:34:59.880305+00:00"}},{"type":"Feature","geometry":{"type":"Polygon","coordinates":[[[-94.54777001826284,39.047366155941425],[-94.54731120506916,39.04734835799021],[-94.54730733099854,39.04734820053931],[-94.5473017718479,39.04745791613445],[-94.54730564372495,39.047458075302494],[-94.54776387294196,39.0474758266084],[-94.54777001826284,39.047366155941425]]]},"properties":{"parcel":"34398","address":"4310 Benton Blvd","owner":"Kee Ronald","point":[-94.54753577196871,39.04741203603794],"permit_status":"denied","current_permit":false,"source_url":"https://mapd.kcmo.org/kcgis/rest/services/AGOL/MapServer/6/query","retrieved_at":"2026-10-06T02:34:59.880305+00:00"}},{"type":"Feature","geometry":{"type":"Polygon","coordinates":[[[-94.55247826127398,39.04368355520373],[-94.55199796146998,39.04366475684023],[-94.5519940875895,39.04366459840073],[-94.55198902329333,39.04376065530526],[-94.55199289719542,39.043760836053806],[-94.55247302088544,39.04377965796986],[-94.55247826127398,39.04368355520373]]]},"properties":{"parcel":"34912","address":"4520 Chestnut Ave","owner":"M Will Properties LLC","point":[-94.55223360745032,39.043722105254496],"permit_status":"denied","current_permit":false,"source_url":"https://mapd.kcmo.org/kcgis/rest/services/AGOL/MapServer/6/query","retrieved_at":"2026-10-06T02:34:59.880305+00:00"}},{"type":"Feature","geometry":{"type":"Polygon","coordinates":[[[-94.54537677133656,39.035670269489025],[-94.54527317787225,39.0356666716711],[-94.54527311919658,39.03566667169387],[-94.54458319624693,39.03564256921697],[-94.54456913894292,39.03591799309934],[-94.54373495645393,39.03588945539945],[-94.5437310551593,39.03588931957645],[-94.54374288016749,39.03598864075169],[-94.54374675286344,39.035988777157044],[-94.54376060067784,39.035989252462684],[-94.5437622521133,39.03600304848065],[-94.54420438489525,39.03601830409846],[-94.54427293966414,39.036428487655385],[-94.54434376393043,39.03643164120397],[-94.54439395243789,39.03655781051177],[-94.54460498766967,39.036566607810194],[-94.54458448308914,39.03694460880199],[-94.54433561391554,39.03700462884191],[-94.54431801353057,39.03700886850418],[-94.5443356238813,39.03702057685362],[-94.5443414059462,39.03702441865381],[-94.54436151098346,39.03703758985912],[-94.5443943515259,39.037056134379675],[-94.54440993612165,39.037064388466796],[-94.54443080196167,39.03707433372987],[-94.5444499074477,39.037083021208296],[-94.54446915804883,39.037091525580756],[-94.54448855669918,39.03709984741805],[-94.54450264284375,39.03710574475535],[-94.54452224518789,39.03711372215115],[-94.54454196624289,39.03712151759485],[-94.54456183164957,39.03712908302664],[-94.54458184585312,39.03713648937559],[-94.5446019464654,39.03714366687867],[-94.54462216578659,39.037150660141315],[-94.54463032362945,39.03715344849499],[-94.54463349211,39.03715449980589],[-94.54463807056199,39.03715596243405],[-94.54518135287103,39.037330197550105],[-94.54519119859229,39.03712708020774],[-94.5452003960242,39.03696448411051],[-94.54524387897611,39.03618781943462],[-94.54534844283693,39.0361914397818],[-94.54537677133656,39.035670269489025]]]},"properties":{"parcel":"35455","address":"4900 Swope Pkwy","owner":"City of Kansas City","point":[-94.5447977772294,39.03649472585787],"permit_status":"cancelled","current_permit":false,"source_url":"https://mapd.kcmo.org/kcgis/rest/services/AGOL/MapServer/6/query","retrieved_at":"2026-10-06T02:34:59.880305+00:00"}},{"type":"Feature","geometry":{"type":"Polygon","coordinates":[[[-94.55082356581491,39.0313960807889],[-94.55070337303378,39.03139201452021],[-94.5506982981864,39.03147454835572],[-94.55069406425137,39.03154333036653],[-94.55068980025499,39.031612135270436],[-94.55068556703704,39.03168091727902],[-94.55068133387593,39.03174979023842],[-94.5508015844842,39.031753879957236],[-94.55080175905668,39.03175083728545],[-94.55080581901163,39.03168502930187],[-94.55080581897887,39.03168498353996],[-94.5508100235101,39.031616246729506],[-94.55081002347772,39.031616201539606],[-94.55081425730464,39.031547419525495],[-94.55081849112383,39.03147863808248],[-94.55082356581491,39.0313960807889]]]},"properties":{"parcel":"36100","address":"2911 E 52nd St","owner":"Aa Trust And Property Inc","point":[-94.55075203554262,39.031579777397965],"permit_status":"denied","current_permit":false,"source_url":"https://mapd.kcmo.org/kcgis/rest/services/AGOL/MapServer/6/query","retrieved_at":"2026-10-06T02:34:59.880305+00:00"}},{"type":"Feature","geometry":{"type":"Polygon","coordinates":[[[-94.5506157446047,39.02509655836633],[-94.55018857927064,39.02508145899774],[-94.55018132306938,39.02519060385419],[-94.55060895766191,39.025205703617345],[-94.5506157446047,39.02509655836633]]]},"properties":{"parcel":"36506","address":"5522 Jaudon Ave","owner":"Morales Real Estate LLC","point":[-94.55039863492735,39.02514358111026],"permit_status":"denied","current_permit":false,"source_url":"https://mapd.kcmo.org/kcgis/rest/services/AGOL/MapServer/6/query","retrieved_at":"2026-10-06T02:34:59.880305+00:00"}},{"type":"Feature","geometry":{"type":"Polygon","coordinates":[[[-94.55116610588632,39.02315271540204],[-94.55074669586996,39.02313647061801],[-94.55074112248684,39.02313622077933],[-94.55073755444435,39.0231920067678],[-94.55073221672481,39.0232752495741],[-94.5507379667989,39.02327543012132],[-94.55115687768475,39.02329089777328],[-94.55116242049961,39.023208020381816],[-94.55116610588632,39.02315271540204]]]},"properties":{"parcel":"36518","address":"5637 Agnes Ave","owner":"Knowling Helen S","point":[-94.55094727226768,39.02324163497796],"permit_status":"denied","current_permit":false,"source_url":"https://mapd.kcmo.org/kcgis/rest/services/AGOL/MapServer/6/query","retrieved_at":"2026-10-06T02:34:59.880305+00:00"}},{"type":"Feature","geometry":{"type":"Polygon","coordinates":[[[-94.5304422230299,39.03093725506075],[-94.53039059857778,39.030819317145045],[-94.53014609262522,39.030629743141816],[-94.53013811700347,39.030638463422804],[-94.53012946712315,39.030648281019765],[-94.53012102263956,39.030658213539844],[-94.5301128414904,39.030668259824175],[-94.5301048965504,39.03067844390473],[-94.53009718559996,39.030688720020265],[-94.53008973872728,39.03069913278096],[-94.53008252656778,39.03070961412349],[-94.53007554988403,39.030720232690655],[-94.5300688643947,39.03073094270617],[-94.53006241508585,39.03074172187538],[-94.53005620198569,39.030752636553046],[-94.53005028005212,39.030763576324425],[-94.5300445642582,39.03077465161212],[-94.53003914184052,39.03078577372993],[-94.53003401282726,39.03079700903273],[-94.53002911851857,39.03080829060881],[-94.53002448825985,39.030819640759596],[-94.53002015065339,39.030831058905726],[-94.5300160785547,39.030842523889355],[-94.53001223970321,39.03085405631165],[-94.53000872430769,39.03086565843753],[-94.53000547368623,39.03087730568508],[-94.53000491651028,39.03087952585406],[-94.53000884847042,39.03088005053281],[-94.53043831966563,39.03093672981711],[-94.5304422230299,39.03093725506075]]]},"properties":{"parcel":"37576","address":"5208 Lawn Ave","owner":"CMB Enterprise LLC","point":[-94.53019100801866,39.030780212671026],"permit_status":"cancelled","current_permit":false,"source_url":"https://mapd.kcmo.org/kcgis/rest/services/AGOL/MapServer/6/query","retrieved_at":"2026-10-06T02:34:59.880305+00:00"}},{"type":"Feature","geometry":{"type":"Polygon","coordinates":[[[-94.57998600780259,39.11152795208452],[-94.57993298711219,39.11136448336431],[-94.57988017357873,39.111201540156145],[-94.57982883537304,39.11104317318247],[-94.57977472486392,39.110876250144955],[-94.57972226585413,39.11071451928308],[-94.57923364661315,39.1108118440205],[-94.57917903325578,39.110822726551056],[-94.57870274324743,39.11091754612545],[-94.57849937917614,39.11095804469416],[-94.57809993008567,39.111037617290656],[-94.57815282207149,39.11119564134793],[-94.57820857258581,39.11136224312912],[-94.57826249644887,39.11152340165572],[-94.57831780542247,39.11168863140489],[-94.5783734402763,39.11185484477161],[-94.57877010117132,39.11177442654776],[-94.57897443630783,39.111732989319584],[-94.57944726326247,39.11163716368633],[-94.57950178957607,39.11162605228438],[-94.57998600780259,39.11152795208452]]]},"properties":{"parcel":"39044","address":"500 E 3rd St","owner":"29sc Tic Cold Storage LLC","point":[-94.57904395079399,39.11128189164263],"permit_status":"denied","current_permit":false,"source_url":"https://mapd.kcmo.org/kcgis/rest/services/AGOL/MapServer/6/query","retrieved_at":"2026-10-06T02:34:59.880305+00:00"}},{"type":"Feature","geometry":{"type":"Polygon","coordinates":[[[-94.5755169665719,39.10915262635779],[-94.57549109884293,39.10907539802234],[-94.57547221373433,39.10901907750623],[-94.57499073517891,39.10911484628877],[-94.57498685866227,39.10911562729644],[-94.57503119977991,39.10924945059317],[-94.5755169665719,39.10915262635779]]]},"properties":{"parcel":"39271","address":"517 Holmes St","owner":"Lowell Properties Limited","point":[-94.57525187922106,39.109134126827115],"permit_status":"denied","current_permit":false,"source_url":"https://mapd.kcmo.org/kcgis/rest/services/AGOL/MapServer/6/query","retrieved_at":"2026-10-06T02:34:59.880305+00:00"}},{"type":"Feature","geometry":{"type":"Polygon","coordinates":[[[-94.57320782684081,39.10991936551638],[-94.5732033791213,39.109906028889554],[-94.5731679391287,39.10979933577872],[-94.57304846201218,39.10982279472637],[-94.57308390252344,39.10992944211152],[-94.57308835169037,39.10994277874196],[-94.57320782684081,39.10991936551638]]]},"properties":{"parcel":"39350","address":"511 Campbell St","owner":"Hickok Homes LLC","point":[-94.57312592363147,39.10986441180796],"permit_status":"denied","current_permit":false,"source_url":"https://mapd.kcmo.org/kcgis/rest/services/AGOL/MapServer/6/query","retrieved_at":"2026-10-06T02:34:59.880305+00:00"}},{"type":"Feature","geometry":{"type":"Polygon","coordinates":[[[-94.57231047426828,39.108946834244705],[-94.57228829259255,39.10888010512925],[-94.57180998165934,39.108975835934345],[-94.57180610731648,39.108976615690885],[-94.57182822962321,39.10904313957984],[-94.5718321054611,39.10904238270229],[-94.57231047426828,39.108946834244705]]]},"properties":{"parcel":"39367","address":"538 Harrison St","owner":"Lealan Homes LLC","point":[-94.5720601544372,39.108961335089525],"permit_status":"denied","current_permit":false,"source_url":"https://mapd.kcmo.org/kcgis/rest/services/AGOL/MapServer/6/query","retrieved_at":"2026-10-06T02:34:59.880305+00:00"}},{"type":"Feature","geometry":{"type":"Polygon","coordinates":[[[-94.57251629646974,39.10783736062052],[-94.57249408397269,39.107770494266624],[-94.57248518748948,39.107743705973604],[-94.57200533105372,39.10784170488648],[-94.5720014553067,39.10784248465053],[-94.57201035159547,39.10786924952751],[-94.5720325334489,39.10793600216022],[-94.57203640917685,39.107935198942485],[-94.57251629646974,39.10783736062052]]]},"properties":{"parcel":"39378","address":"563 Campbell St","owner":"Schneider Jon David","point":[-94.57226080469033,39.1078395327535],"permit_status":"voided-city","current_permit":false,"source_url":"https://mapd.kcmo.org/kcgis/rest/services/AGOL/MapServer/6/query","retrieved_at":"2026-10-06T02:34:59.880305+00:00"}},{"type":"Feature","geometry":{"type":"Polygon","coordinates":[[[-94.57201419425718,39.11014470539835],[-94.57201242675785,39.11013942048784],[-94.57198853501727,39.11006765864219],[-94.57151056675374,39.11016135275654],[-94.57150669234268,39.11016213250306],[-94.57153075752076,39.110233779936785],[-94.57153252494022,39.11023901909326],[-94.57153643165965,39.11023823818203],[-94.57187712775278,39.11017153803571],[-94.57201419425718,39.11014470539835]]]},"properties":{"parcel":"39402","address":"509 Harrison St","owner":"William Lovetinsky & Clark Kortney Dawn","point":[-94.57176235207245,39.110153029077445],"permit_status":"denied","current_permit":false,"source_url":"https://mapd.kcmo.org/kcgis/rest/services/AGOL/MapServer/6/query","retrieved_at":"2026-10-06T02:34:59.880305+00:00"}},{"type":"Feature","geometry":{"type":"Polygon","coordinates":[[[-94.57055564912781,39.10957694380758],[-94.57053258856328,39.109510924768955],[-94.57006907349357,39.10960746317459],[-94.57006444551776,39.10967915104039],[-94.57006835148945,39.10967837132277],[-94.57055564912781,39.10957694380758]]]},"properties":{"parcel":"39459","address":"526 Troost Ave","owner":"James W Houston Revocable Trust","point":[-94.57031233812478,39.10959220349109],"permit_status":"denied","current_permit":false,"source_url":"https://mapd.kcmo.org/kcgis/rest/services/AGOL/MapServer/6/query","retrieved_at":"2026-10-06T02:34:59.880305+00:00"}},{"type":"Feature","geometry":{"type":"Polygon","coordinates":[[[-94.55235657858651,39.110451266794655],[-94.55192963325621,39.11043546360059],[-94.55192574730427,39.11050387847756],[-94.55192962408982,39.11050401346268],[-94.55235289934524,39.11051965814012],[-94.55235657858651,39.110451266794655]]]},"properties":{"parcel":"39828","address":"311 Wabash Ave","owner":"Prettejohn Amy","point":[-94.55214120244261,39.11047757263611],"permit_status":"denied","current_permit":false,"source_url":"https://mapd.kcmo.org/kcgis/rest/services/AGOL/MapServer/6/query","retrieved_at":"2026-10-06T02:34:59.880305+00:00"}},{"type":"Feature","geometry":{"type":"Polygon","coordinates":[[[-94.5534217722945,39.110628268199875],[-94.55299779140779,39.1106127655804],[-94.55299408419522,39.11068122617069],[-94.55299031746875,39.11074964045383],[-94.55298657947348,39.110818193150884],[-94.55298292974399,39.11088500630557],[-94.55340288762778,39.11090005377989],[-94.55340676443782,39.11090018871589],[-94.55340693835498,39.110897145509895],[-94.55341044327498,39.11083355858008],[-94.55341423966779,39.11076509793755],[-94.55341803533597,39.110696659603065],[-94.5534217722945,39.110628268199875]]]},"properties":{"parcel":"39860","address":"307 Olive St","owner":"Mesa Enterprises LLC","point":[-94.55320228217688,39.110757369195696],"permit_status":"denied","current_permit":false,"source_url":"https://mapd.kcmo.org/kcgis/rest/services/AGOL/MapServer/6/query","retrieved_at":"2026-10-06T02:34:59.880305+00:00"}},{"type":"Feature","geometry":{"type":"Polygon","coordinates":[[[-94.55906840257569,39.1123430339976],[-94.55895929264287,39.11233990881911],[-94.55893179510252,39.112753947941876],[-94.55903849723788,39.112756937081215],[-94.55906840257569,39.1123430339976]]]},"properties":{"parcel":"39982","address":"1811 Pendleton Ave","owner":"Baumann John R","point":[-94.55899949899455,39.112548490969736],"permit_status":"cancelled","current_permit":false,"source_url":"https://mapd.kcmo.org/kcgis/rest/services/AGOL/MapServer/6/query","retrieved_at":"2026-10-06T02:34:59.880305+00:00"}},{"type":"Feature","geometry":{"type":"Polygon","coordinates":[[[-94.55832880632263,39.11011981930378],[-94.55823118145355,39.11011659617249],[-94.55777478131442,39.110101425132235],[-94.55777032972199,39.1101895172752],[-94.55777420652086,39.1101896760907],[-94.55822708729681,39.11020741209556],[-94.55832394768795,39.11021118360424],[-94.55832880632263,39.11011981930378]]]},"properties":{"parcel":"39998","address":"327 Maple Blvd","owner":"Chuck Global Properties MO LLC","point":[-94.5580495219287,39.110154668289496],"permit_status":"denied","current_permit":false,"source_url":"https://mapd.kcmo.org/kcgis/rest/services/AGOL/MapServer/6/query","retrieved_at":"2026-10-06T02:34:59.880305+00:00"}},{"type":"Feature","geometry":{"type":"Polygon","coordinates":[[[-94.5592064010611,39.10882183848137],[-94.55910243580118,39.10881850432287],[-94.5590289547688,39.10881616196203],[-94.55900804627521,39.10917118880689],[-94.55908149911794,39.10917362271759],[-94.55918414411796,39.109177026206616],[-94.5592064010611,39.10882183848137]]]},"properties":{"parcel":"40093","address":"1817 E Missouri Ave","owner":"Contreras Leonel S","point":[-94.55910689442584,39.10899651364413],"permit_status":"denied","current_permit":false,"source_url":"https://mapd.kcmo.org/kcgis/rest/services/AGOL/MapServer/6/query","retrieved_at":"2026-10-06T02:34:59.880305+00:00"}},{"type":"Feature","geometry":{"type":"Polygon","coordinates":[[[-94.5561792962062,39.108360162717375],[-94.55615342212886,39.108359008268756],[-94.555990922852,39.10835181094503],[-94.55598709532396,39.10841194258242],[-94.5559843961582,39.1084543188583],[-94.55597882800511,39.10854158836285],[-94.55614200133216,39.10854830602873],[-94.5561677291543,39.10854918541036],[-94.55616790223104,39.10854616508009],[-94.5561792962062,39.108360162717375]]]},"properties":{"parcel":"40151","address":"2117 Amie St","owner":"Felix Properties LLC","point":[-94.55608028606758,39.10843313072036],"permit_status":"denied","current_permit":false,"source_url":"https://mapd.kcmo.org/kcgis/rest/services/AGOL/MapServer/6/query","retrieved_at":"2026-10-06T02:34:59.880305+00:00"}},{"type":"Feature","geometry":{"type":"Polygon","coordinates":[[[-94.55426131278918,39.107796811766995],[-94.55400216585686,39.10778864871822],[-94.55398718871513,39.1077881980413],[-94.55398258948296,39.107880272523246],[-94.55425659714085,39.10788883998037],[-94.55426131278918,39.107796811766995]]]},"properties":{"parcel":"40179","address":"517 Park Ave","owner":"Liberto Rosario & Shanna","point":[-94.5541219242175,39.10783854214512],"permit_status":"denied","current_permit":false,"source_url":"https://mapd.kcmo.org/kcgis/rest/services/AGOL/MapServer/6/query","retrieved_at":"2026-10-06T02:34:59.880305+00:00"}},{"type":"Feature","geometry":{"type":"Polygon","coordinates":[[[-94.55353114212049,39.10849308746415],[-94.55310505997163,39.1084782033966],[-94.553103989908,39.1085002614109],[-94.55311667720788,39.10850068979178],[-94.55311181799314,39.10859912459777],[-94.55311042818622,39.10862754300827],[-94.55310854742369,39.108665068144084],[-94.55310510595048,39.10873515373848],[-94.55310496115283,39.108737876030666],[-94.55310883857888,39.10873801212041],[-94.55351828336237,39.108752330651136],[-94.55352553048007,39.108606463130606],[-94.55353004355479,39.10851514435135],[-94.55353114212049,39.10849308746415]]]},"properties":{"parcel":"40252","address":"423 Olive St","owner":"Johnson Kristin","point":[-94.55331797523462,39.10861700306944],"permit_status":"denied","current_permit":false,"source_url":"https://mapd.kcmo.org/kcgis/rest/services/AGOL/MapServer/6/query","retrieved_at":"2026-10-06T02:34:59.880305+00:00"}},{"type":"Feature","geometry":{"type":"Polygon","coordinates":[[[-94.53805919365443,39.116295057344686],[-94.53791785683406,39.11629057360763],[-94.53789205219604,39.11675296516815],[-94.53800719048259,39.11675719435288],[-94.53803347842836,39.11675814733794],[-94.53804008202748,39.116639646414754],[-94.53804848933395,39.11648762420802],[-94.53805919365443,39.116295057344686]]]},"properties":{"parcel":"40390","address":"3610 Norledge Ave","owner":"Williams Chelsea L","point":[-94.53797345189425,39.11656363531139],"permit_status":"denied","current_permit":false,"source_url":"https://mapd.kcmo.org/kcgis/rest/services/AGOL/MapServer/6/query","retrieved_at":"2026-10-06T02:34:59.880305+00:00"}},{"type":"Feature","geometry":{"type":"Polygon","coordinates":[[[-94.54915003024608,39.10791082659299],[-94.54862454139197,39.10789301755159],[-94.54862057665203,39.107892881921096],[-94.54861232027392,39.108058015094045],[-94.54910926341583,39.10807380098262],[-94.54914180367564,39.10807481690108],[-94.54915003024608,39.10791082659299]]]},"properties":{"parcel":"41090","address":"447 Montgall Ave","owner":"Kelly Lana","point":[-94.5488811691267,39.10798442084352],"permit_status":"denied","current_permit":false,"source_url":"https://mapd.kcmo.org/kcgis/rest/services/AGOL/MapServer/6/query","retrieved_at":"2026-10-06T02:34:59.880305+00:00"}},{"type":"Feature","geometry":{"type":"Polygon","coordinates":[[[-94.54748776316274,39.10752618285238],[-94.54746464957982,39.1075253685607],[-94.5469778988675,39.107508267355314],[-94.54697373003306,39.10750811001442],[-94.54697337688782,39.107508110156694],[-94.54697053598363,39.1075629327973],[-94.54696824539613,39.10760841990533],[-94.5469686271753,39.107608419751536],[-94.54697244505847,39.10760855606939],[-94.54745960581324,39.10762407836448],[-94.5474827472654,39.107624799979114],[-94.54748776316274,39.10752618285238]]]},"properties":{"parcel":"41097","address":"512 Bellefontaine Ave","owner":"Hays James II","point":[-94.54722706394107,39.10758567627442],"permit_status":"denied","current_permit":false,"source_url":"https://mapd.kcmo.org/kcgis/rest/services/AGOL/MapServer/6/query","retrieved_at":"2026-10-06T02:34:59.880305+00:00"}},{"type":"Feature","geometry":{"type":"Polygon","coordinates":[[[-94.5429817923198,39.108330355919435],[-94.54286520015722,39.10832673793919],[-94.54284493969021,39.10867313511505],[-94.5428447079733,39.10867725371874],[-94.54296118333765,39.10868103249881],[-94.54296138673307,39.10867743958847],[-94.5429817923198,39.108330355919435]]]},"properties":{"parcel":"41212","address":"3227 Garner Ave","owner":"Shinaberry Stacia","point":[-94.54291334008862,39.108501745517245],"permit_status":"cancelled","current_permit":false,"source_url":"https://mapd.kcmo.org/kcgis/rest/services/AGOL/MapServer/6/query","retrieved_at":"2026-10-06T02:34:59.880305+00:00"}},{"type":"Feature","geometry":{"type":"Polygon","coordinates":[[[-94.5465846662948,39.10759564622792],[-94.54649858693838,39.10759245498929],[-94.54613527188889,39.10757889323506],[-94.5461313365392,39.10757875808028],[-94.54612275220877,39.1077452182952],[-94.54611561763363,39.1078831457465],[-94.54656877366779,39.107899737146774],[-94.54656897543992,39.10789619056367],[-94.54657602457613,39.10776142065059],[-94.5465846662948,39.10759564622792]]]},"properties":{"parcel":"41259","address":"500 Gladstone Blvd","owner":"Junior Assets LLC","point":[-94.54635368832956,39.10767043226156],"permit_status":"denied","current_permit":false,"source_url":"https://mapd.kcmo.org/kcgis/rest/services/AGOL/MapServer/6/query","retrieved_at":"2026-10-06T02:34:59.880305+00:00"}},{"type":"Feature","geometry":{"type":"Polygon","coordinates":[[[-94.54608248095177,39.1085433802984],[-94.54607418165158,39.108698033949814],[-94.54658161646441,39.10871776193641],[-94.54658112270742,39.10872723415416],[-94.54658060115645,39.108736867119596],[-94.54672938375573,39.1087425963871],[-94.5467296455397,39.108737654632066],[-94.54672987666771,39.10873298631316],[-94.5467387536549,39.10856696069728],[-94.54673991427653,39.10854561257734],[-94.54674758637393,39.10840178167813],[-94.54645036180138,39.108391398826036],[-94.54609523634205,39.108379000028215],[-94.54609133105009,39.108378864860235],[-94.54608248095177,39.1085433802984]]]},"properties":{"parcel":"41267","address":"426 Gladstone Blvd","owner":"Ross Wright Charitable Remainder Unitrust & Barabara Wright ","point":[-94.54641056115724,39.10855628663731],"permit_status":"cancelled","current_permit":false,"source_url":"https://mapd.kcmo.org/kcgis/rest/services/AGOL/MapServer/6/query","retrieved_at":"2026-10-06T02:34:59.880305+00:00"}},{"type":"Feature","geometry":{"type":"Polygon","coordinates":[[[-94.54581873238887,39.10673884006934],[-94.54581485582102,39.10673870488077],[-94.5455906023976,39.106731082003854],[-94.54530776003163,39.10672144509941],[-94.54529972932399,39.10688511305029],[-94.54580671003187,39.10690198451178],[-94.54581058514063,39.10690212027321],[-94.54581873238887,39.10673884006934]]]},"properties":{"parcel":"41291","address":"527 Gladstone Blvd","owner":"Nomad Real Estate LLC","point":[-94.545559200495,39.10681197655981],"permit_status":"voided-city","current_permit":false,"source_url":"https://mapd.kcmo.org/kcgis/rest/services/AGOL/MapServer/6/query","retrieved_at":"2026-10-06T02:34:59.880305+00:00"}},{"type":"Feature","geometry":{"type":"Polygon","coordinates":[[[-94.53633248235194,39.11170895557456],[-94.5362404665063,39.11170562075898],[-94.53622281448699,39.11170500846735],[-94.53620307793061,39.11204728561452],[-94.53620287357732,39.112051130770496],[-94.53620287361215,39.1120511988404],[-94.53622049561424,39.11205181171637],[-94.53631248249242,39.11205505446188],[-94.53631248245746,39.11205498639195],[-94.53631268681684,39.11205116468845],[-94.53633248235194,39.11170895557456]]]},"properties":{"parcel":"41374","address":"3819 Morrell Ave","owner":"Waldman James A III","point":[-94.5362677645941,39.11187812059454],"permit_status":"denied","current_permit":false,"source_url":"https://mapd.kcmo.org/kcgis/rest/services/AGOL/MapServer/6/query","retrieved_at":"2026-10-06T02:34:59.880305+00:00"}},{"type":"Feature","geometry":{"type":"Polygon","coordinates":[[[-94.53732120510055,39.11110395348697],[-94.53731691712976,39.111103794123],[-94.53696456908354,39.111091597153845],[-94.53695840751331,39.11121261486069],[-94.53731568887616,39.11122513117029],[-94.53732120510055,39.11110395348697]]]},"properties":{"parcel":"41604","address":"301 Monroe Ave","owner":"Ozaeta Maria","point":[-94.53713995280509,39.111158284173825],"permit_status":"denied","current_permit":false,"source_url":"https://mapd.kcmo.org/kcgis/rest/services/AGOL/MapServer/6/query","retrieved_at":"2026-10-06T02:34:59.880305+00:00"}},{"type":"Feature","geometry":{"type":"Polygon","coordinates":[[[-94.53953733646941,38.99299902234656],[-94.5390694098297,38.992935914251845],[-94.53906547990255,38.99293538815794],[-94.53906400141935,38.99296469993211],[-94.539061217851,38.99302007315965],[-94.53905695351462,38.99310462030202],[-94.53946080338223,38.99319701564771],[-94.53948716041937,38.993142138393786],[-94.53949196367361,38.993131336310725],[-94.53949808430335,38.99311687337534],[-94.53950391026211,38.99310241053941],[-94.53950950305867,38.99308783280451],[-94.53951480115971,38.99307321055091],[-94.539519865417,38.99305856549515],[-94.539524635673,38.9930438055611],[-94.53952914351107,38.99302904571571],[-94.53953335810633,38.99301421618207],[-94.53953727799451,38.99299931982085],[-94.53953733646941,38.99299902234656]]]},"properties":{"parcel":"4345","address":"7313 Norton Ave","owner":"Gray Leon M","point":[-94.53928812017884,38.993065888023025],"permit_status":"denied","current_permit":false,"source_url":"https://mapd.kcmo.org/kcgis/rest/services/AGOL/MapServer/6/query","retrieved_at":"2026-10-06T02:34:59.880305+00:00"}},{"type":"Feature","geometry":{"type":"Polygon","coordinates":[[[-94.5289841733219,39.11332787473786],[-94.52886730837979,39.113323785217965],[-94.52886713343861,39.1133269199091],[-94.52884228307364,39.1137510410334],[-94.528959118672,39.11375526844114],[-94.5289841733219,39.11332787473786]]]},"properties":{"parcel":"43591","address":"4429 Windsor Ave","owner":"Akinmoladun Sherryee Lynn II","point":[-94.52891322509478,39.113539457885636],"permit_status":"denied","current_permit":false,"source_url":"https://mapd.kcmo.org/kcgis/rest/services/AGOL/MapServer/6/query","retrieved_at":"2026-10-06T02:34:59.880305+00:00"}},{"type":"Feature","geometry":{"type":"Polygon","coordinates":[[[-94.52554599182186,39.11191577617213],[-94.52510447543293,39.11190143382031],[-94.52510301654863,39.11192845675018],[-94.52510091801966,39.111969618913164],[-94.52509732860985,39.11203869692921],[-94.52553875777825,39.112053130277374],[-94.52554599182186,39.11191577617213]]]},"properties":{"parcel":"43995","address":"117 Van Brunt Blvd","owner":"Arhuire Amanda","point":[-94.5253202301627,39.11200415792119],"permit_status":"voided-city","current_permit":false,"source_url":"https://mapd.kcmo.org/kcgis/rest/services/AGOL/MapServer/6/query","retrieved_at":"2026-10-06T02:34:59.880305+00:00"}},{"type":"Feature","geometry":{"type":"Polygon","coordinates":[[[-94.52455923652988,39.11055795360193],[-94.52406656824796,39.11054139865586],[-94.52406090469336,39.1106435625077],[-94.52406073024075,39.110646581645696],[-94.52455348752709,39.110663617091],[-94.52455923652988,39.11055795360193]]]},"properties":{"parcel":"44038","address":"301 Chelsea Ave","owner":"Miller Chyann Simone","point":[-94.52431009260007,39.110600758054815],"permit_status":"denied","current_permit":false,"source_url":"https://mapd.kcmo.org/kcgis/rest/services/AGOL/MapServer/6/query","retrieved_at":"2026-10-06T02:34:59.880305+00:00"}},{"type":"Feature","geometry":{"type":"Polygon","coordinates":[[[-94.53215875641416,39.11172990525483],[-94.53168590217324,39.11171424708136],[-94.53168202682745,39.11171411027864],[-94.5316762021755,39.11182405279813],[-94.53168013700032,39.11182418958486],[-94.53215287303907,39.11183987069458],[-94.53215730044508,39.1117574070502],[-94.53215875641416,39.11172990525483]]]},"properties":{"parcel":"44136","address":"130 Spruce Ave","owner":"Gomez Darren V","point":[-94.53191673947865,39.11179072992417],"permit_status":"denied","current_permit":false,"source_url":"https://mapd.kcmo.org/kcgis/rest/services/AGOL/MapServer/6/query","retrieved_at":"2026-10-06T02:34:59.880305+00:00"}},{"type":"Feature","geometry":{"type":"Polygon","coordinates":[[[-94.53109200368795,39.10985997541573],[-94.53108721580654,39.1098598159559],[-94.53061904518837,39.10984374091976],[-94.53061683097658,39.10988488034609],[-94.53061385906881,39.10993963510436],[-94.53108696431696,39.1099558695819],[-94.53108818853111,39.10993310300453],[-94.53108987711234,39.10990109251889],[-94.53109200368795,39.10985997541573]]]},"properties":{"parcel":"44181","address":"328 Kensington Ave","owner":"Kalish Andrea","point":[-94.53085334368194,39.109892986432484],"permit_status":"cancelled","current_permit":false,"source_url":"https://mapd.kcmo.org/kcgis/rest/services/AGOL/MapServer/6/query","retrieved_at":"2026-10-06T02:34:59.880305+00:00"}},{"type":"Feature","geometry":{"type":"Polygon","coordinates":[[[-94.53005987735762,39.11235533518553],[-94.52988348112895,39.112349729014404],[-94.52986197497978,39.112749276330526],[-94.53003843037304,39.11275527091735],[-94.53005987735762,39.11235533518553]]]},"properties":{"parcel":"44206","address":"4405 St John Ave","owner":"Melgar German","point":[-94.52996094588654,39.11255230575803],"permit_status":"cancelled","current_permit":false,"source_url":"https://mapd.kcmo.org/kcgis/rest/services/AGOL/MapServer/6/query","retrieved_at":"2026-10-06T02:34:59.880305+00:00"}},{"type":"Feature","geometry":{"type":"Polygon","coordinates":[[[-94.48638287212847,39.06407083266765],[-94.48587700908496,39.064041919196306],[-94.48586203053301,39.06438030147426],[-94.48636719403642,39.064404135382105],[-94.48638287212847,39.06407083266765]]]},"properties":{"parcel":"47837","address":"3227 Donnelly Ave","owner":"Johnson Garret Russell & Michelle Nicole","point":[-94.48612223675912,39.064225567070956],"permit_status":"denied","current_permit":false,"source_url":"https://mapd.kcmo.org/kcgis/rest/services/AGOL/MapServer/6/query","retrieved_at":"2026-10-06T02:34:59.880305+00:00"}},{"type":"Feature","geometry":{"type":"Polygon","coordinates":[[[-94.47268890123742,39.05434761266045],[-94.47267505119763,39.05434294114616],[-94.47265465877764,39.05433582098705],[-94.47263435446925,39.05432851722607],[-94.47261422706039,39.05432098469431],[-94.47259415694155,39.054313292006434],[-94.47258018987736,39.05430772867133],[-94.47257420503136,39.05430537053416],[-94.47255442926975,39.054297266052906],[-94.47253477096591,39.05428897797695],[-94.47251523012821,39.05428048514154],[-94.47249586543984,39.05427180815336],[-94.4724766182178,39.05426292640585],[-94.4724746817772,39.05426198783304],[-94.47217683226103,39.054614648691924],[-94.47217427946053,39.054617691238874],[-94.47218768438864,39.05462936368109],[-94.47224618045033,39.05468035562666],[-94.47228997792112,39.05471855478789],[-94.47239488334372,39.05480998817528],[-94.47242800419436,39.054838895694566],[-94.47248617995298,39.05472930891529],[-94.47254244809399,39.05462343007314],[-94.4725966002286,39.054521394119305],[-94.47268890123742,39.05434761266045]]]},"properties":{"parcel":"48240","address":"3805 Laurel Ave","owner":"Colson Team LLC","point":[-94.47239403350088,39.054568021405615],"permit_status":"cancelled","current_permit":false,"source_url":"https://mapd.kcmo.org/kcgis/rest/services/AGOL/MapServer/6/query","retrieved_at":"2026-10-06T02:34:59.880305+00:00"}},{"type":"Feature","geometry":{"type":"Polygon","coordinates":[[[-94.47289725476925,39.054654631051385],[-94.47254632013167,39.05462375188889],[-94.47254244809399,39.05462343007314],[-94.47248617995298,39.05472930891529],[-94.47242800419436,39.054838895694566],[-94.472869347558,39.0548794520062],[-94.47288362424409,39.05476445606733],[-94.47289725476925,39.054654631051385]]]},"properties":{"parcel":"48242","address":"3711 Blue Ridge Ctof","owner":"New Earth Properties LLC","point":[-94.47268132804214,39.054746882491315],"permit_status":"denied","current_permit":false,"source_url":"https://mapd.kcmo.org/kcgis/rest/services/AGOL/MapServer/6/query","retrieved_at":"2026-10-06T02:34:59.880305+00:00"}},{"type":"Feature","geometry":{"type":"Polygon","coordinates":[[[-94.46712762804174,39.05066452974824],[-94.46665381979948,39.05064332137425],[-94.46618068683026,39.050621952249124],[-94.46618062814221,39.0506219522321],[-94.46616362019641,39.05096511483998],[-94.46663502481269,39.05098662139638],[-94.46710874784267,39.051008263986525],[-94.46712762804174,39.05066452974824]]]},"properties":{"parcel":"48341","address":"3941 Crescent Ave","owner":"Cruz Martinez Carlos Isai","point":[-94.46664522100573,39.050814822294114],"permit_status":"denied","current_permit":false,"source_url":"https://mapd.kcmo.org/kcgis/rest/services/AGOL/MapServer/6/query","retrieved_at":"2026-10-06T02:34:59.880305+00:00"}},{"type":"Feature","geometry":{"type":"Polygon","coordinates":[[[-94.46779875675705,39.050211217767554],[-94.46733463076464,39.05019720000211],[-94.46733075743006,39.05019708451281],[-94.46732212357198,39.050402804165664],[-94.46769924626436,39.05041492168485],[-94.4677951988102,39.05041799137734],[-94.46779523025937,39.050414971108744],[-94.46779875675705,39.050211217767554]]]},"properties":{"parcel":"48362","address":"4008 Crescent Ave","owner":"Jodts Abbey Christine","point":[-94.46756162136019,39.050307010966606],"permit_status":"cancelled","current_permit":false,"source_url":"https://mapd.kcmo.org/kcgis/rest/services/AGOL/MapServer/6/query","retrieved_at":"2026-10-06T02:34:59.880305+00:00"}},{"type":"Feature","geometry":{"type":"Polygon","coordinates":[[[-94.46295832788269,39.048550709727316],[-94.46292040869295,39.04845482729747],[-94.46198696526572,39.04841599594927],[-94.46184936456932,39.04843617716145],[-94.46171952403857,39.04843105448761],[-94.46169435699412,39.048795378718836],[-94.46295832788269,39.048550709727316]]]},"properties":{"parcel":"48381","address":"4100 Pittman Rd","owner":"Baddoo Crystal","point":[-94.46201457507024,39.04867304422308],"permit_status":"denied","current_permit":false,"source_url":"https://mapd.kcmo.org/kcgis/rest/services/AGOL/MapServer/6/query","retrieved_at":"2026-10-06T02:34:59.880305+00:00"}},{"type":"Feature","geometry":{"type":"Polygon","coordinates":[[[-94.4583411491306,39.05060278116538],[-94.45811884345083,39.050593801456735],[-94.45808392491143,39.05059239260652],[-94.45808374778257,39.05059543512885],[-94.45806644759459,39.050921184663686],[-94.45806626973018,39.05092422775757],[-94.4583249017718,39.05093534904639],[-94.45832505026755,39.05093232882252],[-94.4583411491306,39.05060278116538]]]},"properties":{"parcel":"48593","address":"10307 E 39th Ter","owner":"Cox Wei & Brian","point":[-94.45820413726085,39.05076198291454],"permit_status":"denied","current_permit":false,"source_url":"https://mapd.kcmo.org/kcgis/rest/services/AGOL/MapServer/6/query","retrieved_at":"2026-10-06T02:34:59.880305+00:00"}},{"type":"Feature","geometry":{"type":"Polygon","coordinates":[[[-94.45067104887035,39.04788270686429],[-94.45007763733014,39.047855683729445],[-94.44901821812053,39.047807426694284],[-94.44836958716434,39.04777790015448],[-94.44835387586699,39.048076626189946],[-94.4483407838121,39.04832531227791],[-94.4483384922939,39.04836837310799],[-94.44833352467188,39.0484628003616],[-94.44833144139737,39.04850295540914],[-94.44832778016024,39.048572351540514],[-94.44831251642726,39.04886242875013],[-94.44881642360424,39.04911356284484],[-94.45057210409858,39.049988530290385],[-94.45058369111258,39.049742336828714],[-94.45067104887035,39.04788270686429]]]},"properties":{"parcel":"48639","address":"4000 Harvard Ln","owner":"Palisades Apartments LLC","point":[-94.4495917984818,39.04898799579748],"permit_status":"denied","current_permit":false,"source_url":"https://mapd.kcmo.org/kcgis/rest/services/AGOL/MapServer/6/query","retrieved_at":"2026-10-06T02:34:59.880305+00:00"}},{"type":"Feature","geometry":{"type":"Polygon","coordinates":[[[-94.44589524986631,39.042241565975246],[-94.44566059128546,39.04223125199966],[-94.44550110072628,39.042224222360446],[-94.44547843248525,39.042591290342244],[-94.44587536858025,39.04260895565919],[-94.44587554766294,39.042605934889124],[-94.44589524986631,39.042241565975246]]]},"properties":{"parcel":"49234","address":"11301 E 43rd Ter","owner":"McDonald Lantz","point":[-94.44568751288742,39.042416428158745],"permit_status":"voided-city","current_permit":false,"source_url":"https://mapd.kcmo.org/kcgis/rest/services/AGOL/MapServer/6/query","retrieved_at":"2026-10-06T02:34:59.880305+00:00"}},{"type":"Feature","geometry":{"type":"Polygon","coordinates":[[[-94.47548025813988,39.04498852904046],[-94.47547635726706,39.04498610341588],[-94.47498176287976,39.04468202547594],[-94.4749778921081,39.04467962214992],[-94.47496973069102,39.04468810921683],[-94.47496092511147,39.044696916477626],[-94.47495191563812,39.044705632170306],[-94.47494269863577,39.044714164198375],[-94.47493324768021,39.044722560033996],[-94.47492359064633,39.04473081853909],[-94.47491372974324,39.044738915689095],[-94.47490366276178,39.04474687550842],[-94.47489341978482,39.04475467626668],[-94.47488297146326,39.0447623391223],[-94.47487231855469,39.044769796004736],[-94.47486148816778,39.04477713844334],[-94.47485045392726,39.04478427548083],[-94.47484819339536,39.04478567015692],[-94.47485103918564,39.0447887139317],[-94.47512143848176,39.045076660107036],[-94.4751243121703,39.04507970330894],[-94.47548025813988,39.04498852904046]]]},"properties":{"parcel":"49884","address":"4326 Laurel Ave","owner":"McMillan Faith","point":[-94.47512977308025,39.04488740867379],"permit_status":"denied","current_permit":false,"source_url":"https://mapd.kcmo.org/kcgis/rest/services/AGOL/MapServer/6/query","retrieved_at":"2026-10-06T02:34:59.880305+00:00"}},{"type":"Feature","geometry":{"type":"Polygon","coordinates":[[[-94.47495526869041,39.04418200321461],[-94.47451087283231,39.044160787861934],[-94.47449451611072,39.04436177022517],[-94.47449838764668,39.04436195411904],[-94.47494020362625,39.044382665012336],[-94.4749404404552,39.04438088092407],[-94.47494147082499,39.04437120251947],[-94.47494220779633,39.04436147828998],[-94.47494226519805,39.04436095204133],[-94.47495526869041,39.04418200321461]]]},"properties":{"parcel":"49888","address":"9100 E 43rd Ter","owner":"Dinh Nguyen Canh","point":[-94.47472531570776,39.04427147762797],"permit_status":"voided-city","current_permit":false,"source_url":"https://mapd.kcmo.org/kcgis/rest/services/AGOL/MapServer/6/query","retrieved_at":"2026-10-06T02:34:59.880305+00:00"}},{"type":"Feature","geometry":{"type":"Polygon","coordinates":[[[-94.4741890686171,39.0307380714423],[-94.47409050243544,39.03073431999316],[-94.47402049719602,39.03073165881103],[-94.47400789398465,39.03073116692272],[-94.47398786510871,39.03119095545388],[-94.47398771732165,39.03119397570822],[-94.47407029687416,39.03119740278586],[-94.47416877629801,39.03120149859115],[-94.4741890686171,39.0307380714423]]]},"properties":{"parcel":"50103","address":"9101 E 50th Ter","owner":"Sanders Stephen & Sara","point":[-94.4740884412245,39.03096451344809],"permit_status":"cancelled","current_permit":false,"source_url":"https://mapd.kcmo.org/kcgis/rest/services/AGOL/MapServer/6/query","retrieved_at":"2026-10-06T02:34:59.880305+00:00"}},{"type":"Feature","geometry":{"type":"Polygon","coordinates":[[[-94.49184761511741,39.03832780561006],[-94.49142807020324,39.03831212439789],[-94.49142416814195,39.03831198739746],[-94.491422462998,39.03834081725226],[-94.49141390708257,39.03848581311626],[-94.49183330736746,39.03849881672728],[-94.49183720870889,39.03849893140506],[-94.4918459101899,39.03835624649509],[-94.49184761511741,39.03832780561006]]]},"properties":{"parcel":"50344","address":"4705 Sycamore Ave","owner":"Hamm Sheryl Elaine","point":[-94.49162984463374,39.038421029805676],"permit_status":"cancelled","current_permit":false,"source_url":"https://mapd.kcmo.org/kcgis/rest/services/AGOL/MapServer/6/query","retrieved_at":"2026-10-06T02:34:59.880305+00:00"}},{"type":"Feature","geometry":{"type":"Polygon","coordinates":[[[-94.49444921300304,39.037617253623196],[-94.4944027421787,39.03760642871786],[-94.49425185567492,39.03757122992188],[-94.49423041028516,39.03791787566069],[-94.49424375925008,39.03792002712848],[-94.4942709273067,39.03792469560556],[-94.49429803520576,39.03792957114589],[-94.49432511375339,39.037934651462834],[-94.49435207640023,39.03793993884041],[-94.49437900822913,39.03794543156668],[-94.49440585276125,39.03795115309189],[-94.49442820925834,39.03795609587271],[-94.49444921300304,39.037617253623196]]]},"properties":{"parcel":"50391","address":"7719 E 47th Ter","owner":"Jpmaff LLC","point":[-94.49433980252338,39.03776756464194],"permit_status":"denied","current_permit":false,"source_url":"https://mapd.kcmo.org/kcgis/rest/services/AGOL/MapServer/6/query","retrieved_at":"2026-10-06T02:34:59.880305+00:00"}},{"type":"Feature","geometry":{"type":"Polygon","coordinates":[[[-94.48800594240622,39.03747714951631],[-94.48763639657635,39.037459950225056],[-94.48760150855574,39.03798483526212],[-94.48764141044539,39.03798678437655],[-94.48798602111543,39.038003523466045],[-94.48798655092922,39.037989062767856],[-94.48800594240622,39.03747714951631]]]},"properties":{"parcel":"50874","address":"8308 E 47th Ter","owner":"Hopkins Gettings Family Trust","point":[-94.48780735385148,39.037730992389214],"permit_status":"denied","current_permit":false,"source_url":"https://mapd.kcmo.org/kcgis/rest/services/AGOL/MapServer/6/query","retrieved_at":"2026-10-06T02:34:59.880305+00:00"}},{"type":"Feature","geometry":{"type":"Polygon","coordinates":[[[-94.45112096998946,39.02802814616132],[-94.45111706965275,39.02802750443164],[-94.45066522042855,39.02795240132201],[-94.45063909074179,39.028027050891595],[-94.45057948214416,39.02819737508486],[-94.45057945024372,39.02820000638342],[-94.45058173755669,39.02820009830434],[-94.45107611358004,39.02824732709812],[-94.45107682066646,39.02824183596075],[-94.4510798581862,39.02822069578605],[-94.45108321618696,39.028199554601514],[-94.4510868095496,39.028178482158445],[-94.45109075567473,39.0281573886982],[-94.45109490562763,39.028136362250024],[-94.45109934890898,39.0281153593776],[-94.45110408696985,39.02809440239045],[-94.45110911762566,39.02807346840664],[-94.45111441224373,39.028052602604035],[-94.45111994078611,39.02803176092417],[-94.45112096998946,39.02802814616132]]]},"properties":{"parcel":"52305","address":"5129 Harris Ave","owner":"Welch Keyan","point":[-94.4508567852046,39.02810488088403],"permit_status":"denied","current_permit":false,"source_url":"https://mapd.kcmo.org/kcgis/rest/services/AGOL/MapServer/6/query","retrieved_at":"2026-10-06T02:34:59.880305+00:00"}},{"type":"Feature","geometry":{"type":"Polygon","coordinates":[[[-94.45701186586734,39.02726447933321],[-94.45697666873248,39.02725771646838],[-94.45665188756968,39.02719517692008],[-94.45665047968969,39.02719490182513],[-94.45662088397053,39.02728659721482],[-94.4565857153739,39.027375889162926],[-94.456568240715,39.02741089055494],[-94.45693805093413,39.02752337325915],[-94.45697220889949,39.02740332937143],[-94.45701186586734,39.02726447933321]]]},"properties":{"parcel":"52388","address":"5212 Willow Ave","owner":"Smith Alicia","point":[-94.45679804855536,39.02733124318887],"permit_status":"cancelled","current_permit":false,"source_url":"https://mapd.kcmo.org/kcgis/rest/services/AGOL/MapServer/6/query","retrieved_at":"2026-10-06T02:34:59.880305+00:00"}},{"type":"Feature","geometry":{"type":"Polygon","coordinates":[[[-94.4926326443371,39.00463549004639],[-94.49205699648823,39.004615660148424],[-94.49158360482244,39.00459931218259],[-94.49150342774504,39.006336322490554],[-94.49150738670049,39.00633646063722],[-94.49197680088717,39.00635287613351],[-94.49255554195172,39.00637311847827],[-94.49261559588264,39.00501968441694],[-94.49263249736082,39.004638875863336],[-94.4926326443371,39.00463549004639]]]},"properties":{"parcel":"52603","address":"6540 James A Reed Rd","owner":"816 Living LLC","point":[-94.49206009987915,39.00567800345375],"permit_status":"denied","current_permit":false,"source_url":"https://mapd.kcmo.org/kcgis/rest/services/AGOL/MapServer/6/query","retrieved_at":"2026-10-06T02:34:59.880305+00:00"}},{"type":"Feature","geometry":{"type":"Polygon","coordinates":[[[-94.4934459500349,38.97786439660944],[-94.49291803578964,38.977846404040555],[-94.49290943009576,38.978021215117],[-94.49289917948971,38.97822886171495],[-94.49342683209663,38.97824591679721],[-94.49342697894659,38.978242895918626],[-94.49343708087267,38.97804142718332],[-94.4934459500349,38.97786439660944]]]},"properties":{"parcel":"53719","address":"8030 James A Reed Rd","owner":"Raines Kayla Marie & Markus Darnell","point":[-94.4931680938295,38.97813514444914],"permit_status":"voided-city","current_permit":false,"source_url":"https://mapd.kcmo.org/kcgis/rest/services/AGOL/MapServer/6/query","retrieved_at":"2026-10-06T02:34:59.880305+00:00"}},{"type":"Feature","geometry":{"type":"Polygon","coordinates":[[[-94.49102757427572,38.977187090194306],[-94.49097395976354,38.977185277874355],[-94.49072837147551,38.97717697677702],[-94.490624923202,38.9771734665473],[-94.49037868863216,38.977165141208886],[-94.49033407487858,38.9771636273641],[-94.49001475090266,38.977438587029084],[-94.49036557669422,38.97745122347874],[-94.49071520024171,38.97746209807152],[-94.49101080095843,38.9774712736885],[-94.49101466890103,38.977471388392296],[-94.49102757427572,38.977187090194306]]]},"properties":{"parcel":"53807","address":"8026 Blue Ridge Blvd","owner":"Serrano Jesus Ascencio","point":[-94.49059132735383,38.977312838611695],"permit_status":"denied","current_permit":false,"source_url":"https://mapd.kcmo.org/kcgis/rest/services/AGOL/MapServer/6/query","retrieved_at":"2026-10-06T02:34:59.880305+00:00"}},{"type":"Feature","geometry":{"type":"Polygon","coordinates":[[[-94.5056955874443,39.03386332935049],[-94.50530430065226,39.033622504011795],[-94.5050167051142,39.03396671378832],[-94.50504927010503,39.033977558527575],[-94.50508253928896,39.03398968398843],[-94.50511527974814,39.03400272470109],[-94.50514746434006,39.03401658971545],[-94.50517897352154,39.03403134653604],[-94.50520983735547,39.03404688075727],[-94.50524005584596,39.034063239285636],[-94.50526948230429,39.03408037579433],[-94.50529817540347,39.03409826740033],[-94.50532610580844,39.034116936986436],[-94.50535318476925,39.0341363159144],[-94.5053793558136,39.03415642706842],[-94.50538894956694,39.034162809839565],[-94.50539933609771,39.034168370574946],[-94.5054104545204,39.034172968559375],[-94.50542218968624,39.034176606658114],[-94.50543433549548,39.03417921394958],[-94.5054467753305,39.034180768702235],[-94.50545936030267,39.034181249186005],[-94.50547191585132,39.03418060850313],[-94.50548435543801,39.0341789364654],[-94.50549647149806,39.03417619018082],[-94.50550808947621,39.03417239196669],[-94.50551911917071,39.0341676785411],[-94.50552941535663,39.0341619801242],[-94.50553883282889,39.034155481486785],[-94.50554728137729,39.034148204942284],[-94.50555467372895,39.034140218565874],[-94.50556089254789,39.034131684246084],[-94.50561709250745,39.03400382278577],[-94.5056955874443,39.03386332935049]]]},"properties":{"parcel":"54305","address":"5001 Cambridge Ave","owner":"Walker Kalan","point":[-94.50536330087252,39.0339150215694],"permit_status":"denied","current_permit":false,"source_url":"https://mapd.kcmo.org/kcgis/rest/services/AGOL/MapServer/6/query","retrieved_at":"2026-10-06T02:34:59.880305+00:00"}},{"type":"Feature","geometry":{"type":"Polygon","coordinates":[[[-94.51337560678985,39.10078611113412],[-94.51327033346926,39.100783514192365],[-94.5131826497553,39.10078135047331],[-94.51309496604253,39.10077916437964],[-94.51307442251012,39.1011612049956],[-94.51324973209229,39.10116523508781],[-94.5133550353015,39.10116760266564],[-94.51337560678985,39.10078611113412]]]},"properties":{"parcel":"5605","address":"5823 E 9th St","owner":"Gordillo Maritza","point":[-94.51322500052049,39.10097365806486],"permit_status":"denied","current_permit":false,"source_url":"https://mapd.kcmo.org/kcgis/rest/services/AGOL/MapServer/6/query","retrieved_at":"2026-10-06T02:34:59.880305+00:00"}},{"type":"Feature","geometry":{"type":"Polygon","coordinates":[[[-94.54993951275213,38.94893508772541],[-94.54994044085454,38.94892250262075],[-94.54994110670268,38.94890991648422],[-94.54994147878288,38.948897309308165],[-94.54994155784279,38.94888470225743],[-94.54994137320018,38.94887211762879],[-94.54994089552106,38.94885950967215],[-94.54994015412449,38.948846902400334],[-94.54993911972426,38.94883431813516],[-94.54993782163815,38.948821779173336],[-94.54993623053339,38.94880924148084],[-94.54993431710699,38.94879670335418],[-94.5499325229862,38.94878611008582],[-94.54986446656227,38.948783507831784],[-94.54885025470291,38.948745450378134],[-94.54882916314708,38.94922381480327],[-94.54882789389835,38.949253035307635],[-94.54882714384631,38.94927024234789],[-94.54912433461952,38.94928180941321],[-94.54933426117661,38.949289959279994],[-94.54954404126961,38.94929810768731],[-94.54990402935987,38.949312140727336],[-94.54990629741577,38.94928820536146],[-94.54990839239018,38.949266078263],[-94.54993951275213,38.94893508772541]]]},"properties":{"parcel":"56133","address":"9745 Grandview Rd","owner":"BK Properties LLC","point":[-94.54938073384679,38.94907945126434],"permit_status":"denied","current_permit":false,"source_url":"https://mapd.kcmo.org/kcgis/rest/services/AGOL/MapServer/6/query","retrieved_at":"2026-10-06T02:34:59.880305+00:00"}},{"type":"Feature","geometry":{"type":"Polygon","coordinates":[[[-94.51969721888528,38.9474547188598],[-94.51960754722982,38.947104719367196],[-94.519599665622,38.947106322381536],[-94.51958516221647,38.947109002499495],[-94.51957057086175,38.9471115218893],[-94.51955595012912,38.94711376613463],[-94.519541240709,38.947115827914615],[-94.51952647408775,38.94711766088939],[-94.51951170667672,38.947119287930775],[-94.51949688061215,38.947120731357685],[-94.51948202517082,38.94712190135614],[-94.51946716967252,38.947122864849035],[-94.5194522547824,38.94712362241827],[-94.51943734130064,38.94712417348166],[-94.51942239771643,38.94712447399799],[-94.51940748337086,38.947124545122556],[-94.51939253968033,38.94712445608103],[-94.51938884769096,38.94712436516918],[-94.51936311926309,38.94744058835798],[-94.5196750660042,38.94745378503494],[-94.51969721888528,38.9474547188598]]]},"properties":{"parcel":"56687","address":"5904 E 98th St","owner":"Hazziez Bilal J","point":[-94.51951454439522,38.94728256674027],"permit_status":"denied","current_permit":false,"source_url":"https://mapd.kcmo.org/kcgis/rest/services/AGOL/MapServer/6/query","retrieved_at":"2026-10-06T02:34:59.880305+00:00"}},{"type":"Feature","geometry":{"type":"Polygon","coordinates":[[[-94.53958209736314,38.9329835724392],[-94.53957140424548,38.93290664896581],[-94.5395675230385,38.932906124010366],[-94.53895057367451,38.932822585751445],[-94.53894641341284,38.93282201510573],[-94.5389415289737,38.93283645486737],[-94.53893447964835,38.93285634111222],[-94.53892716662261,38.932876158800454],[-94.5389195899088,38.93289593081335],[-94.53891174949388,38.932915633697554],[-94.53890490270102,38.93293224841179],[-94.53890428905378,38.932933758785424],[-94.53890385015904,38.93293474225771],[-94.53890235876032,38.932938289363996],[-94.53889837880718,38.93294737515822],[-94.53889676959334,38.93295110478243],[-94.53889644774345,38.9329518376649],[-94.5388896008881,38.93296700970907],[-94.53888246175808,38.9329820914688],[-94.53887485340155,38.93299760698591],[-94.53887980388151,38.93299810929896],[-94.53918531459044,38.9330295834094],[-94.53936913211093,38.93300828766942],[-94.53958209736314,38.9329835724392]]]},"properties":{"parcel":"58091","address":"10528 Wenzel Ave","owner":"Nakhmanovich Irene","point":[-94.53924106705648,38.93292394105467],"permit_status":"denied","current_permit":false,"source_url":"https://mapd.kcmo.org/kcgis/rest/services/AGOL/MapServer/6/query","retrieved_at":"2026-10-06T02:34:59.880305+00:00"}},{"type":"Feature","geometry":{"type":"Polygon","coordinates":[[[-94.50720767864755,38.93930450903722],[-94.50709801536868,38.939291793739116],[-94.50671485011142,38.93924728934647],[-94.50671485011574,38.9392473351091],[-94.50671476326897,38.93925067521571],[-94.50670307503897,38.93957993873592],[-94.50687200835351,38.9395863356848],[-94.50719162294997,38.939598420653816],[-94.50720750392499,38.93930780395897],[-94.50720767864755,38.93930450903722]]]},"properties":{"parcel":"58402","address":"7101 E 102nd St","owner":"Orwa Pauline","point":[-94.50695398679494,38.93944387134744],"permit_status":"denied","current_permit":false,"source_url":"https://mapd.kcmo.org/kcgis/rest/services/AGOL/MapServer/6/query","retrieved_at":"2026-10-06T02:34:59.880305+00:00"}},{"type":"Feature","geometry":{"type":"Polygon","coordinates":[[[-94.51978007156886,38.92083594308975],[-94.51860690823736,38.92075717225063],[-94.51860304183123,38.92075692117139],[-94.51858260992313,38.92103072323683],[-94.51858650490236,38.92103097431219],[-94.51976046422256,38.92110947064075],[-94.51978007156886,38.92083594308975]]]},"properties":{"parcel":"60136","address":"11142 Orchard Rd","owner":"Stevens Richard","point":[-94.51918148389262,38.92093333316329],"permit_status":"denied","current_permit":false,"source_url":"https://mapd.kcmo.org/kcgis/rest/services/AGOL/MapServer/6/query","retrieved_at":"2026-10-06T02:34:59.880305+00:00"}},{"type":"Feature","geometry":{"type":"Polygon","coordinates":[[[-94.50612223642713,38.917754578411625],[-94.50610009277027,38.91774286371621],[-94.50606883973828,38.91772602405436],[-94.50603773315166,38.917709002469316],[-94.50600677301044,38.91769179724505],[-94.50597595931477,38.91767440895374],[-94.50594535064694,38.91765688278331],[-94.50591491844256,38.917639128925835],[-94.50588466051252,38.91762123719108],[-94.50585452120184,38.91760313950975],[-94.50582458545308,38.9175848822126],[-94.50579485546277,38.91756646301153],[-94.50562818767861,38.91777860472705],[-94.5059780037907,38.9179547976545],[-94.50612223642713,38.917754578411625]]]},"properties":{"parcel":"60620","address":"11232 Crystal Ave","owner":"Bradshaw Antonio Dwayne","point":[-94.50587560410297,38.91776659156933],"permit_status":"cancelled","current_permit":false,"source_url":"https://mapd.kcmo.org/kcgis/rest/services/AGOL/MapServer/6/query","retrieved_at":"2026-10-06T02:34:59.880305+00:00"}},{"type":"Feature","geometry":{"type":"Polygon","coordinates":[[[-94.53835675820149,38.92934776832293],[-94.53834410344467,38.92934550665307],[-94.53813782377232,38.92930823183869],[-94.53806935713767,38.92929585248657],[-94.53804093925503,38.929290736324695],[-94.53792947698112,38.92962317016454],[-94.53792842403855,38.92962625949066],[-94.53793492801154,38.929627539305734],[-94.53799068062807,38.929638663255105],[-94.53804637406456,38.92965001772684],[-94.53810195118456,38.929661577570215],[-94.5381574998834,38.929673366210004],[-94.53821299012284,38.929685360774755],[-94.53823642821068,38.92969054716962],[-94.53823750894568,38.92968741206892],[-94.53835675820149,38.92934776832293]]]},"properties":{"parcel":"60838","address":"4401 E 108th St","owner":"Zhang Minyan","point":[-94.53814202910743,38.92948546924373],"permit_status":"denied","current_permit":false,"source_url":"https://mapd.kcmo.org/kcgis/rest/services/AGOL/MapServer/6/query","retrieved_at":"2026-10-06T02:34:59.880305+00:00"}},{"type":"Feature","geometry":{"type":"Polygon","coordinates":[[[-94.54140775448582,38.92521094028993],[-94.5409695000325,38.92518917512228],[-94.54096923795458,38.925191874645094],[-94.54094983387084,38.92537378842422],[-94.54139406674335,38.92539964788411],[-94.54140758104685,38.925213662663666],[-94.54140772631122,38.92521160328792],[-94.54140775448582,38.92521094028993]]]},"properties":{"parcel":"60952","address":"11017 Jackson Ave","owner":"Jones Estill & Willa","point":[-94.5411800686502,38.92529372554394],"permit_status":"denied","current_permit":false,"source_url":"https://mapd.kcmo.org/kcgis/rest/services/AGOL/MapServer/6/query","retrieved_at":"2026-10-06T02:34:59.880305+00:00"}},{"type":"Feature","geometry":{"type":"Polygon","coordinates":[[[-94.53821293686256,38.92549093088973],[-94.53774017649667,38.92547296262664],[-94.53773675430017,38.92548380950674],[-94.53768783027823,38.925637726039014],[-94.53768040166736,38.92566118185016],[-94.53768426907794,38.925661317318095],[-94.53819713087366,38.925679753201806],[-94.53820099828654,38.92567988922461],[-94.53821223900438,38.92550191418023],[-94.53821293686256,38.92549093088973]]]},"properties":{"parcel":"61008","address":"11005 Cypress Ave","owner":"Kei Tiffany","point":[-94.53795868252182,38.92556982010962],"permit_status":"denied","current_permit":false,"source_url":"https://mapd.kcmo.org/kcgis/rest/services/AGOL/MapServer/6/query","retrieved_at":"2026-10-06T02:34:59.880305+00:00"}},{"type":"Feature","geometry":{"type":"Polygon","coordinates":[[[-94.53477058323783,38.92627489325677],[-94.53476671577705,38.926274711929615],[-94.53345908946937,38.92621452702271],[-94.5334551934435,38.92621432163483],[-94.53346629017949,38.926516557980186],[-94.5343882765343,38.926563105901344],[-94.53439996393297,38.926563697373815],[-94.5347473270534,38.92658123604117],[-94.53475119379874,38.926581417941215],[-94.53476726877683,38.92632742931201],[-94.53477058323783,38.92627489325677]]]},"properties":{"parcel":"61067","address":"10916 Poplar Ave","owner":"Olson Courtney","point":[-94.5341120509979,38.9264219936461],"permit_status":"extended","current_permit":false,"source_url":"https://mapd.kcmo.org/kcgis/rest/services/AGOL/MapServer/6/query","retrieved_at":"2026-10-06T02:34:59.880305+00:00"}},{"type":"Feature","geometry":{"type":"Polygon","coordinates":[[[-94.54040358980158,38.92000211476294],[-94.5402950937244,38.91968188128451],[-94.54004612192647,38.91967132709885],[-94.54002711385374,38.919986181130106],[-94.54040358980158,38.92000211476294]]]},"properties":{"parcel":"61373","address":"4310 E 113th Ter","owner":"Epperson James A","point":[-94.54019147094387,38.91983403120731],"permit_status":"denied","current_permit":false,"source_url":"https://mapd.kcmo.org/kcgis/rest/services/AGOL/MapServer/6/query","retrieved_at":"2026-10-06T02:34:59.880305+00:00"}},{"type":"Feature","geometry":{"type":"Polygon","coordinates":[[[-94.54907241294511,38.92271508898781],[-94.54906851689317,38.92271463299759],[-94.54906154483426,38.92271356050247],[-94.54905466049216,38.922712259728236],[-94.5490478353225,38.92271075185214],[-94.54904112571221,38.922709038566616],[-94.54903447525955,38.92270709644197],[-94.54902794186198,38.92270499409806],[-94.54902149618074,38.92270266233104],[-94.54901516825628,38.922700125725775],[-94.54900901522076,38.92269740485155],[-94.54900297849365,38.92269450259318],[-94.54899708882887,38.92269141607758],[-94.5489914040613,38.922688122971145],[-94.5489858363652,38.92268469309904],[-94.54898047356632,38.92268105663612],[-94.54897528642144,38.922677283382974],[-94.54897030420645,38.922673351017984],[-94.5489655562106,38.9226692566687],[-94.54896098385346,38.92266500321993],[-94.54895661645601,38.922660634133976],[-94.54895623537165,38.922660200119424],[-94.5486948073906,38.9228262447195],[-94.54869091333678,38.9228287175337],[-94.54869205537146,38.92282931140146],[-94.54877930454576,38.9228997273476],[-94.54856387222243,38.923080695111075],[-94.5485680907293,38.92308041820749],[-94.54904877043757,38.92304896126895],[-94.54907215259406,38.922718773572996],[-94.54907241294511,38.92271508898781]]]},"properties":{"parcel":"62260","address":"11105 Askew Ave","owner":"Smith Luther Ray Jr","point":[-94.54889875580068,38.92286451937453],"permit_status":"cancelled","current_permit":false,"source_url":"https://mapd.kcmo.org/kcgis/rest/services/AGOL/MapServer/6/query","retrieved_at":"2026-10-06T02:34:59.880305+00:00"}},{"type":"Feature","geometry":{"type":"Polygon","coordinates":[[[-94.4371843740415,39.01478550107791],[-94.43693652260896,39.01477461327969],[-94.43691590686257,39.015102533567834],[-94.43716202861727,39.01511303150049],[-94.4371843740415,39.01478550107791]]]},"properties":{"parcel":"63694","address":"12300 E 59th St","owner":"Rice Rhonda M","point":[-94.43704971596125,39.014944017322875],"permit_status":"denied","current_permit":false,"source_url":"https://mapd.kcmo.org/kcgis/rest/services/AGOL/MapServer/6/query","retrieved_at":"2026-10-06T02:34:59.880305+00:00"}},{"type":"Feature","geometry":{"type":"Polygon","coordinates":[[[-94.42384659077452,39.02627455153565],[-94.4234279247437,39.02625839864338],[-94.42341807761366,39.02646747799797],[-94.423421978888,39.02646761841696],[-94.42383724377281,39.02648342703922],[-94.42384659077452,39.02627455153565]]]},"properties":{"parcel":"64031","address":"5206 Pleasant St","owner":"Burris Nave Living Trust Dated 03/21/2024","point":[-94.42363244746218,39.02637101476681],"permit_status":"denied","current_permit":false,"source_url":"https://mapd.kcmo.org/kcgis/rest/services/AGOL/MapServer/6/query","retrieved_at":"2026-10-06T02:34:59.880305+00:00"}},{"type":"Feature","geometry":{"type":"Polygon","coordinates":[[[-94.42577602626307,39.01786433006764],[-94.42377571970188,39.017779408996866],[-94.4236853305831,39.01957349621291],[-94.42368518068055,39.01957651640767],[-94.42568535243512,39.01967036138435],[-94.42573132662787,39.01876153414835],[-94.42577602626307,39.01786433006764]]]},"properties":{"parcel":"64162","address":"5665 McCoy St","owner":"Ronnie J Boles Family Trust","point":[-94.42475125817973,39.01831293210799],"permit_status":"cancelled","current_permit":false,"source_url":"https://mapd.kcmo.org/kcgis/rest/services/AGOL/MapServer/6/query","retrieved_at":"2026-10-06T02:34:59.880305+00:00"}},{"type":"Feature","geometry":{"type":"Polygon","coordinates":[[[-94.48751499668553,38.9625283797257],[-94.4874560057947,38.962132071545],[-94.48745363475851,38.96213241450867],[-94.48710120656581,38.962179786009365],[-94.48715186829656,38.96256492797892],[-94.48717393658193,38.962563008954696],[-94.48719263591325,38.962561294915744],[-94.4872206545163,38.96255864319201],[-94.48737516733804,38.96254273467016],[-94.48751499668553,38.9625283797257]]]},"properties":{"parcel":"66347","address":"8625 E 89th St","owner":"Biggers Priest O","point":[-94.48730659302973,38.962354082867535],"permit_status":"denied","current_permit":false,"source_url":"https://mapd.kcmo.org/kcgis/rest/services/AGOL/MapServer/6/query","retrieved_at":"2026-10-06T02:34:59.880305+00:00"}},{"type":"Feature","geometry":{"type":"Polygon","coordinates":[[[-94.47646411734009,38.9609929678272],[-94.47641556549941,38.96096314434143],[-94.47623313751679,38.96085110365952],[-94.47619138367209,38.960825491040325],[-94.47599438524115,38.96116436761907],[-94.47599840062793,38.96116560345987],[-94.47601592359649,38.96117135082551],[-94.47603332928578,38.96117725776105],[-94.47605058983078,38.96118339347663],[-94.47606773235616,38.96118971221535],[-94.47608475686214,38.96119621340524],[-94.47610166553093,38.9612029445254],[-94.47611848547997,38.961209880984065],[-94.47613512954362,38.96121695469176],[-94.47615165630562,38.96122425661349],[-94.47616800716663,38.96123174269089],[-94.47618424146634,38.96123943467341],[-94.47620029840827,38.961247285642074],[-94.47621623805604,38.96125534365983],[-94.47622719774915,38.96126104274941],[-94.47646411734009,38.9609929678272]]]},"properties":{"parcel":"66732","address":"9119 E 89th St","owner":"Scott Roy J","point":[-94.4762162911828,38.961078667723136],"permit_status":"denied","current_permit":false,"source_url":"https://mapd.kcmo.org/kcgis/rest/services/AGOL/MapServer/6/query","retrieved_at":"2026-10-06T02:34:59.880305+00:00"}},{"type":"Feature","geometry":{"type":"Polygon","coordinates":[[[-94.42946360677959,38.957948714466106],[-94.4294957729059,38.95751607177296],[-94.42967965618062,38.95752542730718],[-94.42968761649847,38.95741699728222],[-94.42950068748837,38.95740734303652],[-94.42955569772374,38.956248440185874],[-94.42856473679501,38.956200382713135],[-94.42846703923432,38.95619570086183],[-94.42840090091472,38.9561925713376],[-94.4285527110035,38.95644380902898],[-94.42946360677959,38.957948714466106]]]},"properties":{"parcel":"67384","address":"9060 Noland Rd","owner":"Koster Jessica","point":[-94.42918393641109,38.95692557603275],"permit_status":"denied","current_permit":false,"source_url":"https://mapd.kcmo.org/kcgis/rest/services/AGOL/MapServer/6/query","retrieved_at":"2026-10-06T02:34:59.880305+00:00"}},{"type":"Feature","geometry":{"type":"Polygon","coordinates":[[[-94.45432450153532,38.95525712154392],[-94.4541669941291,38.95525033213438],[-94.45418303020483,38.954921764644425],[-94.4541585330473,38.95492070191513],[-94.4534990820605,38.954892320539635],[-94.45345507845731,38.95581400482918],[-94.45429681023735,38.95584774411479],[-94.45429693012879,38.95584472497953],[-94.45431095363963,38.9555463359563],[-94.45432450153532,38.95525712154392]]]},"properties":{"parcel":"67707","address":"9200 Northern Ave","owner":"Thompson David Lawrence & Sonya Denise","point":[-94.4538962445881,38.95540172875011],"permit_status":"cancelled","current_permit":false,"source_url":"https://mapd.kcmo.org/kcgis/rest/services/AGOL/MapServer/6/query","retrieved_at":"2026-10-06T02:34:59.880305+00:00"}},{"type":"Feature","geometry":{"type":"Polygon","coordinates":[[[-94.45575399068332,38.94619593090953],[-94.45547396907519,38.94618424591578],[-94.45545625317979,38.946540980884684],[-94.45570562807464,38.94655137236979],[-94.45573615973122,38.94655264242357],[-94.45575399068332,38.94619593090953]]]},"properties":{"parcel":"67972","address":"10904 E 97th Ter","owner":"Davis Rickey & Jackie L","point":[-94.45560509382605,38.94636845589711],"permit_status":"cancelled","current_permit":false,"source_url":"https://mapd.kcmo.org/kcgis/rest/services/AGOL/MapServer/6/query","retrieved_at":"2026-10-06T02:34:59.880305+00:00"}},{"type":"Feature","geometry":{"type":"Polygon","coordinates":[[[-94.47825167795271,38.950129200534924],[-94.47780587539717,38.95011122345099],[-94.47780197821011,38.95011106254088],[-94.47779537730474,38.95023008971976],[-94.47779924519575,38.95023025062454],[-94.47823511576847,38.95024783690003],[-94.47825167795271,38.950129200534924]]]},"properties":{"parcel":"68257","address":"9525 Manning Ave","owner":"Majt Ouadie","point":[-94.47802140523582,38.95017964512734],"permit_status":"cancelled","current_permit":false,"source_url":"https://mapd.kcmo.org/kcgis/rest/services/AGOL/MapServer/6/query","retrieved_at":"2026-10-06T02:34:59.880305+00:00"}},{"type":"Feature","geometry":{"type":"Polygon","coordinates":[[[-94.49218070504372,38.956495756520845],[-94.49201519442174,38.956190509889545],[-94.49201311492303,38.95618671088611],[-94.49200232877942,38.95619048555528],[-94.49197009197057,38.95620169515892],[-94.49196478828084,38.95620354874793],[-94.49180647607012,38.95625874964782],[-94.49197544351905,38.95656797872022],[-94.49213258408753,38.95651270829931],[-94.49218070504372,38.956495756520845]]]},"properties":{"parcel":"68643","address":"8305 E 92nd St","owner":"Pearson Delshay","point":[-94.49199383916664,38.956377253084334],"permit_status":"cancelled","current_permit":false,"source_url":"https://mapd.kcmo.org/kcgis/rest/services/AGOL/MapServer/6/query","retrieved_at":"2026-10-06T02:34:59.880305+00:00"}},{"type":"Feature","geometry":{"type":"Polygon","coordinates":[[[-94.54432005625226,39.013785353214345],[-94.54410920720728,39.0137759832562],[-94.54406797805098,39.01454358933454],[-94.54406777429995,39.01454727268514],[-94.5441345878683,39.01455026772463],[-94.54427859704867,39.014556666179494],[-94.54432005625226,39.013785353214345]]]},"properties":{"parcel":"708","address":"3458 E 62nd St","owner":"Murrell Bryan M","point":[-94.54419400954643,39.01416447127444],"permit_status":"denied","current_permit":false,"source_url":"https://mapd.kcmo.org/kcgis/rest/services/AGOL/MapServer/6/query","retrieved_at":"2026-10-06T02:34:59.880305+00:00"}},{"type":"Feature","geometry":{"type":"Polygon","coordinates":[[[-94.49484990722127,38.933023118434],[-94.49484603949067,38.93302300385653],[-94.49441516220804,38.93301044505467],[-94.49440626979333,38.93322189118837],[-94.49483708902856,38.93323447232936],[-94.49484095677221,38.93323456459782],[-94.49484990722127,38.933023118434]]]},"properties":{"parcel":"70978","address":"10512 Skiles Ave","owner":"Pearson Delshay","point":[-94.49462807486861,38.93312250481118],"permit_status":"denied","current_permit":false,"source_url":"https://mapd.kcmo.org/kcgis/rest/services/AGOL/MapServer/6/query","retrieved_at":"2026-10-06T02:34:59.880305+00:00"}},{"type":"Feature","geometry":{"type":"Polygon","coordinates":[[[-94.46722150905661,38.92885131670276],[-94.46584774525421,38.92879519759567],[-94.4658459612991,38.928795124425385],[-94.4658442300755,38.928795045550196],[-94.46560710100232,38.928785365753455],[-94.46567093468948,38.93242791391869],[-94.46687538622629,38.93247733326278],[-94.46701995640983,38.932483263857414],[-94.46702382184745,38.93248342511891],[-94.46722150905661,38.92885131670276]]]},"properties":{"parcel":"71106","address":"10402 E 107th St","owner":"Townley James P & Gina","point":[-94.46638188592401,38.930639615310724],"permit_status":"denied","current_permit":false,"source_url":"https://mapd.kcmo.org/kcgis/rest/services/AGOL/MapServer/6/query","retrieved_at":"2026-10-06T02:34:59.880305+00:00"}},{"type":"Feature","geometry":{"type":"Polygon","coordinates":[[[-94.45329910292376,38.928729013286826],[-94.45329523552478,38.928728850998],[-94.44999156321812,38.92858115672505],[-94.44996615980473,38.92892196321094],[-94.45327878253663,38.92907071489506],[-94.45329910292376,38.928729013286826]]]},"properties":{"parcel":"71133","address":"10630 View High Dr","owner":"Green Summit LLC","point":[-94.4516333583461,38.92882548824888],"permit_status":"denied","current_permit":false,"source_url":"https://mapd.kcmo.org/kcgis/rest/services/AGOL/MapServer/6/query","retrieved_at":"2026-10-06T02:34:59.880305+00:00"}},{"type":"Feature","geometry":{"type":"Polygon","coordinates":[[[-94.49765334503802,39.18016068741182],[-94.49764931753865,39.180160710211005],[-94.4971949737188,39.18016285091266],[-94.49719494483769,39.18016834220279],[-94.49719373498907,39.18030095741741],[-94.49719758537357,39.1803009575101],[-94.49765154785459,39.1803004864862],[-94.49765325666198,39.180166178700865],[-94.49765334503802,39.18016068741182]]]},"properties":{"parcel":"75045","address":"4729 N Bristol Ave","owner":"White Arnold Jr","point":[-94.49742336527831,39.1802344143445],"permit_status":"cancelled","current_permit":false,"source_url":"https://mapd.kcmo.org/kcgis/rest/services/AGOL/MapServer/6/query","retrieved_at":"2026-10-06T02:34:59.880305+00:00"}},{"type":"Feature","geometry":{"type":"Polygon","coordinates":[[[-94.49405234542967,39.177420679601966],[-94.4938209644966,39.177418745036405],[-94.49380929215141,39.177783640852574],[-94.49404452450817,39.17778580444203],[-94.49405234542967,39.177420679601966]]]},"properties":{"parcel":"75081","address":"7316 NE 46th St","owner":"KC Legacy Properties LLC 1 Series LLC","point":[-94.49393177776162,39.177602160227266],"permit_status":"denied","current_permit":false,"source_url":"https://mapd.kcmo.org/kcgis/rest/services/AGOL/MapServer/6/query","retrieved_at":"2026-10-06T02:34:59.880305+00:00"}},{"type":"Feature","geometry":{"type":"Polygon","coordinates":[[[-94.52644374007728,39.17737097152154],[-94.52618290381471,39.17736926805781],[-94.52617892539276,39.177738993716936],[-94.52618280651224,39.177739015725365],[-94.52643873409923,39.17774060532887],[-94.52644374007728,39.17737097152154]]]},"properties":{"parcel":"75827","address":"4520 NE 46th St","owner":"Series 2 Jnv Properties LLC","point":[-94.52631107672002,39.17755498261924],"permit_status":"denied","current_permit":false,"source_url":"https://mapd.kcmo.org/kcgis/rest/services/AGOL/MapServer/6/query","retrieved_at":"2026-10-06T02:34:59.880305+00:00"}},{"type":"Feature","geometry":{"type":"Polygon","coordinates":[[[-94.52933528545249,39.17596199138036],[-94.52915961335027,39.175960616314505],[-94.52915275367262,39.17636255847701],[-94.52915272553304,39.176365601576265],[-94.52932839855688,39.1763667695845],[-94.52933528545249,39.17596199138036]]]},"properties":{"parcel":"75909","address":"4313 NE 45th Ter","owner":"Chacon Rosa","point":[-94.52924402480318,39.176162274928686],"permit_status":"denied","current_permit":false,"source_url":"https://mapd.kcmo.org/kcgis/rest/services/AGOL/MapServer/6/query","retrieved_at":"2026-10-06T02:34:59.880305+00:00"}},{"type":"Feature","geometry":{"type":"Polygon","coordinates":[[[-94.52798746519328,39.17415559570697],[-94.52753501084324,39.1741506921132],[-94.5275311012513,39.1741506472761],[-94.52752721032152,39.17442276480478],[-94.52798345765991,39.17442759773247],[-94.52798743631452,39.174158752637325],[-94.52798746519328,39.17415559570697]]]},"properties":{"parcel":"75978","address":"4416 N Cypress Ave","owner":"4416-18 N Cypress LLC","point":[-94.52775729029345,39.17429075872106],"permit_status":"denied","current_permit":false,"source_url":"https://mapd.kcmo.org/kcgis/rest/services/AGOL/MapServer/6/query","retrieved_at":"2026-10-06T02:34:59.880305+00:00"}},{"type":"Feature","geometry":{"type":"Polygon","coordinates":[[[-94.53479134485035,39.16863697475622],[-94.5343677898307,39.16863160913403],[-94.53436390919833,39.16863156451754],[-94.53433711006478,39.168767435795054],[-94.5343410193745,39.16876750442841],[-94.53476966097388,39.16877293669938],[-94.53479134485035,39.16863697475622]]]},"properties":{"parcel":"77851","address":"4112 N Mersington Ave","owner":"College Connections LLC","point":[-94.53456545882193,39.168702205275636],"permit_status":"cancelled","current_permit":false,"source_url":"https://mapd.kcmo.org/kcgis/rest/services/AGOL/MapServer/6/query","retrieved_at":"2026-10-06T02:34:59.880305+00:00"}},{"type":"Feature","geometry":{"type":"Polygon","coordinates":[[[-94.53308249034176,39.184876624030316],[-94.5330564835535,39.184524067947024],[-94.53292163150093,39.184532618190886],[-94.5328177363101,39.1845392130175],[-94.5328309218581,39.18488641933443],[-94.53287372728539,39.18488505789688],[-94.53293190772055,39.18488298223621],[-94.53299006013641,39.18488072236752],[-94.53304818304242,39.184878235390634],[-94.53308249034176,39.184876624030316]]]},"properties":{"parcel":"80241","address":"3905 NE 50th St","owner":"Zanter Whitney A","point":[-94.53294709431825,39.18470791852391],"permit_status":"denied","current_permit":false,"source_url":"https://mapd.kcmo.org/kcgis/rest/services/AGOL/MapServer/6/query","retrieved_at":"2026-10-06T02:34:59.880305+00:00"}},{"type":"Feature","geometry":{"type":"Polygon","coordinates":[[[-94.51394322668534,39.1885088294511],[-94.51393928719733,39.188506541887875],[-94.51364621101463,39.188336278165025],[-94.51357645159977,39.188382596134026],[-94.51350907255686,39.188427335041105],[-94.51344045947174,39.188472920624015],[-94.51336922843038,39.18852017673178],[-94.5133032594795,39.18856400014321],[-94.51323505695618,39.188609288112744],[-94.51317050038931,39.188652127433066],[-94.51309706563484,39.188700893724835],[-94.51339778575577,39.188875619606684],[-94.51340166790958,39.18887788374228],[-94.51347410214129,39.18882852363081],[-94.51353777800374,39.18878511223729],[-94.51360503955259,39.18873927392952],[-94.5136701256023,39.18869492477622],[-94.51374026719657,39.188647142366484],[-94.51380797017914,39.18860100758797],[-94.51387443764568,39.1885556966093],[-94.51394322668534,39.1885088294511]]]},"properties":{"parcel":"80655","address":"5615 NE Vivion Rd","owner":"Spoon River Properties LLC","point":[-94.513521593206,39.18860514785035],"permit_status":"denied","current_permit":false,"source_url":"https://mapd.kcmo.org/kcgis/rest/services/AGOL/MapServer/6/query","retrieved_at":"2026-10-06T02:34:59.880305+00:00"}},{"type":"Feature","geometry":{"type":"Polygon","coordinates":[[[-94.53017713869853,39.18932299612569],[-94.52973347318863,39.18933631271301],[-94.52973348114222,39.189355188420826],[-94.52973319525326,39.18937447662172],[-94.52973264474936,39.18939376489006],[-94.52973180096346,39.18941305266116],[-94.52973069035778,39.189432342216335],[-94.52972928791995,39.18945158436916],[-94.52972759073005,39.18947082774112],[-94.52972562892361,39.18949007003648],[-94.52972337235475,39.1895092900986],[-94.52972085263006,39.18952848791942],[-94.52971803887685,39.189547661790726],[-94.52971616132741,39.18955928548271],[-94.52972004248822,39.18955960481761],[-94.53017343282674,39.189595067222356],[-94.53017734264847,39.18959536365426],[-94.53018109243149,39.18932288069996],[-94.53017713869853,39.18932299612569]]]},"properties":{"parcel":"80768","address":"5234 N Spruce Ave","owner":"Bristow Regiane Goncalves","point":[-94.52995381409382,39.18946120605514],"permit_status":"denied","current_permit":false,"source_url":"https://mapd.kcmo.org/kcgis/rest/services/AGOL/MapServer/6/query","retrieved_at":"2026-10-06T02:34:59.880305+00:00"}},{"type":"Feature","geometry":{"type":"Polygon","coordinates":[[[-94.5277395245458,39.18607212083742],[-94.52773928872095,39.18606866653205],[-94.52773778047049,39.186048052263544],[-94.52773583076487,39.18602441674914],[-94.52773361646751,39.186000804177986],[-94.52773104936966,39.185977193406664],[-94.52773060680181,39.18597321175822],[-94.52728863241582,39.185970959425596],[-94.5272847515695,39.18597091457367],[-94.52728389015569,39.18602418024165],[-94.52728351749694,39.1860488682317],[-94.52728163658831,39.18616667961742],[-94.52728553286285,39.18616667870512],[-94.52773456424963,39.18616817431809],[-94.52773847448941,39.186168173387316],[-94.52773949542723,39.186074707468464],[-94.5277395245458,39.18607212083742]]]},"properties":{"parcel":"81095","address":"5015 N Kensington Ave","owner":"Quick Matthew D & Kristina K","point":[-94.52751129023368,39.18607039368474],"permit_status":"cancelled","current_permit":false,"source_url":"https://mapd.kcmo.org/kcgis/rest/services/AGOL/MapServer/6/query","retrieved_at":"2026-10-06T02:34:59.880305+00:00"}},{"type":"Feature","geometry":{"type":"Polygon","coordinates":[[[-94.51313063384805,39.18565878773365],[-94.51300427501057,39.18551415228695],[-94.51288432725437,39.18537702074827],[-94.51275899866711,39.18523373428371],[-94.51275302925687,39.18522693889872],[-94.51260410250484,39.185465437644915],[-94.51260122590547,39.185655871739904],[-94.51263312425797,39.185655821953354],[-94.512758133483,39.18565608346991],[-94.51287908622733,39.185656321276376],[-94.51300177375059,39.1856574974304],[-94.51313063384805,39.18565878773365]]]},"properties":{"parcel":"81349","address":"5026 N Topping Ave","owner":"Souders Harmony F","point":[-94.51277735188245,39.18542122919659],"permit_status":"denied","current_permit":false,"source_url":"https://mapd.kcmo.org/kcgis/rest/services/AGOL/MapServer/6/query","retrieved_at":"2026-10-06T02:34:59.880305+00:00"}},{"type":"Feature","geometry":{"type":"Polygon","coordinates":[[[-94.50893538702908,39.187973349523745],[-94.50849792776627,39.187971367632386],[-94.5084973783887,39.18804202275753],[-94.50849682840442,39.188113752686135],[-94.50849627879593,39.18818250816879],[-94.50850015827923,39.1881825301942],[-94.50893412020207,39.18818519818363],[-94.50893452311051,39.18811641982988],[-94.50893495503978,39.1880446441476],[-94.50893538702908,39.187973349523745]]]},"properties":{"parcel":"81940","address":"5200 N Wheeling Ave","owner":"Stiles Properties LLC","point":[-94.50871592022358,39.18807919841687],"permit_status":"denied","current_permit":false,"source_url":"https://mapd.kcmo.org/kcgis/rest/services/AGOL/MapServer/6/query","retrieved_at":"2026-10-06T02:34:59.880305+00:00"}},{"type":"Feature","geometry":{"type":"Polygon","coordinates":[[[-94.51140238774246,39.18880211147971],[-94.51107214877779,39.18859914948027],[-94.51106823655239,39.18859672396334],[-94.51101473445037,39.1886498343138],[-94.51096038123,39.188703791292],[-94.51096429124888,39.188706193360346],[-94.51129500089345,39.18890956746232],[-94.51134912024933,39.18885545019028],[-94.51140238774246,39.18880211147971]]]},"properties":{"parcel":"81966","address":"5814 NE Gunn Ave","owner":"Duru Pamela & Duru Chidera","point":[-94.51118331593153,39.18875415242003],"permit_status":"denied","current_permit":false,"source_url":"https://mapd.kcmo.org/kcgis/rest/services/AGOL/MapServer/6/query","retrieved_at":"2026-10-06T02:34:59.880305+00:00"}},{"type":"Feature","geometry":{"type":"Polygon","coordinates":[[[-94.51158709178335,39.1879383601972],[-94.5111932055872,39.1879354242534],[-94.5114027971047,39.18806486036617],[-94.51158709178335,39.1879383601972]]]},"properties":{"parcel":"81972","address":"5901 N Albany Ave","owner":"Morales Real Estate LLC","point":[-94.51139766141361,39.18800161028169],"permit_status":"denied","current_permit":false,"source_url":"https://mapd.kcmo.org/kcgis/rest/services/AGOL/MapServer/6/query","retrieved_at":"2026-10-06T02:34:59.880305+00:00"}},{"type":"Feature","geometry":{"type":"Polygon","coordinates":[[[-94.54194843711616,39.01203805030468],[-94.54156252823049,39.01202075249732],[-94.54156232560906,39.01202407032017],[-94.54154749734256,39.01229601731499],[-94.54192956619185,39.012312858358314],[-94.54193346620131,39.012313017695895],[-94.54194843711616,39.01203805030468]]]},"properties":{"parcel":"821","address":"6235 Swope Pkwy","owner":"Roath Antonio","point":[-94.54174797239934,39.01216703380983],"permit_status":"denied","current_permit":false,"source_url":"https://mapd.kcmo.org/kcgis/rest/services/AGOL/MapServer/6/query","retrieved_at":"2026-10-06T02:34:59.880305+00:00"}},{"type":"Feature","geometry":{"type":"Polygon","coordinates":[[[-94.50508315462254,39.18201766352356],[-94.50407007984285,39.18200598798531],[-94.50406618452988,39.18200594236057],[-94.5040110554614,39.182158739959625],[-94.50401499561436,39.1821587621323],[-94.50507469927305,39.18216656877334],[-94.50508022548321,39.182166591984966],[-94.50508315462254,39.18201766352356]]]},"properties":{"parcel":"82267","address":"4817 N Fremont Ave","owner":"Sanchez Justin A","point":[-94.50455913638982,39.18208820174159],"permit_status":"voided-city","current_permit":false,"source_url":"https://mapd.kcmo.org/kcgis/rest/services/AGOL/MapServer/6/query","retrieved_at":"2026-10-06T02:34:59.880305+00:00"}},{"type":"Feature","geometry":{"type":"Polygon","coordinates":[[[-94.49689010695077,39.18577862342165],[-94.49639774825485,39.185657457177804],[-94.49637642962361,39.18572689954311],[-94.49635164188486,39.18580762009469],[-94.49634529037945,39.18582832661794],[-94.49681939211233,39.18594503034152],[-94.49682521389225,39.1859330640743],[-94.49683456331532,39.18591315841922],[-94.49684367826967,39.1858931841159],[-94.49685249922017,39.18587314059077],[-94.49686102616593,39.1858530524403],[-94.4968636143947,39.18584678272044],[-94.49686931864461,39.185832872189394],[-94.49687734652022,39.18581262328969],[-94.49688507892276,39.18579230574037],[-94.49689010695077,39.18577862342165]]]},"properties":{"parcel":"82403","address":"5115 N Bristol Ave","owner":"Pilla Noelle Mikala","point":[-94.49661807901545,39.18579996291753],"permit_status":"denied","current_permit":false,"source_url":"https://mapd.kcmo.org/kcgis/rest/services/AGOL/MapServer/6/query","retrieved_at":"2026-10-06T02:34:59.880305+00:00"}},{"type":"Feature","geometry":{"type":"Polygon","coordinates":[[[-94.57653145088577,39.17462099416123],[-94.5762844965525,39.17461836582164],[-94.57620054356165,39.17483740901656],[-94.57620095600662,39.17483756833762],[-94.57652766140387,39.174840283505894],[-94.57653145088577,39.17462099416123]]]},"properties":{"parcel":"83441","address":"4405 N Oak Trfy","owner":"Tinh Ban LLC","point":[-94.57638579867742,39.174729201588896],"permit_status":"denied","current_permit":false,"source_url":"https://mapd.kcmo.org/kcgis/rest/services/AGOL/MapServer/6/query","retrieved_at":"2026-10-06T02:34:59.880305+00:00"}},{"type":"Feature","geometry":{"type":"Polygon","coordinates":[[[-94.5707332735501,39.17036098702357],[-94.57053033742952,39.17035907309443],[-94.57051990255299,39.170358965007374],[-94.57051617925642,39.170692449277645],[-94.57072905158834,39.17069449391125],[-94.5707332735501,39.17036098702357]]]},"properties":{"parcel":"84292","address":"806 NE 42nd St","owner":"Lake Kimberly & Skarda Nicholas","point":[-94.570624602564,39.17052671815061],"permit_status":"denied","current_permit":false,"source_url":"https://mapd.kcmo.org/kcgis/rest/services/AGOL/MapServer/6/query","retrieved_at":"2026-10-06T02:34:59.880305+00:00"}},{"type":"Feature","geometry":{"type":"Polygon","coordinates":[[[-94.58849375748046,39.17046151551577],[-94.58848628907683,39.17046019469504],[-94.58833890545895,39.170433445481656],[-94.5881370129238,39.170396829530354],[-94.58802776114744,39.17037702845855],[-94.58792272112515,39.17074225565929],[-94.58823245627782,39.170798262178266],[-94.58838733757558,39.17082621964353],[-94.58849375748046,39.17046151551577]]]},"properties":{"parcel":"84702","address":"421 NW Briarcliff Rd","owner":"Hays James Joseph II & Laura","point":[-94.58820794480239,39.17060188558753],"permit_status":"cancelled","current_permit":false,"source_url":"https://mapd.kcmo.org/kcgis/rest/services/AGOL/MapServer/6/query","retrieved_at":"2026-10-06T02:34:59.880305+00:00"}},{"type":"Feature","geometry":{"type":"Polygon","coordinates":[[[-94.58849489985802,39.16630746070614],[-94.58848499783318,39.1662389636529],[-94.58843508937629,39.1659096846757],[-94.58843091074654,39.1658822301877],[-94.5884283326304,39.16586543848101],[-94.5876279523143,39.165927569100816],[-94.58761686554215,39.16637223510519],[-94.58849489985802,39.16630746070614]]]},"properties":{"parcel":"84919","address":"3935 N Briarcliff Rd","owner":"Saldivar Michael & Damgar Katherine","point":[-94.58804273465509,39.16608326637686],"permit_status":"denied","current_permit":false,"source_url":"https://mapd.kcmo.org/kcgis/rest/services/AGOL/MapServer/6/query","retrieved_at":"2026-10-06T02:34:59.880305+00:00"}},{"type":"Feature","geometry":{"type":"Polygon","coordinates":[[[-94.57586415268906,39.16223456570501],[-94.57498587042573,39.16222493001814],[-94.57499535068004,39.16251733657043],[-94.5749951334424,39.162533489731594],[-94.57499426490094,39.16260194857809],[-94.57499846781035,39.16260201451475],[-94.57534939516307,39.16260597470107],[-94.57530632262544,39.16253701857592],[-94.57585384406643,39.16254316153967],[-94.57586415268906,39.16223456570501]]]},"properties":{"parcel":"85125","address":"3720 N Cherry St","owner":"Paudel Riddhi S & Danek George J","point":[-94.57542509823647,39.16237595113772],"permit_status":"denied","current_permit":false,"source_url":"https://mapd.kcmo.org/kcgis/rest/services/AGOL/MapServer/6/query","retrieved_at":"2026-10-06T02:34:59.880305+00:00"}},{"type":"Feature","geometry":{"type":"Polygon","coordinates":[[[-94.58281763341668,39.163708503772774],[-94.58281060722665,39.16370638088483],[-94.5827952608753,39.16370273091846],[-94.58277962163544,39.163699950614735],[-94.58276377844082,39.16369806279085],[-94.58274778789587,39.16369709085898],[-94.58249916257707,39.16369079081879],[-94.58248626067906,39.164119854489286],[-94.58248755462188,39.16411985357343],[-94.58250019292483,39.16411995902949],[-94.58273732263558,39.164121827279565],[-94.58281763341668,39.163708503772774]]]},"properties":{"parcel":"85241","address":"26 NW 38th St","owner":"Callaghan Curt","point":[-94.58263505755252,39.1639141786731],"permit_status":"cancelled","current_permit":false,"source_url":"https://mapd.kcmo.org/kcgis/rest/services/AGOL/MapServer/6/query","retrieved_at":"2026-10-06T02:34:59.880305+00:00"}},{"type":"Feature","geometry":{"type":"Polygon","coordinates":[[[-94.5855363497082,39.15979714189894],[-94.5853333160794,39.159689705700465],[-94.58521521408365,39.15962719176501],[-94.58483469377218,39.16007736772854],[-94.58492990169121,39.16016362690356],[-94.58508698349611,39.160305942565536],[-94.5855363497082,39.15979714189894]]]},"properties":{"parcel":"85292","address":"3624 N Briarcliff Rd","owner":"Davenport Irrevocable Trust","point":[-94.58518286541042,39.15993725481374],"permit_status":"cancelled","current_permit":false,"source_url":"https://mapd.kcmo.org/kcgis/rest/services/AGOL/MapServer/6/query","retrieved_at":"2026-10-06T02:34:59.880305+00:00"}},{"type":"Feature","geometry":{"type":"Polygon","coordinates":[[[-94.55939471536342,39.195035967156834],[-94.55913235457479,39.19501319683312],[-94.55910765795059,39.19540337653688],[-94.55937071131841,39.1954079675784],[-94.55939471536342,39.195035967156834]]]},"properties":{"parcel":"86822","address":"1513 NE Englewood Rd","owner":"Hunt Maria R","point":[-94.55925107354842,39.19521967184686],"permit_status":"denied","current_permit":false,"source_url":"https://mapd.kcmo.org/kcgis/rest/services/AGOL/MapServer/6/query","retrieved_at":"2026-10-06T02:34:59.880305+00:00"}},{"type":"Feature","geometry":{"type":"Polygon","coordinates":[[[-94.55112795011884,39.18325644304023],[-94.55112115549016,39.18325067959751],[-94.55110150321251,39.18323380308064],[-94.55108208749037,39.183216765722165],[-94.55106287822316,39.1831996138681],[-94.5510438444753,39.18318225543863],[-94.55102507526281,39.18316480651273],[-94.55100651248857,39.18314722021119],[-94.55098815391376,39.18312944963036],[-94.5509700319446,39.18311158799363],[-94.55095211419213,39.18309356610218],[-94.55093440289423,39.18307542971585],[-94.55091698547983,39.18305713303576],[-94.55090907179537,39.18304869363872],[-94.5509050144693,39.18305036567793],[-94.55051908951936,39.18320870559679],[-94.55051274192415,39.183211316138156],[-94.55083279383304,39.18347416500677],[-94.55112795011884,39.18325644304023]]]},"properties":{"parcel":"87916","address":"2405 NE Pence Ave","owner":"Fugate Jaycee T","point":[-94.55084030686213,39.183365304023496],"permit_status":"voided-city","current_permit":false,"source_url":"https://mapd.kcmo.org/kcgis/rest/services/AGOL/MapServer/6/query","retrieved_at":"2026-10-06T02:34:59.880305+00:00"}},{"type":"Feature","geometry":{"type":"Polygon","coordinates":[[[-94.55148842812375,39.18098096948662],[-94.55117448282351,39.18097742347152],[-94.55116220484362,39.181356854082104],[-94.55118692116613,39.181426376677166],[-94.55125650067784,39.18162211054797],[-94.55125700216544,39.18162345969722],[-94.55138938387879,39.181584024844184],[-94.55138929346849,39.18158098236673],[-94.55138142848364,39.1812768364837],[-94.55148842812375,39.18098096948662]]]},"properties":{"parcel":"87949","address":"2414 NE 48th St","owner":"Hess Ethan","point":[-94.551272981284,39.1813168452829],"permit_status":"cancelled","current_permit":false,"source_url":"https://mapd.kcmo.org/kcgis/rest/services/AGOL/MapServer/6/query","retrieved_at":"2026-10-06T02:34:59.880305+00:00"}},{"type":"Feature","geometry":{"type":"Polygon","coordinates":[[[-94.53225813116816,39.246284028210255],[-94.53189916606355,39.246273327087245],[-94.53187760988627,39.24675624129676],[-94.53223442874253,39.246765546247936],[-94.53223457448846,39.24676252717639],[-94.53225813116816,39.246284028210255]]]},"properties":{"parcel":"88304","address":"3921 NE 84th Ter","owner":"Minder Tim & Robin","point":[-94.53206732834728,39.24652013475351],"permit_status":"denied","current_permit":false,"source_url":"https://mapd.kcmo.org/kcgis/rest/services/AGOL/MapServer/6/query","retrieved_at":"2026-10-06T02:34:59.880305+00:00"}},{"type":"Feature","geometry":{"type":"Polygon","coordinates":[[[-94.51384200297157,39.2002200430035],[-94.5138409434173,39.200219036968186],[-94.5138316500524,39.20021009130275],[-94.51382259118161,39.200201031779265],[-94.51381376753108,39.200191812637044],[-94.51380515043823,39.200182477352165],[-94.51379673769384,39.20017300647667],[-94.51378858957997,39.200163397715414],[-94.51378067816542,39.200153675096104],[-94.51377303065496,39.2001438597798],[-94.51376561836888,39.200133907725444],[-94.51375841190978,39.200123863553046],[-94.51375149949179,39.20011370608802],[-94.51375126490221,39.20011331715062],[-94.51323193289716,39.2003239675605],[-94.51322805157477,39.20032554731383],[-94.51324343524891,39.20035199461975],[-94.51339836419312,39.20043768650573],[-94.51342921532823,39.200454728776315],[-94.51345944741524,39.20047145078602],[-94.51384200297157,39.2002200430035]]]},"properties":{"parcel":"90122","address":"5524 NE 58th St","owner":"Martinez Daniel Jordan","point":[-94.51356148686084,39.200272005282],"permit_status":"cancelled","current_permit":false,"source_url":"https://mapd.kcmo.org/kcgis/rest/services/AGOL/MapServer/6/query","retrieved_at":"2026-10-06T02:34:59.880305+00:00"}},{"type":"Feature","geometry":{"type":"Polygon","coordinates":[[[-94.51978133131172,39.09552494889748],[-94.5194001129865,39.09551265736424],[-94.51939500089671,39.09560891736685],[-94.5197763093084,39.095621255234725],[-94.51978133131172,39.09552494889748]]]},"properties":{"parcel":"9152","address":"1406 Hardesty Ave","owner":"Alonso Juan Jesus Fernandez","point":[-94.51958818627693,39.09556693313216],"permit_status":"denied","current_permit":false,"source_url":"https://mapd.kcmo.org/kcgis/rest/services/AGOL/MapServer/6/query","retrieved_at":"2026-10-06T02:34:59.880305+00:00"}},{"type":"Feature","geometry":{"type":"Polygon","coordinates":[[[-94.56808683905204,39.25721795458661],[-94.56788769772801,39.25692435935073],[-94.56786727457478,39.25689426107785],[-94.5678668906262,39.25689437570195],[-94.56717438395263,39.25708603171372],[-94.56716991326141,39.257087269816154],[-94.56720131904066,39.257153969417075],[-94.56720761709211,39.25715479003743],[-94.56721382849919,39.25715579260403],[-94.56721997979471,39.257157025149674],[-94.56722610408632,39.257158486511315],[-94.56723204902886,39.25716012930078],[-94.56723796696924,39.25716200262224],[-94.56724376736457,39.25716405847984],[-94.56724941857776,39.25716629689184],[-94.56725495523432,39.25716876531443],[-94.56726031252128,39.257171393428905],[-94.56726555522877,39.257174227529916],[-94.5672706185672,39.25717722189481],[-94.56727550770822,39.25718039882867],[-94.56728021966615,39.25718371371713],[-94.56728469711827,39.257187235233516],[-94.56728902530092,39.25719084778427],[-94.56729309175455,39.25719466640672],[-94.56729697877302,39.257198576080995],[-94.5673006040203,39.25720264778292],[-94.5673040211366,39.257206808837296],[-94.56730714408742,39.257211109630006],[-94.56731009130252,39.257215523208544],[-94.56731274573443,39.257219983288365],[-94.56731516265123,39.257224580785845],[-94.56731728607035,39.25722924709315],[-94.56731914466401,39.2572339593136],[-94.56732073847597,39.25723876320736],[-94.5673220674411,39.25724359070629],[-94.56732307347727,39.25724848588805],[-94.56732387131913,39.25725340464222],[-94.56732431747317,39.25725832359971],[-94.56732455913287,39.25726328843554],[-94.56732447409877,39.25726823115213],[-94.56732409697123,39.257273172893605],[-94.56732345348115,39.25727809248095],[-94.56732251785486,39.257282966477014],[-94.56732131515098,39.25728784005545],[-94.56731984824789,39.25729264571838],[-94.56731808697982,39.25729738348322],[-94.56731606153325,39.25730207506859],[-94.56731526776368,39.25730372289253],[-94.56732221527173,39.257305846723334],[-94.56794566602987,39.25749566324426],[-94.56806765066871,39.25721789716271],[-94.56808683905204,39.25721795458661]]]},"properties":{"parcel":"92248","address":"8954 NE Sammy Ln","owner":"Bryant Ttm","point":[-94.56768370211182,39.25719662124386],"permit_status":"denied","current_permit":false,"source_url":"https://mapd.kcmo.org/kcgis/rest/services/AGOL/MapServer/6/query","retrieved_at":"2026-10-06T02:34:59.880305+00:00"}},{"type":"Feature","geometry":{"type":"Polygon","coordinates":[[[-94.58037233955525,39.25087442396536],[-94.58037227996502,39.250874424006476],[-94.58033852843066,39.250874515361],[-94.5801884481995,39.250874916228916],[-94.58005420202113,39.25087528314091],[-94.58000697134857,39.250875406543535],[-94.5800058309641,39.25106309331836],[-94.58000577554127,39.25106611352892],[-94.5803345107352,39.251067832054744],[-94.5803687651732,39.25106803722353],[-94.58037233955525,39.25087442396536]]]},"properties":{"parcel":"92869","address":"8633 N Main St","owner":"WF MO LLC","point":[-94.58018849504325,39.25096924993095],"permit_status":"cancelled","current_permit":false,"source_url":"https://mapd.kcmo.org/kcgis/rest/services/AGOL/MapServer/6/query","retrieved_at":"2026-10-06T02:34:59.880305+00:00"}},{"type":"Feature","geometry":{"type":"Polygon","coordinates":[[[-94.51943146054961,39.090762226111124],[-94.51942752691923,39.0907620900542],[-94.51891382783714,39.09074553964768],[-94.51890527001832,39.09091078566667],[-94.51941873469615,39.09092740421953],[-94.51942269843042,39.09092754027172],[-94.51943146054961,39.090762226111124]]]},"properties":{"parcel":"9418","address":"1653 Hardesty Ave","owner":"Paredes Alexandro","point":[-94.51916832017815,39.0908365058889],"permit_status":"cancelled","current_permit":false,"source_url":"https://mapd.kcmo.org/kcgis/rest/services/AGOL/MapServer/6/query","retrieved_at":"2026-10-06T02:34:59.880305+00:00"}},{"type":"Feature","geometry":{"type":"Polygon","coordinates":[[[-94.59653337485246,39.227542162666865],[-94.5964774477229,39.22753843376979],[-94.59647494701422,39.22753827510761],[-94.59646968023061,39.227538050667576],[-94.59645346944465,39.22753733306956],[-94.59643337707926,39.227536663299084],[-94.59641328429187,39.22753622232732],[-94.59639322120313,39.22753598667719],[-94.59637310032862,39.22753598044526],[-94.59635300768232,39.22753618010816],[-94.59633291611618,39.22753663202077],[-94.59631282482967,39.22753728870733],[-94.59629279192531,39.22753815240784],[-94.5962727321195,39.22753924321297],[-94.59625267039036,39.22754054165393],[-94.59623269796016,39.227542068247494],[-94.5962127251068,39.22754382421186],[-94.59619278342116,39.227545785496716],[-94.59617286999331,39.22754797555668],[-94.5961530164149,39.22755037091352],[-94.59613895810557,39.227552236383914],[-94.5962206101586,39.227888827430455],[-94.59651457445415,39.22784097000467],[-94.59651523988144,39.22781186700313],[-94.59651625634089,39.22778024517432],[-94.5965175367911,39.227748600246414],[-94.59651914089788,39.22771700195451],[-94.59652098031174,39.227685380015245],[-94.59652311322682,39.22765380359297],[-94.59653337485246,39.227542162666865]]]},"properties":{"parcel":"95483","address":"7350 N Mulberry Dr","owner":"Davis Stephanie","point":[-94.59634757645635,39.227701190984874],"permit_status":"denied","current_permit":false,"source_url":"https://mapd.kcmo.org/kcgis/rest/services/AGOL/MapServer/6/query","retrieved_at":"2026-10-06T02:34:59.880305+00:00"}},{"type":"Feature","geometry":{"type":"Polygon","coordinates":[[[-94.59350335000877,39.22404773944944],[-94.59350349657453,39.224047351512404],[-94.59350437516916,39.224044420997664],[-94.59350501687567,39.22404142374844],[-94.59350536662774,39.224038426733586],[-94.59350542145201,39.22403540593123],[-94.59350521150294,39.224032363605254],[-94.59350470671716,39.2240293661323],[-94.59350393872002,39.22402641577503],[-94.59350287656095,39.22402346450986],[-94.59350154907389,39.224020627858614],[-94.59349998481966,39.22401781542163],[-94.59349815897447,39.22401516278394],[-94.59349606630023,39.224012601881235],[-94.59349379725128,39.22401013264081],[-94.59349126514138,39.22400782377287],[-94.59348855601245,39.22400567520834],[-94.59348564188817,39.224003663517436],[-94.59348255077595,39.2240018355821],[-94.59347925325977,39.22400019142592],[-94.59347589785874,39.223998706905476],[-94.5934723964165,39.22399745130413],[-94.59346877537718,39.223996401720434],[-94.59346500970669,39.22399553529426],[-94.5934612730204,39.22399489764669],[-94.59345747780625,39.22399448941999],[-94.59319694257479,39.223974425720904],[-94.59319097143357,39.2239741107471],[-94.59318476373389,39.223973977859835],[-94.5931784982408,39.22397407439244],[-94.59317232126806,39.22397437677572],[-94.59316611591709,39.223974907983354],[-94.59315993954833,39.22397566739749],[-94.59315382078415,39.22397661095083],[-94.59314776342022,39.223977828445165],[-94.5931417938099,39.2239792283386],[-94.59313591272034,39.223980834654725],[-94.59313012015147,39.22398264739362],[-94.59312444554877,39.22398468883992],[-94.59311882928199,39.22398691156488],[-94.59311339119573,39.22398929602455],[-94.59310812914123,39.22399188569309],[-94.59310295560648,39.223994681212424],[-94.59309798822537,39.22399765960836],[-94.59309393131053,39.224000111031906],[-94.59308817076341,39.224003341743476],[-94.59308229160466,39.22400641238815],[-94.59307617687529,39.22400930017915],[-94.59307000301118,39.22401195921506],[-94.59306365173364,39.224014481111205],[-94.59305721337623,39.224016774274574],[-94.59305062693085,39.22401886163406],[-94.59304398141057,39.22402076542677],[-94.59298459543072,39.22447052315019],[-94.59313132789883,39.224406867623465],[-94.59314055853184,39.22440283390055],[-94.59315349395119,39.2243969891067],[-94.59316631213652,39.224390915603195],[-94.59317895287529,39.22438468207883],[-94.59319147570496,39.22437826560583],[-94.59320376222531,39.22437166627895],[-94.59321593230807,39.22436488457438],[-94.59322789552635,39.2243579417287],[-94.59323974083617,39.22435081650654],[-94.59325138075451,39.224343531858224],[-94.59326290058685,39.22433608657149],[-94.59327412824844,39.22432848078413],[-94.59328523653058,39.22432069262171],[-94.59329610997474,39.22431272217673],[-94.59330683615237,39.224304613423485],[-94.59331729813641,39.224296368171665],[-94.59332761208974,39.224287962876154],[-94.59333768976458,39.22427939817961],[-94.59334756278106,39.22427067234081],[-94.59335717013327,39.22426181000487],[-94.59336663095586,39.224252810504375],[-94.59337582537731,39.22424367336344],[-94.59338478502156,39.22423439970079],[-94.59339353856932,39.22422498949349],[-94.59340205660301,39.22421544162116],[-94.59341030900153,39.224205778988186],[-94.59341829797408,39.22419600388087],[-94.59342608008161,39.22418606706152],[-94.59343362670717,39.22417601660151],[-94.59344087910877,39.22416592061662],[-94.59344792535289,39.224155641755026],[-94.59345467728302,39.22414524930012],[-94.59346119378986,39.22413478724908],[-94.59346738659637,39.224124233936585],[-94.59347334315714,39.224113545248116],[-94.5934790363792,39.22410280929425],[-94.59348446396841,39.22409195972428],[-94.59348959730343,39.22408104117755],[-94.59349446500737,39.22407001015882],[-94.5934990693123,39.22405888611446],[-94.59350335000877,39.22404773944944]]]},"properties":{"parcel":"95814","address":"7105 N Jarboe St","owner":"Marsh Cody J","point":[-94.59320772180739,39.224220215557324],"permit_status":"denied","current_permit":false,"source_url":"https://mapd.kcmo.org/kcgis/rest/services/AGOL/MapServer/6/query","retrieved_at":"2026-10-06T02:34:59.880305+00:00"}},{"type":"Feature","geometry":{"type":"Polygon","coordinates":[[[-94.59168437525405,39.09205691806268],[-94.59168251097915,39.09209105641754],[-94.59167890060658,39.092159335893726],[-94.59168280508955,39.09215947068],[-94.59215445516989,39.09217543512659],[-94.59215818332366,39.09210720187641],[-94.59216004739791,39.09207308525099],[-94.59216056342089,39.09206349782181],[-94.59168480328603,39.09204735244144],[-94.59168437525405,39.09205691806268]]]},"properties":{"parcel":"123533","source_parcel":"290189","address":"1723 Jefferson St","owner":"Gonzales Jeremiah James & Lauren","point":[-94.59191851900039,39.092133268885064],"permit_status":"expired","current_permit":false,"match_basis":"exact_saved_permit_address","source_url":"https://mapd.kcmo.org/kcgis/rest/services/AGOL/MapServer/6/query","retrieved_at":"2026-10-06T02:34:59.880305+00:00"}},{"type":"Feature","geometry":{"type":"Polygon","coordinates":[[[-94.57936954473874,39.06196019822759],[-94.57936294774899,39.062070832145345],[-94.57935940258541,39.0621286532929],[-94.57935456072386,39.06220791638358],[-94.57982985727742,39.062227337602515],[-94.57983818468806,39.06209025337168],[-94.57984486810825,39.061978841992016],[-94.57984734433836,39.06193644267382],[-94.57984745740183,39.06193259747137],[-94.57984730632911,39.06192875416585],[-94.57984686171753,39.06192486472757],[-94.57984609432215,39.06192102127197],[-94.57984509218967,39.061917224310754],[-94.5798437672722,39.06191347218817],[-94.579842208403,39.061909812321105],[-94.5798403546314,39.06190619841759],[-94.57983826688168,39.06190265331671],[-94.57983585645152,39.06189924572175],[-94.57983329945803,39.06189599782088],[-94.5798304783539,39.061892774125646],[-94.57982745196334,39.06188968728387],[-94.57982416161549,39.06188676078855],[-94.57982066598194,39.06188397171868],[-94.57981699443707,39.061881342934974],[-94.57981311692426,39.06187889733882],[-94.57980903559313,39.06187658916705],[-94.57980483709952,39.06187448700287],[-94.57980051995017,39.061872567966425],[-94.57979614506931,39.06187085489688],[-94.57979153494902,39.061869393677355],[-94.57978683767058,39.0618680692303],[-94.57978205333887,39.06186697479503],[-94.57977718035579,39.061865994252386],[-94.57977233708132,39.061865333448935],[-94.57976737667111,39.06186490267787],[-94.57976385457582,39.06186467627838],[-94.57937625871911,39.06184922158716],[-94.57936954473874,39.06196019822759]]]},"properties":{"parcel":"131782","source_parcel":"293075","address":"500 E 36th St","owner":"Hays Jeffery","point":[-94.57960389965713,39.06202483706868],"permit_status":"expired","current_permit":false,"match_basis":"exact_saved_permit_address","source_url":"https://mapd.kcmo.org/kcgis/rest/services/AGOL/MapServer/6/query","retrieved_at":"2026-10-06T02:34:59.880305+00:00"}},{"type":"Feature","geometry":{"type":"Polygon","coordinates":[[[-94.64929775818229,39.311450064212664],[-94.6492971503518,39.31113631308821],[-94.64929714519805,39.31113388783104],[-94.64929361085824,39.31113386948361],[-94.64924569122428,39.31113367867457],[-94.64899829225607,39.311134316458975],[-94.64899745906047,39.31145005940484],[-94.64900134679833,39.311450054429095],[-94.64924530259718,39.311449513143],[-94.64929775818229,39.311450064212664]]]},"properties":{"parcel":"171349","source_parcel":"292967","address":"6000 NW Cookingham Dr","owner":"Elam, Bryan E","point":[-94.64914766373894,39.31129291311561],"permit_status":"expired","current_permit":false,"match_basis":"exact_saved_permit_address","source_url":"https://mapd.kcmo.org/kcgis/rest/services/AGOL/MapServer/6/query","retrieved_at":"2026-10-06T02:34:59.880305+00:00"}},{"type":"Feature","geometry":{"type":"Polygon","coordinates":[[[-94.60091275843092,39.04618645478493],[-94.60094767737182,39.04618768301802],[-94.60095078853539,39.04618779472983],[-94.60108127969809,39.046192349419535],[-94.60137917645794,39.04620279913546],[-94.60138643156223,39.0460854590098],[-94.6013916938642,39.04598935523213],[-94.60139698475987,39.045893250855734],[-94.60109961810633,39.04588325834262],[-94.60110505610088,39.04578715442208],[-94.60076487787786,39.045775709754835],[-94.60076100380968,39.04577557638822],[-94.60075571209396,39.04587170419171],[-94.60075045040566,39.045967807942525],[-94.6007471038071,39.046028651716085],[-94.60074684643682,39.04603389109225],[-94.60074679702005,39.046039382550674],[-94.60074709824116,39.04604487370624],[-94.60074766277508,39.0460503417535],[-94.6007485214627,39.04605580897461],[-94.60074961552485,39.04606120849376],[-94.6007504104545,39.04606413656217],[-94.60075103088228,39.04606660716333],[-94.60075271165587,39.046071914080024],[-94.60075465500815,39.04607719731694],[-94.60075617883558,39.04608304435836],[-94.60075764699023,39.04608842925369],[-94.60076131713973,39.0461009493711],[-94.60076663176466,39.046111812634656],[-94.60077408828427,39.04612468184626],[-94.60077802729877,39.046129208860854],[-94.60078225810453,39.04613362064669],[-94.60078666547112,39.046137873257535],[-94.60079130664577,39.04614198780878],[-94.60079618382915,39.04614596429847],[-94.60080123687318,39.04614980506662],[-94.60080646424163,39.04615346149268],[-94.6008118974773,39.04615693354933],[-94.60081750657356,39.04616026988437],[-94.60082326282185,39.04616340016386],[-94.60082916408571,39.04616636957941],[-94.60083527118496,39.04616913231659],[-94.6008414660842,39.04617173538328],[-94.60084780736925,39.046174109514105],[-94.60085426576298,39.0461763004961],[-94.60086081115634,39.04617828490242],[-94.60086747509446,39.04618006442179],[-94.60087422599956,39.04618161448459],[-94.60088106393746,39.046182981424536],[-94.60088793239197,39.046184142409565],[-94.60089485770584,39.04618505165515],[-94.60090184364441,39.04618577780068],[-94.60090887103838,39.04618625279207],[-94.60091275843092,39.04618645478493]]]},"properties":{"parcel":"253098","source_parcel":"253101","address":"4504 Holly St","owner":"Melrose Investors LLC","point":[-94.60107107240697,39.04597858158733],"permit_status":"expired","current_permit":false,"match_basis":"exact_saved_permit_address","source_url":"https://mapd.kcmo.org/kcgis/rest/services/AGOL/MapServer/6/query","retrieved_at":"2026-10-06T02:34:59.880305+00:00"}},{"type":"Feature","geometry":{"type":"Polygon","coordinates":[[[-94.59201058579202,39.09541998055651],[-94.59201673199792,39.09526852201932],[-94.59183723808093,39.09526387631944],[-94.5918364118122,39.095285035903615],[-94.59184603725235,39.09530515476327],[-94.59196483683886,39.095418392119505],[-94.59201058579202,39.09541998055651]]]},"properties":{"parcel":"262580","source_parcel":"293552","address":"1601 Jefferson St","owner":"Skyline Condos LLC","point":[-94.59195919244472,39.09536177344138],"permit_status":"expired","current_permit":false,"match_basis":"exact_saved_permit_address","source_url":"https://mapd.kcmo.org/kcgis/rest/services/AGOL/MapServer/6/query","retrieved_at":"2026-10-06T02:34:59.880305+00:00"}},{"type":"Feature","geometry":{"type":"Polygon","coordinates":[[[-94.57069125866458,39.11082710672475],[-94.5706134763175,39.110843192624465],[-94.5705830262055,39.11084945862459],[-94.57067133700649,39.11111166253202],[-94.57069588474805,39.11110684271319],[-94.5707018161343,39.1111056727753],[-94.5707265099828,39.111100852861405],[-94.5707798932636,39.11109040976958],[-94.57078664684231,39.11108910090031],[-94.57069801215177,39.11082572979071],[-94.57069125866458,39.11082710672475]]]},"properties":{"parcel":"39216","source_parcel":"295521","address":"1036 E 5th St","owner":"Syaks Group LLC","point":[-94.57068485227126,39.11096927976245],"permit_status":"revoked","current_permit":false,"match_basis":"exact_saved_permit_address","source_url":"https://mapd.kcmo.org/kcgis/rest/services/AGOL/MapServer/6/query","retrieved_at":"2026-10-06T02:34:59.880305+00:00"}},{"type":"Feature","geometry":{"type":"Polygon","coordinates":[[[-94.55856958783109,39.159435873554585],[-94.55856590116343,39.15966121130161],[-94.55856577196784,39.15966844216286],[-94.55906512030822,39.15966986500944],[-94.55906841740122,39.15943744365515],[-94.55856958783109,39.159435873554585]]]},"properties":{"parcel":"85918","source_parcel":"296089","address":"3600 N Woodland Ave","owner":"Scantlin Natalie B","point":[-94.55881728094407,39.15954932747838],"permit_status":"revoked","current_permit":false,"match_basis":"exact_saved_permit_address","source_url":"https://mapd.kcmo.org/kcgis/rest/services/AGOL/MapServer/6/query","retrieved_at":"2026-10-06T02:34:59.880305+00:00"}},{"type":"Feature","geometry":{"type":"Polygon","coordinates":[[[-94.59942046017797,39.23702977462357],[-94.59942197538548,39.23702977447428],[-94.59988337630257,39.237029984908666],[-94.59988628314987,39.23702998641999],[-94.60077360850254,39.23703038672052],[-94.60077736741752,39.23662032431035],[-94.60073491125236,39.23662001783305],[-94.60038688512223,39.236618716684625],[-94.60009022957033,39.23661805676988],[-94.59988739545301,39.236617204140096],[-94.59988416443193,39.23690626669844],[-94.59988394537937,39.23694060026411],[-94.59942254608039,39.236940600327706],[-94.59942046017797,39.23702977462357]]]},"properties":{"parcel":"95356","source_parcel":"294993","address":"7825 N Platte Purchase Dr","owner":"Kennedy Tobin","point":[-94.6003309096747,39.236763295504396],"permit_status":"expired","current_permit":false,"match_basis":"exact_saved_permit_address","source_url":"https://mapd.kcmo.org/kcgis/rest/services/AGOL/MapServer/6/query","retrieved_at":"2026-10-06T02:34:59.880305+00:00"}}]}