listing_id,number,raw,method,source,evidence,matched_permit_ids
1008717953182062110,NSD-STR-00542,NSD-STR-00542,exact,listing_results\1008717953182062110\metadata.json,"plenty of places for relaxation, entertainment, and everything you could need for a trip to KCMO!

NSD-STR-00542

The space
Experience the ultimate in comfort and entertainment at our remarkable property! The man","[""865c95d1-c14f-484d-a513-d0ff25c8617c""]"
1016192656669107788,NSD-STR-00221,NSD-STR-00221,exact,listing_results\1016192656669107788\metadata.json,"ity House
description: Forget your worries in this spacious and serene space.

Registration Details
NSD-STR-00221","[""e0438d79-a876-4e5c-8109-62199d69a9a5""]"
1018040733801751486,NSD-STR-02540,NSD-STR-02540,exact,listing_results\1018040733801751486\metadata.json,"away.

Other things to note
No additional guests unless previously approved.

Registration Details
NSD-STR-02540","[""619cfdaa-83cd-49ff-98bc-587fd891ab6f""]"
1020254674032133941,NSD-STR-00542,NSD-STR-00542,exact,listing_results\1020254674032133941\metadata.json,"bedrooms. There is a 2-bedroom loft above. If you want the whole home, please ask me for the link.

NSD-STR-00542

The space
Welcome to your dream retreat! This spacious and luxurious home offers the perfect blend","[""865c95d1-c14f-484d-a513-d0ff25c8617c""]"
1026354924516703279,NSD-STR-02140,NSD-STR-02140,exact,listing_results\1026354924516703279\metadata.json,"y. Requests to alter dates that are within the cancellation time frame are subject to be declined.

NSD-STR-02140

Guest access
Access to entire house and backyard via keyless entry.  Garage not for guest use.

Ot","[""532b2cb4-9572-41de-84b0-2ff610344c3f""]"
1041164920479594021,NSD-STR-01283,NSD-STR-01283,exact,listing_results\1041164920479594021\metadata.json,"irectly in front of the stairs to the home.  Please do not park on the grass.

Registration Details
NSD-STR-01283","[""79afa06d-a9a4-4708-bc32-607c7549a90a""]"
1050325862274225741,NSD-STR-00721,NSD-STR-00721,exact,listing_results\1050325862274225741\metadata.json,"nal guests to the unit, you must discuss with the host prior to their arrival

Registration Details
NSD-STR-00721","[""5e960d2f-9f03-4c5a-8e8b-68bc8a8fe2de""]"
1050913137924891972,NSD-STR-00634,NSD-STR-00634,exact,listing_results\1050913137924891972\metadata.json,"evel is occupied, so please be courteous of noise levels especially at night.

Registration Details
NSD-STR-00634","[""a6f75cdd-20c3-49e4-b64e-0defe8bd8769""]"
1051719957213119608,NSD-STR-00777,NSD-STR-00777,exact,listing_results\1051719957213119608\metadata.json,"a pristine environment, ensuring the house is super clean for every arrival.

Registration Details
NSD-STR-00777","[""5fa09e5f-8f18-47a8-bb6f-cdc7b58323c0""]"
1057892693195490953,NSD-STR-01442,NSD-STR-01442,exact,listing_results\1057892693195490953\metadata.json,"Club Plaza offer!

Guest access
Digital Keypads on both front and back doors

Registration Details
NSD-STR-01442","[""a1c0410d-2f31-4ec9-80dd-df1a6c0d8b6c""]"
1060107046748932751,NSD-STR-03000,NSD-STR-03000,exact,listing_results\1060107046748932751\metadata.json,"Please do not touch or move the cameras as that is a house violation as well.

Registration Details
NSD-STR-03000","[""f4e552db-6d83-43ea-be9b-a26f5e1e7b4b""]"
1060956097363233320,NSD-STR-01663,NSD-STR-01663,exact,listing_results\1060956097363233320\metadata.json,"ighborhood and a great environment in the apartment. It has its own entrance.

Registration Details
NSD-STR-01663","[""d56aad78-60ab-4099-9cbd-b7e0ad495e00""]"
1061093812302174089,NSD-STR-00197,NSD-STR-00197,exact,listing_results\1061093812302174089\metadata.json,"t retreat for groups of 8-9 guests seeking a blend of convenience and luxury.

Registration Details
NSD-STR-00197","[""1e12049a-269e-416a-90d5-3b91af770e1d""]"
1064459566304752868,NSD-STR-02416,NSD-STR-02416,exact,listing_results\1064459566304752868\metadata.json,"iews
description: Enjoy a stylish experience at this centrally-located place.

Registration Details
NSD-STR-02416","[""fd849c14-5fe6-4c70-8a4c-2db619b71d8d""]"
1066620617296311579,NSD-STR-02001,NSD-STR-02001,exact,listing_results\1066620617296311579\metadata.json,"Space has a water softener system that leaves you with soft moisturized skin.

Registration Details
NSD-STR-02001","[""68bf104d-1167-4cd4-b423-dd45237de364""]"
1069640750020615228,NSD-STR-02778,STR-02778,exact,listing_results\1069640750020615228\metadata.json,"It sits on the top of a hill, behind a short gravel drive, and locked gate.

Registration Details
STR-02778","[""35e0bb7f-0837-4c2f-818e-ab0643148bd4""]"
1069640750020615228,STR-02778,STR-02778,exact,listing_details.csv / merged metadata,"It sits on the top of a hill, behind a short gravel drive, and locked gate.

Registration Details
STR-02778",[]
1071300661548121050,NSD-STR-00754,STR-00754,exact,listing_results\1071300661548121050\metadata.json,"in from the street to the patio/covered porch which is shared between units.

Registration Details
STR-00754","[""b143e7a1-8101-4e8f-a1ea-6bdf42417069""]"
1071300661548121050,STR-00754,STR-00754,exact,listing_details.csv / merged metadata,"in from the street to the patio/covered porch which is shared between units.

Registration Details
STR-00754",[]
1076113877971527759,NSD-STR-01628,NSD-STR-01628,exact,listing_results\1076113877971527759\metadata.json,"above the age of 25 yrs. Also, this is not an event space- not a party house.

Registration Details
NSD-STR-01628","[""8f3c976c-bbd8-4ee8-9a9a-638827018f3d""]"
1076174800510709512,NSD-STR-00269,NSD-STR-00269,exact,listing_results\1076174800510709512\metadata.json,"as you come in. Feel free to reach out if you have any additional questions!

Registration Details
NSD-STR-00269","[""6cc0d65f-9d7a-4515-b0e6-740e81fe85a3""]"
1078473531777448820,NSD-STR-02396,NSD-STR-02396,exact,listing_details.csv / merged metadata,"uests have access to the entire home, including the front porch and backyard.

Registration Details
NSD-STR-02396","[""289a8f50-a898-45ae-8dde-cc4e1e1893e2""]"
1080736909216673352,NSD-STR-01272,NSD-STR-01272,exact,listing_results\1080736909216673352\metadata.json,"onthly stays. Let us know in advance if you’d like to reserve the gated spot!

Registration Details
NSD-STR-01272","[""9e9fd842-6af9-43d8-be42-02cb44a812b1""]"
1081225337520708092,NSD-STR-01274,NSD-STR-01274,exact,listing_results\1081225337520708092\metadata.json,"onthly stays. Let us know in advance if you’d like to reserve the gated spot!

Registration Details
NSD-STR-01274","[""1be7add9-bef0-4a11-8046-2669db85fc9a""]"
1081365241674189281,NSD-STR-01327,NSD-STR-01327,exact,listing_results\1081365241674189281\metadata.json,". Please let us know in advance if you’d like us to reserve the spot for you.

Registration Details
NSD-STR-01327","[""ffe9c357-b93d-4ad5-819a-251440bec90a""]"
1081394472869979481,NSD-STR-01328,NSD-STR-01328,exact,listing_results\1081394472869979481\metadata.json,". Please let us know in advance if you’d like us to reserve the spot for you.

Registration Details
NSD-STR-01328","[""dbe77822-f1c4-4c22-87fd-95c5a9a11e87""]"
1081461250117222802,NSD-STR-01326,NSD-STR-01326,exact,listing_results\1081461250117222802\metadata.json,". Please let us know in advance if you’d like us to reserve the spot for you.

Registration Details
NSD-STR-01326","[""a46466d1-1f68-4b04-81bb-d23a49f25b52""]"
1081480085308829955,NSD-STR-00816,NSD-STR-00816,exact,listing_results\1081480085308829955\metadata.json,"d bedroom! Just remember to put them back where you found them. Thank you! :)

Registration Details
NSD-STR-00816","[""23e3ffdc-ed54-4dc6-b62f-34d4bd686e9c""]"
1086219963696640684,NSD-STR-01422,NSD-STR-01422,exact,listing_results\1086219963696640684\metadata.json,"are NOT in the unit itself. 

ABSOLUTELY NO PARTIES.

ABSOLUTELY NO SMOKING.

Registration Details
NSD-STR-01422","[""5a4cd4b1-82fa-4817-a448-b28bf3bfaafb""]"
1086333302898531493,NSD-STR-00755,STR00755,exact,listing_results\1086333302898531493\metadata.json,"nutes from the highway, it offers both style and accessibility for your stay.

Registration Details
STR00755","[""534e66f4-3c67-45a0-a39d-dc33b01ebe78""]"
1086333302898531493,STR00755,STR00755,exact,listing_details.csv / merged metadata,"nutes from the highway, it offers both style and accessibility for your stay.

Registration Details
STR00755",[]
1090515256401547675,NSD-STR-01774,NSD-STR-01774,exact,listing_results\1090515256401547675\metadata.json,"movie over a roaring fire in our backyard with plenty of privacy and comfort.

Registration Details
NSD-STR-01774","[""06845122-bc97-4332-a3a2-819c2c06c7aa""]"
1093468705720212492,NSD-STR-02372,NSD-STR-02372,exact,listing_results\1093468705720212492\metadata.json,"tails in mind, I hope to ensure a pleasant and memorable stay for all my guest guests.

LICENSE NO: NSD-STR-02372

Registration Details
NSD-STR-02372","[""591e52e5-56a0-49f1-a514-93343c0f2814""]"
1102859318635645475,NSD-STR-01533,NSD-STR-01533,exact,listing_results\1102859318635645475\metadata.json,"nights: $25/night
6-14 nights: $150
15-29 nights: $200
30 nights+: $300/month

Registration Details
NSD-STR-01533","[""245acb18-6d53-4e06-8c64-25f84ebf480d""]"
1102937767901869277,NSD-STR-02943,NSD-STR-02943,exact,listing_results\1102937767901869277\metadata.json,"arly check in and late checkout available upon availability at additional $35

Registration Details
NSD-STR-02943","[""7920804d-e555-4496-ae48-2f4072409b2f""]"
1102980862664997554,NSD-STR-00735,STR-00735,exact,listing_results\1102980862664997554\metadata.json,"nutes from the highway, it offers both style and accessibility for your stay.

Registration Details
STR-00735","[""e3ceb286-9bc7-4e28-a9fc-bad1b35368b8""]"
1102980862664997554,STR-00735,STR-00735,exact,listing_details.csv / merged metadata,"nutes from the highway, it offers both style and accessibility for your stay.

Registration Details
STR-00735",[]
1103081740566092825,NSD-STR-01532,NSD-STR-01532,exact,listing_results\1103081740566092825\metadata.json,"nights: $25/night
6-14 nights: $150
15-29 nights: $200
30 nights+: $300/month

Registration Details
NSD-STR-01532","[""8a5afbeb-75d7-4094-99e2-f1d5b6ed6006""]"
1103102786676313065,NSD-STR-01530,NSD-STR-01530,exact,listing_results\1103102786676313065\metadata.json,"nights: $25/night
6-14 nights: $150
15-29 nights: $200
30 nights+: $300/month

Registration Details
NSD-STR-01530","[""35e4428e-cef8-4956-88b3-7cd86342e9e7""]"
1103103762267102176,NSD-STR-01531,NSD-STR-01531,exact,listing_results\1103103762267102176\metadata.json,"nights: $25/night
6-14 nights: $150
15-29 nights: $200
30 nights+: $300/month

Registration Details
NSD-STR-01531","[""7fc7d581-0cc8-42d3-86df-1c7ad80b441a""]"
1105119134280782155,NSD-STR-00868,NSD-STR-00868,exact,listing_results\1105119134280782155\metadata.json,"office, they do not manage this property. Please contact us with any issues.

Registration Details
NSD-STR-00868","[""8ada29b5-0562-4fc8-adf3-4d49221f0008""]"
1105228253710258261,NSD-STR-00868,NSD-STR-00868,exact,listing_results\1105228253710258261\metadata.json,"ce, they do not manage these properties. Please communicate directly with us.

Registration Details
NSD-STR-00868","[""8ada29b5-0562-4fc8-adf3-4d49221f0008""]"
1107453753751729820,NSD-STR-02926,NSD-STR-02926,exact,listing_results\1107453753751729820\metadata.json,"as on the exterior of the house. 

*Smoking inside of the house is prohibited

Registration Details
NSD-STR-02926","[""9f938d93-4963-4bfe-b4ef-015b13cdb536""]"
1107491860700246019,NSD-STR-00630,NSD-STR-00630,exact,listing_results\1107491860700246019\metadata.json,"aft an unforgettable experience for you all. 

See you soon!

Ellie & Stephen

Registration Details
NSD-STR-00630","[""033d9e3b-37d4-4427-b457-b83a86a5b519""]"
1108830159697012368,NSD-STR-01297,NSD-STR-01297,exact,listing_results\1108830159697012368\metadata.json,"al safety awareness is recommended to ensure a safe and enjoyable experience.

Registration Details
NSD-STR-01297","[""0be3a2ee-666a-43d3-8189-21e7a3d9ae74""]"
1109735929239164143,NSD-STR-01297,NSD-STR-01297,exact,listing_results\1109735929239164143\metadata.json,"lcome to use the outdoor firepit but will need to provide their own firewood.

Registration Details
NSD-STR-01297","[""0be3a2ee-666a-43d3-8189-21e7a3d9ae74""]"
1110149401375213589,NSD-STR-02457,NSD-STR-02457,exact,listing_results\1110149401375213589\metadata.json,"Hideaway (airbnb.com/h/kchideaway) can both be reserved and rented together.

Registration Details
NSD-STR-02457","[""ef6be229-3fbb-4f98-8086-ff5dd31ad5fc""]"
1111112167822176790,NSD-STR-00542,NSD-STR-00542,exact,listing_results\1111112167822176790\metadata.json,"This unit only has 2 BEDROOMS. And this unit sits on top of our other unit.

Registration Details
NSD-STR-00542","[""865c95d1-c14f-484d-a513-d0ff25c8617c""]"
1115280052062939688,NSD-STR-01047,NSD STR 01047,exact,listing_results\1115280052062939688\metadata.json,"ivities are not allowed 
- Smoking or vaping inside the house are not allowed

Registration Details
NSD STR 01047","[""15f1edbb-2c74-4ae0-aae6-64993d088aa3""]"
1115366982409974303,NSD-STR-02070,STR-02070,exact,listing_results\1115366982409974303\metadata.json,"ng on the way up to the property.

Other things to note
Park near side entry.

Registration Details
STR-02070","[""611268db-ba9a-4c4f-8873-cef193f32bef""]"
1115366982409974303,STR-02070,STR-02070,exact,listing_details.csv / merged metadata,"ng on the way up to the property.

Other things to note
Park near side entry.

Registration Details
STR-02070",[]
11187136,NSD-STR-02968,NSD-STR-02968,exact,listing_results\11187136\metadata.json,"Items left behind can be shipped for a $25 handling fee plus shipping costs.

Registration Details
NSD-STR-02968","[""45fa36d0-f939-4078-8953-e3ce3c2662bb""]"
1120479471738846552,NSD-STR-01977,NSD-STR-01977,exact,listing_results\1120479471738846552\metadata.json,"sonable care for their own safety and the safety of others during their stay.

Registration Details
NSD-STR-01977","[""2a773db9-8aad-46ec-8226-2bd208f0e7e5""]"
1128189107410450343,NSD-STR-02673,NSD-STR-02673,exact,listing_results\1128189107410450343\metadata.json,"eded to cook, laundry room with washer and dryer, and parking spots (Carpot).

Registration Details
NSD-STR-02673","[""52a0ec68-771d-40b6-825f-109021ae9c27""]"
1131224767743325238,NSD-STR-01277,NSD-STR01277,exact,listing_results\1131224767743325238\metadata.json,"cess
Guess will be given a key code to enter the house on the day of arrival.

Registration Details
NSD-STR01277","[""752410ec-581f-44b3-9c7f-1e84c6d6be84""]"
1131425422371942455,NSD-STR-00936,NSD-STR-00936,exact,listing_results\1131425422371942455\metadata.json,"x office, they do not manage this property. Please contact us for any issues.

Registration Details
NSD-STR-00936","[""aeb16122-8e82-4ab9-a250-7314bf2b1f8d""]"
1133355405800878453,NSD-STR-01085,NSD-STR-01085,exact,listing_results\1133355405800878453\metadata.json,"sign a rental agreement outlining all house rules once booking is confirmed.

Registration Details
NSD-STR-01085","[""c34eba5f-9c83-4a34-99ce-dc9c617b34d9""]"
1136372969886637803,NSD-STR-02654,NSD-STR-02654,exact,listing_results\1136372969886637803\metadata.json,"Items left behind can be shipped for a $25 handling fee plus shipping costs.

Registration Details
NSD-STR-02654","[""b490486d-50d8-4015-a109-a70e15ae6221""]"
1139078805520119787,CD-STR-00941,CD-STR-00941,exact,listing_details.csv / merged metadata,"to a queen and can sleep two more people. This space is ideal for 2-8 people.

Registration Details
CD-STR-00941",[]
1147119607132789953,NSD-STR-01136,NSD-STR-01136,exact,listing_results\1147119607132789953\metadata.json,"s included with your stay, and additional street parking is available nearby.

Registration Details
NSD-STR-01136","[""78bc59d1-5a59-4d53-8759-3cf674d46485""]"
1157241159675603366,NSD-STR-02089,NSD-STR-02089,exact,listing_results\1157241159675603366\metadata.json,"nights: $25/night
6-14 nights: $150
15-29 nights: $200
30 nights+: $300/month

Registration Details
NSD-STR-02089","[""3d35ba99-39a4-4bb2-bc4e-eba9f7cefb75""]"
1157241288112694170,NSD-STR-02098,NSD-STR-02098,exact,listing_results\1157241288112694170\metadata.json,"nights: $25/night
6-14 nights: $150
15-29 nights: $200
30 nights+: $300/month

Registration Details
NSD-STR-02098","[""c1c09df8-de2b-4b77-828b-f8d7076b3052""]"
1166743729657673169,NSD-STR-01728,NSD-STR-01728,exact,listing_results\1166743729657673169\metadata.json,"off street parking

Front of house: Patio with furniture, off street parking

Registration Details
NSD-STR-01728","[""3f6cdd41-0ca6-4c38-ba2e-0c08b4ec9927""]"
1167700422428339878,NSD-STR-01386,NSD-STR-01386,exact,listing_results\1167700422428339878\metadata.json,"egal drug use are NOT tolerated and will result in removal from the property.

Registration Details
NSD-STR-01386","[""2e4abf8e-a109-4369-9773-00652d7f614a""]"
1170195171852539946,NSD-STR-01382,NSD-STR-01382,exact,listing_results\1170195171852539946\metadata.json,"ear all activities, 5 min drive from Westport, Plaza, Union Hill and 10 mins to Downtown/T-mobile.

NSD-STR-01382

The space
This is a second floor unit of a duplex home, ability to climb stairs is required. Enter","[""9081f378-404f-4159-b8d9-b280f0147463""]"
1174696233677232436,NSD-STR-00744,NSDSTR00744,exact,listing_results\1174696233677232436\metadata.json,"t central location to all Kansas City has to offer!

Guest access
Entire Home

Registration Details
NSDSTR00744","[""ff014def-c61d-4ac5-9023-5df18673dc5e""]"
1175337809600524741,NSD-STR-02393,NSD-STR-02393,exact,listing_results\1175337809600524741\metadata.json,"armly welcome pets at our property. Animals are permitted with a fee of $200 per pet. 

LICENSE NO: NSD-STR-02393

Registration Details
NSD-STR-02393","[""dc4dfcdc-e925-4112-ae04-26103df714d2""]"
1177104223823898859,NSD-STR-01142,NSD-STR-01142,exact,listing_results\1177104223823898859\metadata.json,"and amenities in the common area downstairs upon entrance like the umbrellas.

Registration Details
NSD-STR-01142","[""12918f43-4dd4-45dc-9dd4-4988260765ae""]"
1183992025917614906,NSD-STR-01382,NSD-STR-01382,exact,listing_results\1183992025917614906\metadata.json,"bedroom, central air conditioning.

Guest access
Self check-in with door code

Registration Details
NSD-STR-01382 NSD-STR-01386","[""9081f378-404f-4159-b8d9-b280f0147463""]"
1183992025917614906,NSD-STR-01386,NSD-STR-01386,exact,listing_results\1183992025917614906\metadata.json,"al air conditioning.

Guest access
Self check-in with door code

Registration Details
NSD-STR-01382 NSD-STR-01386","[""2e4abf8e-a109-4369-9773-00652d7f614a""]"
1185053065453422137,NSD-STR-01001,NSD-STR-01001,exact,listing_results\1185053065453422137\metadata.json,"needed.

✈️ Book now and embark on an extraordinary adventure in Kansas City!

Registration Details
NSD-STR-01001","[""dd4dd55f-3d35-43b0-b546-5b696d7bce28""]"
1185557724265763888,NSD-STR-01391,NSD-STR-01391,exact,listing_results\1185557724265763888\metadata.json,"great experience, we cannot take responsibility for any lost or stolen items.

Registration Details
NSD-STR-01391","[""9921a0d2-322b-4e54-91a7-d8d8e9a1b297""]"
1186930017712750058,NSD-STR-02041,NSD-STR-02041,exact,listing_results\1186930017712750058\metadata.json,"views.  Please reach out to me if interested in renting more than one space.

Registration Details
NSD-STR-02041","[""f64adb9a-e2e2-4e03-bc85-648916779b60""]"
1187616574662238212,NSD-STR-00997,NSD-STR-00997,exact,listing_results\1187616574662238212\metadata.json,"lways want to set the right expectations and appreciate your understanding! 💛

Registration Details
NSD-STR-00997","[""d078e662-3008-48f7-99dc-c9cb629e2dc9""]"
1187648647946749139,NSD-STR-00998,NSD-STR-00998,exact,listing_results\1187648647946749139\metadata.json,"lways want to set the right expectations and appreciate your understanding! 💛

Registration Details
NSD-STR-00998","[""0126cec6-e969-4b8b-8232-736c21147f49""]"
1187651325753130500,NSD-STR-00999,NSD-STR-00999,exact,listing_results\1187651325753130500\metadata.json,"lways want to set the right expectations and appreciate your understanding! 💛

Registration Details
NSD-STR-00999","[""9d4c1f3e-9107-45ad-8e33-d876d4b061bf""]"
1187655243721605128,NSD-STR-01000,NSD-STR-01000,exact,listing_results\1187655243721605128\metadata.json,"lways want to set the right expectations and appreciate your understanding! 💛

Registration Details
NSD-STR-01000","[""caf3fe03-33e9-40fb-9de2-8800d04cb681""]"
1187687926250697250,NSD-STR-01002,NSD-STR-01002,exact,listing_results\1187687926250697250\metadata.json,"needed.

✈️ Book now and embark on an extraordinary adventure in Kansas City!

Registration Details
NSD-STR-01002","[""8701db42-7894-4c83-89c0-6308c2ec540f""]"
1187700565363079936,NSD-STR-01003,NSD-STR-01003,exact,listing_results\1187700565363079936\metadata.json,"needed.

✈️ Book now and embark on an extraordinary adventure in Kansas City!

Registration Details
NSD-STR-01003","[""27d94de2-65bd-4901-b113-18d8d62d21f1""]"
1187707788630437628,NSD-STR-01004,NSD-STR-01004,exact,listing_results\1187707788630437628\metadata.json,"needed.

✈️ Book now and embark on an extraordinary adventure in Kansas City!

Registration Details
NSD-STR-01004","[""6885c420-2ad8-4fad-b02b-68846e4f0bc7""]"
1195115,NSD-STR-01273,NSD-STR-01273,exact,listing_results\1195115\metadata.json,"icrowave, fridge, coffee maker, and tea kettle on stovetop for boiling water.

Registration Details
NSD-STR-01273","[""efffed61-fc58-4101-aa70-30f78d8c0923""]"
1200243778400246689,NSD-STR-01164,NSD-STR-01164,exact,listing_results\1200243778400246689\metadata.json,"ut of the house or upstairs in my room with the door closed, text or call me.

Registration Details
NSD-STR-01164","[""bb94b2bb-7739-43fe-aa57-59c3cbdc2ef2""]"
1207711711875765810,NSD-STR-00763,NSD-STR-00763,exact,listing_results\1207711711875765810\metadata.json,"ion during your stay, please notify us promptly so we can work to address it.

Registration Details
NSD-STR-00763","[""bd5db86c-5936-4bf7-9b8c-d450a533b750""]"
1208839595293632319,NSD-STR-02146,NSD-STR-02146,exact,listing_results\1208839595293632319\metadata.json,"y. Requests to alter dates that are within the cancellation time frame are subject to be declined.

NSD-STR-02146

Guest access
Access to entire condo, plus one reserved parking space.

Other things to note
• No p","[""b3d43165-1768-4ffc-b771-8cfc87926834""]"
12113497,NSD-STR-02183,NSD-STR-02183,exact,listing_results\12113497\metadata.json,"House.

Other things to note
New exterior Deck for entertaining and relaxing.

Registration Details
NSD-STR-02183","[""6c9b6e1b-3035-44af-856f-5894f35d6d3c""]"
1212303693625318832,NSD-STR-01146,NSD-STR-01146,exact,listing_results\1212303693625318832\metadata.json,"r experiencing the energy of the city. As such, some noise is to be expected.

Registration Details
NSD-STR-01146","[""f99adf4d-1f36-4c30-b717-61748dcdcf31""]"
1212464852673911982,NSD-STR-01648,NSD-STR-01648,exact,listing_results\1212464852673911982\metadata.json,"iefs
description: Newly renovated full House. Minutes from Arrowhead stadium.

Registration Details
NSD-STR-01648","[""047ab224-6a20-483f-adfe-5f8acc84a095""]"
1218062778212963035,NSD-STR-01239,NSD-STR-01239,exact,listing_results\1218062778212963035\metadata.json,"n. No refund will be provided if cancelling less than 5 days before check in.

Registration Details
NSD-STR-01239","[""3690314a-4781-4942-992d-73e428689ca0""]"
1226309412369459432,NSD-STR-02042,NSD-STR-02042,exact,listing_results\1226309412369459432\metadata.json,"views.  Please reach out to me if interested in renting more than one space.

Registration Details
NSD-STR-02042","[""6836fa1b-5959-4108-9b9f-7f8430b585c8""]"
1229087142369884439,NSD-STR-01020,NSD-STR-01020,exact,listing_results\1229087142369884439\metadata.json,"prior to arrival. The key code is changed after every guest for their safety.

Registration Details
NSD-STR-01020","[""74d8b6ee-8613-4a09-bcd8-517e5d588bcc""]"
1229087175291734682,NSD-STR-01020,NSD-STR-01020,exact,listing_results\1229087175291734682\metadata.json,"cess
This rental is for the 2nd and 3rd floors inside the Ivy House building.

Registration Details
NSD-STR-01020","[""74d8b6ee-8613-4a09-bcd8-517e5d588bcc""]"
1229087240821902893,NSD-STR-01020,NSD-STR-01020,exact,listing_results\1229087240821902893\metadata.json,"servation without access to the property.

Guest access
Whole building access

Registration Details
NSD-STR-01020","[""74d8b6ee-8613-4a09-bcd8-517e5d588bcc""]"
1229087267216591327,NSD-STR-01020,NSD-STR-01020,exact,listing_results\1229087267216591327\metadata.json,"rior to arrival.  The key code is changed after every guest for their safety.

Registration Details
NSD-STR-01020","[""74d8b6ee-8613-4a09-bcd8-517e5d588bcc""]"
1233645286407607688,NSD-STR-02967,NSD-STR-02967,exact,listing_results\1233645286407607688\metadata.json,"ot. There is a one-time pet fee. Please include your pet on your reservation.

Registration Details
NSD-STR-02967","[""9095183b-e2ca-4d6c-b843-8888921e0045""]"
1235193814619010182,NSD-STR-02494,NSD-STR-02494,exact,listing_results\1235193814619010182\metadata.json,"yable as possible

Book your stay now and experience the best of Kansas City!

Registration Details
NSD-STR-02494","[""34f57855-9d41-45c6-b6df-75bae388f636""]"
1235204542655716450,NSD-STR-02493,NSD-STR-02493,exact,listing_results\1235204542655716450\metadata.json,"yable as possible

Book your stay now and experience the best of Kansas City!

Registration Details
NSD-STR-02493","[""e62f5c2e-3117-41eb-b32d-8872661a90f2""]"
1236429992581272159,NSD-STR-01083,NSD-STR-01083,exact,listing_results\1236429992581272159\metadata.json,"motion-sensored and monitor the outside only. No cameras are inside the home.

Registration Details
NSD-STR-01083","[""ea383ce2-5ebf-4239-8125-f007b91e7e2d""]"
1236952666668910847,NSD-STR-02952,NSD-STR-02952,exact,listing_results\1236952666668910847\metadata.json,"ness travelers, and are happy to answer any questions about our home or area.

Registration Details
NSD-STR-02952","[""80b1b26e-4686-48b3-bd07-86c7b5323ed6""]"
1241627403640913206,NSD-STR-01261,NSD-STR-01261,exact,listing_results\1241627403640913206\metadata.json,",  Liberty Memorial, Westport, and the Plaza. We are in the center of it all!

Registration Details
NSD-STR-01261","[""786f5da2-1dd3-4bed-8ce0-4113836390cc""]"
1241988263633311776,NSD-STR-01164,NSD-STR-01164,exact,listing_results\1241988263633311776\metadata.json,"trails just outside the door.

Perfect for a small group exploring the city!

Registration Details
NSD-STR-01164","[""bb94b2bb-7739-43fe-aa57-59c3cbdc2ef2""]"
1248450031374816521,NSD-STR-01824,NSD-STR-01824,exact,listing_results\1248450031374816521\metadata.json,"sts.**

The backyard area and grill are shared between the above 2 buildings.

Registration Details
NSD-STR-01824","[""2f049615-e29f-43a1-928a-4cdbfc22e943""]"
12593045,NSD-STR-00610,CD-STR-00610,exact,listing_results\12593045\metadata.json,"a complete restoration and has been featured in Kansas City Home and Garden and Ink Magazine. KCMO CD-STR-00610 Permit

Guest access
This listing is for the first and second floors of the house. The third floor","[""c92efa1c-5189-4a4f-90a5-d4ede97a1d71""]"
12593045,CD-STR-00610,CD-STR-00610,exact,listing_details.csv / merged metadata,"a complete restoration and has been featured in Kansas City Home and Garden and Ink Magazine. KCMO CD-STR-00610 Permit

Guest access
This listing is for the first and second floors of the house. The third floor","[""5b77f353-708e-4a72-90d1-2b00ad776f28""]"
1260420149091480930,NSD-STR-01982,STR-01982,exact,listing_results\1260420149091480930\metadata.json,"h enclosed porch.

Guest access
You can use the main space on the main level.

Registration Details
STR-01982","[""8b1ea27d-9288-4a88-95bf-e72c623b6278""]"
1260420149091480930,STR-01982,STR-01982,exact,listing_details.csv / merged metadata,"h enclosed porch.

Guest access
You can use the main space on the main level.

Registration Details
STR-01982",[]
1261670231032781841,NSD-STR-01442,NSD-STR-01442,exact,listing_results\1261670231032781841\metadata.json,"ocation in Midtown! Few minutes from The Plaza, Crossroads, Downtown, & more!

Registration Details
NSD-STR-01442, NSD-STR-01542","[""a1c0410d-2f31-4ec9-80dd-df1a6c0d8b6c""]"
1261670231032781841,NSD-STR-01542,NSD-STR-01542,exact,listing_results\1261670231032781841\metadata.json,"own! Few minutes from The Plaza, Crossroads, Downtown, & more!

Registration Details
NSD-STR-01442, NSD-STR-01542","[""181e056c-8e2d-479f-bb78-c8c4913f68c6""]"
1264633408288521387,NSD-STR-01303,NSD-STR-01303,exact,listing_results\1264633408288521387\metadata.json,"for understanding and keeping the property thriving for many guests to come!

Registration Details
NSD-STR-01303","[""d8feb2b0-eab2-4e1d-bbb3-5a7f22852f0a""]"
1268265414629833913,NSD-STR-01295,NSD-STR-01295,exact,listing_results\1268265414629833913\metadata.json,"improve your time with us, we thank you in advance for sharing your feedback.

Registration Details
NSD-STR-01295","[""0024c9e6-25d0-4ef9-92cf-eb6681c464fc""]"
1277698731608482287,NSD-STR-01279,STR-01279,exact,listing_results\1277698731608482287\metadata.json,"s walking distance to all of Waldo, shops restaurants, bars and so much more.

Registration Details
STR-01279","[""a1a6fd7d-29ba-496b-9b15-a072985157be""]"
1277698731608482287,STR-01279,STR-01279,exact,listing_details.csv / merged metadata,"s walking distance to all of Waldo, shops restaurants, bars and so much more.

Registration Details
STR-01279",[]
1282654842404850351,NSD-STR-01295,NSD-STR-01295,exact,listing_results\1282654842404850351\metadata.json,"improve your time with us, we thank you in advance for sharing your feedback.

Registration Details
NSD-STR-01295","[""0024c9e6-25d0-4ef9-92cf-eb6681c464fc""]"
1282679852479747682,NSD-STR-01295,NSD-STR-01295,exact,listing_results\1282679852479747682\metadata.json,"improve your time with us, we thank you in advance for sharing your feedback.

Registration Details
NSD-STR-01295","[""0024c9e6-25d0-4ef9-92cf-eb6681c464fc""]"
1282692175283603757,NSD-STR-01295,NSD-STR-01295,exact,listing_results\1282692175283603757\metadata.json,"improve your time with us, we thank you in advance for sharing your feedback.

Registration Details
NSD-STR-01295","[""0024c9e6-25d0-4ef9-92cf-eb6681c464fc""]"
12866153,NSD-STR-02771,NSD-STR-02771,exact,listing_results\12866153\metadata.json,".

TV: Located in your bedroom with access to Netflix, Hulu, and Amazon Prime

Registration Details
NSD-STR-02771","[""33c2bf18-616a-4979-94f3-9609135761d1""]"
1290600080701016062,NSD-STR-01378,STR-01378,exact,listing_results\1290600080701016062\metadata.json,"itchen
Full Bath
Washer and dryer
Large deck.
It will be great honor to host.

Registration Details
STR-01378","[""79f96a98-a467-4648-8ce6-3b6432b0ada3""]"
1290600080701016062,STR-01378,STR-01378,exact,listing_details.csv / merged metadata,"itchen
Full Bath
Washer and dryer
Large deck.
It will be great honor to host.

Registration Details
STR-01378",[]
1295114475862902648,NSD-STR-02454,NSD-STR-02454,exact,listing_results\1295114475862902648\metadata.json,"ms, and a spacious closet complete with a makeup vanity and custom built-ins.

Registration Details
NSD-STR-02454","[""7b73cb51-c1af-4619-8e99-780dbbadafeb""]"
1301541801237129980,NSD-STR-00733,CD-STR-00733,exact,listing_results\1301541801237129980\metadata.json,"Lukes on Barry-19 mi 
Liberty Medical Center- 20 mi 
Olathe Med Center 22 mi

Registration Details
CD-STR-00733","[""cede60e7-4223-486d-a4f4-5634e0816c37""]"
1301541801237129980,CD-STR-00733,CD-STR-00733,exact,listing_details.csv / merged metadata,"Lukes on Barry-19 mi 
Liberty Medical Center- 20 mi 
Olathe Med Center 22 mi

Registration Details
CD-STR-00733","[""1e34d947-fbf6-4d4f-bebd-1b191a3097a1""]"
1303052358432882039,NSD-STR-02297,NSD-STR-02297,exact,listing_details.csv / merged metadata,"e
Property has a fully fenced backyard, great for pets to run around and play

Registration Details
NSD-STR-02297","[""3bf38080-5b2a-41b6-856d-b0035c769832""]"
1303060478722047894,NSD-STR-02297,NSD-STR-02297,exact,listing_results\1303060478722047894\metadata.json,"y room located outside the entrance to your unit is shared with units B and A

Registration Details
NSD-STR-02297","[""3bf38080-5b2a-41b6-856d-b0035c769832""]"
1315562490518751783,NSD-STR-01467,NSD-STR-01467,exact,listing_results\1315562490518751783\metadata.json,"Laundry facilities are in the basement. There is no in unit washer and dryer.

Registration Details
NSD-STR-01467","[""ca7e4ad0-8741-4155-90c4-fcb7ce11ed22""]"
1320369692259220164,NSD-STR-01669,NSD-STR-01669,exact,listing_results\1320369692259220164\metadata.json,".

Guest access
You'll get a door code in the afternoon before your check-in.

Registration Details
NSD-STR-01669","[""90856084-2715-4e53-ab22-c7d44bfa6f1c""]"
1335575170462394413,NSD-STR-02115,NSD-STR-02115,exact,listing_results\1335575170462394413\metadata.json,"at spots in KC! As your host, I'm here to ensure you have a great experience!

Registration Details
NSD-STR-02115","[""d882e1ba-8f8c-4d1d-97b8-037280d7a3a0""]"
1344496345250892229,NSD-STR-01515,NSD-STR-01515,exact,listing_results\1344496345250892229\metadata.json,"ace.

Other things to note
We are 3 minutes from easy access to the highways.

Registration Details
NSD-STR-01515","[""7a03c2b6-6586-4c6c-9fe0-1728df5860e2""]"
1347133887069694995,NSD-STR-01404,NSD-STR-01404,exact,listing_results\1347133887069694995\metadata.json,"for your friend, you're welcome to look other spaces in the area.
Thank you!

Registration Details
NSD-STR-01404","[""7982284f-1268-48e2-bbb8-7841bb6170d9""]"
1348147038164287717,NSD-STR-01427,STR-01427,exact,listing_results\1348147038164287717\metadata.json,"nstairs
Laundry room Kitchen Small Dining room. Two Living rooms and a porch.

Registration Details
STR-01427","[""76f6a7f2-92cd-47a4-9da4-583ab8f50ac6""]"
1348147038164287717,STR-01427,STR-01427,exact,listing_details.csv / merged metadata,"nstairs
Laundry room Kitchen Small Dining room. Two Living rooms and a porch.

Registration Details
STR-01427",[]
13624003,NSD-STR-02073,NSD-STR-02073,exact,listing_results\13624003\metadata.json,"oom.  The full sized sectional couch can also be slept on. This home is legally permitted. Permit # NSD-STR-02073.

Guest access
Guests have access to the entire home except the basement.  During inclement weather","[""80140d92-04b9-405f-91ef-fc44a40a0e97""]"
13624003,NSD-STR-00690,CD-STR-00690,exact,listing_results\13624003\metadata.json,"Special arrangements for additional guests can be made with written consent.

Registration Details
CD-STR-00690","[""5e7ce2aa-23e3-4bbc-a3b4-2ca18c234240""]"
13624003,CD-STR-00690,CD-STR-00690,exact,listing_details.csv / merged metadata,"Special arrangements for additional guests can be made with written consent.

Registration Details
CD-STR-00690","[""32a5df8b-f7f4-4186-89d2-04486212869b""]"
1367673183412171754,NSD-STR-01340,NSD-STR-01340,exact,listing_results\1367673183412171754\metadata.json,"a security camera at the front door and the driveway for our guest's safety.

Registration Details
NSD-STR-01340","[""83344006-80ee-4542-87ea-3ebc28c0e906""]"
13731842,NSD-STR-00426,NSD-STR-00426,exact,listing_results\13731842\metadata.json,"mins away, SunFresh grocery store 4 min away & Save-A-Lot grocery 1 min away.

Registration Details
NSD-STR-00426","[""a1ca3b92-5cb7-446c-8ade-d89c51a71cd8""]"
1375703623598075095,NSD-STR-03018,STR-03018,exact,listing_results\1375703623598075095\metadata.json,"eds 

2.5 bathrooms

Guest access
Guests will have access to the entire house

Registration Details
STR-03018","[""0367339b-707b-46ba-b6a9-b79e2c4fbad9""]"
1375703623598075095,STR-03018,STR-03018,exact,listing_details.csv / merged metadata,"eds 

2.5 bathrooms

Guest access
Guests will have access to the entire house

Registration Details
STR-03018",[]
1394460366351529393,NSD-STR-01829,NSD-STR-01829,exact,listing_results\1394460366351529393\metadata.json,"e.

Guest access
Guest have access to the entire first floor or the building.

Registration Details
NSD-STR-01829","[""2ae6d578-2257-49e0-b9a5-c4e26f349af6""]"
1400740836084173778,NSD-STR-01515,NSD-STR-01515,exact,listing_results\1400740836084173778\metadata.json,"to a shared laundry room, patio, fire pit, and large backyard with a playset!

Registration Details
NSD-STR-01515","[""7a03c2b6-6586-4c6c-9fe0-1728df5860e2""]"
14052080,NSD-STR-02519,NSD-STR-02519,exact,listing_results\14052080\metadata.json,"is a $15 pet fee for each pet each night in the house.
Seriously NO smoking.

Registration Details
NSD-STR-02519","[""23f7a471-673f-4561-933b-cb965005598f""]"
1405268247360960543,NSD-STR-01699,NSD-STR-01699,exact,listing_results\1405268247360960543\metadata.json,"ease consider this upon booking if needing any ADA accomodations/wheelchairs.

Registration Details
NSD-STR-01699","[""1d3a95c8-ea20-46b4-a184-e412ccd14253""]"
1406111480915350018,NSD-STR-02032,STR-02032,exact,listing_results\1406111480915350018\metadata.json,"at easily folds up to open up more space. Parking is available on the street.

Registration Details
STR-02032","[""a07da1b6-96c1-4d9f-91c2-7c38991a348c""]"
1406111480915350018,STR-02032,STR-02032,exact,listing_details.csv / merged metadata,"at easily folds up to open up more space. Parking is available on the street.

Registration Details
STR-02032",[]
14086050,NSD-STR-01273,NSD-STR-01273,exact,listing_results\14086050\metadata.json,"idge, and coffee maker. Tea kettle may be used on stovetop for boiling water.

Registration Details
NSD-STR-01273","[""efffed61-fc58-4101-aa70-30f78d8c0923""]"
1410832266887042021,NSD-STR-02692,NSD-STR-02692,exact,listing_results\1410832266887042021\metadata.json,"Guest access
Guests will have access to their entire unit on the first floor.

Registration Details
NSD-STR-02692","[""91e8b241-eb44-48db-a3f0-063960f5ad04""]"
1411435,NSD-STR-01273,NSD-STR-01273,exact,listing_results\1411435\metadata.json,"wave, fridge, coffee maker and tea kettle on stovetop for boiling water only.

Registration Details
NSD-STR-01273","[""efffed61-fc58-4101-aa70-30f78d8c0923""]"
1411686687026566842,NSD-STR-02889,NSD-STR-02889,exact,listing_results\1411686687026566842\metadata.json,"rs. Please move indoors at 10pm or keep noise to a normal conversation level.

Registration Details
NSD-STR-02889","[""a5f23111-9b35-4025-bdb8-3e2612dfeede""]"
1411710009824292837,NSD-STR-00195,NSD-STR-00195,exact,listing_results\1411710009824292837\metadata.json,"nd a private balcony overlooking the backyard.

Professionally managed by Cozy In KC
STR License #: NSD-STR-00195

Guest access
Enjoy 24/7 access with WiFi-enabled smart locks. A unique, secure code is provided fo","[""23d54f5a-2b5f-457d-b5a7-e701f805b23d""]"
1411710009824292837,NSD-STR-01903,NSD-STR-01903,exact,listing_results\1411710009824292837\metadata.json,"rs. Please move indoors at 10pm or keep noise to a normal conversation level.

Registration Details
NSD-STR-01903","[""e76eff8c-b29f-47b5-a436-eb7ddc08270e""]"
1412426196691135618,NSD-STR-00195,NSD-STR-00195,exact,listing_results\1412426196691135618\metadata.json,"lows, and plenty of blankets to keep you warm! 

Professionally managed by Cozy In KC
STR license #:NSD-STR-00195

Guest access
Enjoy 24/7 secure access with WiFi-enabled smart locks. Your private code ensures a s","[""23d54f5a-2b5f-457d-b5a7-e701f805b23d""]"
1412426196691135618,NSD-STR-01903,NSD-STR-01903,exact,listing_results\1412426196691135618\metadata.json,"rs. Please move indoors at 10pm or keep noise to a normal conversation level.

Registration Details
NSD-STR-01903","[""e76eff8c-b29f-47b5-a436-eb7ddc08270e""]"
1413245670854557407,NSD-STR-02103,NSD-STR-02103,exact,listing_results\1413245670854557407\metadata.json,"you will be), you're likely see a new project completed each time you visit!

Registration Details
NSD-STR-02103","[""6472215b-441f-428c-a7d8-ac5b97b728aa""]"
1415996579632076676,NSD-STR-01085,NSD-STR-01085,exact,listing_results\1415996579632076676\metadata.json,"sign a rental agreement outlining all house rules once booking is confirmed.

Registration Details
NSD-STR-01085","[""c34eba5f-9c83-4a34-99ce-dc9c617b34d9""]"
1417162,NSD-STR-00384,NSD-STR-00384,exact,listing_results\1417162\metadata.json,"NSTANT BOOK tab and enter the dates for your stay. No waiting, fast and easy.

Registration Details
NSD-STR-00384","[""e12ea25f-749a-4799-9ccf-6c5a2cd7ae80""]"
1420489599602787526,NSD-STR-02071,STR-02071,exact,listing_results\1420489599602787526\metadata.json,"ful of quiet hours (11:00 pm -7:00 am).

Guest access
Access to entire house.

Registration Details
STR-02071","[""d751053f-5f19-4cda-994c-8db91de619ff""]"
1420489599602787526,STR-02071,STR-02071,exact,listing_details.csv / merged metadata,"ful of quiet hours (11:00 pm -7:00 am).

Guest access
Access to entire house.

Registration Details
STR-02071",[]
1425001884276430031,NSD-STR-01244,NSD-STR-01244,exact,listing_results\1425001884276430031\metadata.json,"to hosting you and hope you’ll feel right at home from the moment you arrive.

Registration Details
NSD-STR-01244","[""25e5e81f-bae9-4f63-a9af-f76749fc7d0e""]"
1425638534090728159,NSD-STR-01541,NSD-STR-01541,exact,listing_results\1425638534090728159\metadata.json,"no more than 2 additional vehicles on the street as there is limited parking.

Registration Details
NSD-STR-01541","[""11a9e42c-bb2e-4538-90b3-f57301ac2b6d""]"
1429261783581675509,NSD-STR-01596,NSD-STR-01596,exact,listing_results\1429261783581675509\metadata.json,"flair, this chic haven promises an unforgettable stay in KC’s cultural heart.

Registration Details
NSD-STR-01596","[""8ab69423-50ad-41ba-8778-4210d2a81299""]"
1431212089902027462,NSD-STR-00542,NSD-STR-00542,exact,listing_results\1431212089902027462\metadata.json,"wanting to enjoy their time in and out of the home will not be disappointed!

Registration Details
NSD-STR-00542","[""865c95d1-c14f-484d-a513-d0ff25c8617c""]"
1435547354209003088,NSD-STR-01710,STR-01710,exact,listing_results\1435547354209003088\metadata.json,"rivate patio.

On request, guests may also have access to laundry facilities.

Registration Details
STR-01710","[""cbbd3190-1e7e-4804-8a4a-f034fd8a702b""]"
1435547354209003088,STR-01710,STR-01710,exact,listing_details.csv / merged metadata,"rivate patio.

On request, guests may also have access to laundry facilities.

Registration Details
STR-01710",[]
1435643790203579864,NSD-STR-02116,NSD-STR-02116,exact,listing_results\1435643790203579864\metadata.json,"entire main floor and patio. The garage and basement will not be accessible.

Registration Details
NSD-STR-02116","[""76e8a9f4-bf48-4c48-a0a9-156d213fb2a1""]"
1436554857353732308,NSD-STR-01808,NSD-STR-01808,exact,listing_results\1436554857353732308\metadata.json,"d Cup.  This helps me protect my business during a time of maximum occupancy.

Registration Details
NSD-STR-01808","[""11b90eb1-4ac4-41a8-b2d1-ea1bee78eb1d""]"
1437076492613319837,NSD-STR-01307,NSD-STR-01307,exact,listing_results\1437076492613319837\metadata.json,"fully updated with a sleek kitchen, space to work remotely, and Smart TVs in every room.

The space
NSD-STR-01307

SLEEPING ARRANGEMENTS
- Bedroom 1: 1 king bed
- Bedroom 2: 1 king bed
- Living Room: 1 twin s","[""1b7ba5e9-d554-427f-bd5f-032f092de1b9""]"
1437076898967860190,NSD-STR-01307,NSD-STR-01307,exact,listing_results\1437076898967860190\metadata.json,", the private balcony makes it easy to enjoy your coffee or relax at the end of the day.

The space
NSD-STR-01307

SLEEPING ARRANGEMENTS
- Bedroom 1: 1 king bed
- Bedroom 2: 1 king bed
- Living Room: 1 twin s","[""1b7ba5e9-d554-427f-bd5f-032f092de1b9""]"
1440007374953402755,NSD-STR-01737,NSD-STR-01737,exact,listing_results\1440007374953402755\metadata.json,"is no cable. We provide smart TVs for streaming and access to local channels.

Registration Details
NSD-STR-01737","[""fdd6a8f1-7fa3-4a3f-b479-dfb5343d4a93""]"
1440216783806363311,NSD-STR-02558,NSD-STR-02558,exact,listing_results\1440216783806363311\metadata.json,"ional $250 cleaning fee with be assessed if glitter is found at the premises.

Registration Details
NSD-STR-02558","[""5eee534b-a067-48cc-b0e4-6fc846263422""]"
1440607443327704563,NSD-STR-01739,NSD-STR-01739,exact,listing_results\1440607443327704563\metadata.json,"g with cameras or safety equipment will be documented and reported to Airbnb.

Registration Details
NSD-STR-01739","[""24397c04-ab3b-4e83-ba37-a59aa3bf80cf""]"
1440640140285095834,NSD-STR-01763,NSD-STR-01763,exact,listing_results\1440640140285095834\metadata.json,"ose a spot that appears legal and accessible. Thank you for your cooperation!

Registration Details
NSD-STR-01763","[""f7b08edf-bc67-434d-807b-58d55afa8357""]"
1443766797691158822,NSD-STR-01734,NSD-STR-01734,exact,listing_results\1443766797691158822\metadata.json,"nd won't be on site) and also check out our reviews - this is never an issue.

Registration Details
NSD-STR-01734","[""d540502a-4dd0-4288-823d-69fcd77a2cf2""]"
1446521626013373430,NSD-STR-01501,NSDSTR01501,exact,listing_results\1446521626013373430\metadata.json,"ns are in garage.
Please place all soiled linens in laundry room to be washed

Registration Details
NSDSTR01501","[""0307ff56-7685-4c89-8bf8-528255bdde77""]"
1450000963217431604,NSD-STR-02889,NSD-STR-02889,exact,listing_results\1450000963217431604\metadata.json,"rs. Please move indoors at 10pm or keep noise to a normal conversation level.

Registration Details
NSD-STR-02889","[""a5f23111-9b35-4025-bdb8-3e2612dfeede""]"
1452498092894431430,NSD-STR-01515,NSDSTR01515,exact,listing_results\1452498092894431430\metadata.json,"e over a small crack in the full bath tub. The bathtub is usable as a shower.

Registration Details
NSDSTR01515","[""7a03c2b6-6586-4c6c-9fe0-1728df5860e2""]"
1455272768558125154,NSD-STR-01820,NSD-STR-01820,exact,listing_results\1455272768558125154\metadata.json,"you treat our home and belongings with the same respect you would your own 🤍

Registration Details
NSD-STR-01820","[""9837aab3-c1fb-4778-bab2-45da98c782de""]"
1462333707408561358,NSD-STR-01558,NSD-STR-01558,exact,listing_results\1462333707408561358\metadata.json,"or all our guests while protecting this beautifully restored historic home.

Registration Details:

NSD-STR-01558

Registration Details
NSD-STR-02266","[""bb4c8531-2708-45db-9563-ba4ffe5a03ea""]"
1462333707408561358,NSD-STR-02266,NSD-STR-02266,exact,listing_results\1462333707408561358\metadata.json,"his beautifully restored historic home.

Registration Details:

NSD-STR-01558

Registration Details
NSD-STR-02266","[""99315e15-c9e8-41a1-b0cd-14453ea36c54""]"
1465997833315527597,NSD-STR-01683,NSD-STR-01683,exact,listing_results\1465997833315527597\metadata.json,"l be given a personalized access code to on the morning of your check in day.

Registration Details
NSD-STR-01683","[""e3d35750-3c14-4289-80b5-55cf5004d395""]"
14687804,NSD-STR-01212,NSD-STR-01212,exact,listing_results\14687804\metadata.json,"is no cable. We provide smart TVs for streaming and access to local channels.

Registration Details
NSD-STR-01212","[""4b9dd06a-3b94-428e-824e-fc9a17d03b46""]"
1471243335653936715,NSD-STR-01763,NSD-STR-01763,exact,listing_results\1471243335653936715\metadata.json,"ose a spot that appears legal and accessible. Thank you for your cooperation!

Registration Details
NSD-STR-01763","[""f7b08edf-bc67-434d-807b-58d55afa8357""]"
1471268444387161644,NSD-STR-01763,NSD-STR-01763,exact,listing_results\1471268444387161644\metadata.json,"ose a spot that appears legal and accessible. Thank you for your cooperation!

Registration Details
NSD-STR-01763","[""f7b08edf-bc67-434d-807b-58d55afa8357""]"
1473177307907134975,NSD-STR-01483,NSD-STR-01483,exact,listing_results\1473177307907134975\metadata.json,"entire house. We do keep the basement locked as there is nothing down there.

Registration Details
NSD-STR-01483","[""3022ba69-f740-4516-9619-6459a1b077ec""]"
1482798382995095764,NSD-STR-01485,NSD-STR-01485,exact,listing_results\1482798382995095764\metadata.json,"rks
Free parking, self check-in, ideal for families, groups & business stays.

Registration Details
NSD-STR-01485","[""6a38ebe5-145f-471a-a47c-37d53b23e24e""]"
1483362933190849874,NSD-STR-01378,STR-01378,exact,listing_results\1483362933190849874\metadata.json,"hen
All private unit

Guest access
Directions will be provided before arrival

Registration Details
STR-01378","[""79f96a98-a467-4648-8ce6-3b6432b0ada3""]"
1483362933190849874,STR-01378,STR-01378,exact,listing_details.csv / merged metadata,"hen
All private unit

Guest access
Directions will be provided before arrival

Registration Details
STR-01378",[]
1483640179276606376,NSD-STR-01923,NSD-STR-01923,exact,listing_results\1483640179276606376\metadata.json,"en for guests to be able to freely access the pathway to the rental entrance.

Registration Details
NSD-STR-01923","[""1b2301f0-bc5a-4002-9714-5f25c3d87cfe""]"
1484825867420435220,NSD-STR-01515,NSD-STR-01515,exact,listing_results\1484825867420435220\metadata.json,"rt of the warmer months in Kansas City, please take precautions as necessary.

Registration Details
NSD-STR-01515","[""7a03c2b6-6586-4c6c-9fe0-1728df5860e2""]"
1495786027400245093,NSD-STR-01744,NSD-STR-01744,exact,listing_results\1495786027400245093\metadata.json,"uring, or after your stay.  

We look forward to the opportunity to host you!

Registration Details
NSD-STR-01744","[""cdfbd3fa-d8e0-4bdb-9bbc-e30a110453cc""]"
1496415328329694109,NSD-STR-02163,STR-02163,exact,listing_results\1496415328329694109\metadata.json,"is is a shared space.

Guest access
Bedrooms, bathroom, living, dining, porch

Registration Details
STR-02163","[""e0148a85-27d3-4d8c-b03f-9d0a9a5ea339""]"
1496415328329694109,STR-02163,STR-02163,exact,listing_details.csv / merged metadata,"is is a shared space.

Guest access
Bedrooms, bathroom, living, dining, porch

Registration Details
STR-02163",[]
1496678536062614825,NSD-STR-02224,NSD-STR-02224,exact,listing_results\1496678536062614825\metadata.json,", contractors, and groups seeking character, comfort, and a central location.

Registration Details
NSD-STR-02224","[""1ca653db-fca6-4df5-a2e0-860b7f80b1b5""]"
1498707326343859179,NSD-STR-02970,NSD-STR-02970,exact,listing_results\1498707326343859179\metadata.json,"iews must first be approved for stay and host may require a security deposit.

Registration Details
NSD-STR-02970, NSD-STR-02971","[""7333634b-c445-4444-8de9-49555c900694""]"
1498707326343859179,NSD-STR-02971,NSD-STR-02971,exact,listing_results\1498707326343859179\metadata.json,"be approved for stay and host may require a security deposit.

Registration Details
NSD-STR-02970, NSD-STR-02971","[""a1c983b5-2559-466b-9aa4-93e0d65a7a6e""]"
1498747691783488363,NSD-STR-01856,NSD-STR-01856,exact,listing_results\1498747691783488363\metadata.json,"iews must first be approved for stay and host may require a security deposit.

Registration Details
NSD-STR-01856 NSD-STR-01857","[""d46185d0-678e-4e9f-aac8-7f2914290249""]"
1498747691783488363,NSD-STR-01857,NSD-STR-01857,exact,listing_results\1498747691783488363\metadata.json,"t be approved for stay and host may require a security deposit.

Registration Details
NSD-STR-01856 NSD-STR-01857","[""f518ef9f-e3f8-4a04-89ca-265709f8eec0""]"
1500926158156959913,NSD-STR-01843,NSD-STR-01843,exact,listing_results\1500926158156959913\metadata.json,"e back of our home, and may not be accessible for those with mobility issues.

Registration Details
NSD-STR-01843","[""515c7d23-e583-43e9-b0d0-73e3e6ea99c1""]"
1505377805491674200,NSD-STR-01833,NSD-STR-01833,exact,listing_results\1505377805491674200\metadata.json,"h more!

The space
One king bed, three queen beds, and a four-way bunk bedset

Registration Details
NSD-STR-01833","[""6cd6c200-2645-4678-b521-818e287fa66e""]"
1510269534305262794,NSD-STR-01391,NSD-STR-01391,exact,listing_results\1510269534305262794\metadata.json,"great experience, we cannot take responsibility for any lost or stolen items.

Registration Details
NSD-STR-01391","[""9921a0d2-322b-4e54-91a7-d8d8e9a1b297""]"
1510937093495299810,NSD-STR-01944,NSD-STR-01944,exact,listing_results\1510937093495299810\metadata.json,", consider or inquire about our second apartment on the basement/garden level

Registration Details
NSD-STR-01944","[""bc2b3357-2b81-4f30-afae-3751f1b4b967""]"
1511590455671549077,NSD-STR-01884,NSD-STR-01884,exact,listing_results\1511590455671549077\metadata.json,"st. Additional fees may apply for gatherings or events that exceed 25 guests.

Registration Details
NSD-STR-01884","[""8a624867-f8de-4068-bf5f-5d116c4aec59""]"
1511974723687275567,NSD-STR-01500,NSD-STR-01500,exact,listing_results\1511974723687275567\metadata.json,"borhood—please respect our community and be a good neighbor during your stay.

Registration Details
NSD-STR-01500","[""8bf291d4-3add-445b-aa85-3f321ddbfb57""]"
1513133857580632746,NSD-STR-00826,NSD-STR-00826,exact,listing_results\1513133857580632746\metadata.json,"sign a rental agreement outlining all house rules once booking is confirmed.

Registration Details
NSD-STR-00826","[""98354c4f-602d-4000-bbc5-acf83324f170""]"
1513273876973755037,NSD-STR-00826,NSD-STR-00826,exact,listing_results\1513273876973755037\metadata.json,"sign a rental agreement outlining all house rules once booking is confirmed.

Registration Details
NSD-STR-00826","[""98354c4f-602d-4000-bbc5-acf83324f170""]"
1517515901240889463,NSD-STR-01933,NSD-STR-01933,exact,listing_results\1517515901240889463\metadata.json,"eum of Art or the Kansas City Zoo before heading to Arrowhead Stadium for a Chiefs game!

The space
NSD-STR-01933

SLEEPING ARRANGEMENTS
- Bedroom 1: 1 queen bed
- Bedroom 2: 1 queen bed

INDOOR LIVING
- 2","[""724ac17a-47ab-44f0-9fce-8ee1a411b356""]"
1521849553829810293,NSD-STR-01978,NSD-STR-01978,exact,listing_results\1521849553829810293\metadata.json,"onthly stays. Let us know in advance if you’d like to reserve the gated spot!

Registration Details
NSD-STR-01978","[""cabc6ed8-9ad4-41a4-a6ed-7fbe95473f58""]"
1521893708474894565,NSD-STR-01979,NSD-STR-01979,exact,listing_results\1521893708474894565\metadata.json,". Please let us know in advance if you’d like us to reserve the spot for you.

Registration Details
NSD-STR-01979","[""ebde69ee-1599-491e-bef6-e822ff5ef94d""]"
1525381637791259745,NSD-STR-02126,NSD-STR-02126,exact,listing_results\1525381637791259745\metadata.json,"PKC + YWAM

Don't forget to check out the Kansas City Street Car (it's free)!

Registration Details
NSD-STR-02126","[""7922bfb4-2f7d-45fa-b007-f78e4d278917""]"
1526153446217686316,NSD-STR-02344,NSD-STR-02344,exact,listing_results\1526153446217686316\metadata.json,"anagement for 10 years and looks forward to helping you with your ideal stay.

Registration Details
NSD-STR-02344","[""b1296e34-946b-4d7e-871e-21e835e6d489""]"
1526738520541803561,NSD-STR-01867,NSD-STR-01867,exact,listing_results\1526738520541803561\metadata.json,"ly.

🌟 I am greatly looking forward to you enjoying your stay in Kansas City!

Registration Details
NSD-STR-01867","[""f337e8f8-a4e8-4880-9ab1-194d05195b5b""]"
1527543661131308070,NSD-STR-01716,NSD-STR-01716,exact,listing_results\1527543661131308070\metadata.json,"cameras inside the home. 

No smoking inside or outside. No parties. No pets.

Registration Details
NSD-STR-01716","[""6570ca13-0be2-4580-89e1-c0d0114b588d""]"
1530000168246063752,NSD-STR-01987,NSD-STR-01987,exact,listing_results\1530000168246063752\metadata.json,", please do not hesitate to contact us through the Airbnb messaging platform.

Registration Details
NSD-STR-01987","[""f8d592ea-08ef-4aea-a847-1d25d81fdcf5""]"
1533915682019761631,NSD-STR-01956,NSD-STR-01956,exact,listing_results\1533915682019761631\metadata.json,"stay.

I am greatly looking forward to you enjoying your stay in Kansas City!

Registration Details
NSD-STR-01956","[""977c571e-6a2b-421c-88a7-e0e10a1b113e""]"
1535155487889764892,NSD-STR-02033,NSD-STR-02033,exact,listing_results\1535155487889764892\metadata.json,"and organization, so please follow the house rules and keep your space tidy.

Registration Details
NSD-STR-02033","[""7d1f5f30-1da4-490a-83ce-7f89b1a4ce88""]"
1537809605100295715,NSD-STR-02083,NSD-STR-02083,exact,listing_results\1537809605100295715\metadata.json,"nished basement and garage areas are accessible but are not finished  spaces.

Registration Details
NSD-STR-02083","[""53793181-684c-4b56-accf-c767dae74c8e""]"
15407925,NSD-STR-01801,NSD-STR-01801,exact,listing_results\15407925\metadata.json,"um, Nelson’s arts museum, and more.

Other things to note
No Parties allowed!

Registration Details
NSD-STR-01801","[""75863908-b711-4041-a33c-a617f593020f""]"
1541454714528691649,NSD-STR-02044,NSD-STR-02044,exact,listing_results\1541454714528691649\metadata.json,"s one big open bedroom and full bathroom. There are stair to enters the home.

Registration Details
NSD-STR-02044","[""ea422de9-5709-4c0a-b29e-0856ded561e4""]"
1549585475671793293,NSD-STR-02153,NSD-STR-02153,exact,listing_results\1549585475671793293\metadata.json,"irport, downtown, and all the stadiums. There is free street parking as well.

Registration Details
NSD-STR-02153","[""fa8b0a6e-2122-4042-94d9-19fe205ed414""]"
1550358100791274280,NSD-STR-03002,NSD-STR-03002,exact,listing_results\1550358100791274280\metadata.json,"ve access to the entire home except for one cleaning closet and the basement.

Registration Details
NSD-STR-03002","[""eab1d615-2525-4124-951e-e26edddd7f18""]"
1553833466429930324,NSD-STR-02936,NSD-STR-02936,exact,listing_results\1553833466429930324\metadata.json,"iews must first be approved for stay and host may require a security deposit.

Registration Details
NSD-STR-02936","[""f510a63c-5dd9-4544-b01d-80a34fce51c0""]"
1553885072395628236,NSD-STR-02964,NSD-STR-02964,exact,listing_results\1553885072395628236\metadata.json,"iews must first be approved for stay and host may require a security deposit.

Registration Details
NSD-STR-02964","[""d8599c13-af19-4f9e-84c8-b6fc88dc6dbf""]"
1557315893891143212,NSD-STR-02933,NSD-STR-02933,exact,listing_results\1557315893891143212\metadata.json,"iews must first be approved for stay and host may require a security deposit.

Registration Details
NSD-STR-02933","[""1513dca3-e14a-45e8-a6a5-dc7e09e4e2b7""]"
1557315948545382526,NSD-STR-02934,NSD-STR-02934,exact,listing_results\1557315948545382526\metadata.json,"iews must first be approved for stay and host may require a security deposit.

Registration Details
NSD-STR-02934","[""ca412bdc-2a79-401e-9907-6ef76bfcb975""]"
1558167836174932430,NSD-STR-02086,NSD-STR-02086,exact,listing_results\1558167836174932430\metadata.json,"tely. The best way to connect when I am not home is via the Airbnb messenger.

Registration Details
NSD-STR-02086","[""29018174-c6f0-4e12-903e-6e5878c03ace""]"
1560379564470570418,NSD-STR-02105,STR-02105,exact,listing_results\1560379564470570418\metadata.json,"well maintained. We hope you love Kansas City and our home as much as we do!

Registration Details
STR-02105","[""9482c6fb-a3b9-4a4d-a465-50f80bb9fe98""]"
1560379564470570418,STR-02105,STR-02105,exact,listing_details.csv / merged metadata,"well maintained. We hope you love Kansas City and our home as much as we do!

Registration Details
STR-02105",[]
1561850613267137145,NSD-STR-02273,STR-02273,exact,listing_results\1561850613267137145\metadata.json,"use maximum is 7 guests. Parties are not allowed. 
Fireworks are not allowed.

Registration Details
STR-02273","[""485c4285-4cbb-4057-8302-ff8243018747""]"
1561850613267137145,STR-02273,STR-02273,exact,listing_details.csv / merged metadata,"use maximum is 7 guests. Parties are not allowed. 
Fireworks are not allowed.

Registration Details
STR-02273",[]
1565341942027923319,NSD-STR-02104,NSD-STR-02104,exact,listing_results\1565341942027923319\metadata.json,"ccess to major hospitals, downtown, and key city routes—all at a great value.

Registration Details
NSD-STR-02104","[""c8ae101d-21ca-4170-aefd-ac48c424bf1a""]"
1569089273274046422,NSD-STR-02099,NSD-STR-02099,exact,listing_results\1569089273274046422\metadata.json,"droom photos reflect upcoming renovations to be completed before summer 2026.

Registration Details
NSD-STR-02099","[""939d9a6d-aff4-4a7b-b850-d7eae65ccd11""]"
15704931,NSD-STR-00129,NSD-STR-00129,exact,listing_results\15704931\metadata.json,"ew more if you don't mind sleeping on a pull-out couch or a blow up mattress.

Registration Details
NSD-STR-00129","[""feb71436-b2cf-4510-9751-101c1619df36""]"
1572457859036261733,NSD-STR-02340,NSD-STR-02340,exact,listing_results\1572457859036261733\metadata.json,"y quiet hours and smoke detection devices to enforce our no-smoking policy.

• Registration Number: NSD-STR-02340

Registration Details
NSD-STR-02340","[""1c8a1706-7c98-4957-aa10-c25703046e14""]"
1574285309561591256,NSD-STR-01963,NSD-STR-01963,exact,listing_results\1574285309561591256\metadata.json,"than happy to help you find a more accessible Cozy in KC property if needed.

Registration Details
NSD-STR-01963","[""1adab417-fba8-433b-ad2a-6928bab08304""]"
1576995787559263906,NSD-STR-02241,STR-02241,exact,listing_results\1576995787559263906\metadata.json,"Parking: Secure off-street parking is available for a maximum of 4 vehicles.

Registration Details
STR-02241","[""5bfc6647-8d40-4b62-a1ab-bec782e0eb2d""]"
1576995787559263906,STR-02241,STR-02241,exact,listing_details.csv / merged metadata,"Parking: Secure off-street parking is available for a maximum of 4 vehicles.

Registration Details
STR-02241",[]
1578457170000267881,NSD-STR-01984,STR-01984,exact,listing_results\1578457170000267881\metadata.json,"e found it. Mix a cocktail, listen to some music and relax in this cozy unit.

Registration Details
STR-01984","[""825ff368-ae13-41eb-8560-052e112ca29d""]"
1578457170000267881,STR-01984,STR-01984,exact,listing_details.csv / merged metadata,"e found it. Mix a cocktail, listen to some music and relax in this cozy unit.

Registration Details
STR-01984",[]
1582916294824538111,NSD-STR-02054,NSD-STR-02054,exact,listing_results\1582916294824538111\metadata.json,"filtration system, providing fresh water from every faucet during your stay.

Registration Details
NSD-STR-02054","[""8c4c259b-8e77-4464-9424-77088849a03c""]"
1584903953837128675,NSD-STR-02009,NSD-STR-02009,exact,listing_results\1584903953837128675\metadata.json,"detergent and drying sheets, soap, shampoo and conditioner, games and books.

Registration Details
NSD-STR-02009","[""ad75d470-7973-492d-afb1-4618fd5b193f""]"
1585205214753584469,NSD-STR-02039,NSD-STR-02039,exact,listing_results\1585205214753584469\metadata.json,"to get into the home. Initially, the gate needs to be opened from the inside.

Registration Details
NSD-STR-02039","[""7f07276b-93e6-4c5d-8164-c23dc1c8ece8""]"
1586414294289666416,NSD-STR-02162,NSD STR 02162,exact,listing_results\1586414294289666416\metadata.json,"ws of downtown!
description: All 3 bed/bath are on separate floors for space.

Registration Details
NSD STR 02162","[""8c77aaa7-dd5c-46f5-aeae-37070ac4d13f""]"
1586457607362712419,NSD-STR-02038,NSD-STR-02038,exact,listing_results\1586457607362712419\metadata.json,"can park for free on 53rd St. and/or in a spot in the driveway off Grand St.

Registration Details
NSD-STR-02038","[""201255a2-83e7-4a33-8322-845cecd86f93""]"
1587930483920731333,NSD-STR-02085,NSD-STR-02085,exact,listing_results\1587930483920731333\metadata.json,"may result in cancellation of the reservation without access to the property.

Registration Details
NSD-STR-02085","[""6733e5e0-e4c5-4101-9331-33574a32dab9""]"
1594153273827541851,NSD-STR-02302,NSD-STR-02302,exact,listing_results\1594153273827541851\metadata.json,"to GEHA Field at Arrowhead & Kauffman Stadium

Guest access
Private entrance

Registration Details
NSD-STR-02302","[""fa72ae11-f949-44ac-be4c-78e8b7eb5e9e""]"
15942830,NSD-STR-00134,NSD-STR-00134,exact,listing_results\15942830\metadata.json,"ts (mild allergies tend to be ok as the cats do not go in the Airbnb spaces).

Registration Details
NSD-STR-00134","[""5d509180-c830-475e-a565-b09bd307e72c""]"
1596715000464400398,NSD-STR-02003,NSD-STR-02003,exact,listing_results\1596715000464400398\metadata.json,"rs.

Other things to note
No smoking in the house. 
No pets inside the house.

Registration Details
NSD-STR-02003","[""a34316a4-5556-43a7-92c9-e889eab7e992""]"
1599342635648792827,NSD-STR-00152,STR-00152,exact,listing_results\1599342635648792827\metadata.json,"osts!  Stops along the way include Union Station, Westport, Midtown and UMKC.

Registration Details
STR-00152","[""933c4560-6b89-4408-bc25-f1d0f008b0d1""]"
1599342635648792827,STR-00152,STR-00152,exact,listing_details.csv / merged metadata,"osts!  Stops along the way include Union Station, Westport, Midtown and UMKC.

Registration Details
STR-00152",[]
1600243147030075027,NSD-STR-02598,NSD-STR-02598,exact,listing_results\1600243147030075027\metadata.json,"rrent, CPKC Stadium - 7 miles
Gates Bar-B-Q - 9 miles
18th and Vine - 9 miles

Registration Details
NSD-STR-02598","[""b5304c57-d15c-4fbf-8cd9-260c600e8d6e""]"
1600480930732636697,NSD-STR-02299,NSD-STR-02299,exact,listing_results\1600480930732636697\metadata.json,"of any damages caused.

Guest access
You have access to the entire apartment!

Registration Details
NSD-STR-02299","[""1198000f-b16e-42d6-8b81-d2fbd4feadd5""]"
1602967713976119978,NSD-STR-47231,CD-STR-47231,exact,listing_results\1602967713976119978\metadata.json,"ions, top hospitals, dining, and entertainment. 

Guest parking is available!

Registration Details
CD-STR-47231",[]
1602967713976119978,CD-STR-47231,CD-STR-47231,exact,listing_details.csv / merged metadata,"ions, top hospitals, dining, and entertainment. 

Guest parking is available!

Registration Details
CD-STR-47231",[]
1603693467693218930,NSD-STR-02212,STR-02212,exact,listing_results\1603693467693218930\metadata.json,"path, entry gate, a fenced outdoor space, private entry to the KC Sports Den.

Registration Details
STR-02212","[""e2d3829f-136b-41cf-85ae-66732fe36915""]"
1603693467693218930,STR-02212,STR-02212,exact,listing_details.csv / merged metadata,"path, entry gate, a fenced outdoor space, private entry to the KC Sports Den.

Registration Details
STR-02212",[]
1606128441146796886,NSD-STR-02301,NSD-STR-02301,exact,listing_results\1606128441146796886\metadata.json,"25 minutes from Arrowhead Stadium, and 30 minutes from Down Town Kansas City.

Registration Details
NSD-STR-02301","[""ef6d6d4b-f2cf-473d-bbe3-2dfa71228c7d""]"
16066437,NSD-STR-00211,NSD-STR-00211,exact,listing_results\16066437\metadata.json,"and comfortable place for like minded travelers to rest. 

Lauren & Jeremiah

Registration Details
NSD-STR-00211","[""b91efa6e-a885-4638-8590-c15c9d281a94""]"
1608068565611221416,NSD-STR-02474,NSD-STR-02474,exact,listing_results\1608068565611221416\metadata.json,"raverse the hillside. Children must be supervised at all times while outside!

Registration Details
NSD-STR-02474","[""5fe88bb0-05d2-4d88-a27c-0c3ebbb72452""]"
1608076803594646893,NSD-STR-02400,NSD-STR-02400,exact,listing_results\1608076803594646893\metadata.json,"the festival and all the wonderful activities that Kansas City has to offer!

Registration Details
NSD-STR-02400","[""a272e14c-8ba4-4faa-9939-58fa687596fb""]"
1609365173753044432,NSD-STR-02770,STR-02770,exact,listing_results\1609365173753044432\metadata.json,"Country Club Shopping & Restaurants plus the FREE KC Street car to downtown.

Registration Details
STR-02770","[""d9eb8bc3-cd79-413c-b90d-2c6b81238295""]"
1609365173753044432,STR-02770,STR-02770,exact,listing_details.csv / merged metadata,"Country Club Shopping & Restaurants plus the FREE KC Street car to downtown.

Registration Details
STR-02770",[]
1612451505771428708,NSD-STR-02683,NSD-STR-02683,exact,listing_results\1612451505771428708\metadata.json,"breeds. Inherently dangerous or exotic, feral or wild animals are prohibited.

Registration Details
NSD-STR-02683","[""af85225a-a5c3-4649-9941-ba8c7562eb3a""]"
1613180648517800710,NSD-STR-02134,NSD-STR-02134,exact,listing_results\1613180648517800710\metadata.json,"ight’s sleep. Wind down with a working piano, record player, art desk and TV!

Registration Details
NSD-STR-02134","[""1670b2ff-caf3-4b94-a708-58ba1303cc03""]"
1615457067643107782,NSD-STR-01726,NSD-STR-01726,exact,listing_results\1615457067643107782\metadata.json,"t each other. We are all adults. Lets treat each other with love and respect.

Registration Details
NSD-STR-01726","[""698238b5-1737-4ce5-a1e1-cdaa9c765efc""]"
1616042791873995193,NSD-STR-01383,nsd-str-01383,exact,listing_results\1616042791873995193\metadata.json,"you so much for understanding and helping me keep this little place special!

Registration Details
nsd-str-01383","[""f9c277a5-5784-41b0-b455-27d1311c4d0d""]"
1616179891018535471,NSD-STR-02144,NSD-STR-02144,exact,listing_results\1616179891018535471\metadata.json,"ote
Great for groups, extended stays, business travel, and KC event weekends.

Registration Details
NSD-STR-02144","[""90c4e4a3-43f9-4c02-a009-cbc7549512e5""]"
1616855701875430417,NSD-STR-01857,NSD-STR-01857,exact,listing_results\1616855701875430417\metadata.json,"uring, or after your stay.  

We look forward to the opportunity to host you!

Registration Details
NSD-STR-01857","[""f518ef9f-e3f8-4a04-89ca-265709f8eec0""]"
1624095151111531848,NSD-STR-02488,NSD-STR-02488,exact,listing_results\1624095151111531848\metadata.json,"Stair Access Only

Open Kitchen, Dining, Living Area

Prime Downtown Location

Registration Details
NSD-STR-02488","[""f004b654-763c-4f27-a7cd-226c127475d3""]"
1625778581665747129,NSD-STR-02648,NSD-STR-02648,exact,listing_results\1625778581665747129\metadata.json,"nt is mostly storage and unfinished. Otherwise the rest of the home is yours!

Registration Details
NSD-STR-02648","[""b2a7d661-8575-4d5e-891e-0576444613dc""]"
1626584842742255264,NSD-STR-02892,NSD-STR-02892,exact,listing_results\1626584842742255264\metadata.json,"nd I especially welcome considerate guests who enjoy unique, creative spaces.

Registration Details
NSD-STR-02892","[""d00ea6a2-c628-4343-82cf-f0c119628aaa""]"
1628112565720041503,NSD-STR-02552,NSD-STR-02552,exact,listing_results\1628112565720041503\metadata.json,"booking. Service animals are accommodated in accordance with Airbnb's policy.

Registration Details
NSD-STR-02552","[""00a25e3f-68d5-47f5-b438-e2678c8e2712""]"
1628402951985641990,NSD-STR-01640,NSD-STR-01640,exact,listing_results\1628402951985641990\metadata.json,"Luke's, KU Med, Children's Mercy, Truman Medical)
5 min       Local shopping

Registration Details
NSD-STR-01640","[""0ee81c74-0d83-466a-bbf2-6e56f292b2cd""]"
1629238938063751627,NSD-STR-02256,NSD-STR-02256,exact,listing_results\1629238938063751627\metadata.json,"cal eats just minutes away. Comfortable, convenient, and ready for your crew.

Registration Details
NSD-STR-02256","[""1a90655b-0d4c-4b58-b734-70b681b3ef06""]"
1629783997286258211,NSD-STR-02165,NSD-STR-02165,exact,listing_results\1629783997286258211\metadata.json,"that will be used at the front door keypad to enter the Plaza Fireside Home.

Registration Details
NSD-STR-02165","[""80bc5c16-70d2-4099-8ca6-f03446eb5900""]"
1630386586336737502,NSD-STR-02761,NSD-STR-02761,exact,listing_results\1630386586336737502\metadata.json,"itional cleaning or damage fees may apply.
• A $150 pet fee applies per stay.

Registration Details
NSD-STR-02761","[""f24ae6cf-de98-4e9c-96d2-952fe11e737d""]"
1631360149096576442,NSD-STR-02335,NSD-STR-02335,exact,listing_results\1631360149096576442\metadata.json,"st on 57th Street down to Brookside and it’ll drop you at the streetcar stop.

Registration Details
NSD-STR-02335","[""7de8ee89-dd25-4c9e-99a0-ee899ec85de8""]"
16315031,NSD-STR-00220,Cd-str-00220,exact,listing_results\16315031\metadata.json,"hesitant to paint over it - please consider the stairwell a work in progress.

Registration Details
Cd-str-00220","[""157c049c-cf2b-4ac6-b223-7e203eb078aa""]"
16315031,CD-STR-00220,Cd-str-00220,exact,listing_details.csv / merged metadata,"hesitant to paint over it - please consider the stairwell a work in progress.

Registration Details
Cd-str-00220","[""b51c5224-7ccc-4403-af2d-e44abf5598cf""]"
1632017371478976248,NSD-STR-02749,NSD-STR-02749,exact,listing_results\1632017371478976248\metadata.json,"or a weekend getaway, this location puts you close to just about everything!

Registration Details
NSD-STR-02749","[""a2ac5ddf-d5ef-41e6-8295-a97bb04443fe""]"
1632040962291349225,NSD-STR-02189,NSD-STR-02189,exact,listing_results\1632040962291349225\metadata.json,". Solo travelers, couples, and small groups welcome. Book your base camp now!

Registration Details
NSD-STR-02189","[""74bad5bf-ace8-4f48-ac4c-ee30d7eac3c7""]"
1633404141490970063,NSD-STR-02237,NSD-STR-02237,exact,listing_results\1633404141490970063\metadata.json,"near a lively street, and bedroom may experience typical city traffic noise.

Registration Details
NSD-STR-02237","[""b9a7e553-16da-40f5-bb83-c882825f1b33""]"
1633630057761978657,NSD-STR-02237,NSD-STR-02237,exact,listing_results\1633630057761978657\metadata.json,"near a lively street, and bedroom may experience typical city traffic noise.

Registration Details
NSD-STR-02237","[""b9a7e553-16da-40f5-bb83-c882825f1b33""]"
1634309020857042348,NSD-STR-02237,NSD-STR-02237,exact,listing_results\1634309020857042348\metadata.json,"near a lively street, and bedroom may experience typical city traffic noise.

Registration Details
NSD-STR-02237","[""b9a7e553-16da-40f5-bb83-c882825f1b33""]"
1634885658746296571,NSD-STR-02468,STR-02468,exact,listing_results\1634885658746296571\metadata.json,"nd entertainment spots nearby, making it easy to enjoy nightlife in the city.

Registration Details
STR-02468","[""39247d3e-ac59-47d7-adad-1e6dff224410""]"
1634885658746296571,STR-02468,STR-02468,exact,listing_details.csv / merged metadata,"nd entertainment spots nearby, making it easy to enjoy nightlife in the city.

Registration Details
STR-02468",[]
1637319799022319819,NSD-STR-02684,NSD-STR-02684,exact,listing_results\1637319799022319819\metadata.json,"door, and another across the street) and easy highway and interstate access.

Registration Details
NSD-STR-02684","[""18038acd-6b58-4ec3-89e6-d7508fc264d4""]"
1638625877626922951,NSD-STR-02652,STR-02652,exact,listing_results\1638625877626922951\metadata.json,"oking is permitted on the private patio. There is an ashtray for convenience.

Registration Details
STR-02652","[""5f6e553d-06a3-41d7-8e5b-4b7de4095362""]"
1638625877626922951,STR-02652,STR-02652,exact,listing_details.csv / merged metadata,"oking is permitted on the private patio. There is an ashtray for convenience.

Registration Details
STR-02652",[]
1638700902403506019,NSD-STR-02237,NSD-STR-02237,exact,listing_results\1638700902403506019\metadata.json,"ed near a lively street, and place may experience typical city traffic noise.

Registration Details
NSD-STR-02237","[""b9a7e553-16da-40f5-bb83-c882825f1b33""]"
1639052113395507227,NSD-STR-02838,NSD-STR-02838,exact,listing_results\1639052113395507227\metadata.json,"i, and all the essentials for a comfortable stay in the heart of Kansas City.

Registration Details
NSD-STR-02838","[""7fbac4b2-2297-4978-9476-085ce86d449a""]"
1639434957457965703,NSD-STR-00276,NSD-STR-00276,exact,listing_results\1639434957457965703\metadata.json,"treat the property with care so future guests can enjoy it as much as you do.

Registration Details
NSD-STR-00276","[""b8a47b78-3e2b-495c-8251-76cf7d177dd1""]"
1640601703552074425,NSD-STR-02387,NSD-STR-02387,exact,listing_results\1640601703552074425\metadata.json,"rules and regulations prohibits more than 8 guests and is strictly enforced.

Registration Details
NSD-STR-02387","[""413ddbed-c316-4dee-b40d-d4684e84edb8""]"
1643162144779701171,NSD-STR-02298,NSD-STR-02298,exact,listing_results\1643162144779701171\metadata.json,"- guests abide by quiet hours 10pm-8am daily.

Designed by @Dwell.Beautifully

Registration Details
NSD-STR-02298","[""d80a8819-8701-4ca1-a70a-dcd4a7aa51b1""]"
1643695579907539326,NSD-STR-02321,NSD-STR-02321,exact,listing_results\1643695579907539326\metadata.json,"treat it with care
• We only open select dates due to family use of the home

Registration Details
NSD-STR-02321","[""b4d27424-48cf-46bc-af89-0aa4e0e4bcba""]"
1645818722581384186,NSD-STR-02782,NSD-STR-02782,exact,listing_results\1645818722581384186\metadata.json,"his comfortable and centrally located apartment is the perfect place to stay.

Registration Details
NSD-STR-02782","[""6714d7ee-b445-461f-a275-5dcf9c35aee8""]"
1647399075403393820,NSD-STR-02078,NSD-STR-02078,exact,listing_results\1647399075403393820\metadata.json,"away 
-UMKC/Whole Foods 6 Stops away 

Driveway access. Basement gym access.

Registration Details
NSD-STR-02078","[""e4c2b44a-20b9-42e2-a5a1-aefcff80246a""]"
1647896117064687077,NSD-STR-01884,NSD-STR-01884,exact,listing_results\1647896117064687077\metadata.json,"xury Retreat 
*3 Bedrooms
*3 Full baths
*Luxury Kitchen
*Sauna. Jacuzzi. Pool

Registration Details
NSD-STR-01884","[""8a624867-f8de-4068-bf5f-5d116c4aec59""]"
1647900611806759702,NSD-STR-02657,NSD-STR-02657,exact,listing_results\1647900611806759702\metadata.json,"d can be shipped to you for a $25 handling fee plus the cost of the shipping.

Registration Details
NSD-STR-02657","[""ed1d80a4-e628-4ab6-b344-a46d4640463f""]"
1648583030980449852,NSD-STR-02532,NSD-STR-02532,exact,listing_results\1648583030980449852\metadata.json,", large custom shower, TV, internet, and everything you need to feel at home.

Registration Details
NSD-STR-02532","[""9bac7e8c-230a-4b05-9c7b-873bd520be84""]"
1648652549987345802,NSD-STR-02491,NSD-STR-02491,exact,listing_results\1648652549987345802\metadata.json,"for relaxing after game day or exploring the city in comfort and convenience.

Registration Details
NSD-STR-02491","[""66a92958-2c4b-4cde-960c-93f2ff15b787""]"
1649335278826404741,NSD-STR-02351,NSD-STR-02351,exact,listing_results\1649335278826404741\metadata.json,"onversation. It’s the perfect extension of the home’s laid-back, social vibe.

Registration Details
NSD-STR-02351","[""3a8b203f-ae5e-4313-a885-2685a512827d""]"
1649367570217500620,NSD-STR-02717,NSD-STR-02717,exact,listing_results\1649367570217500620\metadata.json,"ISTRATION — This home is fully registered and licensed with the City of Kansas City. Permit Number: NSD-STR-02717

Guest access
Guests have full access to the entire home — main floor, basement, garage, backyard,","[""32f710eb-35b4-42ca-863d-38c620fc6d56""]"
1650220940217929286,NSD-STR-02617,NSD-STR-02617,exact,listing_results\1650220940217929286\metadata.json,"s rule. Only guests listed in the reservation are permitted inside the house.

Registration Details
NSD-STR-02617","[""885e9aac-5282-4572-a567-8a93160e998d""]"
1650482236695034605,NSD-STR-02501,NSD-STR-02501,exact,listing_results\1650482236695034605\metadata.json,"ved parking spot in a private lot just outside the unit. Third-floor walk-up.

Registration Details
NSD-STR-02501","[""04238539-dc59-44a6-a7a8-a7ea20bd7230""]"
1650860433705480105,NSD-STR-02485,NSD-STR-02485,exact,listing_results\1650860433705480105\metadata.json,"e
Lock box with key inside
Code given no less than 48 hours prior to arrival.

Registration Details
NSD-STR-02485","[""9596298f-6d65-48b7-a462-79945d6a135f""]"
1652976977283705406,NSD-STR-01695,NSD-STR-01695,exact,listing_results\1652976977283705406\metadata.json,"owed.

Guest access
You will have access to the entire home during your stay.

Registration Details
NSD-STR-01695","[""60bcf436-c462-42e6-a305-11ec8dce9c12""]"
1654358544736111580,NSD-STR-02721,NSD-STR-02721,exact,listing_results\1654358544736111580\metadata.json,"Nelson Atkins
✔ Quick ride to Plaza, Crown Center, Power & Light, Crossroads

Registration Details
NSD-STR-02721","[""ce63ef0c-4103-4092-86e1-3dc06b89a791""]"
1655853269858816550,NSD-STR-02634,NSD-STR-02634,exact,listing_results\1655853269858816550\metadata.json,"let us know if you experience any issues, and we’ll address them immediately.

Registration Details
NSD-STR-02634","[""ead73859-f83f-4aaf-ab63-bd29c67cf137""]"
1656254280779575093,NSD-STR-02915,NSD-STR-02915,exact,listing_results\1656254280779575093\metadata.json,"reme care. A higher security deposit may apply due to the historic nature of the property.

Permit: NSD-STR-02915

Guest access
Guests will have full access to the entire home, including all living spaces, bedroom","[""15ad39c6-5350-4899-9634-4774167395c3""]"
1656804226885357656,NSD-STR-02900,NSD-STR-02900,exact,listing_results\1656804226885357656\metadata.json,"side quiet after 11 PM.

Book early. Kansas City is filling fast for the Cup.

Registration Details
NSD-STR-02900","[""696d0dfe-acc0-494e-9ed8-5ce6f65a2e68""]"
1658739015245983570,NSD-STR-02124,NSD-STR-02124,exact,listing_results\1658739015245983570\metadata.json,"an additional $75 pet fee.

Guest access
You have access to the entire house!

Registration Details
NSD-STR-02124","[""43137bdb-03c2-4914-91e4-47f1afbb751a""]"
1659073472346808403,NSD-STR-02190,NSD-STR-02190,exact,listing_results\1659073472346808403\metadata.json,"t experience, as we would love to welcome you back anytime you are visiting!!

Registration Details
NSD-STR-02190","[""6541cbee-d9c5-4151-896f-b309e7c2f85b""]"
1659410006380655242,NSD-STR-02614,NSD-STR-02614,exact,listing_results\1659410006380655242\metadata.json,"h, living room with leather seating, dining area, and fully equipped kitchen.

Registration Details
NSD-STR-02614","[""8e716c01-27dd-4513-a846-0fdc39f288c2""]"
1659606698211623719,NSD-STR-02159,NSD-STR-02159,exact,listing_results\1659606698211623719\metadata.json,"may result in cancellation of the reservation without access to the property.

Registration Details
NSD-STR-02159","[""ee661973-4a14-488c-a91f-214a9196c6ce""]"
1659607918445908488,NSD-STR-02884,NSD-STR-02884,exact,listing_results\1659607918445908488\metadata.json,"ar.  Fast access to area highways from your reserved off-street parking spot.

Registration Details
NSD-STR-02884","[""ff199b66-28a3-401b-861c-eb4054a12abe""]"
1659647532574869761,NSD-STR-02244,NSD-STR-02244,exact,listing_results\1659647532574869761\metadata.json,"t experience, as we would love to welcome you back anytime you are visiting!!

Registration Details
NSD-STR-02244","[""f5d8c101-cc10-4f68-8388-d136acf55cdd""]"
1659666895056197083,NSD-STR-02245,NSD-STR-02245,exact,listing_results\1659666895056197083\metadata.json,"t experience, as we would love to welcome you back anytime you are visiting!!

Registration Details
NSD-STR-02245","[""e36ec858-8b92-419b-96f9-a467e00f78d2""]"
1660386802922865939,NSD-STR-02548,NSD-STR-02548,exact,listing_results\1660386802922865939\metadata.json,"ouse and two of your three hosts live right next door in the big brick house.

Registration Details
NSD-STR-02548","[""03e344f3-bd73-4d40-bc17-7a8acaf88068""]"
1660840600995130059,NSD-STR-02548,NSD-STR-02548,exact,listing_results\1660840600995130059\metadata.json,"ouse and two of your three hosts live right next door in the big brick house.

Registration Details
NSD-STR-02548","[""03e344f3-bd73-4d40-bc17-7a8acaf88068""]"
1660853406775041400,NSD-STR-02548,NSD-STR-02548,exact,listing_results\1660853406775041400\metadata.json,"ouse and two of your three hosts live right next door in the big brick house.

Registration Details
NSD-STR-02548","[""03e344f3-bd73-4d40-bc17-7a8acaf88068""]"
1660861357960471396,NSD-STR-02548,NSD-STR-02548,exact,listing_results\1660861357960471396\metadata.json,"ouse and two of your three hosts live right next door in the big brick house.

Registration Details
NSD-STR-02548","[""03e344f3-bd73-4d40-bc17-7a8acaf88068""]"
1660915927657047112,NSD-STR-02794,NSD-STR-02794,exact,listing_results\1660915927657047112\metadata.json,"ing and it sometimes gets cool in the basement area, please pack accordingly.

Registration Details
NSD-STR-02794","[""99c8cc6a-1e65-4d0d-a7ae-230e0d86922a""]"
1661315637268543388,NSD-STR-02516,NSD-STR-02516,exact,listing_results\1661315637268543388\metadata.json,"especially, to head into your room, please be sure to shut the bedroom door.

Registration Details
NSD-STR-02516","[""15c29f95-0d28-4b14-8415-93883bb41bf8""]"
1661587297003016399,NSD-STR-00724,NSD-STR-00724,exact,listing_results\1661587297003016399\metadata.json,"iption: Bring the whole family to this great place with lots of room for fun.

Registration Details
NSD-STR-00724","[""7c6014ea-8bc9-412c-8f91-151f889efff8""]"
1661719464915476632,NSD-STR-02544,NSD-STR-02544,exact,listing_results\1661719464915476632\metadata.json,"loor is yours, including coffee maker, tea kettle, microwave, fridge, and TV.

Registration Details
NSD-STR-02544","[""8f34c349-613b-44f6-a0e4-aa85f6ed145f""]"
1663853503091960781,NSD-STR-01629,STR-01629,exact,listing_results\1663853503091960781\metadata.json,"unforgettable getaway!

Message us & ask about our early check-in/out options

STR License number: STR-01629

Guest access
The ENTIRE Home is all yours. You will have your own private entrance, parking, and f","[""d01085aa-9076-40e0-acf2-626be1e2cbf6""]"
1663853503091960781,STR-01629,STR-01629,exact,listing_details.csv / merged metadata,"unforgettable getaway!

Message us & ask about our early check-in/out options

STR License number: STR-01629

Guest access
The ENTIRE Home is all yours. You will have your own private entrance, parking, and f",[]
1664129089374949905,NSD-STR-02650,NSD-STR-02650,exact,listing_results\1664129089374949905\metadata.json,"er is not scheduled.  Coffee and laundry soap provided at no additional cost.

Registration Details
NSD-STR-02650","[""ba1898dd-4e1c-4535-a96c-ade06714d0f1""]"
16664946,NSD-STR-01644,NSD-STR-01644,exact,listing_results\16664946\metadata.json,"as City's history at Ten6Teen Mansion and book your unforgettable stay today!

Registration Details
NSD-STR-01644","[""93895922-fbd5-44a1-8ea5-5fcae9a3f3dd""]"
1667189,NSD-STR-01377,STR-01377,exact,listing_results\1667189\metadata.json,"e.  Would love to visit with you if you have the time and our schedules work.

Registration Details
STR-01377","[""744bf718-50d1-4a4d-b90e-1ebdc97227e6""]"
1667189,STR-01377,STR-01377,exact,listing_details.csv / merged metadata,"e.  Would love to visit with you if you have the time and our schedules work.

Registration Details
STR-01377",[]
1667505833598158420,NSD-STR-00000,cd-str-00000,exact,listing_results\1667505833598158420\metadata.json,"uipped with everything you need to feel like home. Close to everything in KC.

Registration Details
cd-str-00000","[""2ee670f1-97f1-4621-abb5-04525314b5e4""]"
1667505833598158420,CD-STR-00000,cd-str-00000,exact,listing_details.csv / merged metadata,"uipped with everything you need to feel like home. Close to everything in KC.

Registration Details
cd-str-00000",[]
1668087723823185716,NSD-STR-00261,NSD-STR-00261,exact,listing_results\1668087723823185716\metadata.json,"Whether you are here for one night or ten, you will enjoy comfort and a thoughtful space! License: NSD-STR-00261

The space
This cozy space has room for your family and is thoughtfully designed with the traveler","[""c902cbe7-ab04-48c7-af51-e23ba2947d70""]"
1668978907736860012,NSD-STR-02727,NSD-STR-02727,exact,listing_results\1668978907736860012\metadata.json,"ately, do not need to be present but must allow access at the scheduled time.

Registration Details
NSD-STR-02727","[""95d7e509-37de-433f-ac6a-d8cd62ec5c73""]"
1669000802892963243,NSD-STR-02303,NSD-STR-02303,exact,listing_results\1669000802892963243\metadata.json,"City Registration: This property is a legally registered short-term rental. Registration Number: NSD-STR-02303

Registration Details
NSD-STR-02303","[""7a7059b0-d732-4802-a1de-0962d5fdf6d9""]"
1669318078659274597,NSD-STR-02892,NSD-STR-02892,exact,listing_results\1669318078659274597\metadata.json,"te bathroom, kitchenette and living/dining area: 
airbnb.com/h/dreambird-nest

Registration Details
NSD-STR-02892","[""d00ea6a2-c628-4343-82cf-f0c119628aaa""]"
1670482370882486784,NSD-STR-02641,NSD-STR-02641,exact,listing_results\1670482370882486784\metadata.json,"ict, you'll love calling this quaint vacation rental your own little escape. Fun awaits!

The space
NSD-STR-02641

MAIN FEATURES
- Smart TV
- Electric fireplace
- Dining bar
- King air mattress (available up","[""5917418a-a176-4bf8-9f53-a2c091dde0b3""]"
1670524904177354184,NSD-STR-02257,NSD-STR-02257,exact,listing_results\1670524904177354184\metadata.json,"nd convenient place to stay with great spaces to gather both indoors and out.

Registration Details
NSD-STR-02257","[""0a7f3510-7753-4d07-8212-de1f40819823""]"
1673278486074622600,NSD-STR-02353,NSD-STR-02353,exact,listing_results\1673278486074622600\metadata.json,"heets
Private off street parking
Backyard with grill and outdoor dining space

Registration Details
NSD-STR-02353","[""f8a68e7d-4c14-471e-a068-27498fbbc427""]"
1673299911809799943,NSD-STR-02772,NSD-STR-02772,exact,listing_results\1673299911809799943\metadata.json,"space
2 bedroom quaint cottage in the heart of Waldo neighborhood Kansas City

Registration Details
NSD-STR-02772","[""da9f9028-0ee4-4f30-b75b-70064c8cd5db""]"
1674672101296643462,NSD-STR-02437,NSD-STR-02437,exact,listing_results\1674672101296643462\metadata.json,"learn about it after check-out, when there's nothing more we can do to help.

Registration Details
NSD-STR-02437","[""84140fe9-db3a-4df6-b3f0-301631f9d4b1""]"
1675515768472957167,NSD-STR-02545,STR-02545,exact,listing_results\1675515768472957167\metadata.json,"explore the city (Power & Light, Union Station, and the Country Club Plaza).

Registration Details
STR-02545","[""2747d4c0-fd53-40cc-bbb8-98ddc5018cdf""]"
1675515768472957167,STR-02545,STR-02545,exact,listing_details.csv / merged metadata,"explore the city (Power & Light, Union Station, and the Country Club Plaza).

Registration Details
STR-02545",[]
1675623056459314596,NSD-STR-02430,NSD-STR-02430,exact,listing_results\1675623056459314596\metadata.json,"drive or rideshare to Plaza, 15 min trip downtown, 20 min to the stadiums. .

Registration Details
NSD-STR-02430","[""aaca73e3-f149-4bc0-9842-1b030e87389e""]"
1676287037025100154,NSD-STR-02285,NSD-STR-02285,exact,listing_results\1676287037025100154\metadata.json,"e property.
**This home has a convection oven in place of a full sized oven**

Registration Details
NSD-STR-02285","[""ef2eb2f9-e90c-4308-8391-6487efabb2a7""]"
1677302258702360890,NSD-STR-02404,NSD-STR-02404,exact,listing_results\1677302258702360890\metadata.json,"The space
1920s duplex.  The top floor is my home which I offer for Airbnb.

Registration Details
NSD-STR-02404","[""4c7d94f6-c18a-4371-b85e-98465b07fc2a""]"
1677571067880800953,NSD-STR-01880,NSD-STR-01880,exact,listing_results\1677571067880800953\metadata.json,"t and 2nd floor of the house. ( 3rd floor will stay locked during the stay ).

Registration Details
NSD-STR-01880","[""c214d6dc-d25c-435e-9f67-3e14d3f0ef2c""]"
1679028604457842475,NSD-STR-02418,NSD-STR-02418,exact,listing_results\1679028604457842475\metadata.json,"of Kansas City’s most historic neighborhoods, rich with character and charm.

Registration Details
NSD-STR-02418","[""b3b852ef-27a2-4405-8f3e-84286596c8b9""]"
1679153446168839602,NSD-STR-02808,NSD-STR-02808,exact,listing_results\1679153446168839602\metadata.json,"xtended stays**, this home puts you close to some of the best attractions Kansas City has to offer.
NSD-STR-02808

###  PRIME KANSAS CITY LOCATION

Enjoy a convenient central location near **Arrowhead Stadium, Cou","[""d0387fea-1650-4c99-a2a9-ef90bd4cabe6""]"
1679350117135381864,NSD-STR-02281,NSD-STR-02281,exact,listing_results\1679350117135381864\metadata.json,"as there is no sidewalk on most of the route. The walk is approx. 45 minutes.

Registration Details
NSD-STR-02281","[""d26d4e42-b862-47e5-b4a5-9fecfff319e1""]"
1679403241391648255,NSD-STR-02086,NSD-STR-02086,exact,listing_results\1679403241391648255\metadata.json,"the property.
No pets.
No parties or events.
Quiet hours: 11:00 PM to 8:00 AM

Registration Details
NSD-STR-02086","[""29018174-c6f0-4e12-903e-6e5878c03ace""]"
1679900511065368123,NSD-STR-02086,NSD-STR-02086,exact,listing_results\1679900511065368123\metadata.json,"tely. The best way to connect when I am not home is via the Airbnb messenger.

Registration Details
NSD-STR-02086","[""29018174-c6f0-4e12-903e-6e5878c03ace""]"
1680027207351976602,NSD-STR-02569,NSD-STR-02569,exact,listing_results\1680027207351976602\metadata.json,"y during your stay.

Other things to note
Parties and events are not allowed.

Registration Details
NSD-STR-02569","[""a348af35-ff5d-439f-aa99-e879b9ff9ac2""]"
1680476890851302093,NSD-STR-02418,STR-02418,exact,listing_results\1680476890851302093\metadata.json,"ing and going. We want you to have a safe, comfortable, and stress free stay!

Registration Details
STR-02418","[""b3b852ef-27a2-4405-8f3e-84286596c8b9""]"
1680476890851302093,STR-02418,STR-02418,exact,listing_details.csv / merged metadata,"ing and going. We want you to have a safe, comfortable, and stress free stay!

Registration Details
STR-02418",[]
1680594954547362234,NSD-STR-02549,NSD-STR-02549,exact,listing_results\1680594954547362234\metadata.json,"burning stove for cozy nights, and a Grill.
Spacious Front and Back Yard
Coffee Bar

Registration:
NSD-STR-02549

Registration Details
STR-02549","[""7d483f00-c547-4930-9229-01053f147018""]"
1680594954547362234,STR-02549,STR-02549,exact,listing_details.csv / merged metadata,"a Grill.
Spacious Front and Back Yard
Coffee Bar

Registration:
NSD-STR-02549

Registration Details
STR-02549",[]
1680858241987266774,NSD-STR-02086,NSD-STR-02086,exact,listing_results\1680858241987266774\metadata.json,"tornado shelter only. Kansas City takes its weather seriously, and so do we.

Registration Details
NSD-STR-02086","[""29018174-c6f0-4e12-903e-6e5878c03ace""]"
1680911234978751574,NSD-STR-02816,NSD-STR-02816,exact,listing_results\1680911234978751574\metadata.json,"ean and comfortable space and appreciate guests who treat the home with care.

Registration Details
NSD-STR-02816","[""e86b9fdd-6bf9-4c72-861b-3d419035abbb""]"
1681529410005357841,NSD-STR-02694,NSD-STR-02694,exact,listing_results\1681529410005357841\metadata.json,"ter your fur-babies in the yard- baggies provided

Welcome to The Pink Place!

Registration Details
NSD-STR-02694","[""dd660fc1-850d-430e-899a-872230dc2ac1""]"
1682699474287558908,NSD-STR-02451,NSD-STR-02451,exact,listing_results\1682699474287558908\metadata.json,"ict NO PET policy to keep the place clean & allergy-free for all guests. Thx.

Registration Details
NSD-STR-02451","[""5726465a-c582-4e11-846e-c9cbd1853428""]"
1682993146692113461,NSD-STR-02816,NSD-STR-02816,exact,listing_results\1682993146692113461\metadata.json,"this is a duplex and that there may be guests staying in the adjoining unit.

Registration Details
NSD-STR-02816","[""e86b9fdd-6bf9-4c72-861b-3d419035abbb""]"
1683415837967596040,NSD-STR-01791,NSD-STR-01791,exact,listing_results\1683415837967596040\metadata.json,"wed in this apartment.

Guest access
You have access to the entire apartment!

Registration Details
NSD-STR-01791","[""4e902532-0a53-46f6-a943-20139e9fc085""]"
1683450402666526822,NSD-STR-01791,NSD-STR-01791,exact,listing_results\1683450402666526822\metadata.json,"this apartment. There is parking available in the back for up to 2 vehicles.

Registration Details
NSD-STR-01791","[""4e902532-0a53-46f6-a943-20139e9fc085""]"
16839443,NSD-STR-00134,NSD-STR-00134,exact,listing_results\16839443\metadata.json,"cats do not go in the Airbnb room), or would prefer a fully private bathroom.

Registration Details
NSD-STR-00134","[""5d509180-c830-475e-a565-b09bd307e72c""]"
1684098315972361626,NSD-STR-02734,NSD-STR-02734,exact,listing_results\1684098315972361626\metadata.json,"ive to provide a clean, comfortable, and relaxing experience for every guest.

Registration Details
NSD-STR-02734","[""94906421-94cf-4b3e-a099-1e95a4edc92d""]"
1684216062075384571,NSD-STR-02628,NSD-STR-02628,exact,listing_results\1684216062075384571\metadata.json,"a lively urban neighborhood. Street noise is normal, especially on weekends.

Registration Details
NSD-STR-02628","[""b9ca65a3-128e-43fe-a0bb-d524dcf68d14""]"
1684817975513816174,NSD-STR-12332,NSD-STR-12332,exact,listing_results\1684817975513816174\metadata.json,"nights: $25/night
6-14 nights: $150
15-29 nights: $200
30 nights+: $300/month

Registration Details
NSD-STR-12332",[]
1684818370885236817,NSD-STR-12331,NSD-STR-12331,exact,listing_results\1684818370885236817\metadata.json,"nights: $25/night
6-14 nights: $150
15-29 nights: $200
30 nights+: $300/month

Registration Details
NSD-STR-12331",[]
1684818768449180456,NSD-STR-12330,NSD-STR-12330,exact,listing_results\1684818768449180456\metadata.json,"nights: $25/night
6-14 nights: $150
15-29 nights: $200
30 nights+: $300/month

Registration Details
NSD-STR-12330",[]
1684819137882184331,NSD-STR-02329,NSD-STR-02329,exact,listing_results\1684819137882184331\metadata.json,"nights: $25/night
6-14 nights: $150
15-29 nights: $200
30 nights+: $300/month

Registration Details
NSD-STR-02329","[""3de0bc9b-e0d1-4f07-9323-579d78280e17""]"
1685153020973536317,NSD-STR-02319,NSD-STR-02319,exact,listing_results\1685153020973536317\metadata.json,"t suited for registered guests only, and parties or events are not permitted.

Registration Details
NSD-STR-02319","[""7743e0c2-effa-451c-9081-2ffa28c73490""]"
1685465914940035733,NSD-STR-02503,NSD-STR-02503,exact,listing_results\1685465914940035733\metadata.json,"ons. 4 bedroom, 3 bathrooms, arcade, full kitchen, firepit, and laundry room.

Registration Details
NSD-STR-02503","[""78c69628-ccc3-44bc-8a4f-9d059d53b360""]"
1685576651428343618,NSD-STR-02006,NSD-STR-02006,exact,listing_results\1685576651428343618\metadata.json,"cannot always be verified. Thank you for your understanding and cooperation.

Registration Details
NSD-STR-02006","[""363a37f7-798b-485e-8ce5-951b660ca801""]"
1685588394622504476,NSD-STR-01469,NSD-STR-01469,exact,listing_results\1685588394622504476\metadata.json,"ideal location for sightseeing and experiencing all Kansas City has to offer.

Registration Details
NSD-STR-01469","[""3df40c45-3bb4-4eb7-8bc4-468d968b2772""]"
1686401830445764519,NSD-STR-02547,NSD-STR-02547,exact,listing_results\1686401830445764519\metadata.json,"er things to note
We will be in contact with you throughout your entire stay.

Registration Details
NSD-STR-02547","[""cf8af6d9-c127-40eb-bd7d-aa4a2f971811""]"
1687155427399422513,NSD-STR-02449,NSD-STR-02449,exact,listing_results\1687155427399422513\metadata.json,"y manager Megan lives directly across the street and is ready to welcome you.

Registration Details
NSD-STR-02449","[""2ef3c548-828e-4981-b6a6-e9d8769814b5""]"
1688736427692665673,NSD-STR-02402,NSD-STR-02402,exact,listing_results\1688736427692665673\metadata.json,"estaurants and activities. Just ask!

Other things to note
No smoking
No pets

Registration Details
NSD-STR-02402","[""ed0ae1ef-815f-4cf5-ada8-8e40032d93cd""]"
1689216817924643529,NSD-STR-02550,STR-02550,exact,listing_results\1689216817924643529\metadata.json,"The Price is Per Room.

Guest access
Key Code

During your stay
Phone or Text

Registration Details
STR-02550","[""ecd6315d-92f4-45a3-9ab9-6fa7c2ecb1f9""]"
1689216817924643529,STR-02550,STR-02550,exact,listing_details.csv / merged metadata,"The Price is Per Room.

Guest access
Key Code

During your stay
Phone or Text

Registration Details
STR-02550",[]
1689548629226120155,NSD-STR-01167,NSD-STR-01167,exact,listing_results\1689548629226120155\metadata.json,"equire you to agree/approve the additional $75 Pet Fee PER PET after booking.

Registration Details
NSD-STR-01167","[""0e6a5070-9a3e-4b81-937b-93cb6b1d55a8""]"
1689601159407266320,NSD-STR-01679,NSD-STR-01679,exact,listing_results\1689601159407266320\metadata.json,"equire you to agree/approve the additional $75 Pet Fee PER PET after booking.

Registration Details
NSD-STR-01679","[""d18eabe5-e661-4114-ab14-66e423522b4e""]"
1689613857269278708,NSD-STR-02129,NSD-STR-02129,exact,listing_results\1689613857269278708\metadata.json,"Nelson-Atkins Museum, or Frank A. Theis Park, street parking may be limited.

Registration Details
NSD-STR-02129","[""976d8033-e5cf-442f-8fd1-943a602c5a33""]"
1689847836772325080,NSD-STR-02746,Str-02746,exact,listing_results\1689847836772325080\metadata.json,": 3/4 acre back yard. Walking distance to World Cup (1.5 miles) 4:20 friendly

Registration Details
Str-02746","[""eaeea1f5-f43d-4180-9df5-0171a30e3508""]"
1689847836772325080,STR-02746,Str-02746,exact,listing_details.csv / merged metadata,": 3/4 acre back yard. Walking distance to World Cup (1.5 miles) 4:20 friendly

Registration Details
Str-02746",[]
1690754625807274226,NSD-STR-02317,NSD-STR-02317,exact,listing_results\1690754625807274226\metadata.json,"s, restaurants & coffee; minutes to Country Club Plaza, KU Med & downtown KC.

Registration Details
NSD-STR-02317","[""4421a2be-7b1c-43a4-bb1c-b0937bdd75e9""]"
1691593622816002783,NSD-STR-02557,NSD-STR-02557,exact,listing_results\1691593622816002783\metadata.json,"are arriving with their own vehicle.

Other things to note
We speak Spanish.

Registration Details
NSD-STR-02557","[""760dca39-0f93-4774-8fca-18cf514df5c5""]"
1692255072070830744,NSD-STR-02465,NSD-STR-02465,exact,listing_results\1692255072070830744\metadata.json,"ook of our favorite local spots!

*Please message to inquire about daytime use.  

Registration No. NSD-STR-02465

Guest access
Entire home except unfinished basement - no guest access to storage basement

Other t","[""46688d58-0623-4761-9e8f-35686cbbeb78""]"
1692902282901772652,NSD-STR-02846,NSD-STR-02846,exact,listing_results\1692902282901772652\metadata.json,"ble for accidents, injuries, or loss of personal belongings during your stay.

Registration Details
NSD-STR-02846","[""17244a97-d3b5-4069-ac92-c15fa0f4c668""]"
1693061121331945605,NSD-STR-02359,NSD-STR-02359,exact,listing_results\1693061121331945605\metadata.json,"plenty of space to relax, unwind, and make yourself at home during your stay.

Registration Details
NSD-STR-02359","[""46acfbcc-5605-4722-9a1f-a589453592d9""]"
1693197868304217566,NSD-STR-01725,NSD-STR-01725,exact,listing_results\1693197868304217566\metadata.json,"of any damages caused.

Guest access
You have access to the entire apartment!

Registration Details
NSD-STR-01725","[""cee9ef29-1497-42e0-907b-48372eedec5e""]"
1693449075372903033,NSD-STR-02550,STR-02550,exact,listing_results\1693449075372903033\metadata.json,"om, common areas shared with other guest.

Lost keys will incur a $75 Charge.

Registration Details
STR-02550","[""ecd6315d-92f4-45a3-9ab9-6fa7c2ecb1f9""]"
1693449075372903033,STR-02550,STR-02550,exact,listing_details.csv / merged metadata,"om, common areas shared with other guest.

Lost keys will incur a $75 Charge.

Registration Details
STR-02550",[]
1693946131109897499,NSD-STR-02882,NSD-STR-02882,exact,listing_results\1693946131109897499\metadata.json,"inutes to DT KC, Crown Center & Union Station. 

No pets. Quiet hours 10p–8a.

Registration Details
NSD-STR-02882","[""de5dabbb-9d90-431b-809d-1cd9a642c9c6""]"
1694440661326878171,NSD-STR-02743,NSD-STR-02743,exact,listing_results\1694440661326878171\metadata.json,"ing base. Enjoy all that Kansas City has to offer when you stay at our place.

Registration Details
NSD-STR-02743","[""5a1ec481-b409-4a89-a440-884eaf9ac9cc""]"
1694955846916833142,NSD-STR-02704,NSD-STR-02704,exact,listing_results\1694955846916833142\metadata.json,"with a firepit, patio, and garden perfect for outdoor meals and hammock naps.

Registration Details
NSD-STR-02704","[""e6909141-0a65-41d3-bbe9-03871361e847""]"
1695304486812943995,NSD-STR-02824,NSD-STR-02824,exact,listing_results\1695304486812943995\metadata.json,"t is separately occupied. Guests have private access only to the upper level.

Registration Details
NSD-STR-02824","[""a8e3f04a-eb63-49a5-b890-f3458a33d7d1""]"
1695316061371112141,NSD-STR-02560,NSD-STR-02560,exact,listing_results\1695316061371112141\metadata.json,"guarantee availability, I am happy to accommodate requests whenever possible.

Registration number: NSD-STR-02560

Registration Details
NSD-STR-02560","[""cd8ee9c6-45f4-4ef1-ad1d-b5f3687f112d""]"
1695722962678919128,NSD-STR-02516,NSD-STR-02516,exact,listing_results\1695722962678919128\metadata.json,"especially, to head into your room, please be sure to shut the bedroom door.

Registration Details
NSD-STR-02516","[""15c29f95-0d28-4b14-8415-93883bb41bf8""]"
1695879704063294497,NSD-STR-02575,STR-02575,exact,listing_results\1695879704063294497\metadata.json,"devices
- Location: front & back of house
- Coverage: front & back perimeter

Registration Details
STR-02575","[""c29f723a-80ef-4bb5-af78-f9439f8467e2""]"
1695879704063294497,STR-02575,STR-02575,exact,listing_details.csv / merged metadata,"devices
- Location: front & back of house
- Coverage: front & back perimeter

Registration Details
STR-02575",[]
1696057785479547507,NSD-STR-02425,NSD-STR-02425,exact,listing_results\1696057785479547507\metadata.json,"party
$150 biohazard fee
$500 tech fee if you unplug our internet or cameras

Registration Details
NSD-STR-02425","[""7ae320a5-55ff-486f-ab9e-5173010e71b6""]"
1696522998410247741,NSD-STR-00431,CD-STR-00431,exact,listing_results\1696522998410247741\metadata.json,"y slightly in layout, décor, furnishings, or size compared to listing photos.

Registration Details
CD-STR-00431","[""bf800c19-d0aa-443e-a9df-a057decd2244""]"
1696522998410247741,CD-STR-00431,CD-STR-00431,exact,listing_details.csv / merged metadata,"y slightly in layout, décor, furnishings, or size compared to listing photos.

Registration Details
CD-STR-00431","[""57818444-6df9-4784-9f77-f95f63f2eca6""]"
1698203650514791474,NSD-STR-02402,NSD-STR-02402,exact,listing_results\1698203650514791474\metadata.json,"ote
Contact Jolene by phone or in person at the location. 
No smoking
No pets

Registration Details
NSD-STR-02402","[""ed0ae1ef-815f-4cf5-ada8-8e40032d93cd""]"
1698668466120124537,NSD-STR-02247,NSD-STR-02247,exact,listing_results\1698668466120124537\metadata.json,"any kind. There will be a 100.00 fine if has been done anytime in your room.

Registration Details
NSD-STR-02247","[""c05a9d35-eb2e-4dce-91da-5cc5a38064b2""]"
1698849469043152859,NSD-STR-02589,NSD-STR-02589,exact,listing_results\1698849469043152859\metadata.json,"rs, restaurants, and shops located there. Make this your World Cup home base!

Registration Details
NSD-STR-02589","[""182611cc-789b-463f-9c4b-027a4fd1e81e""]"
1699493665713078706,NSD-STR-02705,STR-02705,exact,listing_results\1699493665713078706\metadata.json,"hope you enjoy your stay in Waldo and have an amazing Kansas City experience!

Registration Details
STR-02705","[""42845e3c-0a15-43f8-a6b2-2c82d77fbd24""]"
1699493665713078706,STR-02705,STR-02705,exact,listing_details.csv / merged metadata,"hope you enjoy your stay in Waldo and have an amazing Kansas City experience!

Registration Details
STR-02705",[]
1700309049096600745,NSD-STR-02779,NSD-STR-02779,exact,listing_results\1700309049096600745\metadata.json,"tials are provided. KitchenAid Nespresso coffee station and KitchenAid Mixer.

Registration Details
NSD-STR-02779","[""d85f1f87-b99b-4b8d-8dba-feeae948b158""]"
1701400613682547702,NSD-STR-02578,NSD-STR-02578,exact,listing_results\1701400613682547702\metadata.json,"s & Trifold thick memory foam twin floor mattress, all stored in the bedroom.

Registration Details
NSD-STR-02578","[""20a571fb-4c8d-4900-b27d-b7f0363c7fdf""]"
1701547506576764173,NSD-STR-02747,NSD-STR-02747,exact,listing_results\1701547506576764173\metadata.json,"ngs; any last-minute bookings will be notified at time of booking or inquiry.

Registration Details
NSD-STR-02747","[""5172d52e-594f-478b-802c-401624a32ce5""]"
1702481883416981161,NSD-STR-02760,NSD-STR-02760,exact,listing_results\1702481883416981161\metadata.json,"y live on the upstairs main floor of the cottage with their three small dogs.

Registration Details
NSD-STR-02760","[""893d855a-a253-4642-bf97-41e522d0ff0a""]"
1702551523649898713,NSD-STR-00474,NSD-STR-00474,exact,listing_results\1702551523649898713\metadata.json,"those shown in the photo gallery, with variations in decor, layout, and size.

Registration Details
NSD-STR-00474","[""d3684cfb-c7ff-4ddd-8582-612ac306c101""]"
1702552327105848409,NSD-STR-00475,NSD-STR-00475,exact,listing_results\1702552327105848409\metadata.json,"those shown in the photo gallery, with variations in decor, layout, and size.

Registration Details
NSD-STR-00475","[""77ec4843-9065-44b6-9447-82014d4a1ff0""]"
1702553320610416876,NSD-STR-00477,NSD-STR-00477,exact,listing_results\1702553320610416876\metadata.json,"those shown in the photo gallery, with variations in decor, layout, and size.

Registration Details
NSD-STR-00477","[""11ce7d90-ca9f-4a4f-925c-e9726259620d""]"
1702554139654585610,NSD-STR-00480,NSD-STR-00480,exact,listing_results\1702554139654585610\metadata.json,"those shown in the photo gallery, with variations in decor, layout, and size.

Registration Details
NSD-STR-00480","[""2eb9a299-c80c-4e8a-881c-bc99f233ad68""]"
1702617810814045976,NSD-STR-02878,STR-02878,exact,listing_results\1702617810814045976\metadata.json,"ding a book while listening to the birds chirp. Delightful moments await you!

Registration Details
STR-02878","[""6e4f17ff-7c6c-4d4b-9116-135f822877af""]"
1702617810814045976,STR-02878,STR-02878,exact,listing_details.csv / merged metadata,"ding a book while listening to the birds chirp. Delightful moments await you!

Registration Details
STR-02878",[]
1704651503335200138,NSD-STR-02874,nsd-str-02874,exact,listing_results\1704651503335200138\metadata.json,"ded trash can next to the grill or taken inside to avoid attracting wildlife.

Registration Details
nsd-str-02874","[""75ddb15e-2a2b-4c9a-8ef7-fdb7ee19d39b""]"
1705200544936239988,NSD-STR-02823,STR-02823,exact,listing_results\1705200544936239988\metadata.json,"nce to Penguin Park, scenic trails, and ponds

Guest access
Entire main level

Registration Details
STR-02823","[""bad0f977-dc78-469b-a63c-76ebf7b3595d""]"
1705200544936239988,STR-02823,STR-02823,exact,listing_details.csv / merged metadata,"nce to Penguin Park, scenic trails, and ponds

Guest access
Entire main level

Registration Details
STR-02823",[]
1705307399961821592,NSD-STR-02750,STR-02750,exact,listing_results\1705307399961821592\metadata.json,"tlife in Westport, Crossroads, or downtown, you are just minutes from it all.

Registration Details
STR-02750","[""0df78536-ce19-408e-830e-dff81cbf16b5""]"
1705307399961821592,STR-02750,STR-02750,exact,listing_details.csv / merged metadata,"tlife in Westport, Crossroads, or downtown, you are just minutes from it all.

Registration Details
STR-02750",[]
1706010328461348719,NSD-STR-02616,NSD-STR-02616,exact,listing_results\1706010328461348719\metadata.json,"er food systems requires patience and understanding progress, not perfection.

Registration Details
NSD-STR-02616","[""ba6e6740-4451-474c-be62-ce96775bc391""]"
1706030928881912939,NSD-STR-02917,NSD-STR-02917,exact,listing_results\1706030928881912939\metadata.json,"perty. There is a $100 pet fee if a pet is brought on the property + damages.

Registration Details
NSD-STR-02917","[""14c76719-3d19-4115-a48e-195c247c97bc""]"
1706066817279651298,NSD-STR-02660,NSD-STR-02660,exact,listing_results\1706066817279651298\metadata.json,"accommodate you and make your stay as comfortable and enjoyable as possible.

Registration Details
NSD-STR-02660","[""1fc7230d-4e83-4cbd-bfab-4595c3d469af""]"
1706507672644644756,NSD-STR-02830,NSD-STR-02830,exact,listing_results\1706507672644644756\metadata.json,"ort. We’re happy to share local recommendations to help you enjoy your visit!

Registration Details
NSD-STR-02830","[""d7ed007f-5b8d-40f7-af06-6709410efcb4""]"
1707268433616216880,NSD-STR-02763,NSD-STR-02763,exact,listing_results\1707268433616216880\metadata.json,"during your stay, you will be responsible for the repair or replacement cost.

Registration Details
NSD-STR-02763","[""84b9ea38-dbe5-4d6f-99dc-91f4d967b467""]"
1707817655883363997,NSD-STR-02714,NSD-STR-02714,exact,listing_results\1707817655883363997\metadata.json,"uring regular business hours), but will not enter the home while it's rented.

Registration Details
NSD-STR-02714","[""1f6e0338-a2c6-465a-a8da-2076cda4aa59""]"
1708022974313808014,NSD-STR-02602,NSD-STR-02602,exact,listing_results\1708022974313808014\metadata.json,"ine. Perfect for families, couples, and sports fans. Not handicap accessible.

Registration Details
NSD-STR-02602","[""8ba7d58a-4288-4626-9dac-399dcf4528f5""]"
1708275615838054943,NSD-STR-02588,NSD-STR-02588,exact,listing_results\1708275615838054943\metadata.json,"t during your stay so we can ensure everything is perfectly prepared for you!

Registration Details
NSD-STR-02588","[""5b918f14-2597-4ce9-9e19-d9bd2f284178""]"
1709431696068921656,NSD-STR-02756,NSD-STR-02756,exact,listing_results\1709431696068921656\metadata.json,"Washer & dryer on site; 2 bathrooms. WIFI & charging station. Keyless entry.

Registration Details
NSD-STR-02756","[""3eb782d6-b861-4487-ae26-8a52621bb1b0""]"
1709614735321318377,NSD-STR-02584,NSD-STR-02584,exact,listing_results\1709614735321318377\metadata.json,"n. No refund will be provided if cancelling less than 5 days before check in.

Registration Details
NSD-STR-02584","[""af14bfca-9b84-43a7-8a76-438ae104a3e2""]"
1709623151523759394,NSD-STR-00445,CD-STR-00445,exact,listing_results\1709623151523759394\metadata.json,"ns may exist while maintaining the same overall quality and guest experience.

Registration Details
CD-STR-00445","[""956d0dc0-0ccc-490a-906c-ae8cf745ffbe""]"
1709623151523759394,CD-STR-00445,CD-STR-00445,exact,listing_details.csv / merged metadata,"ns may exist while maintaining the same overall quality and guest experience.

Registration Details
CD-STR-00445","[""76b97e0e-1b22-4736-a8e4-7d329ef858cf""]"
1709623274357918188,NSD-STR-00432,CD-STR-00432,exact,listing_results\1709623274357918188\metadata.json,"urnishings, dimensions, and finishes from those shown in listing photographs.

Registration Details
CD-STR-00432","[""9dc03e33-9a16-4a05-8424-4bf554cad3ab""]"
1709623274357918188,CD-STR-00432,CD-STR-00432,exact,listing_details.csv / merged metadata,"urnishings, dimensions, and finishes from those shown in listing photographs.

Registration Details
CD-STR-00432","[""555613a3-b0ec-42e9-a44b-b20c439ca2fe""]"
1710534913932045532,NSD-STR-02672,STR-02672,exact,listing_results\1710534913932045532\metadata.json,"erfect home base for game days, events, work trips, or exploring Kansas City.

Registration Details
STR-02672","[""da5dfa32-27df-48b1-a5d8-28a8ff71d5d3""]"
1710534913932045532,STR-02672,STR-02672,exact,listing_details.csv / merged metadata,"erfect home base for game days, events, work trips, or exploring Kansas City.

Registration Details
STR-02672",[]
1711974206519186789,NSD-STR-02551,NSD-STR-02551,exact,listing_results\1711974206519186789\metadata.json,"or Apartment above Kansas City's Best BBQ Restaurant, Wolfpack BBQ & Burgers.

Registration Details
NSD-STR-02551","[""81ce4197-1069-417a-ae21-0b0898864792""]"
1712926638142661492,NSD-STR-00773,CD-STR-00773,exact,listing_results\1712926638142661492\metadata.json,"home feel.  Enjoy this home away from home and stay with us in Little Italy!!

Registration Details
CD-STR-00773","[""39ebe60e-eec5-4aff-9af7-f40d238aef18""]"
1712926638142661492,CD-STR-00773,CD-STR-00773,exact,listing_details.csv / merged metadata,"home feel.  Enjoy this home away from home and stay with us in Little Italy!!

Registration Details
CD-STR-00773","[""ab4dcf23-7a15-453e-b360-e22c27829b31""]"
1713098332281842119,NSD-STR-02429,NSD-STR-02429,exact,listing_results\1713098332281842119\metadata.json,"oth our guests and our furry family members to feel at ease during your stay.

Registration Details
NSD-STR-02429","[""a299dfc3-84ee-4a65-bfb8-17b255b9baaf""]"
1713901481042940930,NSD-STR-02492,NSD-STR-02492,exact,listing_results\1713901481042940930\metadata.json,"iews must first be approved for stay and host may require a security deposit.

Registration Details
NSD-STR-02492","[""3b9a9af1-c4eb-4f18-9dc7-b2e619e65bb3""]"
1715483925849640786,NSD-STR-02551,NSD-STR-02551,exact,listing_results\1715483925849640786\metadata.json,"ty like a local — with the perfect mix of character, comfort, and convenience

Registration Details
NSD-STR-02551","[""81ce4197-1069-417a-ae21-0b0898864792""]"
17156381,NSD-STR-01359,NSD-STR-01359,exact,listing_results\17156381\metadata.json,"is fully licensed and registered with the city of Kansas City, MO (Short-Term Rental Registration: NSD-STR-01359). Registration is required for all short term rentals within city limits.

Always ask for the short","[""d71d8fab-ce0f-4522-aac2-ca43fbea87c9""]"
1716163545866721088,NSD-STR-01886,NSD-STR-01886,exact,listing_results\1716163545866721088\metadata.json,"for rule enforcement and liability purposes, and all footage remains private.

Registration Details
NSD-STR-01886","[""90ed8601-0040-4f4d-ba33-7cfb0c45add7""]"
1716207289240725783,NSD-STR-01886,NSDSTR01886,exact,listing_results\1716207289240725783\metadata.json,"ely use stairs, as the property is not wheelchair accessible or single-level.

Registration Details
NSDSTR01886","[""90ed8601-0040-4f4d-ba33-7cfb0c45add7""]"
1717103655139176165,NSD-STR-01724,NSD-STR-01724,exact,listing_results\1717103655139176165\metadata.json,"nt. Smoking in this apartment will result in an additional $250 cleaning fee.

Registration Details
NSD-STR-01724","[""9b568162-7eb4-4ec4-a895-e4e6bc2013f8""]"
1717114704149791809,NSD-STR-01724,NSD-STR-01724,exact,listing_results\1717114704149791809\metadata.json,"ing during or after your stay will result in an additional $250 cleaning fee.

Registration Details
NSD-STR-01724","[""9b568162-7eb4-4ec4-a895-e4e6bc2013f8""]"
1717127973512911131,NSD-STR-01678,NSD-STR-01678,exact,listing_results\1717127973512911131\metadata.json,"fort, and location.

Guest access
Guests have access to the entire apartment.

Registration Details
NSD-STR-01678","[""01116cd0-97c8-43ad-99f1-9350a66747d8""]"
1717134659472477507,NSD-STR-01723,NSD-STR-01723,exact,listing_results\1717134659472477507\metadata.json,"emper, and the Nelson.

Guest access
You have access to the entire apartment!

Registration Details
NSD-STR-01723","[""020c2c16-40d8-49ed-90a8-c7e0280ace77""]"
1717141785784959786,NSD-STR-02007,NSD-STR-02007,exact,listing_results\1717141785784959786\metadata.json,"historic settings.

Guest access
Guests have access to the entire apartment.

Registration Details
NSD-STR-02007","[""2be72dad-b185-4635-84f7-4db067fabd8d""]"
1717149993385388317,NSD-STR-02007,NSD-STR-02007,exact,listing_results\1717149993385388317\metadata.json,"the backyard space.

Guest access
Guests have access to the entire apartment.

Registration Details
NSD-STR-02007","[""2be72dad-b185-4635-84f7-4db067fabd8d""]"
1717158884462786939,NSD-STR-02128,NSD-STR-02128,exact,listing_results\1717158884462786939\metadata.json,"nd fully fenced-in yard.

Guest access
Guests have access to the entire home!

Registration Details
NSD-STR-02128","[""923bd857-bbca-49dd-a2f2-bc9de049af87""]"
17174947,NSD-STR-00887,NSD-STR-00887,exact,listing_results\17174947\metadata.json,"u can count on the fact that our Airbnb apartment will be clean and sanitary.

Registration Details
NSD-STR-00887","[""d0a8e391-6386-4c22-8b36-d334f4180891""]"
1717576723367626878,NSD-STR-02477,NSD-STR-02477,exact,listing_results\1717576723367626878\metadata.json,"x? Gather on the patio with the pups and unwind under the stars. Secure your stay today!

The space
NSD-STR-02477

INDOOR LIVING
- Living room w/ seating & Smart TV
- Dining room
- Garage game room w/ foosball tab","[""accc2672-3e29-4192-aa00-0cf5425b3880""]"
1719152007493697461,NSD-STR-02719,NSD-STR-02719,exact,listing_results\1719152007493697461\metadata.json,"ear GEHA Field!
description: Kick back and relax in this calm, stylish space.

Registration Details
NSD-STR-02719","[""b9938999-233b-449d-866b-5aba28f841d5""]"
1719660834749104223,NSD-STR-01884,NSD-STR-01884,exact,listing_results\1719660834749104223\metadata.json,"onal portable AC units are available in the basement for guest use if needed.

Registration Details
NSD-STR-01884","[""8a624867-f8de-4068-bf5f-5d116c4aec59""]"
1724321526801451716,NSD-STR-01744,NSD-STR-01744,exact,listing_results\1724321526801451716\metadata.json,"uring, or after your stay.  

We look forward to the opportunity to host you!

Registration Details
NSD-STR-01744","[""cdfbd3fa-d8e0-4bdb-9bbc-e30a110453cc""]"
1724356965801862376,NSD-STR-01722,NSD-STR-01722,exact,listing_results\1724356965801862376\metadata.json,"y sign of smoking in the home will result in an additional $250 cleaning fee.

Registration Details
NSD-STR-01722","[""20f2e111-40c4-44ef-8d85-f4f1084d754a""]"
1724720728945164283,NSD-STR-01940,NSD-STR-01940,exact,listing_results\1724720728945164283\metadata.json,"round, and concrete slides built into the hill.  It's a truly festive atmosphere on cool evenings.

NSD-STR-01940

Registration Details
NSD-STR-01940","[""bd1e9e35-ec14-4374-8393-1cab883da399""]"
1726297260455501789,NSD-STR-02821,NSD-STR-02821,exact,listing_results\1726297260455501789\metadata.json,". This is our home that we are not currently at due to special circumstances.

Registration Details
NSD-STR-02821","[""443215a6-a779-4130-ba0e-d3513a9a4456""]"
1728327808311384297,NSD-STR-02237,NSD-STR-02237,exact,listing_results\1728327808311384297\metadata.json,"may experience typical city traffic noise.
The bus stop is next to the house.

Registration Details
NSD-STR-02237","[""b9a7e553-16da-40f5-bb83-c882825f1b33""]"
1731193305635647746,NSD-STR-01005,NSD-STR-01005,exact,listing_results\1731193305635647746\metadata.json,"reserve the right to cancel any reservation that violates these requirements.

Registration Details
NSD-STR-01005","[""e285cd72-d4fa-4dd2-a716-e65d1ce64ac1""]"
1732060434781628084,NSD-STR-02537,STR-02537,exact,listing_results\1732060434781628084\metadata.json,"een available for practice.

 Parking: Dedicated off-street parking included.

Registration Details
STR-02537","[""5d69751c-dbc5-4a98-9b55-4234a5a14b3a""]"
1732060434781628084,STR-02537,STR-02537,exact,listing_details.csv / merged metadata,"een available for practice.

 Parking: Dedicated off-street parking included.

Registration Details
STR-02537",[]
1734852308908026187,NSD-STR-01881,NSD-STR-01881,exact,listing_results\1734852308908026187\metadata.json,"st of the house. You have your own private entrance at the back of the house.

Registration Details
NSD-STR-01881","[""3b8a6236-2e36-486e-9a87-3bd9b319d15e""]"
1737064353419635745,NSD-STR-02873,NSD-STR-02873,exact,listing_results\1737064353419635745\metadata.json,"rted pets may result in fines up to $500, plus any damages or extra cleaning.

Registration Details
NSD-STR-02873

Guest access
This rental is the entire 2nd and 3rd floor of a home. This rental has own entrance,","[""26e6c7af-daba-4cce-a7e5-074a4b5aa6e9""]"
1739892305591309009,NSD-STR-01946,NSD-STR-01946,exact,listing_results\1739892305591309009\metadata.json,"roups who want space to spread out without sacrificing the social experience.

Registration Details
NSD-STR-01946","[""2649de1b-2e0b-4c56-8c79-88a40e0ff9ad""]"
1740239900037669241,NSD-STR-02780,NSD-STR-02780,exact,listing_results\1740239900037669241\metadata.json,"his comfortable and centrally located apartment is the perfect place to stay.

Registration Details
NSD-STR-02780","[""0e4262cb-22f4-4b55-bf30-1e7b1f27c887""]"
1741302142091775229,NSD-STR-02310,NSD-STR-02310,exact,listing_results\1741302142091775229\metadata.json,"4/7

For enhanced safety and property protection, we’ve partnered with Truvi.

Registration Details
NSD-STR-02310","[""5f806cd8-3520-4a71-9ad9-7382c032d8a1""]"
1741389791041558456,NSD-STR-02309,NSD-STR-02309,exact,listing_results\1741389791041558456\metadata.json,"all pointing away from the home and are in public view and are recording 24/7

Registration Details
NSD-STR-02309","[""71db1b27-4cdf-4980-b5e2-eb44e19f415e""]"
1741392467900493853,NSD-STR-02310,NSD-STR-02310,exact,listing_results\1741392467900493853\metadata.json,"all pointing away from the home and are in public view and are recording 24/7

Registration Details
NSD-STR-02310","[""5f806cd8-3520-4a71-9ad9-7382c032d8a1""]"
1745181427823634940,NSD-STR-02698,NSD-STR-02698,exact,listing_results\1745181427823634940\metadata.json,"Luke's, KU Med, Children's Mercy, Truman Medical)
5 min       Local shopping

Registration Details
NSD-STR-02698","[""2fe9627f-6963-4c76-9c3d-ff4ae841c00b""]"
1746566507381302619,NSD-STR-02849,STR-02849,exact,listing_results\1746566507381302619\metadata.json,"se. 
Kayaks USE AT YOUR OWN RISK! life jackets in front entry closet for use.

Registration Details
STR-02849","[""c6face97-b267-4c85-af1e-940293caa014""]"
1746566507381302619,STR-02849,STR-02849,exact,listing_details.csv / merged metadata,"se. 
Kayaks USE AT YOUR OWN RISK! life jackets in front entry closet for use.

Registration Details
STR-02849",[]
1747411750452456609,NSD-STR-01797,NSD-STR-01797,exact,listing_results\1747411750452456609\metadata.json,"with this stay at a detached garage structure right across from the building.

Registration Details
NSD-STR-01797","[""7e5fa036-b5ae-4c20-85c6-3a4c4cf813cb""]"
1747427814609531404,NSD-STR-01811,NSD-STR-01811,exact,listing_results\1747427814609531404\metadata.json,"with this stay at a detached garage structure right across from the building.

Registration Details
NSD-STR-01811","[""b2767f2a-1f6b-4165-8fda-e8eb86b46283""]"
1747457444011081072,NSD-STR-01812,NSD-STR-01812,exact,listing_results\1747457444011081072\metadata.json,"with this stay at a detached garage structure right across from the building.

Registration Details
NSD-STR-01812","[""0a00fd0d-b789-40bf-a450-db884dcf001f""]"
1747476535922919675,NSD-STR-01798,NSD-STR-01798,exact,listing_results\1747476535922919675\metadata.json,"with this stay at a detached garage structure right across from the building.

Registration Details
NSD-STR-01798","[""ecf06f03-4b99-43b4-b71d-2d9e1604e032""]"
1747482518660911136,NSD-STR-01812,NSD-STR-01812,exact,listing_results\1747482518660911136\metadata.json,"with this stay at a detached garage structure right across from the building.

Registration Details
NSD-STR-01812","[""0a00fd0d-b789-40bf-a450-db884dcf001f""]"
1749502919632021501,NSD-STR-00556,NSD-STR-00556,exact,listing_details.csv / merged metadata,"e grill please make sure to turn the propane off and clean up after yourself.

Registration Details
NSD-STR-00556","[""227673a5-33ed-4276-be18-50d1974e182d""]"
1749583398326533861,NSD-STR-02969,NSD-STR-02969,exact,listing_results\1749583398326533861\metadata.json,"party.  You won’t be sharing the house with anyone except your listed group.

Registration Details
NSD-STR-02969","[""e5cc4ec8-a92d-4a89-98da-63a2eef9138a""]"
1754518479059512729,NSD-STR-02847,NSD-STR-02847,exact,listing_results\1754518479059512729\metadata.json,"ailure to complete these steps may result in cancellation of the reservation.

Registration Details
NSD-STR-02847","[""3b2e91b4-6dad-4a1a-b68e-8f3997326089""]"
1755438007519682638,NSD-STR-02929,NSD-STR-02929,exact,listing_results\1755438007519682638\metadata.json,"ecording during the reservations. Tampering with these will result in a fine.

Registration Details
NSD-STR-02929","[""4c7ec51b-fe56-4fe3-abf5-48fcb1695925""]"
1755438007729681517,NSD-STR-02930,NSD-STR-02930,exact,listing_results\1755438007729681517\metadata.json,"ecording during the reservations. Tampering with these will result in a fine.

Registration Details
NSD-STR-02930","[""d436aac1-a1fe-4a99-b486-4f7d4532758e""]"
1755870179573236752,NSD-STR-02679,NSD-STR-02679,exact,listing_results\1755870179573236752\metadata.json,"d can be shipped to you for a $25 handling fee plus the cost of the shipping.

Registration Details
NSD-STR-02679","[""982ace4a-511f-42a4-8614-b2ba2f6274e8""]"
1756829232961048834,NSD-STR-02929,NSD-STR-02929,exact,listing_results\1756829232961048834\metadata.json,"ecording during the reservations. Tampering with these will result in a fine.

Registration Details
NSD-STR-02929","[""4c7ec51b-fe56-4fe3-abf5-48fcb1695925""]"
1758259031300970674,NSD-STR-02125,NSD-STR-02125,exact,listing_results\1758259031300970674\metadata.json,"ns of smoking after check-out will result in an additional $250 cleaning fee.

Registration Details
NSD-STR-02125","[""3f9a1c5e-c3ac-430d-a55a-ff9bd2ec1e1c""]"
1758283870934447451,NSD-STR-01722,NSD-STR-01722,exact,listing_results\1758283870934447451\metadata.json,"or vaping is allowed in this home.  You may smoke on the front or back porch.

Registration Details
NSD-STR-01722","[""20f2e111-40c4-44ef-8d85-f4f1084d754a""]"
1761119360488717129,NSD-STR-02647,NSD-STR-02647,exact,listing_results\1761119360488717129\metadata.json,"ll pointing away from the home and are in public view and are recording 24/7.

Registration Details
NSD-STR-02647","[""a8628474-6ba6-47a5-98f3-dc29041bf6e9""]"
1763244406179003685,NSD-STR-02727,STR-02727,exact,listing_results\1763244406179003685\metadata.json,"ately, do not need to be present but must allow access at the scheduled time.

Registration Details
STR-02727","[""95d7e509-37de-433f-ac6a-d8cd62ec5c73""]"
1763244406179003685,STR-02727,STR-02727,exact,listing_details.csv / merged metadata,"ately, do not need to be present but must allow access at the scheduled time.

Registration Details
STR-02727",[]
1769069176147939984,NSD-STR-02335,STR-02335,exact,listing_results\1769069176147939984\metadata.json,"with free street parking out front. Ideal for a few nights or a longer stay.

Registration Details
STR-02335","[""7de8ee89-dd25-4c9e-99a0-ee899ec85de8""]"
1769069176147939984,STR-02335,STR-02335,exact,listing_details.csv / merged metadata,"with free street parking out front. Ideal for a few nights or a longer stay.

Registration Details
STR-02335",[]
1770729344025891874,NSD-STR-02325,NSD-STR-02325,exact,listing_results\1770729344025891874\metadata.json,"me. Any violation of this rule will result in a $500 additional cleaning fee.

Registration Details
NSD-STR-02325","[""4c691722-30c1-490c-ab96-d9a336aa568d""]"
1772063739636981054,NSD-STR-00834,NSD-STR-00834,exact,listing_results\1772063739636981054\metadata.json,"nights: $25/night
6-14 nights: $150
15-29 nights: $200
30 nights+: $300/month

Registration Details
NSD-STR-00834","[""25e1a53e-b21f-470a-908f-f7e623c4012d""]"
1773706562600517546,NSD-STR-02159,NSD-STR-02159,exact,listing_results\1773706562600517546\metadata.json,"ing the city. Features a patio/deck, off street parking and .5 walk to Plaza.

Registration Details
NSD-STR-02159","[""ee661973-4a14-488c-a91f-214a9196c6ce""]"
17751758,NSD-STR-02867,NSD-STR-02867,exact,listing_results\17751758\metadata.json,"ytime.  I provide an iron, ironing board and blow-dryer for your convenience.

Registration Details
NSD-STR-02867","[""4d7d39f3-63e3-48a3-8dac-5ff801bbe9e5""]"
1778353471571438221,NSD-STR-02831,NSD-STR02831,exact,listing_results\1778353471571438221\metadata.json,"Airport and about 7 minutes from Downtown Kansas City, depending on traffic.

Registration Details
NSD-STR02831","[""152df558-dd48-4611-97aa-70d83083483c""]"
18077871,NSD-STR-02314,NSD-STR-02314,exact,listing_results\18077871\metadata.json,"ly welcome pets at our property. Small dogs are permitted with a fee of $200 per pet. 

LICENSE NO: NSD-STR-02314

Registration Details
NSD-STR-02314","[""c1e4de06-ab2f-4c73-9023-d284d07609ae""]"
18235000,NSD-STR-02050,NSD-STR-02050,exact,listing_results\18235000\metadata.json,"for the studio. Instructions for parking are provided in the check-in guide.

Registration Details
NSD-STR-02050","[""e2798d3a-0e19-48da-b9a8-68fa4765d455""]"
18528512,NSD-STR-02972,NSD-STR-02972,exact,listing_results\18528512\metadata.json,"iews must first be approved for stay and host may require a security deposit.

Registration Details
NSD-STR-02972","[""a16ad9a5-3f5e-4c88-a094-5f950bd22f32""]"
18545879,NSD-STR-02973,NSD-STR-02973,exact,listing_results\18545879\metadata.json,"iews must first be approved for stay and host may require a security deposit.

Registration Details
NSD-STR-02973","[""f67afadb-4268-4bbd-8cdc-374b512b4a85""]"
18721127,NSD-STR-00258,NSD-STR-00258,exact,listing_results\18721127\metadata.json,"e self awareness at all times and lock main doors and car doors at all times.

Registration Details
NSD-STR-00258","[""9d1b288a-2819-43d9-977a-3b31742c44b9""]"
19787431,NSD-STR-02406,NSD-STR-02406,exact,listing_results\19787431\metadata.json,"el free to introduce yourself. It's how our neighborhood/block vibe works :-)

Registration Details
NSD-STR-02406","[""50ad435f-a88f-459e-aca9-49c7b0dca0a8""]"
20092122,NSD-STR-02972,NSD-STR-02972,exact,listing_results\20092122\metadata.json,"iews must first be approved for stay and host may require a security deposit.

Registration Details
NSD-STR-02972 NSD-STR-02973","[""a16ad9a5-3f5e-4c88-a094-5f950bd22f32""]"
20092122,NSD-STR-02973,NSD-STR-02973,exact,listing_results\20092122\metadata.json,"t be approved for stay and host may require a security deposit.

Registration Details
NSD-STR-02972 NSD-STR-02973","[""f67afadb-4268-4bbd-8cdc-374b512b4a85""]"
20601908,NSD-STR-02173,NSDSTR02173,exact,listing_results\20601908\metadata.json,"e and secure

Guest access
Access to the garden area which includes a firepit

Registration Details
NSDSTR02173","[""cff1a9a7-56d7-430a-bcf5-d4b720ab5315""]"
21524923,NSD-STR-00941,CD-STR-00941,exact,listing_results\21524923\metadata.json,"couch that converts into a full size bed. This space is ideal for 3-5 people.

Registration Details
CD-STR-00941","[""133a75d7-541a-47e3-b3b1-f578507a4e55""]"
21524923,CD-STR-00941,CD-STR-00941,exact,listing_details.csv / merged metadata,"couch that converts into a full size bed. This space is ideal for 3-5 people.

Registration Details
CD-STR-00941",[]
2169518,NSD-STR-01273,NSD-STR-01273,exact,listing_results\2169518\metadata.json,"elers.  

This listing will put you in R5: The Backyard Bungalow. (queen bed)

Registration Details
NSD-STR-01273","[""efffed61-fc58-4101-aa70-30f78d8c0923""]"
2193867,NSD-STR-00341,NSD-STR-00341,exact,listing_results\2193867\metadata.json,"ggies. The list goes on.
 
We just love the midtown energy. Hope you will too

Registration Details
NSD-STR-00341","[""35805829-4f4f-47ee-bd04-13ff80c80234""]"
22309912,NSD-STR-02385,NSD-STR-02385,exact,listing_results\22309912\metadata.json,"ng monthly stays. If you're interested, please reach out to discuss the possibilities.

LICENSE NO: NSD-STR-02385

Registration Details
NSD-STR-02385","[""0f3a31ea-78b4-4239-8cde-c28d34bc8666""]"
22340552,NSD-STR-00005,STR-00005,exact,listing_results\22340552\metadata.json,"ilable via phone call and text messages

Other things to note
No pets allowed

Registration Details
STR-00005","[""829fe730-fdd0-404d-8021-9691a11a543e""]"
22340552,STR-00005,STR-00005,exact,listing_details.csv / merged metadata,"ilable via phone call and text messages

Other things to note
No pets allowed

Registration Details
STR-00005",[]
22634687,NSD-STR-00941,CD-STR-00941,exact,listing_results\22634687\metadata.json,"t can comfortably sleep up to two people. This space is ideal for 2-6 people.

Registration Details
CD-STR-00941","[""133a75d7-541a-47e3-b3b1-f578507a4e55""]"
22634687,CD-STR-00941,CD-STR-00941,exact,listing_details.csv / merged metadata,"t can comfortably sleep up to two people. This space is ideal for 2-6 people.

Registration Details
CD-STR-00941",[]
23109370,NSD-STR-01874,NSD-STR-01874,exact,listing_results\23109370\metadata.json,"has 2 exterior video cameras (video/audio) and a Ring doorbell (video/audio).

Registration Details
NSD-STR-01874","[""41d03f70-b25b-4659-b03e-629e96ce6665""]"
23180910,NSD-STR-00615,NSD-STR-00615,exact,listing_results\23180910\metadata.json,"ING LEGALLY.   BE SURE YOU ARE BOOKING WITH A LEGITIMATE REGISTERED PROPERTY.

Registration Details
NSD-STR-00615","[""926d8818-971c-482f-8c93-bef154bbeb2b""]"
23450104,NSD-STR-00046,NSD-STR-00046,exact,listing_results\23450104\metadata.json,"esidential neighborhood so please observe the quiet times— 10:00pm to 7:00am.

Registration Details
NSD-STR-00046","[""2a58b5d1-6fc2-463b-9982-d7e380dd04d4""]"
23525729,NSD-STR-02457,NSD-STR-02457,exact,listing_results\23525729\metadata.json,"once per week. Guests are responsible for weekly trash removal, and cleaning.

Registration Details
NSD-STR-02457","[""ef6be229-3fbb-4f98-8086-ff5dd31ad5fc""]"
23651522,NSD-STR-01962,NSD-STR-01962,exact,listing_results\23651522\metadata.json,"ay and can come greet you at most times.  My husband is usually home by 5:30.

Registration Details
NSD-STR-01962","[""a29837cc-d415-4d11-b06b-8bed7935e054""]"
23844193,NSD-STR-01642,NSD-STR-01642,exact,listing_results\23844193\metadata.json,"inger long after your stay. Book your unforgettable Kansas City escape today!

Registration Details
NSD-STR-01642","[""adb43a69-0232-4d2b-8405-5bb8bbff9ab4""]"
23858162,NSD-STR-00046,NSD-STR-00046,exact,listing_results\23858162\metadata.json,"ave many rooms to clean in one day, and have to honor the schedule as booked.

Registration Details
NSD-STR-00046","[""2a58b5d1-6fc2-463b-9982-d7e380dd04d4""]"
24155963,NSD-STR-00979,CD-STR-00979,exact,listing_results\24155963\metadata.json,"ider if you’re traveling with elderly guests or those with mobility concerns.

Registration Details
CD-STR-00979","[""3711c08a-1d97-4d5e-af9d-4a2e08e454f4""]"
24155963,CD-STR-00979,CD-STR-00979,exact,listing_details.csv / merged metadata,"ider if you’re traveling with elderly guests or those with mobility concerns.

Registration Details
CD-STR-00979",[]
24162528,NSD-STR-01752,NSD-STR-01752,exact,listing_results\24162528\metadata.json,"to be securely parked in the back section of the property. This home is legally permitted. Permit # NSD-STR-01752.

Guest access
Guests have access to the entire house, front porch, back yard and patio, washer & d","[""874d80c4-c5de-4af9-83ea-e1913823599b""]"
24162528,NSD-STR-00764,CD-STR-00764,exact,listing_results\24162528\metadata.json,"request. Refund requests will not be granted due to excessive outside noise.

Registration Details
CD-STR-00764","[""db3ccb30-7948-40e4-8d3f-295e7c81b343""]"
24162528,CD-STR-00764,CD-STR-00764,exact,listing_details.csv / merged metadata,"request. Refund requests will not be granted due to excessive outside noise.

Registration Details
CD-STR-00764","[""70500bba-d33f-4de5-b88a-d2dadc2c21ad""]"
24179216,NSD-STR-00051,NSD-STR-00051,exact,listing_results\24179216\metadata.json,"ur residence is a registered and permitted short-term rental with Kansas City, Missouri - Permit #: NSD-STR-00051

Registration Details
STR-00051","[""f6b4006a-b596-44f5-90d7-4930f97b7528""]"
24179216,STR-00051,STR-00051,exact,listing_details.csv / merged metadata,"mitted short-term rental with Kansas City, Missouri - Permit #: NSD-STR-00051

Registration Details
STR-00051",[]
24355226,NSD-STR-01951,NSD-STR-01951,exact,listing_results\24355226\metadata.json,"iews must first be approved for stay and host may require a security deposit.

Registration Details
NSD-STR-01951","[""504fed33-788e-46ad-b7e9-6f83efa65e34""]"
26670664,NSD-STR-00811,NSD-STR-00811,exact,listing_results\26670664\metadata.json,"uite is on the 2nd floor as well.

The 3rd floor space is also a room rental.

Registration Details
NSD-STR-00811","[""9bf6e4e7-07eb-43ea-a1c0-360d7181341c""]"
26682639,NSD-STR-00811,NSD-STR-00811,exact,listing_results\26682639\metadata.json,"flights of stairs.

There is an additional room on the second floor for rent.

Registration Details
NSD-STR-00811","[""9bf6e4e7-07eb-43ea-a1c0-360d7181341c""]"
27014824,NSD-STR-00203,NSD-STR-00203,exact,listing_results\27014824\metadata.json,"tion though you may here at times soft foot steps above the bathroom/kitchen.

Registration Details
NSD-STR-00203","[""943a8c7e-aa5f-44dd-ba90-f17a8c6ad07a""]"
27106959,NSD-STR-00631,NSD-STR-00631,exact,listing_results\27106959\metadata.json,"d by Cozy in KC
All Cozy in KC properties are registered and licensed with the city, permit number: NSD-STR-00631

Guest access
You will be able to access the entire home, backyard and basement which includes a fu","[""d9710938-a679-4b48-81ca-0aefd03a2c93""]"
27106959,NSD-STR-02005,NSD-STR-02005,exact,listing_results\27106959\metadata.json,"sign a rental agreement outlining all house rules once booking is confirmed.

Registration Details
NSD-STR-02005","[""1ccdfd35-bb0e-42ff-88ca-ef6273e7bace""]"
27482589,NSD-STR-00356,NSD-STR-00356,exact,listing_results\27482589\metadata.json,"sible by phone though if you have any questions or concerns during your stay.

Registration Details
NSD-STR-00356","[""8e5e103e-5902-443e-95a0-c895d4661303""]"
27656473,NSD-STR-02977,NSD-STR-02977,exact,listing_results\27656473\metadata.json,"iews must first be approved for stay and host may require a security deposit.

Registration Details
NSD-STR-02977","[""7153608d-bf42-4fef-8902-cf657fec457b""]"
27657104,NSD-STR-02976,NSD-STR-02976,exact,listing_results\27657104\metadata.json,"iews must first be approved for stay and host may require a security deposit.

Registration Details
NSD-STR-02976","[""8d411451-92e2-4da5-b74a-b50b25df6eb9""]"
27657638,NSD-STR-02977,NSD-STR-02977,exact,listing_results\27657638\metadata.json,"iews must first be approved for stay and host may require a security deposit.

Registration Details
NSD-STR-02977 NSD-STR-02976","[""7153608d-bf42-4fef-8902-cf657fec457b""]"
27657638,NSD-STR-02976,NSD-STR-02976,exact,listing_results\27657638\metadata.json,"t be approved for stay and host may require a security deposit.

Registration Details
NSD-STR-02977 NSD-STR-02976","[""8d411451-92e2-4da5-b74a-b50b25df6eb9""]"
27723718,NSD-STR-02867,NSD-STR-02867,exact,listing_results\27723718\metadata.json,"ytime.  I provide an iron, ironing board and blow-dryer for your convenience.

Registration Details
NSD-STR-02867","[""4d7d39f3-63e3-48a3-8dac-5ff801bbe9e5""]"
28051567,NSD-STR-01224,NSD-STR-01224,exact,listing_results\28051567\metadata.json,"oyed her backy...Read more
Dewayne User Profile
Dewayne
June 2018

Great home

Registration Details
NSD-STR-01224","[""e715b9bc-5cdd-4586-ae74-423682a6e93c""]"
28201141,NSD-STR-00428,CD-STR-00428,exact,listing_results\28201141\metadata.json,"1/2 of a duplex.  This is the Left Side of the duplex as you are looking at the front of the home.

CD-STR-00428

Registration Details
NSD-STR-02995","[""b3a13569-70d5-4c4d-b23f-3b2e75879f27""]"
28201141,NSD-STR-02995,NSD-STR-02995,exact,listing_results\28201141\metadata.json,"Side of the duplex as you are looking at the front of the home.

CD-STR-00428

Registration Details
NSD-STR-02995","[""a14db4c8-b073-495e-84f3-2751ce263995""]"
28201141,CD-STR-00428,CD-STR-00428,exact,listing_details.csv / merged metadata,"1/2 of a duplex.  This is the Left Side of the duplex as you are looking at the front of the home.

CD-STR-00428

Registration Details
NSD-STR-02995","[""cf4575fa-b4f3-45bf-a766-466af5e1a4dd""]"
28934656,NSD-STR-00650,NSD-STR-00650,exact,listing_results\28934656\metadata.json,"ad.  Access to second floor via staircase and electronic deadbolt / doorknob.

Registration Details
NSD-STR-00650","[""da600d3d-2e8a-4950-b838-1d273425c250""]"
30085668,NSD-STR-01641,NSD-STR-01641,exact,listing_results\30085668\metadata.json,"(located 2 properties south)—this keeps turnover smooth for the next guests.

Registration Details
NSD-STR-01641","[""6b9fc33f-f7f4-4948-84a4-520e341d1ce0""]"
30468627,NSD-STR-00173,NSD-STR-00173,exact,listing_results\30468627\metadata.json,"staying as a guest are not allowed in the house. Thank you for understanding.

Registration Details
NSD-STR-00173","[""f4bfdd90-ee32-4e89-8b57-3c36cbdf3c6d""]"
30504146,NSD-STR-00232,NSD-STR-00232,exact,listing_results\30504146\metadata.json,"ble to guests in need of the washer and dyer or in case of inclement weather.

Registration Details
NSD-STR-00232","[""a4c25dad-8769-4767-a6b1-518f8538e176""]"
30746290,NSD-STR-00649,NSD-STR-00649,exact,listing_results\30746290\metadata.json,"s
Complete two bedroom / one bath apartment, the downstairs unit of a duplex.

Registration Details
NSD-STR-00649","[""60bab76c-81c9-4379-931e-40a3ff16e092""]"
31070270,NSD-STR-01317,NSD-STR-01317,exact,listing_results\31070270\metadata.json,"Reading Chair 	Foot stool
Window Alarm		Dresser 	Hangers
Reading lamp		Games

Registration Details
NSD-STR-01317","[""18c8300f-0a09-4ce3-b44f-4d7cfe35b37c""]"
31360576,NSD-STR-01393,NSD-STR-01393,exact,listing_results\31360576\metadata.json,"standing. Also please do not lock the main red building door during your stay

Registration Details
NSD-STR-01393","[""0c851d85-7dbf-4b8c-afe3-0ef7fb03f949""]"
31623786,NSD-STR-00492,NSD-STR-00492,exact,listing_results\31623786\metadata.json,"own private entrance. There are no shared areas and I am a quiet individual.

Registration Details
NSD-STR-00492","[""6e9bad16-8968-4ef6-86fe-12cf3a659830""]"
31808951,NSD-STR-02513,NSD-STR-02513,exact,listing_results\31808951\metadata.json,"ee to ask for whatever is needed to make your stay comfortable and enjoyable.

Registration Details
NSD-STR-02513","[""fc7e72e1-8778-46be-aac6-fcb31a7511c5""]"
31858201,NSD-STR-00043,NSD-STR-00043,exact,listing_results\31858201\metadata.json,"st access
You have access to full house and the back yard that is not fenced.

Registration Details
NSD-STR-00043","[""f775e6b8-6039-470e-b9e1-dda25c0081e0""]"
32225744,NSD-STR-01643,NSD-STR-01643,exact,listing_results\32225744\metadata.json,"residential community.
*Check-in begins at 3:00 PM and checkout is 11:00 AM.

Registration Details
NSD-STR-01643","[""0d6f80b4-7a60-4c33-8349-9c9b54f60b2c""]"
32384582,NSD-STR-00237,STR-00237,exact,listing_results\32384582\metadata.json,"Thai Noodles, and Café Gratitude (12 min away).

Guest access
Street Parking

Registration Details
STR-00237","[""1e7185cf-a760-4097-9d70-5d3cba35052d""]"
32384582,STR-00237,STR-00237,exact,listing_details.csv / merged metadata,"Thai Noodles, and Café Gratitude (12 min away).

Guest access
Street Parking

Registration Details
STR-00237",[]
3399248,NSD-STR-00385,NSD-STR-00385,exact,listing_results\3399248\metadata.json,"ted in the living room closet.  Please feel free to use the backyard as well.

Registration Details
NSD-STR-00385","[""acfc6b78-021a-4f49-a3a6-613aaec58c46""]"
3399259,NSD-STR-00386,NSD-STR-00386,exact,listing_results\3399259\metadata.json,"st and easy.

Guest access
Access to the entire space including the basement.

Registration Details
NSD-STR-00386","[""c8268b5a-478a-45b2-aee5-8866f81db159""]"
34940402,NSD-STR-00375,NSD-STR-00375,exact,listing_results\34940402\metadata.json,"n my cell phone now that I am not always prepared to answer unknown numbers).

Registration Details
NSD-STR-00375","[""411400f1-153d-49b9-b3bb-af59f3dcd675""]"
35160366,NSD-STR-02378,NSD-STR-02378,exact,listing_results\35160366\metadata.json,"City. Your comfort is our priority, and we look forward to making your stay memorable!

LICENSE NO: NSD-STR-02378

Registration Details
NSD-STR-02378","[""bc3c7982-067c-4048-8b6f-52104f85fa5f""]"
35454080,NSD-STR-00041,NSD-STR-00041,exact,listing_results\35454080\metadata.json,"eeded.

Other things to note
There are steps required to access the property.

Registration Details
NSD-STR-00041","[""be794605-e38e-41a3-9478-288a71f2102b""]"
35671281,NSD-STR-00414,NSD-STR-00414,exact,listing_results\35671281\metadata.json,"he KC Castle is perfect situated for you to explore ALL that Downtown KC has to offer. KC Permit #: NSD-STR-00414.

NEW for 2025 main level sleeping has been added for grand parents.  There is now a Queen sleeper","[""b63b4945-3dce-4a90-98c7-3c40313cc694""]"
35671281,NSD-STR-01218,NSD-STR-01218,exact,listing_results\35671281\metadata.json,"living space indoors and outdoors.  Guests do not have access to the garage.

Registration Details
NSD-STR-01218","[""6080d7f8-3725-4cde-8846-560f7cc9b004""]"
35869513,NSD-STR-00261,NSD-STR-00261,exact,listing_results\35869513\metadata.json,"West-2bedroom-EZ access to hwy
description: We have thought of every detail. You are HOME! Permit: NSD-STR-00261

Lounge in a gorgeous clawfoot bathtub! 
Bedroom 1- queen bed. 
Bedroom 2- full bed that guests hav","[""c902cbe7-ab04-48c7-af51-e23ba2947d70""]"
36332140,NSD-STR-00156,NSD-STR-00156,exact,listing_results\36332140\metadata.json,"house. Therefore you can check in anytime after the designated check in time

Registration Details
NSD-STR-00156","[""824a2457-e014-43ac-a486-59b08b601fb3""]"
36503688,NSD-STR-02049,NSD-STR-02049,exact,listing_results\36503688\metadata.json,"nsure the door is fully closed and try again.

Registration Number: Our city registration number is NSD-STR-02049.

Registration Details
NSD-STR-02049","[""8101d002-96a6-414b-9273-e0f4c99b4b77""]"
37002044,NSD-STR-02693,NSD-STR-02693,exact,listing_results\37002044\metadata.json,"exclusively for your use. 

Search KINNER PROPERTIES for more great places like this! 

LICENSE NO: NSD-STR-02693

Registration Details
NSD-STR-02693","[""ff281f71-f681-4536-a32b-4ffff6b296b7""]"
37285794,NSD-STR-00317,STR-00317,exact,listing_results\37285794\metadata.json,"be a one-time $60 charge so I can carpet clean for future guests allergies :)

Registration Details
STR-00317","[""af8bc02b-3d32-4b97-a40c-d479c2d74f7f""]"
37285794,STR-00317,STR-00317,exact,listing_details.csv / merged metadata,"be a one-time $60 charge so I can carpet clean for future guests allergies :)

Registration Details
STR-00317",[]
37634501,NSD-STR-00508,NSD-STR-00508,exact,listing_results\37634501\metadata.json,"ws.  She would love to share her 20-years if Kansas City experience with you!

Registration Details
NSD-STR-00508","[""ccc2328c-ca65-4f37-9e67-4a93aa343821""]"
37779438,NSD-STR-00601,CD-STR-00601,exact,listing_results\37779438\metadata.json,"rything we can think of to make your stay feel like your home away from home.

Other things to note
CD-STR-00601

Registration Details
NSD-STR-02993","[""a5d22ac6-3bcb-4821-8d00-89721d7ebb8b""]"
37779438,NSD-STR-02993,NSD-STR-02993,exact,listing_results\37779438\metadata.json,"r stay feel like your home away from home.

Other things to note
CD-STR-00601

Registration Details
NSD-STR-02993","[""75bcc9e7-6b41-4628-95b0-aeaf4b348885""]"
37779438,CD-STR-00601,CD-STR-00601,exact,listing_details.csv / merged metadata,"rything we can think of to make your stay feel like your home away from home.

Other things to note
CD-STR-00601

Registration Details
NSD-STR-02993","[""ea3a3267-4ea9-47e4-bb93-ea335aecdc6a""]"
37940599,NSD-STR-00729,NSD-STR-00729,exact,listing_results\37940599\metadata.json,"ust ask!

We have lots of great dining recommendations if you are interested.

Registration Details
NSD-STR-00729","[""d728dd90-5b07-43e1-bb38-a4395b534064""]"
38070752,NSD-STR-02866,NSD-STR-02866,exact,listing_results\38070752\metadata.json,"ng room & bedroom as well as space heaters to take the chill off when needed.

Registration Details
NSD-STR-02866","[""b09871a5-fe03-48e9-a1f0-16bde6c68199""]"
39600202,NSD-STR-03003,NSD-STR-03003,exact,listing_results\39600202\metadata.json,"title: A Touch of Paris in KC NSD-STR-03003
description: This large yet cozy home is fully loaded with all the amenities that you will need to","[""bb0d86b2-80da-48ee-95f6-51931ec352a2""]"
39600202,NSD-STR-00353,STR-00353,exact,listing_results\39600202\metadata.json,"hat you will need to make your vacation enjoyable.

Guest access
Entire house

Registration Details
STR-00353","[""01e29407-012d-41e2-8a79-4244e0f5bab4""]"
39600202,STR-00353,STR-00353,exact,listing_details.csv / merged metadata,"hat you will need to make your vacation enjoyable.

Guest access
Entire house

Registration Details
STR-00353",[]
39613583,NSD-STR-00615,NSD-STR-00615,exact,listing_results\39613583\metadata.json,"an, pest free stay, please keep doors closed so unwelcome pests cannot enter.

Registration Details
NSD-STR-00615","[""926d8818-971c-482f-8c93-bef154bbeb2b""]"
40420297,NSD-STR-00429,CD-STR-00429,exact,listing_results\40420297\metadata.json,"ex as you are looking at the front of the home.

Kansas City, MO Short-Term Rental License Number - CD-STR-00429

Registration Details
NSD-STR-02994","[""03b89de5-42e5-40fc-b15c-ac3ca4febae0""]"
40420297,NSD-STR-02994,NSD-STR-02994,exact,listing_results\40420297\metadata.json,"of the home.

Kansas City, MO Short-Term Rental License Number - CD-STR-00429

Registration Details
NSD-STR-02994","[""b5e121e0-9d7b-4219-8b4b-ee31a8388c9e""]"
40420297,CD-STR-00429,CD-STR-00429,exact,listing_details.csv / merged metadata,"ex as you are looking at the front of the home.

Kansas City, MO Short-Term Rental License Number - CD-STR-00429

Registration Details
NSD-STR-02994","[""a564ffd0-9ddf-44ca-9e57-04e3982efef2""]"
41430287,NSD-STR-00620,NSD-STR-00620,exact,listing_results\41430287\metadata.json,"space
Washer and Dryer in unit

Other things to note
Washer and Dryer in unit

Registration Details
NSD-STR-00620","[""47dd28a9-270c-4a7b-ad4f-4c9b41d271b7""]"
41510853,NSD-STR-00438,NSD-STR-0438,exact,listing_results\41510853\metadata.json,"t is not ideal for infants and young toddlers--message us to discuss further.

Registration Details
NSD-STR-0438","[""f486b1e5-6ccc-4993-8262-ba262b8421a3""]"
42230085,NSD-STR-00532,NSD-STR-00532,exact,listing_details.csv / merged metadata,"ll-out couch linens are located on the top shelf of the down stairs bathroom.

Registration Details
NSD-STR-00532","[""1b10411a-88f6-4cb5-98b3-6ffa470af2d7""]"
4227452,NSD-STR-01223,NSD-STR-01223,exact,listing_results\4227452\metadata.json,"isement the registration number issued by the City pursuant to Section 56-803

Registration Details
NSD-STR-01223","[""99628773-dfa7-43bc-9ad2-8ee2092ca438""]"
42310910,NSD-STR-01882,NSD-STR-01882,exact,listing_results\42310910\metadata.json,"he weekends expect to hear some noise coming from the bars across the street.

Registration Details
NSD-STR-01882","[""656dc190-55ac-424f-bceb-6a549017ce1e""]"
42413978,NSD-STR-02220,NSD-STR-02220,exact,listing_results\42413978\metadata.json,"obility is a concern.  There are no bedrooms or full baths on the main level.

Registration Details
NSD-STR-02220","[""29d9a40c-b61a-4bdd-a9ee-8f9a7f56c9c3""]"
42504809,NSD-STR-01493,NSD-STR-01493,exact,listing_results\42504809\metadata.json,"every background and expect the same respect for our neighbors and community.

Registration Details
NSD-STR-01493","[""44bde6a9-a308-4aaa-ac20-48afc961b454""]"
42795686,NSD-STR-01407,NSD-STR-01407,exact,listing_results\42795686\metadata.json,"edroom and closet
Bonus room lounge area, pull out couch, queen mattress only

Registration Details
NSD-STR-01407","[""58bd1d97-d0d2-4568-9ee0-86a81600068e""]"
43165487,NSD-STR-00149,NSD-STR-00149,exact,listing_results\43165487\metadata.json,"urn on TV, go to the Roku Home Screen and look for the Hulu TV streaming app.

Registration Details
NSD-STR-00149","[""a4bfcf80-6860-4622-9280-16a5291fb4ef""]"
4366203,NSD-STR-00608,CD-STR-00608,exact,listing_results\4366203\metadata.json,"tiled bathrooms. Alarm and surveillance system for guest safety. Off street parking provided. KCMO CD-STR-00608 Permit

Registration Details
CD-STR-00608","[""4c770602-9fd7-4f50-bef0-1c35d831798f""]"
4366203,CD-STR-00608,CD-STR-00608,exact,listing_details.csv / merged metadata,"tiled bathrooms. Alarm and surveillance system for guest safety. Off street parking provided. KCMO CD-STR-00608 Permit

Registration Details
CD-STR-00608","[""fd52afa4-0205-4361-aad3-d5299c9d0dea""]"
44268464,NSD-STR-02199,NSD-STR-02199,exact,listing_results\44268464\metadata.json,". We aim to provide a clean, comfortable, and respectful stay for all guests.

Registration Details
NSD-STR-02199","[""a951a103-cce6-429f-a0ba-a931a8ec6cf1""]"
44677613,NSD-STR-02067,NSD-STR-02067,exact,listing_results\44677613\metadata.json,"welry brand offering handcrafted, French‐inspired pieces.
📍 Online / KC‐Based

Registration Details
NSD-STR-02067","[""d2ff324f-76fc-4404-b3c2-4eb368410031""]"
45480935,NSD-STR-00746,CD-STR-00746,exact,listing_results\45480935\metadata.json,"exploring KC! 

Fully fenced in yard for your furry friend! Free access to garage parking!

Permit #CD-STR-00746

The space
This recently remodeled space is equipped with:

-Beautiful Master Bedroom
-Large closet","[""27a763e7-8646-431e-9bc3-b83e13866b25""]"
45480935,NSD-STR-00859,NSD-STR-00859,exact,listing_results\45480935\metadata.json,"to the state it was when you arrived. Treat the home like you would your own.

Registration Details
NSD-STR-00859","[""4fc84cdc-6813-4c97-a8a6-5c18d0f12c4a""]"
45480935,CD-STR-00746,CD-STR-00746,exact,listing_details.csv / merged metadata,"exploring KC! 

Fully fenced in yard for your furry friend! Free access to garage parking!

Permit #CD-STR-00746

The space
This recently remodeled space is equipped with:

-Beautiful Master Bedroom
-Large closet","[""9d3f62c8-7931-472e-910d-fbdaa9c11dad""]"
45549007,NSD-STR-02395,NSD-STR-02395,exact,listing_results\45549007\metadata.json,"ensure that your stay with us is enjoyable. Thank you for choosing Kinner Properties!

LICENSE NO: NSD-STR-02395

Registration Details
NSD-STR-02395","[""bed8d9cc-4769-409a-bc50-f3cf5d6d3114""]"
45607855,NSD-STR-02413,NSD-STR-02413,exact,listing_results\45607855\metadata.json,"y. Requests to alter dates that are within the cancellation time frame are subject to be declined.

NSD-STR-02413

Guest access
Guest are able to use the entire first and second floors of the house, in addition to","[""883d0b43-9e7c-43f0-9d47-4b6d22fd595c""]"
46055028,NSD-STR-00247,NSD-STR-00247,exact,listing_results\46055028\metadata.json,"to note
Any events, parties or photo shoots must be cleared before your stay.

Registration Details
NSD-STR-00247","[""c94aed86-4ac9-40ac-863a-78b65d31a0b1""]"
46065727,NSD-STR-02584,NSD-STR-02584,exact,listing_results\46065727\metadata.json,"sign a rental agreement outlining all house rules once booking is confirmed.

Registration Details
NSD-STR-02584","[""af14bfca-9b84-43a7-8a76-438ae104a3e2""]"
46235525,NSD-STR-00363,NSD-STR-00363,exact,listing_results\46235525\metadata.json,"central to Union Station and the Plaza. Downtown/ Power&Light a 5 min drive.""

Registration Details
NSD-STR-00363","[""3e4a9bf8-90e2-48eb-b269-d82cfce2d5de""]"
46279010,NSD-STR-01030,NSD-STR-01030,exact,listing_results\46279010\metadata.json,"to host you during your visit to Kansas City!

Professionally managed by Cozy in KC
Permit number: NSD-STR-01030

Guest access
Guests will have access to the entire home except the basement.

Other things to note","[""d5b73f2b-f45a-494a-bd00-8f7ac8b2032b""]"
46279010,NSD-STR-01745,NSD-STR-01745,exact,listing_results\46279010\metadata.json,"sign a rental agreement outlining all house rules once booking is confirmed.

Registration Details
NSD-STR-01745","[""cd57a654-5a3d-457f-9cf2-5c046bccd0c5""]"
46491082,NSD-STR-00436,NSD-STR-00436,exact,listing_results\46491082\metadata.json,"stay.

You have access to garage but will need to be opened from the inside.

Registration Details
NSD-STR-00436","[""11ac2acc-8d0b-41af-9618-8efd844eb810""]"
46533753,NSD-STR-00690,NSD-STR-00690,exact,listing_results\46533753\metadata.json,"lk half a block. There are several steps from the sidewalk to the front door.

Registration Details
NSD-STR-00690","[""5e7ce2aa-23e3-4bbc-a3b4-2ca18c234240""]"
46544657,NSD-STR-00775,NSD-STR-00775,exact,listing_results\46544657\metadata.json,"d, immaculately maintained, two-story home.

Perfect for your families, this city permitted rental (NSD-STR-00775) features 3 spacious bedrooms, a fully stocked kitchen, fenced yard with a large patio, and a WFH O","[""67683826-f08a-4f07-a204-6dbf17152fd7""]"
46544780,NSD-STR-01669,NSD-STR-01669,exact,listing_results\46544780\metadata.json,"ing
- Walkable to parks, grocery, Plaza
- Three-minute walk to the STREETCAR!

Registration Details
NSD-STR-01669 and NSD-STR-01670","[""90856084-2715-4e53-ab22-c7d44bfa6f1c""]"
46544780,NSD-STR-01670,NSD-STR-01670,exact,listing_results\46544780\metadata.json,"parks, grocery, Plaza
- Three-minute walk to the STREETCAR!

Registration Details
NSD-STR-01669 and NSD-STR-01670","[""af7ae591-0834-4502-8b6f-121617f4fcb3""]"
46901719,NSD-STR-00561,NSD-STR-00561,exact,listing_results\46901719\metadata.json,"city.

Guest access
Guest have access to the entire house and outdoor space.

Registration Details
NSD-STR-00561","[""dd85d4e7-09b2-49cb-9991-ad168650a991""]"
47754718,NSD-STR-00608,NSD-STR-00608,exact,listing_results\47754718\metadata.json,"ng city sounds including things like loud emergency vehicles and motorcycles.

Registration Details
NSD-STR-00608","[""4c770602-9fd7-4f50-bef0-1c35d831798f""]"
47756639,NSD-STR-00609,NSD-STR-00609,exact,listing_results\47756639\metadata.json,"ng city sounds including things like loud emergency vehicles and motorcycles.

Registration Details
NSD-STR-00609","[""b3b4724c-ef1d-48cd-a228-8490f78cf664""]"
47756784,NSD-STR-00608,NSD-STR-00608,exact,listing_results\47756784\metadata.json,"ng city sounds including things like loud emergency vehicles and motorcycles.

Registration Details
NSD-STR-00608/NSD-STR-00609","[""4c770602-9fd7-4f50-bef0-1c35d831798f""]"
47756784,NSD-STR-00609,NSD-STR-00609,exact,listing_results\47756784\metadata.json,"including things like loud emergency vehicles and motorcycles.

Registration Details
NSD-STR-00608/NSD-STR-00609","[""b3b4724c-ef1d-48cd-a228-8490f78cf664""]"
47873142,NSD-STR-00583,NSD-STR-00583,exact,listing_results\47873142\metadata.json,"and smoke, also you may use the grill, no smoking is allowed in the facility.

Registration Details
NSD-STR-00583","[""08ba9925-e9f1-4d32-94b1-0834aab75a21""]"
47968038,NSD-STR-00527,NSD-STR-00527,exact,listing_results\47968038\metadata.json,"treet parking.

Other things to note
The bedrooms require climbing up stairs.

Registration Details
NSD-STR-00527","[""bc365aeb-24a1-452b-9bc0-cb54484dc079""]"
48093517,NSD-STR-01673,NSD-STR-01673,exact,listing_results\48093517\metadata.json,"ote
One dedicated space in the on-site garage, available for a $10 daily fee.

Registration Details
NSD-STR-01673","[""1240b52f-9663-48db-ae9d-243b797baa85""]"
48156272,NSD-STR-01454,NSD-STR-01454,exact,listing_results\48156272\metadata.json,"ties you need including parking.  Come and try out the KC Tiny Living!

Kansas City STR Permit No.  NSD-STR-01454

The space
Space does not have separated rooms.  Sleeping area includes 1 full size sofa bed and 1","[""46b2ca9b-e00c-465b-9793-7f73a59c1cf3""]"
48675510,NSD-STR-00182,NSD-STR-00182,exact,listing_results\48675510\metadata.json,"hings to note
Guests must be 21 or older.

*NO LONG-TERM PARKING IN DRIVEWAY*

Registration Details
NSD-STR-00182","[""439f5364-98ae-49b8-9007-90de1c24c2fc""]"
48722262,NSD-STR-01434,NSD-STR-01434,exact,listing_results\48722262\metadata.json,"fers full privacy with its separate entrance, full bathroom and washer/dryer.

Registration Details
NSD-STR-01434","[""22ed85ab-4f23-49ca-b978-ac3299b87643""]"
49059031,NSD-STR-00614,NSD-STR-00614,exact,listing_results\49059031\metadata.json,"e love hosting dog families (cats and other pets welcome too - except bears )

Registration Details
NSD-STR-00614","[""26f1cd6a-30b5-47ea-8965-8d21c656ede6""]"
49141081,NSD-STR-01457,NSD-STR-01457,exact,listing_results\49141081\metadata.json,"g and chirping, squirrels climbing trees, ants crawling on the sidewalk, etc.

Registration Details
NSD-STR-01457","[""27bd16ef-d25f-4a5d-8344-e052243d4174""]"
49503498,NSD-STR-00273,NSD-STR-00273,exact,listing_results\49503498\metadata.json,"CI Airport (30 min)

Contact us now to begin arranging your perfect vacation!

Registration Details
NSD-STR-00273","[""9cdb3ede-8cb6-47bb-a525-f4f06fa07c30""]"
49504416,NSD-STR-02113,NSD-STR-02113,exact,listing_results\49504416\metadata.json,"in KC
*All Cozy in KC properties are properly registered and licensed with the city, permit number: NSD-STR-02113

Guest access
Guests will have access to the entire home and backyard.

Other things to note
*BOOK","[""3606c633-c7ef-4bd7-bebd-29930ad653b9""]"
49504416,NSD-STR-00689,NSD-STR-00689,exact,listing_results\49504416\metadata.json,"sign a rental agreement outlining all house rules once booking is confirmed.

Registration Details
NSD-STR-00689","[""0d611324-efee-43c9-9b26-db2933008b77""]"
49528989,NSD-STR-02513,NSD-STR-02513,exact,listing_results\49528989\metadata.json,"iving room downstairs; Kitchen; Patio.

During your stay
Text or call anytime

Registration Details
NSD-STR-02513","[""fc7e72e1-8778-46be-aac6-fcb31a7511c5""]"
49760293,NSD-STR-02371,NSD-STR-02371,exact,listing_results\49760293\metadata.json,"tails in mind, I hope to ensure a pleasant and memorable stay for all my guest guests.

LICENSE NO: NSD-STR-02371

Registration Details
NSD-STR-02371","[""26c3c4d4-a481-4576-b7cc-9ed4a5257c49""]"
50005570,NSD-STR-01256,NSD-STR-01256,exact,listing_results\50005570\metadata.json,"come groups of varying sizes while staying within local occupancy guidelines.

Registration Details
NSD-STR-01256","[""1899de51-bfc8-4824-8f6f-10cd6a3a49e3""]"
50028227,NSD-STR-01452,NSD-STR-01452,exact,listing_results\50028227\metadata.json,"are allowed BUT I must be notified. 

Treat the home like you would your own!

Registration Details
NSD-STR-01452","[""22ffc09f-0054-4fcf-bdc8-d7f12d0e851f""]"
50155630,NSD-STR-02234,NSD-STR-02234,exact,listing_results\50155630\metadata.json,"rted pets may result in fines up to $500, plus any damages or extra cleaning.

Registration Number: NSD-STR-02234
Message us & ask about our early check-in/out options

Guest access
The home is all yours. You have","[""4a36b0d1-823c-4f45-ab3a-f604929ea97c""]"
50155630,NSD-STR-00721,CD-STR-00721,exact,listing_results\50155630\metadata.json,"reserve the right to refuse booking if proper prescreening is not completed.

Registration Details
CD-STR-00721","[""5e960d2f-9f03-4c5a-8e8b-68bc8a8fe2de""]"
50155630,CD-STR-00721,CD-STR-00721,exact,listing_details.csv / merged metadata,"reserve the right to refuse booking if proper prescreening is not completed.

Registration Details
CD-STR-00721","[""d8d7b6e3-caa5-4f6e-bb59-25b5b1314b6d""]"
50168314,NSD-STR-00602,NSD-STR-00602,exact,listing_results\50168314\metadata.json,"personal touch.  My goal is for you to enjoy your stay and want to come back.

Registration Details
NSD-STR-00602","[""d9815b89-a538-49b5-8caa-8ff1e499dd41""]"
50330457,NSD-STR-00059,NSD-STR-00059,exact,listing_results\50330457\metadata.json,"n than you'd like in your stay, check out Midtown Retreat #2: The Cat's Meow.

Registration Details
NSD-STR-00059","[""2395cc06-72ea-4b9e-af60-fc3f817ce855""]"
50515096,NSD-STR-00617,NSD-STR-00617,exact,listing_results\50515096\metadata.json,"are allowed on a case by case basis. There is a $40 fee for 1 dog, $50 for 2.

Registration Details
NSD-STR-00617","[""ab3a6f5f-7658-4538-b8a1-2ab135e668b6""]"
50767250,NSD-STR-00013,NSD-STR-013,exact,listing_results\50767250\metadata.json,"lly managed by Cozy in KC
Fully registered and licensed with the City of Kansas City
Permit Number: NSD-STR-013

Guest access
Guest will have access to the full home during the stay!

Other things to note
*BOOK","[""3d2148a1-0671-4ba3-8c31-c09a634a897c""]"
50767250,NSD-STR-02010,NSD-STR-02010,exact,listing_results\50767250\metadata.json,"sign a rental agreement outlining all house rules once booking is confirmed.

Registration Details
NSD-STR-02010","[""2916dbba-9166-4f4d-9882-fb09ea77bb22""]"
51120717,NSD-STR-02983,NSD-STR-02983,exact,listing_results\51120717\metadata.json,"e on Netflix to watch movies and TV shows. Netflix will already be logged in.

Registration Details
NSD-STR-02983","[""524b0bb7-0c73-4e96-a7ce-224d12594c30""]"
51148086,NSD-STR-00520,STR-00520,exact,listing_results\51148086\metadata.json,"off limits to preserve the home (working radiator boiler and all)! 

Thanks!

Registration Details
STR-00520","[""be756cab-dbf8-400a-a14e-c1dc0e0bf126""]"
51148086,STR-00520,STR-00520,exact,listing_details.csv / merged metadata,"off limits to preserve the home (working radiator boiler and all)! 

Thanks!

Registration Details
STR-00520",[]
51249009,NSD-STR-02384,NSD-STR-02384,exact,listing_results\51249009\metadata.json,"tails in mind, I hope to ensure a pleasant and memorable stay for all my guest guests.

LICENSE NO: NSD-STR-02384

Registration Details
NSD-STR-02384","[""d1cb2931-356d-4f02-a3cf-7d37ef47b6b8""]"
513794567402270983,NSD-STR-02538,NSD-STR-02538,exact,listing_results\513794567402270983\metadata.json,"el of a historic home. The apartment has 4 large windows and 3 small windows.

Registration Details
NSD-STR-02538","[""7a4206d4-a99a-48f4-a9e0-a982557e0ca6""]"
51425377,NSD-STR-00496,STR-00496,exact,listing_results\51425377\metadata.json,"is our goal, please let us know if we can ever make your stay more enjoyable!

Registration Details
STR-00496","[""e541bcad-2a7a-423c-8286-f5c483a6123b""]"
51425377,STR-00496,STR-00496,exact,listing_details.csv / merged metadata,"is our goal, please let us know if we can ever make your stay more enjoyable!

Registration Details
STR-00496",[]
51453832,NSD-STR-00717,CD-STR-00717,exact,listing_results\51453832\metadata.json,"operty) that you are welcome to use. You are also able to park on the street.

Registration Details
CD-STR-00717","[""eb88951a-fc41-423b-a3df-83ebcd672c96""]"
51453832,CD-STR-00717,CD-STR-00717,exact,listing_details.csv / merged metadata,"operty) that you are welcome to use. You are also able to park on the street.

Registration Details
CD-STR-00717","[""e827ae3a-12d1-4621-9711-5f0f2586abf2""]"
51565211,NSD-STR-01932,NSD-STR 01932,exact,listing_results\51565211\metadata.json,"Story
The 42 is a unique property in a secluded historic Sheration-Estates neighborhood. 

Permit #
NSD-STR 01932

The search for the perfect KC AirBNB house is over—you can tell your own Story! An ultimate family","[""a3e5b19f-a581-4f29-b3c3-2cf84b1ee30e""]"
51565211,NSD-STR-01234,STR01234,exact,listing_results\51565211\metadata.json,"steps) handrails on both sides
Restroom on main level
No pets
No smoking inside property

Permit # STR01234

Registration Details
CD-STR-01234","[""05a2542d-9369-47d2-86f6-075d87baa1cd""]"
51565211,STR01234,STR01234,exact,listing_details.csv / merged metadata,"steps) handrails on both sides
Restroom on main level
No pets
No smoking inside property

Permit # STR01234

Registration Details
CD-STR-01234",[]
51565211,CD-STR-01234,CD-STR-01234,exact,listing_details.csv / merged metadata,"Restroom on main level
No pets
No smoking inside property

Permit # STR01234

Registration Details
CD-STR-01234",[]
51765262,NSD-STR-00735,CD-STR-00735,exact,listing_results\51765262\metadata.json,"o allow more people to stay. Optional extra is an airport collection service.

Registration Details
CD-STR-00735","[""e3ceb286-9bc7-4e28-a9fc-bad1b35368b8""]"
51765262,CD-STR-00735,CD-STR-00735,exact,listing_details.csv / merged metadata,"o allow more people to stay. Optional extra is an airport collection service.

Registration Details
CD-STR-00735","[""b2683bd2-1414-4ad8-b657-4c1f200c444d""]"
51797738,NSD-STR-00830,CD-STR-00830,exact,listing_results\51797738\metadata.json,"as you sip your morning coffee and roof top views of the city during sunset.

Registration Details
CD-STR-00830","[""be9a2132-8ac0-40b0-9208-22f7cbc814a4""]"
51797738,CD-STR-00830,CD-STR-00830,exact,listing_details.csv / merged metadata,"as you sip your morning coffee and roof top views of the city during sunset.

Registration Details
CD-STR-00830","[""947082de-1a79-45ca-b0f6-791ddb1085f3""]"
51798284,NSD-STR-02546,NSD-STR-02546,exact,listing_results\51798284\metadata.json,"seum & Plaza visitors
FIFA World Cup Visitors
Travel nurses and professionals

Registration Details
NSD-STR-02546","[""08774c15-9565-46eb-b0e9-790c33852dd8""]"
52184617,NSD-STR-02841,NSD-STR-02841,exact,listing_results\52184617\metadata.json,", however house rules prohibit more than 12 guests on-site at any given time.

Registration Details
NSD-STR-02841","[""e5c7b4a9-89ea-4e49-bdbf-3258cd4f0c56""]"
52225215,NSD-STR-02942,NSD-STR-02942,exact,listing_results\52225215\metadata.json,"ly if requested, $75 per hour. $200 pet fee. Pool guy comes on Fridays in the morning !

PERMIT NO. NSD-STR-02942

Registration Details
NSD-STR-02942","[""c81bbf4f-4f22-46b4-870f-c97c051e6af4""]"
52256324,NSD-STR-01611,NSD-STR-01611,exact,listing_results\52256324\metadata.json,"the home. Beds & pillows have protectors & linens are laundered in hot water.

Registration Details
NSD-STR-01611","[""866457ed-b715-421f-b5c5-a19cfada9f82""]"
52443233,NSD-STR-02851,NSD-STR-02851,exact,listing_results\52443233\metadata.json,"e reservation. We can't accept cats due to a family member's extreme allergy.

Registration Details
NSD-STR-02851","[""897524bc-e2ce-4823-8b34-18caa010ba42""]"
53342500,NSD-STR-01472,NSD-STR-01472,exact,listing_results\53342500\metadata.json,"walk the neighborhood or take a quick Uber, Lyft or drive to any part of KC!

Registration Details
NSD-STR-01472","[""b72838d8-0c5b-42ab-abee-00be144995f0""]"
53584306,NSD-STR-00621,NSD-STR-00621,exact,listing_results\53584306\metadata.json,"sign a rental agreement outlining all house rules once booking is confirmed.

Registration Details
NSD-STR-00621","[""a4538105-abcf-4f08-9217-c64d47ae0114""]"
53634822,NSD-STR-00067,NSD-STR-00067,exact,listing_results\53634822\metadata.json,"in over queen bunk bed and King bedroom

Guest access
Front door via lock box

Registration Details
NSD-STR-00067","[""3edafe4a-9819-424c-867e-49813981c040""]"
538311655947684478,NSD-STR-00836,NSD-STR-00836,exact,listing_results\538311655947684478\metadata.json,"running around downtown, end the day at home on the couch in a quiet neighborhood spot!

The space
NSD-STR-00836 | Private Patio | Foosball Table | Washer & Dryer

Perfect for a family trip to Kansas City, this","[""bceffa2d-ccb8-451f-8c07-772ab664d70e""]"
53857794,NSD-STR-01456,NSD-STR-01456,exact,listing_results\53857794\metadata.json,"ppy to correct their behavior.

----
You may encounter neighborhood wildlife.

Registration Details
NSD-STR-01456","[""a75f1ebb-e5ce-4ea5-8ffb-1e0a7562f370""]"
53882289,NSD-STR-02768,NSD-STR-02768,exact,listing_results\53882289\metadata.json,"lease reach out to us and we will try to work with you regarding this matter.

Registration Details
NSD-STR-02768","[""93835d81-71b8-4fc4-a8b2-4c14959581e6""]"
53969500,NSD-STR-01096,NSD-STR-01096,exact,listing_results\53969500\metadata.json,"st humanity, Girls night, Would you rather, Jenga,) or a deck of cards🃏and dominos!

Registration:  NSD-STR-01096

Guest access
🅿️ PARKING 

Guest have access to 3 large 🚗parking spaces on the property and street","[""2d1a1766-8c29-4881-a2fe-bcd2c9b8f4e4""]"
54102909,NSD-STR-01674,NSD-STR-01674,exact,listing_results\54102909\metadata.json,"ote
One dedicated space in the on-site garage, available for a $10 daily fee.

Registration Details
NSD-STR-01674","[""0ecbacfe-fd88-44f7-88e7-82c8b1502ef0""]"
54151368,NSD-STR-02094,NSD-STR-02094,exact,listing_results\54151368\metadata.json,"of Art, Crown Center, as well as Brookside, and the Crossroads Art District.

Registration Details
NSD-STR-02094","[""52078c83-ae46-4758-9aed-5c516402205d""]"
54265546,NSD-STR-02259,NSD-STR-02259,exact,listing_results\54265546\metadata.json,"with 2 King Beds
description: Don't miss your chance to stay at this Plaza-area 2Bed/1Bath beauty!

NSD-STR-02259

The space
Recently renovated, our kitchen features fresh and fun new cabinets, quartz counters and","[""b890ba99-5b92-4eb1-98e1-785afcb11d0d""]"
54265950,NSD-STR-01677,NSD-STR-01677,exact,listing_results\54265950\metadata.json,"to note
Please reach out with any questions, I know you will enjoy the space.

Registration Details
NSD-STR-01677","[""b0d0ee84-8d66-4a4e-828b-a3da5468cacf""]"
54283227,NSD-STR-01481,NSD-STR-01481,exact,listing_results\54283227\metadata.json,"Welcome home to this spacious, mod-chic 3 Bedroom Home located in the Heart of KC. 
Permit number: NSD-STR-01481

The space
This Union Hill home that is a perfect blend of Old world charm and urban cool. You’ll f","[""c60ad718-c3a1-48ba-9516-4c918b09126c""]"
54293327,NSD-STR-01322,NSD-STR-01322,exact,listing_results\54293327\metadata.json,"operating Airbnb. Please be respectful of all parties vacating the building.

Registration Details
NSD-STR-01322","[""a2d00987-40db-4ecb-8d42-39c774ad0747""]"
54332769,NSD-STR-00798,CD-STR-00798,exact,listing_results\54332769\metadata.json,"free parking is available on the street and is usually easy to find in front.

Registration Details
CD-STR-00798","[""c9ac24e8-8d98-4d14-acb4-15a67c27b8d4""]"
54332769,CD-STR-00798,CD-STR-00798,exact,listing_details.csv / merged metadata,"free parking is available on the street and is usually easy to find in front.

Registration Details
CD-STR-00798","[""3c6fad0a-b65c-4901-a927-dabaa022bdc4""]"
54361028,NSD-STR-01270,NSD-STR-01270,exact,listing_results\54361028\metadata.json,"book both homes together while staying close.

Guest access
The entire home.

Registration Details
NSD-STR-01270","[""dd4af51b-ad6b-4941-9c66-120a644c857d""]"
547184405385143598,NSD-STR-00719,NSD-STR-00719,exact,listing_results\547184405385143598\metadata.json,"hows. If you’re seeking serenity, this apartment is the ideal spot.

The space
STR Registration No. NSD-STR-00719 | Remote-Work Friendly | Gas Grill | Walk to Westport Rd Shopping & Dining

Surrounded by Kansas","[""1c959031-2b6b-4170-8f8d-fec579ba7185""]"
549090494838725813,NSD-STR-02412,NSD-STR-02412,exact,listing_results\549090494838725813\metadata.json,"y. Requests to alter dates that are within the cancellation time frame are subject to be declined.

NSD-STR-02412

Guest access
Use of the entire home and driveway.  Garage is not available for guest use.

Other t","[""c5ae76be-5ce0-4e12-879a-48075149551b""]"
553559926746911274,NSD-STR-01675,NSD-STR-01675,exact,listing_results\553559926746911274\metadata.json,"KC

One dedicated space in the on-site garage, available for a $10 daily fee.

Registration Details
NSD-STR-01675","[""04c80429-27ce-4055-9b05-bbf7e5a368fc""]"
553786147774881309,NSD-STR-00146,NSD-STR-00146,exact,listing_results\553786147774881309\metadata.json,"sylvania Ave, Ste. 115, Kansas City, MO 64111. 

We hope you enjoy your stay!

Registration Details
NSD-STR-00146","[""1f8883d2-8db2-48da-aa9c-bd82568bc665""]"
560765529188631457,NSD-STR-00546,CD-STR-00546,exact,listing_results\560765529188631457\metadata.json,"cony with a view of downtown, gas grill, washer and dryer, plus pack 'n play.

Registration Details
CD-STR-00546","[""8ffc4283-9c73-4260-a3ab-b8700fcd845e""]"
560765529188631457,CD-STR-00546,CD-STR-00546,exact,listing_details.csv / merged metadata,"cony with a view of downtown, gas grill, washer and dryer, plus pack 'n play.

Registration Details
CD-STR-00546","[""6526ca30-0a70-48ef-8446-5cf447db0633""]"
560947064288133600,NSD-STR-01676,NSD-STR-01676,exact,listing_results\560947064288133600\metadata.json,"u and are here to assist in any way possible!

**FULLY NON SMOKING PROPERTY**

Registration Details
NSD-STR-01676","[""22dcc64d-6301-4878-ae22-922e996fdb08""]"
573056677367214082,NSD-STR-01964,NSD-STR-01964,exact,listing_results\573056677367214082\metadata.json,"permission has been granted. This extends to the building amenities as well.

Registration Details
NSD-STR-01964","[""23007c4e-f8c1-4397-b5d6-65e1e0acefe9""]"
574057453509583577,NSD-STR-00055,NSD-STR-00055,exact,listing_results\574057453509583577\metadata.json,"erate levels of self-cleaning during their stay.

Kansas City, MO Short-Term Rental License Number: NSD-STR-00055

Registration Details
NSD-STR-01772","[""08a2fb26-8c39-4756-83e3-631a42de25e9""]"
574057453509583577,NSD-STR-01772,NSD-STR-01772,exact,listing_results\574057453509583577\metadata.json,"their stay.

Kansas City, MO Short-Term Rental License Number: NSD-STR-00055

Registration Details
NSD-STR-01772","[""69e99224-2a38-4dc5-9c88-489bac79e7d9""]"
576699292716292803,NSD-STR-01997,CD-STR-01997,exact,listing_results\576699292716292803\metadata.json,"er homes to be respectful of our neighbors. Be mindful of the one-way street.

Registration Details
CD-STR-01997","[""aff542de-95fc-4b5c-88d1-292b917af64e""]"
576699292716292803,CD-STR-01997,CD-STR-01997,exact,listing_details.csv / merged metadata,"er homes to be respectful of our neighbors. Be mindful of the one-way street.

Registration Details
CD-STR-01997",[]
577451966306778193,NSD-STR-01456,NSD-STR-01456,exact,listing_results\577451966306778193\metadata.json,"ave everything you need for an unforgettable stay in Kansas City! ✨

Permit number for bottom unit: NSD-STR-01456
Permit number for top unit: NSD-STR-01457

Guest access
You'll have the entire house to explore wit","[""a75f1ebb-e5ce-4ea5-8ffb-1e0a7562f370""]"
577451966306778193,NSD-STR-01457,NSD-STR-01457,exact,listing_results\577451966306778193\metadata.json,"le stay in Kansas City! ✨

Permit number for bottom unit: NSD-STR-01456
Permit number for top unit: NSD-STR-01457

Guest access
You'll have the entire house to explore with exception of a locked cleaner's closet.","[""27bd16ef-d25f-4a5d-8344-e052243d4174""]"
577451966306778193,NSD-STR-00717,NSD-STR-00717,exact,listing_results\577451966306778193\metadata.json,"t is 7 people.
This is to be in compliance with KCMO STR Ordinance.

Permit number for bottom unit: NSD-STR-00717
Permit number for top unit: NSD-STR-00726

----
You may encounter neighborhood wildlife.

Registrat","[""eb88951a-fc41-423b-a3df-83ebcd672c96""]"
577451966306778193,NSD-STR-00726,NSD-STR-00726,exact,listing_results\577451966306778193\metadata.json,"with KCMO STR Ordinance.

Permit number for bottom unit: NSD-STR-00717
Permit number for top unit: NSD-STR-00726

----
You may encounter neighborhood wildlife.

Registration Details
NSD-STR-01456","[""79946063-1861-4946-93ae-c666c586aa7c""]"
578352854277979621,NSD-STR-01324,NSD-STR-01324,exact,listing_results\578352854277979621\metadata.json,"onthly stays. Let us know in advance if you’d like to reserve the gated spot!

Registration Details
NSD-STR-01324","[""b5d90fbd-df76-40eb-9cc0-10b553508478""]"
584032872740913808,NSD-STR-03005,NSD-STR-03005,exact,listing_results\584032872740913808\metadata.json,"iews must first be approved for stay and host may require a security deposit.

Registration Details
NSD-STR-03005","[""2cae09d0-9433-433d-8bf7-7ffee2a52f19""]"
586147723249622651,NSD-STR-01937,NSD-STR-01937,exact,listing_results\586147723249622651\metadata.json,"iews must first be approved for stay and host may require a security deposit.

Registration Details
NSD-STR-01937","[""a12471c6-f56f-4344-a9e7-eb8229ac8e2b""]"
589441263822790071,NSD-STR-00850,CD-STR-00850,exact,listing_results\589441263822790071\metadata.json,"rule will be charged a mandatory $500 fine. NO EVENTS OR PARTIES ARE ALLOWED.

Registration Details
CD-STR-00850","[""2d067c88-fdc3-4ebf-ac15-08f6801d5335""]"
589441263822790071,CD-STR-00850,CD-STR-00850,exact,listing_details.csv / merged metadata,"rule will be charged a mandatory $500 fine. NO EVENTS OR PARTIES ARE ALLOWED.

Registration Details
CD-STR-00850","[""35efc21b-61be-43ac-a9fc-4797124d4bb2""]"
592036806610224820,NSD-STR-00291,NSD-STR-00291,exact,listing_results\592036806610224820\metadata.json,"s to note
Cost of damaged or lost/stolen property is posted in every bedroom.

Registration Details
NSD-STR-00291","[""94eedcf1-2c4f-420c-9add-0f88a79823ad""]"
595734053926538181,NSD-STR-01466,NSD-STR-01466,exact,listing_results\595734053926538181\metadata.json,"layground (South Oak Park) and walking trail (Trolly Trail).

Short-term rental registration number NSD-STR-01466

Registration Details
NSD-STR-01466","[""856ac0e0-0a8f-4fb1-97bb-fa9732436e2f""]"
600667253867414675,NSD-STR-00474,CD-STR-00474,exact,listing_results\600667253867414675\metadata.json,"laxing in our backyard, Urbanchic awaits your stay!

Guest access
Entire Home

Registration Details
CD-STR-00474","[""d3684cfb-c7ff-4ddd-8582-612ac306c101""]"
600667253867414675,CD-STR-00474,CD-STR-00474,exact,listing_details.csv / merged metadata,"laxing in our backyard, Urbanchic awaits your stay!

Guest access
Entire Home

Registration Details
CD-STR-00474","[""3daecf4b-54bb-4827-98da-751985c7644d""]"
602361446387780229,NSD-STR-02453,NSD-STR-02453,exact,listing_results\602361446387780229\metadata.json,"itchen and bathroom, office space, and a custom built screened in outdoor back patio.

KC License # NSD-STR-02453

The space
Since 1909, historic Waldo is located in the heart of KC, and is home to many locally-ow","[""7a245ad8-98c2-42bb-9886-0d1a551157c2""]"
603684258675804923,NSD-STR-01410,STR-01410,exact,listing_results\603684258675804923\metadata.json,"downloaded some channels, but the selection is limited and there is no cable.

Registration Details
STR-01410","[""8d121904-ba74-4d52-a5ed-d93c587a85b9""]"
603684258675804923,STR-01410,STR-01410,exact,listing_details.csv / merged metadata,"downloaded some channels, but the selection is limited and there is no cable.

Registration Details
STR-01410",[]
604914218710580282,NSD-STR-01139,NSD-STR-01139,exact,listing_results\604914218710580282\metadata.json,"eaning fee. 

NO VISITORS without advance written permission

ENJOY YOUR STAY

Registration Details
NSD-STR-01139","[""c5860f07-f57f-4189-a942-02995f7bd587""]"
605687769181734044,NSD-STR-00932,NSD-STR-00932,exact,listing_results\605687769181734044\metadata.json,"in KC properties are properly registered and licensed with the City of Kansas City.
Permit Number: NSD-STR-00932

Guest access
Guest will have access to both units and courtyard.

Other things to note
*BOOK YOUR","[""1f8431a9-eacb-485b-8b85-2bf29c2941d1""]"
605687931470253382,NSD-STR-00932,NSD-STR-00932,exact,listing_results\605687931470253382\metadata.json,".
Professionally managed by Cozy in KC
Fully registered and licensed with the city — Permit Number: NSD-STR-00932

Guest access
Guest will have access to the entire unit and shared access to the privately fenced i","[""1f8431a9-eacb-485b-8b85-2bf29c2941d1""]"
605688058088334811,NSD-STR-00932,NSD-STR-00932,exact,listing_results\605688058088334811\metadata.json,".
Professionally managed by Cozy in KC
Fully registered and licensed with the city — Permit Number: NSD-STR-00932

Guest access
Guest will have access to the entire unit.

Other things to note
*BOOK YOUR STAY WITH","[""1f8431a9-eacb-485b-8b85-2bf29c2941d1""]"
605688058088334811,NSD-STR-00933,NSD-STR-00933,exact,listing_results\605688058088334811\metadata.json,"sign a rental agreement outlining all house rules once booking is confirmed.

Registration Details
NSD-STR-00933","[""f92ad3ca-a4b3-4300-9921-d49593de165c""]"
607871770364292640,NSD-STR-00276,NSD-STR-00276,exact,listing_results\607871770364292640\metadata.json,"ill have the entire home, so you have access to the front and back entrances.

Registration Details
NSD-STR-00276","[""b8a47b78-3e2b-495c-8251-76cf7d177dd1""]"
607880704330859459,NSD-STR-02970,NSD-STR-02970,exact,listing_results\607880704330859459\metadata.json,"building amenities as well.

Local area residents are not permitted to book.

Registration Details
NSD-STR-02970","[""7333634b-c445-4444-8de9-49555c900694""]"
607940646426447468,NSD-STR-02971,NSD-STR-02971,exact,listing_results\607940646426447468\metadata.json,"pervised, house trained, and are not allowed on the furniture or in the beds.

Registration Details
NSD-STR-02971","[""a1c983b5-2559-466b-9aa4-93e0d65a7a6e""]"
608700518371648204,NSD-STR-00922,NSD-STR-00922,exact,listing_results\608700518371648204\metadata.json,"miles/27 minutes - Oak Park Mall
20 miles/31 minutes - Museum at Prairiefire

Registration Details
NSD-STR-00922","[""85246d63-0de0-4441-a798-5cb66ca9d345""]"
611619143779129691,NSD-STR-00162,NSD-STR-00162,exact,listing_results\611619143779129691\metadata.json,"lease respect peaceful residential neighborhood with quiet hours 10pm to 7am.

Registration Details
NSD-STR-00162","[""e28eb04b-8b02-47c9-b926-5d80c8af42bb""]"
618218256586636001,NSD-STR-00291,NSD-STR-00291,exact,listing_results\618218256586636001\metadata.json,"s to note
Cost of damaged or lost/stolen property is posted in every bedroom.

Registration Details
NSD-STR-00291","[""94eedcf1-2c4f-420c-9add-0f88a79823ad""]"
619802953259334350,NSD-STR-00291,NSD-STR-00291,exact,listing_results\619802953259334350\metadata.json,"s to note
Cost of damaged or lost/stolen property is posted in every bedroom.

Registration Details
NSD-STR-00291","[""94eedcf1-2c4f-420c-9add-0f88a79823ad""]"
620985749830541318,NSD-STR-01015,NSD-STR-01015,exact,listing_results\620985749830541318\metadata.json,"onal—please let us know if there’s anything we can do to make it even better.

Registration Details
NSD-STR-01015","[""c1a15a20-25fb-42e0-922d-f412cfd4b082""]"
621639767843132374,NSD-STR-00291,NSD-STR-00291,exact,listing_results\621639767843132374\metadata.json,"s to note
Cost of damaged or lost/stolen property is posted in every bedroom.

Registration Details
NSD-STR-00291","[""94eedcf1-2c4f-420c-9add-0f88a79823ad""]"
622743602386289788,NSD-STR-00291,NSD-STR-00291,exact,listing_results\622743602386289788\metadata.json,"s to note
Cost of damaged or lost/stolen property is posted in every bedroom.

Registration Details
NSD-STR-00291","[""94eedcf1-2c4f-420c-9add-0f88a79823ad""]"
622749563062884301,NSD-STR-00291,NSD-STR-00291,exact,listing_results\622749563062884301\metadata.json,"s to note
Cost of damaged or lost/stolen property is posted in every bedroom.

Registration Details
NSD-STR-00291","[""94eedcf1-2c4f-420c-9add-0f88a79823ad""]"
624150935356953876,NSD-STR-01375,NSD-STR-01375,exact,listing_results\624150935356953876\metadata.json,"have access to all rooms of the house. Please ask if you need extra supplies.

Registration Details
NSD-STR-01375","[""93be92a7-1b68-4d7c-be5a-9f4b52ec4828""]"
624607640924506868,NSD-STR-02949,NSD-STR-02949,exact,listing_results\624607640924506868\metadata.json,"iews must first be approved for stay and host may require a security deposit.

Registration Details
NSD-STR-02949","[""d6a78a30-1872-49b5-b049-50cadc3fefc7""]"
625490760977951069,NSD-STR-00752,NSD-STR-00752,exact,listing_results\625490760977951069\metadata.json,"Lyft ride to the West Bottoms, P&L, Midtown/Westport, the Plaza, or the River Market.

KC Permit #: NSD-STR-00752

The space
As you pass the front porch seating, you will enter into the home and you will enter an","[""66822bab-93d2-4561-adbd-f3c20dede865""]"
627815044841647458,NSD-STR-01347,NSD-STR-01347,exact,listing_results\627815044841647458\metadata.json,"and back patio.

Guest access
Entirely private facilities

Other things to note
Registration number NSD-STR-01347

Registration Details
NSD-STR-00536","[""4d1d6f3a-1aac-4be0-98e2-35d26851694a""]"
627815044841647458,NSD-STR-00536,NSD-STR-00536,exact,listing_results\627815044841647458\metadata.json,"ly private facilities

Other things to note
Registration number NSD-STR-01347

Registration Details
NSD-STR-00536","[""f4003ef8-9547-4db7-a84c-0f5088834cb9""]"
631106716059759055,NSD-STR-00081,NSD-STR-00081,exact,listing_results\631106716059759055\metadata.json,"one dog and she is  very friendly. She is put away when I’m not in the house.

Registration Details
NSD-STR-00081","[""fc5790a5-96d1-4fb4-be63-48a81d4e0792""]"
632691340331472111,NSD-STR-01009,NSD-STR-01009,exact,listing_results\632691340331472111\metadata.json,"the lower half of the duplex & is approximately 800 square ft with 2 bedrooms.

KCMO STR Permit No. NSD-STR-01009

The space
Unit is located on lower level with 2-bedroom and 1 bath. Sleeper sofa provides addition","[""54f1061d-bbaf-448f-841c-aa9b721880c9""]"
632691340331472111,NSD-STR-00053,NSD-STR-00053,exact,listing_results\632691340331472111\metadata.json,"ote
The home was originally built in 1920 and has been remodeled a few times.

Registration Details
NSD-STR-00053","[""347474ef-523a-4e5b-ba25-c7d2d24e2abb""]"
639257826473286468,NSD-STR-01506,NSD-STR-01506,exact,listing_results\639257826473286468\metadata.json,"2 King Bedrooms
description: Don't miss your chance to stay at this Plaza-area 2Bed/1Bath beauty!

NSD-STR-01506

The space
Recently renovated, our kitchen features fresh and fun new cabinets, quartz counters and","[""10bbb1ea-670a-468a-b318-59753b5b7642""]"
639257826473286468,NSD-STR-02258,NSD-STR-02258,exact,listing_results\639257826473286468\metadata.json,"to be declined.
***Quiet Hours 10PM-8AM

Pack & Play available upon request.

Registration Details
NSD-STR-02258","[""ab72772f-168a-46d7-a7e6-dd7dfca44f48""]"
642271601668651325,NSD-STR-00237,NSD-STR-00237,exact,listing_results\642271601668651325\metadata.json,"s matter.

BY BOOKING THIS LISTING YOU AGREE TO OUR HOUSE RULES & POOL RULES.

Registration Details
NSD-STR-00237","[""1e7185cf-a760-4097-9d70-5d3cba35052d""]"
647535627732902811,NSD-STR-01777,STR-01777,exact,listing_results\647535627732902811\metadata.json,"ow if this might be an inconvenience and I can accommodate. Thank you kindly.

Registration Details
STR-01777","[""92d43198-da1d-42f9-ba46-14d694a07a9c""]"
647535627732902811,STR-01777,STR-01777,exact,listing_details.csv / merged metadata,"ow if this might be an inconvenience and I can accommodate. Thank you kindly.

Registration Details
STR-01777",[]
653856463121569335,NSD-STR-01014,NSD-STR-01014,exact,listing_results\653856463121569335\metadata.json,". Please let us know in advance if you’d like us to reserve the spot for you.

Registration Details
NSD-STR-01014","[""f1a1725e-43e8-4d83-8e0e-4daba6e2768a""]"
660267349388283991,NSD-STR-01351,NSD-STR-01351,exact,listing_results\660267349388283991\metadata.json,"just lay back using the wireless internet or watching TV on a 70-inch screen.

Registration Details
NSD-STR-01351","[""e2f9b341-f525-4498-aa30-853273e116f4""]"
662444571721038539,NSD-STR-02875,STR-02875,exact,listing_results\662444571721038539\metadata.json,"njoyable stay

Book your stay now and experience the best of Kansas City, MO!

Registration Details
STR-02875","[""6fe83a54-3c15-40d7-89ec-9fd90a7b0594""]"
662444571721038539,STR-02875,STR-02875,exact,listing_details.csv / merged metadata,"njoyable stay

Book your stay now and experience the best of Kansas City, MO!

Registration Details
STR-02875",[]
668896180599035829,NSD-STR-00560,CD-STR-00560,exact,listing_results\668896180599035829\metadata.json,"riveway parking, etc. Front door key is in a lock-box for easy self check-in.

Registration Details
CD-STR-00560","[""a581e0b6-26c6-4412-94fd-2c895c6a85c0""]"
668896180599035829,CD-STR-00560,CD-STR-00560,exact,listing_details.csv / merged metadata,"riveway parking, etc. Front door key is in a lock-box for easy self check-in.

Registration Details
CD-STR-00560","[""3af0323e-14d9-4977-a7ed-869013331ae9""]"
670352149722937133,NSD-STR-01238,NSD-STR-01238,exact,listing_results\670352149722937133\metadata.json,"access to laundry area, please let us know when sending your booking request.

Registration Details
NSD-STR-01238","[""e3b2de82-a9eb-45fb-ac1d-df82b0dd91ec""]"
670836131942139232,NSD-STR-00179,NSD-STR-00179,exact,listing_results\670836131942139232\metadata.json,"Your satisfaction depends on it :)

2026 Registration Details: NDS-STR-02062

Registration Details
NSD-STR-00179","[""665b2f1e-117c-4187-9c14-ef7895c3f107""]"
671763328277568491,NSD-STR-00922,NSD-STR-00922,exact,listing_results\671763328277568491\metadata.json,"miles/27 minutes - Oak Park Mall
20 miles/31 minutes - Museum at Prairiefire

Registration Details
NSD-STR-00922","[""85246d63-0de0-4441-a798-5cb66ca9d345""]"
673026373943503783,NSD-STR-00922,NSD-STR-00922,exact,listing_results\673026373943503783\metadata.json,"miles/27 minutes - Oak Park Mall
20 miles/31 minutes - Museum at Prairiefire

Registration Details
NSD-STR-00922","[""85246d63-0de0-4441-a798-5cb66ca9d345""]"
673027874162379288,NSD-STR-00922,NSD-STR-00922,exact,listing_results\673027874162379288\metadata.json,"miles/27 minutes - Oak Park Mall
20 miles/31 minutes - Museum at Prairiefire

Registration Details
NSD-STR-00922","[""85246d63-0de0-4441-a798-5cb66ca9d345""]"
673028759520218513,NSD-STR-00922,NSD-STR-00922,exact,listing_results\673028759520218513\metadata.json,"miles/27 minutes - Oak Park Mall
20 miles/31 minutes - Museum at Prairiefire

Registration Details
NSD-STR-00922","[""85246d63-0de0-4441-a798-5cb66ca9d345""]"
673155362833915764,NSD-STR-00922,NSD-STR-00922,exact,listing_results\673155362833915764\metadata.json,"miles/27 minutes - Oak Park Mall
20 miles/31 minutes - Museum at Prairiefire

Registration Details
NSD-STR-00922","[""85246d63-0de0-4441-a798-5cb66ca9d345""]"
673159650962150097,NSD-STR-00922,NSD-STR-00922,exact,listing_results\673159650962150097\metadata.json,"miles/27 minutes - Oak Park Mall
20 miles/31 minutes - Museum at Prairiefire

Registration Details
NSD-STR-00922","[""85246d63-0de0-4441-a798-5cb66ca9d345""]"
673167351694319951,NSD-STR-00922,NSD-STR-00922,exact,listing_results\673167351694319951\metadata.json,"miles/27 minutes - Oak Park Mall
20 miles/31 minutes - Museum at Prairiefire

Registration Details
NSD-STR-00922","[""85246d63-0de0-4441-a798-5cb66ca9d345""]"
679541093528408990,NSD-STR-01612,NSD-STR-01612,exact,listing_results\679541093528408990\metadata.json,"the home. Beds & pillows have protectors & linens are laundered in hot water.

Registration Details
NSD-STR-01612","[""cc4739cb-c27f-42d2-9d19-98ec348b75e7""]"
680334709287009417,NSD-STR-00811,CD-STR-00811,exact,listing_results\680334709287009417\metadata.json,"coffee bar, linens, towels, washer, dryer and all stainless steel appliances.

Registration Details
CD-STR-00811","[""9bf6e4e7-07eb-43ea-a1c0-360d7181341c""]"
680334709287009417,CD-STR-00811,CD-STR-00811,exact,listing_details.csv / merged metadata,"coffee bar, linens, towels, washer, dryer and all stainless steel appliances.

Registration Details
CD-STR-00811","[""8449f225-54c8-44bc-9894-7c1224121c5c""]"
682080074704985143,NSD-STR-00291,NSD-STR-00291,exact,listing_results\682080074704985143\metadata.json,"s to note
Cost of damaged or lost/stolen property is posted in every bedroom.

Registration Details
NSD-STR-00291","[""94eedcf1-2c4f-420c-9add-0f88a79823ad""]"
682399429977510403,NSD-STR-01717,NSD-STR-01717,exact,listing_results\682399429977510403\metadata.json,"nt yard is not fenced. The back yard is fenced and is shared with the owners.

Registration Details
NSD-STR-01717","[""3fcce161-486e-4716-a62c-9b8ba8013e40""]"
684047779523155534,NSD-STR-02975,NSD-STR-02975,exact,listing_results\684047779523155534\metadata.json,"iews must first be approved for stay and host may require a security deposit.

Registration Details
NSD-STR-02975","[""f68fe1cd-8226-4180-8a77-576da081ce3a""]"
686144396586423584,NSD-STR-01943,NSD-STR-01943,exact,listing_results\686144396586423584\metadata.json,"ends, Pennsylvania Street becomes Pedestrian Only and “Must Be 21 to Enter.”
Please be advised. **

NSD-STR-01943

The space
Five separate bedrooms: each room has a Queen bed except one room has a Full size bed, t","[""67d3a989-d5d6-4dfe-b8d8-27793e5cd38b""]"
686144396586423584,NSD-STR-01271,NSD-STR-01271,exact,listing_results\686144396586423584\metadata.json,"t and Cold in the Showers are backwards! But there is plenty of hot water. :)

Registration Details
NSD-STR-01271","[""17d63d97-9808-465c-be5b-e71b4233432c""]"
689018796345714963,NSD-STR-00081,NSD-STR-00081,exact,listing_results\689018796345714963\metadata.json,"ve my guests space. The best way to reach me is through messaging on the app.

Registration Details
NSD-STR-00081","[""fc5790a5-96d1-4fb4-be63-48a81d4e0792""]"
689138226305184131,NSD-STR-01453,NSD-STR-01453,exact,listing_results\689138226305184131\metadata.json,"permission has been granted. This extends to the building amenities as well.

Registration Details
NSD-STR-01453","[""d862d15b-602e-4470-8fc4-cb977be14046""]"
691543692511613557,NSD-STR-00119,NSD-STR-00119,exact,listing_results\691543692511613557\metadata.json,"before booking — thank you for understanding and being part of the excitement

Registration Details
NSD-STR-00119","[""1eae1285-ab00-45d4-b995-11fb3193276a""]"
692198220163873428,NSD-STR-00209,NSD-STR-00209,exact,listing_results\692198220163873428\metadata.json,"ocated minutes away from downtown,the plaza and westport.basketball goal area

Registration Details
NSD-STR-00209","[""c59ba7b9-7df7-414d-9ba3-5eba20cb90e5""]"
692852238151080415,NSD-STR-00157,NSD-STR-00157,exact,listing_results\692852238151080415\metadata.json,", KU Med, Children's Mercy, Truman Medical)
4 min Local shopping
5 min IHOPKC

Registration Details
NSD-STR-00157","[""f6aa152c-4a7f-4a07-92bc-affe1a0cab91""]"
693128269616511771,NSD-STR-00105,NSD-STR-00105,exact,listing_results\693128269616511771\metadata.json,"r infants or children due to its floor layout, safety features and furniture.

Registration Details
NSD-STR-00105","[""fe08158b-d99f-4cdb-b4cc-f14877195dcf""]"
693577592843973968,NSD-STR-02688,NSD-STR-02688,exact,listing_results\693577592843973968\metadata.json,"ized pets may result in fines up to $500, plus any damages or extra cleaning.

Registration Details
NSD-STR-02688","[""dea6ce2c-d7ca-4180-bdc0-4f4b0ee7e585""]"
693601111150432291,NSD-STR-00456,CD-STR-00456,exact,listing_results\693601111150432291\metadata.json,"The full, unfinished basement is available to you during inclement weather.

Other things to note
CD-STR-00456

Registration Details
NSD-STR-00760","[""2edc4939-1972-4bdd-ad0f-bad631da901a""]"
693601111150432291,NSD-STR-00760,NSD-STR-00760,exact,listing_results\693601111150432291\metadata.json,"available to you during inclement weather.

Other things to note
CD-STR-00456

Registration Details
NSD-STR-00760","[""bf695242-1296-417c-9772-30edb8fa0cc0""]"
693601111150432291,CD-STR-00456,CD-STR-00456,exact,listing_details.csv / merged metadata,"The full, unfinished basement is available to you during inclement weather.

Other things to note
CD-STR-00456

Registration Details
NSD-STR-00760","[""d9369407-152c-41b1-ad05-bcb1fa547e0d""]"
693654318412237741,NSD-STR-00413,NSD-STR-00413,exact,listing_results\693654318412237741\metadata.json,"open feel free to use! Please message me with any questions surrounding this.

Registration Details
NSD-STR-00413","[""7e127df8-1200-4cd6-8668-d15f21f80540""]"
702586,NSD-STR-01776,NSD-STR-01776,exact,listing_results\702586\metadata.json,"all  player George Brett! My favorite coffee shop the Hi Hat on Stateline Rd.

Registration Details
NSD-STR-01776","[""32392c00-7fc0-4705-b9a7-923b183927a1""]"
706703079227877459,NSD-STR-02221,NSD-STR-02221,exact,listing_results\706703079227877459\metadata.json,"beauty in a peaceful gorgeous historical district.

Guest access
Entire House

Registration Details
NSD-STR-02221","[""518a3394-11b2-4c13-824d-edfd18918397""]"
707944987840246675,NSD-STR-01898,NSD-STR-01898,exact,listing_results\707944987840246675\metadata.json,"mmodation.

Please place all trash in front of the front door upon check-out.

Registration Details
NSD-STR-01898","[""549e1500-6d03-48ac-920c-838fcbcd71ed""]"
707991809544303041,NSD-STR-01989,NSD-STR-01989,exact,listing_results\707991809544303041\metadata.json,"ure your vehicle is not parked on the street during the aforementioned hours.

Registration Details
NSD-STR-01989","[""9fb09392-e06d-4ea4-a6cf-d2ff9cfc6bb6""]"
713147704872026634,NSD-STR-00433,NSD-STR-00433,exact,listing_results\713147704872026634\metadata.json,"om their outdoor patio. Every bedroom has a white noise machine for your use.

Registration Details
NSD-STR-00433","[""686cd9a6-0ce4-415e-8f2a-83c631bcca10""]"
714049155254549126,NSD-STR-00432,NSD-STR-00432,exact,listing_results\714049155254549126\metadata.json,"om their outdoor patio. Every bedroom has a white noise machine for your use.

Registration Details
NSD-STR-00432","[""9dc03e33-9a16-4a05-8424-4bf554cad3ab""]"
714051748214891663,NSD-STR-02122,NSD-STR-02122,exact,listing_results\714051748214891663\metadata.json,"est access
Full access to the unit with a private deck, and washer and dryer.

Registration Details
NSD-STR-02122","[""72bb131a-8f46-46ae-b60a-0e45e3ae227e""]"
717228635808024559,NSD-STR-00240,NSD-STR-00240,exact,listing_results\717228635808024559\metadata.json,"space
2 fully furnished bedrooms with all new beds dressers and night stands

Registration Details
NSD-STR-00240","[""6b9cebff-4abb-423b-9a71-636d2749980c""]"
718134169088235562,NSD-STR-00497,NSD-STR-00497,exact,listing_results\718134169088235562\metadata.json,"ver 6.5 ft. 

Also, clubhouse area in the building for early check-in and out

Registration Details
NSD-STR-00497","[""ca2f1b7a-519e-4027-8b0a-f704dee230aa""]"
718210706335427274,NSD-STR-00432,NSD-STR-432,exact,listing_results\718210706335427274\metadata.json,"are a total of 6 queen beds, four couches, and two queen size air mattresses.

Registration Details
NSD-STR-432/433","[""9dc03e33-9a16-4a05-8424-4bf554cad3ab""]"
719512693609705993,NSD-STR-02506,NSD-STR-02506,exact,listing_results\719512693609705993\metadata.json,"joy nature in 12 wooded acres on this historical property within Kansas City.

Registration Details
NSD-STR-02506","[""7c9ca6f5-9e03-458a-9b50-e10be13d7719""]"
725450723944981292,NSD-STR-00498,NSD-STR-00498,exact,listing_results\725450723944981292\metadata.json,"ky Garage parking has a daily fee of $15. It cannot fit vehicles over 6.5 ft.

Registration Details
NSD-STR-00498","[""8ee4f2fb-3ce2-4b0b-8ba8-a51e35432c43""]"
729126914195671536,NSD-STR-00960,NSD-STR-00960,exact,listing_results\729126914195671536\metadata.json,"onthly stays. Let us know in advance if you’d like to reserve the gated spot!

Registration Details
NSD-STR-00960","[""463079ab-012c-4df2-a928-e8d15367737f""]"
730467925144284529,NSD-STR-00988,NSD-STR-00988,exact,listing_results\730467925144284529\metadata.json,"y during your stay.

Other things to note
Parties and events are not allowed.

Registration Details
NSD-STR-00988","[""072d0b13-9801-4fcd-9de5-4c6917970bf2""]"
730472212718432053,NSD-STR-00987,NSD-STR-00987,exact,listing_results\730472212718432053\metadata.json,"reach out with questions before booking.

Parties and events are not allowed.

Registration Details
NSD-STR-00987","[""d6c43795-6169-45eb-a3c9-261d6c6cc5b6""]"
731423607589577310,NSD-STR-00826,NSD-STR-00826,exact,listing_results\731423607589577310\metadata.json,"n. No refund will be provided if cancelling less than 5 days before check in.

Registration Details
NSD-STR-00826","[""98354c4f-602d-4000-bbc5-acf83324f170""]"
732566841926637460,NSD-STR-01652,CD-STR-01652,exact,listing_results\732566841926637460\metadata.json,"Retreat is a registered short term rental property in Kansas City, MO.  The  registration number is CD-STR-01652.

The space
This historic condo is cozy and quiet.  It sits on the top floor, so you will have easy","[""2dc89743-8021-4108-b851-27247b1b014f""]"
732566841926637460,NSD-STR-00749,STR-00749,exact,listing_results\732566841926637460\metadata.json,"val.

Your booking of The Plaza Retreat accepts the information listed above.

Registration Details
STR-00749","[""91a7c13f-f83f-4b71-8263-7b47fad51796""]"
732566841926637460,CD-STR-01652,CD-STR-01652,exact,listing_details.csv / merged metadata,"Retreat is a registered short term rental property in Kansas City, MO.  The  registration number is CD-STR-01652.

The space
This historic condo is cozy and quiet.  It sits on the top floor, so you will have easy",[]
732566841926637460,STR-00749,STR-00749,exact,listing_details.csv / merged metadata,"val.

Your booking of The Plaza Retreat accepts the information listed above.

Registration Details
STR-00749",[]
736184356309698146,NSD-STR-00753,CD-STR-00753,exact,listing_results\736184356309698146\metadata.json,"estigious Quiet Neighborhood
description: ✔ Licenced AirBnB in Kansas City, MIssouri Permit Number: CD-STR-00753
✔ Welcome to Lily's Pad! This home comes with your own fenced in backyard with an adorable tiny pon","[""abfb278e-734f-4362-a3e3-7bdb1644d7fb""]"
736184356309698146,CD-STR-00753,CD-STR-00753,exact,listing_details.csv / merged metadata,"estigious Quiet Neighborhood
description: ✔ Licenced AirBnB in Kansas City, MIssouri Permit Number: CD-STR-00753
✔ Welcome to Lily's Pad! This home comes with your own fenced in backyard with an adorable tiny pon","[""936682ca-43d8-481a-ae47-4832e1515052""]"
745533640721381964,NSD-STR-01974,NSD-STR-01974,exact,listing_results\745533640721381964\metadata.json,"barstools.

Washer/dryer are included, as well as one reserved parking space.

Registration Number: NSD-STR-01974

Guest access
Guests have access to the entire condo, in addition to one reserved parking space and","[""141131ea-c85b-4c61-a34b-8565489b1faf""]"
748480353213317402,NSD-STR-02051,NSD-STR-02051,exact,listing_results\748480353213317402\metadata.json,"et car goes all the way to downtown and and River Market area and it is free!

Registration Details
NSD-STR-02051","[""415e49d8-b911-4066-bc76-8b46cc3b24f9""]"
7492570,NSD-STR-02966,NSD-STR-02966,exact,listing_results\7492570\metadata.json,"uld in a home - so expect to hear some noise from the neighboring apartments.

Registration Details
NSD-STR-02966","[""5173ea0a-00dd-4fb1-a437-602774352a4f""]"
749505953492182015,NSD-STR-00726,CD-STR-00726,exact,listing_results\749505953492182015\metadata.json,"e you have a memorable stay.

Message us & ask about our early check-in/out options

Permit Number: CD-STR-00726

Guest access
The home is all yours. You have your own entrance, parking, and full reign of the spa","[""79946063-1861-4946-93ae-c666c586aa7c""]"
749505953492182015,NSD-STR-01529,NSD-STR-01529,exact,listing_results\749505953492182015\metadata.json,"ho refuses to go through our pre screening or disagrees with our house rules.

Registration Details
NSD-STR-01529","[""8419d863-1156-49ef-9e09-35e8a1e25423""]"
749505953492182015,CD-STR-00726,CD-STR-00726,exact,listing_details.csv / merged metadata,"e you have a memorable stay.

Message us & ask about our early check-in/out options

Permit Number: CD-STR-00726

Guest access
The home is all yours. You have your own entrance, parking, and full reign of the spa","[""e0086f22-ce5c-4474-99fb-eb8a4e62d3f5""]"
750614621438370194,NSD-STR-01898,NSD-STR-01898,exact,listing_results\750614621438370194\metadata.json,"mmodation.

Please place all trash in front of the front door upon check-out.

Registration Details
NSD-STR-01898","[""549e1500-6d03-48ac-920c-838fcbcd71ed""]"
753709513142386026,NSD-STR-01817,NSD-STR-01817,exact,listing_results\753709513142386026\metadata.json,"us. The living room space is not shared, and neither is the hallway bathroom.

Registration Details
NSD-STR-01817","[""3e607789-6793-4c1f-8e67-2b78e9df0965""]"
757153525671960554,NSD-STR-02132,NSD-STR-02132,exact,listing_results\757153525671960554\metadata.json,"ths.  Master has Double sinks and free standing tub

The home has 2 fireplaces and 2 laundry rooms

NSD-STR-02132

The space
The living area has a fireplace and big screen television.  It is open to the kitchen an","[""7b62a6c0-3cd7-4588-8189-7665f137e4e9""]"
758254160869170274,NSD-STR-01302,NSD-STR-01302,exact,listing_results\758254160869170274\metadata.json,"sas City stay comfortable, memorable, and fun!

Professionally managed by Cozy in KC
Permit number: NSD-STR-01302

Guest access
Guests will have access to the entire space during the stay!

Other things to note
*B","[""df5c8994-acce-45ef-8b8b-8aec0fb39abc""]"
765262999299567320,NSD-STR-00918,NSD-STR-00918,exact,listing_results\765262999299567320\metadata.json,"and memorable.

Professionally Managed by Cozy in KC
Licensed with the City of Kansas City (Permit #NSD-STR-00918)

Guest access
Guests will have access to the entire upper level including an outdoor seating area.","[""3b426575-6277-4780-9773-4b8aa5e23084""]"
770534139594870495,NSD-STR-01888,NSD-STR-01888,exact,listing_results\770534139594870495\metadata.json,"esulting from violating city noise or occupancy ordinances during their stay.

Registration Details
NSD-STR-01888","[""862f69be-f21b-4db9-8474-bc0344e8b4a4""]"
771812884037303160,NSD-STR-01559,NSD-STR-01559,exact,listing_results\771812884037303160\metadata.json,"still enjoying your own quiet well appointed hideaway.

360 Tour Available Upon Request.

The space
NSD-STR-01559  permit #

Registration Details
NSD-STR-01559","[""a1756923-71c4-4a81-925b-154ae10ed6cb""]"
776884781191236790,NSD-STR-00219,STR-00219,exact,listing_results\776884781191236790\metadata.json,"EV charger.

Other things to note
This property is only available by stairs.

Registration Details
STR-00219","[""94758bb9-888e-4e62-8ea4-282cce5ab727""]"
776884781191236790,STR-00219,STR-00219,exact,listing_details.csv / merged metadata,"EV charger.

Other things to note
This property is only available by stairs.

Registration Details
STR-00219",[]
779629924557606117,NSD-STR-01394,NSD-STR-01394,exact,listing_results\779629924557606117\metadata.json,"sk you to leave.

Please pick up any cigarettes and dog poop in the backyard.

Registration Details
NSD-STR-01394","[""e84c3a6b-f5a9-4957-973a-426d0c7b70a4""]"
779954572222697737,NSD-STR-01270,NSD-STR-01270,exact,listing_results\779954572222697737\metadata.json,"ard and Sunnyside Park right across the street
Professionally managed by Cozy in KC | City License: NSD-STR-01270

Step Inside:

Living Room:
The living room is designed to be both fun and peaceful — the perfect s","[""dd4af51b-ad6b-4941-9c66-120a644c857d""]"
780508199649042497,NSD-STR-01602,NSD-STR-01602,exact,listing_results\780508199649042497\metadata.json,"rowhead/Kauffman Stadium, and Sporting KC. Explore the best of KC with comfort and style! PERMIT #: NSD-STR-01602

The space
Beautifully Updated 5BR/4BA Home Near Country Club Plaza – Perfect for Families and Grou","[""80a43b2e-529d-4290-88aa-3e64f6b3f359""]"
780508199649042497,NSD-STR-02640,NSD-STR-02640,exact,listing_results\780508199649042497\metadata.json,"be signed upon booking. 
-Truvi ID Verification to be confirmed upon booking.

Registration Details
NSD-STR-02640","[""ab735a93-f129-4442-b263-438c0dd9149e""]"
781103860934625902,NSD-STR-02592,NSD-STR-02592,exact,listing_details.csv / merged metadata,"the city, we'd love to welcome you to Brookside Mod Cottage.

Short-Term Rental Registration Number
NSD-STR-02592

Guest access
Guests will enjoy private access to the entire home, including all bedrooms, bathroom","[""ff7ebd07-fb05-4be2-9164-2b1cae5040ee""]"
781112232602580421,NSD-STR-02949,NSD-STR-02949,exact,listing_details.csv / merged metadata,"permission has been granted. This extends to the building amenities as well.

Registration Details
NSD-STR-02949 NSD-STR-02948","[""d6a78a30-1872-49b5-b049-50cadc3fefc7""]"
781112232602580421,NSD-STR-02948,NSD-STR-02948,exact,listing_details.csv / merged metadata,"s been granted. This extends to the building amenities as well.

Registration Details
NSD-STR-02949 NSD-STR-02948","[""816c17fe-f8ec-48a4-836c-3bdacecf8793""]"
785506821466486686,NSD-STR-00765,NSD-STR-00765,exact,listing_results\785506821466486686\metadata.json,"Reading Material
High-Speed Wi-Fi
Luxury Bath Products
Professionally Managed & Licensed (Permit #: NSD-STR-00765)

Living Room
Relax and recharge in the spacious living room, complete with a soft sofa, accent cha","[""03904960-5e84-4360-8f1c-1d86b5c266a4""]"
785506821466486686,NSD-STR-01557,NSD-STR-01557,exact,listing_results\785506821466486686\metadata.json,"sign a rental agreement outlining all house rules once booking is confirmed.

Registration Details
NSD-STR-01557","[""efe54f05-76f5-471a-99b2-2799022a8cf5""]"
791153359702706113,NSD-STR-01395,NSD-STR-01395,exact,listing_results\791153359702706113\metadata.json,"house located in the vibrant neighborhood of Waldo in Kansas City, Missouri!

Registration Details
NSD-STR-01395","[""f8cd6984-b721-44e6-b3a0-3d0bb31a2a0b""]"
791626917671558159,NSD-STR-00490,NSD-STR-00490,exact,listing_results\791626917671558159\metadata.json,"ooms. Please select 3 or 4 guests when booking to secure a second room/bed.**

Registration Details
NSD-STR-00490","[""d1f9ea48-6e15-4e2f-9523-961a38d237fd""]"
797211383178086715,NSD-STR-01623,NSD-STR-01623,exact,listing_results\797211383178086715\metadata.json,"es from Consentino's Market grocery store. 
2-3 minute drive to CVS pharmacy.

Registration Details
NSD-STR-01623","[""ad8cde08-5972-4afa-b947-3ee215aa5bd8""]"
804462741954994212,NSD-STR-00779,NSD-STR-00779,exact,listing_results\804462741954994212\metadata.json,"treat is the ideal choice. Book your stay today, and let the adventure begin!

Registration Details
NSD-STR-00779","[""c15e615b-b406-49ca-85d7-786707380d94""]"
805139306606610821,NSD-STR-00692,CD-STR-00692,exact,listing_results\805139306606610821\metadata.json,"elp yourself with complementary water, coffee and snack bar. Enjoy your stay.

Registration Details
CD-STR-00692","[""fdacea3b-f420-4a04-8f0e-592888cc0592""]"
805139306606610821,CD-STR-00692,CD-STR-00692,exact,listing_details.csv / merged metadata,"elp yourself with complementary water, coffee and snack bar. Enjoy your stay.

Registration Details
CD-STR-00692","[""6cd79eb3-986e-44eb-a857-f07c6363b1a4""]"
813075602546682766,NSD-STR-02218,NSD-STR-02218,exact,listing_results\813075602546682766\metadata.json,"quiet hours

We are looking forward to you enjoying your stay in Kansas City!

Registration Details
NSD-STR-02218","[""ca649c5e-f950-4aab-9075-1fc23bc72a3f""]"
813202015154750856,NSD-STR-00761,NSD-STR-00761,exact,listing_results\813202015154750856\metadata.json,"keypad. Also, guests can enjoy the backyard and patio if they wish to do so!

Registration Details
NSD-STR-00761","[""fd0daaee-39cf-46ca-9a48-ebfde5dc19bf""]"
815328757881964460,NSD-STR-02043,NSD-STR-02043,exact,listing_results\815328757881964460\metadata.json,"d kind. Please return the favor and respect our neighbors' privacy and peace.

Registration Details
NSD-STR-02043","[""4a3c96ee-3628-4f4c-bbed-a050f2e2c4f0""]"
821706352727395779,NSD-STR-01387,NSD-STR-01387,exact,listing_results\821706352727395779\metadata.json,"lease reach out to us and we will try to work with you regarding this matter.

Registration Details
NSD-STR-01387","[""4b9bd8a3-22c9-44a8-9aea-c65196d8a09c""]"
824816553408347824,NSD-STR-00919,NSD-STR-00919,exact,listing_results\824816553408347824\metadata.json,"vaping inside the home. If detected, a mandatory Guest fine will be enforced.

Registration Details
NSD-STR-00919","[""181c1381-9a2a-48d5-833a-6d40d2c2818d""]"
8267406,NSD-STR-02519,NSD-STR-02519,exact,listing_results\8267406\metadata.json,"e(on one way street). If no one is in the 2nd floor you can use the driveway.

Registration Details
NSD-STR-02519","[""23f7a471-673f-4561-933b-cb965005598f""]"
827701312965455382,NSD-STR-02106,NSD-STR-02106,exact,listing_results\827701312965455382\metadata.json,"park 🐩, which is just 10 minutes from the home
🌐 Great Wi-Fi and work spaces

Registration Details
NSD-STR-02106","[""253b9cb7-4d16-452b-84bf-5c00e8f5856c""]"
830379525751662771,NSD-STR-00068,NSD-STR-00068,exact,listing_results\830379525751662771\metadata.json,"g the Kauffman Center.  The decor is restored, urban modern, but comfortable.

Registration Details
NSD-STR-00068","[""ec0e08c1-8fe1-4089-a2ec-e0bc5c3a94b7""]"
831298671527528172,NSD-STR-01425,NSD-STR-01425,exact,listing_results\831298671527528172\metadata.json,"te
The sofa does not pull out, but an air mattress is available upon request.

Registration Details
NSD-STR-01425","[""cfd948e0-b869-4f82-9eee-88b406dfe44c""]"
832060598220303276,NSD-STR-00388,NSD-STR-00388,exact,listing_results\832060598220303276\metadata.json,"te entry to the laundry room - free laundry (use our detergent - no worries).

Registration Details
NSD-STR-00388","[""5b777054-59f5-4cb2-b565-52e342e11a04""]"
832518491007795225,NSD-STR-01424,NSD-STR-01424,exact,listing_results\832518491007795225\metadata.json,"s available for your use on-site and is shared with other building residents.

Registration Details
NSD-STR-01424","[""7128ec0d-ecd6-4b1e-897d-9bac7387962d""]"
832520927214715401,NSD-STR-01423,NSD-STR-01423,exact,listing_results\832520927214715401\metadata.json,"cess to the entire unit, as well as the common areas of the Loretto building.

Registration Details
NSD-STR-01423","[""433fc99b-9a38-4532-bb01-8259dc2c7324""]"
838488530020234206,NSD-STR-01494,NSD-STR-01494,exact,listing_results\838488530020234206\metadata.json,"uest access
Entire unit of 2108. All amenities, gym and outdoor rooftop area.

Registration Details
NSD-STR-01494","[""52fa7867-fe4d-4a79-a3ee-de7e0062e6f3""]"
841406601811649334,NSD-STR-00360,NSD-STR-00360,exact,listing_results\841406601811649334\metadata.json,"he Plaza shopping district, Power and Light District, or the Kansas City Zoo.

Registration Details
NSD-STR-00360","[""2938756b-3b58-422f-8cd3-fc6fe01c062e""]"
842842175729005281,NSD-STR-02287,NSD-STR-02287,exact,listing_results\842842175729005281\metadata.json,"breeds. Inherently dangerous or exotic, feral or wild animals are prohibited.

Registration Details
NSD-STR-02287","[""601cd0ea-3c44-469a-a07a-08ba8fc40436""]"
851714206330928394,NSD-STR-00656,NSD-STR-00656,exact,listing_results\851714206330928394\metadata.json,"ce space off the dining room with desk. Can’t forget the super cool PHOTO OPP

Registration Details
NSD-STR-00656","[""9e4f1184-37d2-4bb1-9cc8-df9139eb0f54""]"
853530565869550914,NSD-STR-00824,CD-STR-00824,exact,listing_results\853530565869550914\metadata.json,".

Laundry located in unfinished basement space - available for longer stays.

Registration Details
CD-STR-00824","[""46a49dfe-bfa3-4d8e-8d1e-d99813bec26b""]"
853530565869550914,CD-STR-00824,CD-STR-00824,exact,listing_details.csv / merged metadata,".

Laundry located in unfinished basement space - available for longer stays.

Registration Details
CD-STR-00824","[""e16d7740-933b-4e9d-8ff7-7c42b47b700f""]"
856364299311847931,NSD-STR-00750,CD-STR-00750,exact,listing_results\856364299311847931\metadata.json,".
The basement door has an electronic lock on it. Use your unique 4-digit code to unlock the door.

CD-STR-00750

Registration Details
NSD-STR-00947","[""f41dbab0-e1a4-4bd5-9004-537765187006""]"
856364299311847931,NSD-STR-00947,NSD-STR-00947,exact,listing_results\856364299311847931\metadata.json,"ic lock on it. Use your unique 4-digit code to unlock the door.

CD-STR-00750

Registration Details
NSD-STR-00947","[""82758e3a-ea2c-4871-b59c-1396ffb415b9""]"
856364299311847931,CD-STR-00750,CD-STR-00750,exact,listing_details.csv / merged metadata,".
The basement door has an electronic lock on it. Use your unique 4-digit code to unlock the door.

CD-STR-00750

Registration Details
NSD-STR-00947","[""82b3d3d9-0a50-4319-adfe-ad9b3e5d97a9""]"
857200793697415628,NSD-STR-00835,CD-STR-00835,exact,listing_results\857200793697415628\metadata.json,"hroughout the house. The backyard is fairly sizable, but it is not fenced in.

Registration Details
CD-STR-00835","[""b980ccb6-1a82-4e7c-a07f-aa632fc9df0d""]"
857200793697415628,CD-STR-00835,CD-STR-00835,exact,listing_details.csv / merged metadata,"hroughout the house. The backyard is fairly sizable, but it is not fenced in.

Registration Details
CD-STR-00835","[""646034cc-2181-4cd4-affb-0e0d4971a1ea""]"
858733324363402618,NSD-STR-01735,NSD-STR-01735,exact,listing_results\858733324363402618\metadata.json,"offer cable. We provide smart TVs for streaming and access to local channels.

Registration Details
NSD-STR-01735","[""91d09968-c9ed-4955-9c77-4bc9e0a94765""]"
861733281594899527,NSD-STR-00759,CD-STR-00759,exact,listing_results\861733281594899527\metadata.json,"Other things to note
PETS:
Pets are allowed. Pet fee: $55 per stay per pet.

Registration Details
CD-STR-00759","[""5fa9de16-f85d-4d39-998a-fe7e66ee32b9""]"
861733281594899527,CD-STR-00759,CD-STR-00759,exact,listing_details.csv / merged metadata,"Other things to note
PETS:
Pets are allowed. Pet fee: $55 per stay per pet.

Registration Details
CD-STR-00759","[""dcb34f7b-d383-4630-8510-f8cfebc2ede9""]"
862181039826265343,NSD-STR-00177,NSD-STR-00177,exact,listing_results\862181039826265343\metadata.json,"ed or replaced.

Please leave the home as you found it and enjoy Kansas City!

Registration Details
NSD-STR-00177","[""4e7f8aac-d857-49b5-bce3-26bc5fce96cc""]"
867356332799516333,NSD-STR-01653,NSD-STR-01653,exact,listing_results\867356332799516333\metadata.json,"ennel can be provided. 
Laundry facility may be available for extended stays.

Registration Details
NSD-STR-01653","[""683382d5-a293-41aa-ab16-18544bdc0f65""]"
872377401322134775,NSD-STR-00559,STR-00559,exact,listing_results\872377401322134775\metadata.json,"You will find this house to be just perfect for your stay here in Kansas City

Registration Details
STR-00559","[""03deea87-1683-41bf-bc55-1ebce34385e3""]"
872377401322134775,STR-00559,STR-00559,exact,listing_details.csv / merged metadata,"You will find this house to be just perfect for your stay here in Kansas City

Registration Details
STR-00559",[]
873116811842301369,NSD-STR-01803,NSD-STR-01803,exact,listing_results\873116811842301369\metadata.json,"the home and on the driveway--it is facing the public view and records 24/7.

Other things to note
NSD-STR-01803
-Rental Agreement to be Signed Upon Booking
-Truvi ID Verification Upon Booking

Registration Detai","[""7027fbb1-fafe-4af3-a132-f26cc44f39c9""]"
873116811842301369,NSD-STR-00820,CD-STR-00820,exact,listing_results\873116811842301369\metadata.json,"ental Agreement to be Signed Upon Booking
-Truvi ID Verification Upon Booking

Registration Details
CD-STR-00820","[""d2b044ea-9465-4ae5-895e-7f2a4b0514fd""]"
873116811842301369,CD-STR-00820,CD-STR-00820,exact,listing_details.csv / merged metadata,"ental Agreement to be Signed Upon Booking
-Truvi ID Verification Upon Booking

Registration Details
CD-STR-00820","[""3b4544aa-a68c-4c43-bacf-458ff6212cc0""]"
873428419832115415,NSD-STR-01771,NSD-STR-01771,exact,listing_results\873428419832115415\metadata.json,". 5 Min from chiefs and Royals Stadium.

The space
fits up to 10 comfortably.

Registration Details
NSD-STR-01771","[""16089880-c16c-49ed-a30c-614663c3dfd9""]"
874216934313998179,NSD-STR-00041,NSD-STR-00041,exact,listing_results\874216934313998179\metadata.json,"ange settings within their sleeping area for the window air conditioner unit.

Registration Details
NSD-STR-00041","[""be794605-e38e-41a3-9478-288a71f2102b""]"
874685342349748662,NSD-STR-00080,NSD-STR-00080,exact,listing_results\874685342349748662\metadata.json,"t be able to climb stairs in the home, this is not a single level property***

Registration Details
NSD-STR-00080","[""d396059e-a643-4ab6-9a9c-04ba3c0ae198""]"
878288020101273535,NSD-STR-01989,NSD-STR-01989,exact,listing_results\878288020101273535\metadata.json,"ure your vehicle is not parked on the street during the aforementioned hours.

Registration Details
NSD-STR-01989","[""9fb09392-e06d-4ea4-a6cf-d2ff9cfc6bb6""]"
883235496371886890,NSD-STR-00085,STR- 00085,exact,listing_results\883235496371886890\metadata.json,"s
You will have full access to the home except the garage. It will be locked.

Registration Details
STR- 00085","[""5cc5c469-9daa-4080-bd95-a8f5d8fc74ee""]"
883235496371886890,STR-00085,STR- 00085,exact,listing_details.csv / merged metadata,"s
You will have full access to the home except the garage. It will be locked.

Registration Details
STR- 00085",[]
887804571548181230,NSD-STR-02168,NSD-STR-02168,exact,listing_results\887804571548181230\metadata.json,"allergies. Failure to comply will result in additional cleaning fees. Thanks

Registration Details
NSD-STR-02168","[""3698b654-d55d-4808-8875-fccdfc806646""]"
887897948543639236,NSD-STR-00535,NSD-STR-00535,exact,listing_results\887897948543639236\metadata.json,"2nd and 3rd floors including roof top deck.

Other things to note
Smart lock.

Registration Details
NSD-STR-00535","[""e2cc994f-83d5-4fe7-8f11-0a04091ca698""]"
889267242547374119,NSD-STR-02904,NSD-STR-02904,exact,listing_results\889267242547374119\metadata.json,"han two people on premises at any time. No small children or animals allowed.

Registration Details
NSD-STR-02904","[""53b4aaf8-c8fe-4187-8441-1d286e1de713""]"
890005757061102199,NSD-STR-01990,NSD-STR-01990,exact,listing_results\890005757061102199\metadata.json,"ix in every room, etc.
> Washer/Dryer
> large workspace
> Free Street Parking

Registration Details
NSD-STR-01990","[""9ea3423d-5f09-4050-8823-1436b2fc0c17""]"
893444144779910059,NSD-STR-01177,NSD-STR-01177,exact,listing_results\893444144779910059\metadata.json,"yals) and GEHA Field (Chiefs and FIFA). World Cup games are just up the road.

Registration Details
NSD-STR-01177","[""3f5ae95a-228f-4ded-a5b3-6ff5246f6d64""]"
8935488,NSD-STR-01849,NSD-STR-01849,exact,listing_results\8935488\metadata.json,"he city.

Uber is also a great option when getting around the city for cheap.

Registration Details
NSD-STR-01849","[""ed798236-43dd-4975-8b64-c2813a926366""]"
905930238245716186,NSD-STR-01307,NSD-STR-01307,exact,listing_results\905930238245716186\metadata.json,"every room, etc.
> Washer/Dryer
> large workspace
> Large front Porch/balcony

Registration Details
NSD-STR-01307","[""1b7ba5e9-d554-427f-bd5f-032f092de1b9""]"
906610945295870585,CD-STR-00611,CD-STR-00611,exact,listing_details.csv / merged metadata,"m 
> High-speed wifi, Smart TV for Netflix in every room, etc.
> Washer/Dryer

Registration Details
CD-STR-00611","[""89d6ad71-6fcf-40aa-b201-94f00d89d609""]"
9097228,NSD-STR-00172,STR-00172,exact,listing_results\9097228\metadata.json,"stairs.  Freshly baked muffins usually available with morning coffee or tea.

Registration Details
STR-00172","[""fa569a28-9456-4681-9320-cc75562d8dc1""]"
9097228,STR-00172,STR-00172,exact,listing_details.csv / merged metadata,"stairs.  Freshly baked muffins usually available with morning coffee or tea.

Registration Details
STR-00172",[]
911879255560453103,NSD-STR-00169,NSD-STR-00169,exact,listing_results\911879255560453103\metadata.json,"er run for too long to conserve water in general as well as hot water.
Thanks

Registration Details
NSD-STR-00169","[""a92da51c-7883-4bc5-aea8-5806a22bad88""]"
919684546327069437,NSD-STR-01007,NSD -STR-01007,exact,listing_results\919684546327069437\metadata.json,"rilling is not permitted at the house, due to risk and concerns of neighbors.

Registration Details
NSD -STR-01007","[""31f68446-c1ec-445c-9b26-c6fa2ddf301c""]"
921251385571416462,NSD-STR-02383,NSD-STR-02383,exact,listing_results\921251385571416462\metadata.json,"step onto the property.

Other things to note
Smoking and Parties $1000 Fine.

Registration Details
NSD-STR-02383","[""a6a5c1f5-faba-439a-95f0-70891486c554""]"
922747607392469924,NSD-STR-01898,NSD-STR-01898,exact,listing_results\922747607392469924\metadata.json,"f your shoes inside the accommodation.
There are stairs in the accommodation.

Registration Details
NSD-STR-01898","[""549e1500-6d03-48ac-920c-838fcbcd71ed""]"
923071760729472877,NSD-STR-01707,NSD-STR-01707,exact,listing_results\923071760729472877\metadata.json,"nd we ask that you respect our neighbors, and maintain quiet hours as stated.

Registration Details
NSD-STR-01707","[""b16e021a-2f4d-4c78-9784-e595083f1b94""]"
929038844126041991,NSD-STR-01432,NSD-STR-01432,exact,listing_results\929038844126041991\metadata.json,"king inside... 

Surveillance system in place throughout the home’s exterior.

Registration Details
NSD-STR-01432","[""89fbf235-bf28-4e3b-b631-520ff3e51e5d""]"
934776164098059596,NSD-STR-01733,NSD-STR-01733,exact,listing_results\934776164098059596\metadata.json,"Home sleeps 6 and is perfect for corporate travelers , couples or familes.

Registration Details
NSD-STR-01733","[""9f4ea537-3c6a-470c-8a83-75eb865f9d67""]"
939246619459364277,NSD-STR-02948,NSD-STR-02948,exact,listing_results\939246619459364277\metadata.json,"iews must first be approved for stay and host may require a security deposit.

Registration Details
NSD-STR-02948","[""816c17fe-f8ec-48a4-836c-3bdacecf8793""]"
939726805211428847,NSD-STR-01941,NSD-STR-01941,exact,listing_results\939726805211428847\metadata.json,"5min drive. And if you’re a busy traveler like me, KCI (MCI) is 25 mins away.

Registration Details
NSD-STR-01941","[""95e22738-65ee-4df5-bb4e-315af5747a73""]"
940149088093614090,NSD-STR-01396,NSD-STR-01396,exact,listing_results\940149088093614090\metadata.json,"are happy to answer any other questions about the area or our home, just ask!

Registration Details
NSD-STR-01396","[""f0988ef2-8e91-404f-b282-73567ca37467""]"
940466942660849247,NSD-STR-01973,NSD-STR-01973,exact,listing_results\940466942660849247\metadata.json,"dates that are within the cancellation time frame are subject to be declined.

Registration Number: NSD-STR-01973

Guest access
Access to entire condo.

Other things to note
• No parties or events.  This is strict","[""399ab7e7-ab00-439b-8886-738cbeb3a10f""]"
940466942660849247,NSD-STR-01282,NSD-STR-01282,exact,listing_results\940466942660849247\metadata.json,"he building do.

***Quiet Hours 10PM-8AM

Pack & Play available upon request.

Registration Number: NSD-STR-01282

Registration Details
Nsd-Str-01973","[""fd95d4ff-f824-481d-be2f-6fd15501bacc""]"
940665023452205399,NSD-STR-00094,NSD-STR-00094,exact,listing_results\940665023452205399\metadata.json,"t, and any other locked doors are off limits. The fire pit is not to be used.

Registration Details
NSD-STR-00094","[""f3074fc4-92ad-4ca6-a509-50232c1e446b""]"
943727468935594426,NSD-STR-01065,NSD-STR-01065,exact,listing_results\943727468935594426\metadata.json,"cessary otherwise, guest will be responsible for the cost of Fire Dept. visit

Registration Details
NSD-STR-01065","[""4769c10a-e826-49cd-8d05-798cbde9d97c""]"
944274177204972702,NSD-STR-00080,NSD-STR-00080,exact,listing_results\944274177204972702\metadata.json,"t be able to climb stairs in the home, this is not a single level property***

Registration Details
NSD-STR-00080","[""d396059e-a643-4ab6-9a9c-04ba3c0ae198""]"
949852453124387678,NSD-STR-00628,CD-STR-00628,exact,listing_results\949852453124387678\metadata.json,"Brookside, Crossroads, Power & Light, and highway. Can get anywhere in the city quickly.

Permit # CD-STR-00628

The space
Large Living Room - fireplace, ceiling fan, Smart TV
Large Dining Room
Fully stocked kit","[""6412bc5b-6105-49b3-bb4b-99063b84afdc""]"
949852453124387678,NSD-STR-01325,NSD-STR-01325,exact,listing_results\949852453124387678\metadata.json,"f you and your surroundings. 

ABSOLUTELY NO PARTIES.

ABSOLUTELY NO SMOKING.

Registration Details
NSD-STR-01325","[""5a67218e-e474-4ded-a80b-a4050b623880""]"
949852453124387678,CD-STR-00628,CD-STR-00628,exact,listing_details.csv / merged metadata,"Brookside, Crossroads, Power & Light, and highway. Can get anywhere in the city quickly.

Permit # CD-STR-00628

The space
Large Living Room - fireplace, ceiling fan, Smart TV
Large Dining Room
Fully stocked kit","[""dbc7c0a2-a0c3-4dd1-baa7-11bdace406db""]"
950060402555796357,NSD-STR-00958,NSD-STR-00958,exact,listing_results\950060402555796357\metadata.json,"run a white noise machine while guests stay to preserve the guests' privacy.

Registration Details
NSD-STR-00958","[""3b6bd8e8-7da1-4dcb-9f53-ecaedb6c3361""]"
959234767277719665,NSD-STR-02907,NSD-STR-02907,exact,listing_results\959234767277719665\metadata.json,"w owner storage areas or closets may be locked and unavailable for guest use.

Registration Details
NSD-STR-02907","[""34bc8c05-4673-4a26-9015-55118d301c90""]"
961583068222605142,NSD-STR-02523,NSD-STR-02523,exact,listing_results\961583068222605142\metadata.json,"ad and Kauffman Stadiums, Worlds and Oceans of Fun, are only 20 minutes away.

Registration Details
NSD-STR-02523","[""1ed24b14-ce56-472b-87d0-0f89307d9365""]"
961583129535383341,NSD-STR-02524,NSD-STR-02524,exact,listing_results\961583129535383341\metadata.json,"ad and Kauffman Stadiums, Worlds and Oceans of Fun, are only 20 minutes away.

Registration Details
NSD-STR-02524","[""6544958a-3369-4500-905b-3042d49a5a21""]"
961583171328802867,NSD-STR-02525,NSD-STR-02525,exact,listing_results\961583171328802867\metadata.json,"ad and Kauffman Stadiums, Worlds and Oceans of Fun, are only 20 minutes away.

Registration Details
NSD-STR-02525","[""1ac29bc3-4f29-4716-a3ef-b15f9bc7c328""]"
965224296473883934,NSD-STR-01823,NSD-STR-01823,exact,listing_results\965224296473883934\metadata.json,"outdoor dining experience. Please let the hostess know of any food allergies.

Registration Details
NSD-STR-01823","[""02dc16e8-79eb-4c1c-a991-1c8944b98705""]"
968001316319562320,NSD-STR-00118,NSD-STR-00118,exact,listing_results\968001316319562320\metadata.json,"hrough our pre screening process or do not agree with our rules and policies.

Registration Details
NSD-STR-00118","[""505e3f7c-5b1b-47cc-91d2-ac9a69620444""]"
968042422761593957,NSD-STR-03002,NSD-STR-03002,exact,listing_results\968042422761593957\metadata.json,"note
This is a historic home, and the stairs may be a little steep or narrow.

Registration Details
NSD-STR-03002","[""eab1d615-2525-4124-951e-e26edddd7f18""]"
970260576991768777,NSD-STR-02072,NSD-STR-02072,exact,listing_results\970260576991768777\metadata.json,"y

I am greatly looking forward to you enjoying your stay in Kansas City, MO!

Registration Details
NSD-STR-02072","[""10f496fa-7b86-4ccc-af2b-3693288dbc0a""]"
977584713667632446,NSD-STR-00551,NSD-STR-00551,exact,listing_results\977584713667632446\metadata.json,"t you and your guests access via the front door and upstairs door to the unit

Registration Details
NSD-STR-00551","[""0fc71153-9480-48c9-84de-d901e8fa28ea""]"
980720007110056371,NSD-STR-00943,CD-STR-00943,exact,listing_results\980720007110056371\metadata.json,"you want to convert the couches to beds. 
This space is ideal for 2-8 people.

Registration Details
CD-STR-00943","[""35afe9f9-0bd1-4073-8267-09c0515ecf29""]"
980720007110056371,CD-STR-00943,CD-STR-00943,exact,listing_details.csv / merged metadata,"you want to convert the couches to beds. 
This space is ideal for 2-8 people.

Registration Details
CD-STR-00943",[]
981236137917373005,NSD-STR-00530,NSD-STR-00530,exact,listing_results\981236137917373005\metadata.json,"peaceful atmosphere for guests, but from time to time guests may hear noises.

Registration Details
NSD-STR-00530","[""6e6882b6-3b56-4703-ae33-9ccaafd13c85""]"
986449690746906141,NSD-STR-00276,NSD-STR-00276,exact,listing_results\986449690746906141\metadata.json,"ve property. We hope your stay brings you as much joy as life here brings us!

Registration Details
NSD-STR-00276","[""b8a47b78-3e2b-495c-8251-76cf7d177dd1""]"
991320020361511150,NSD-STR-00605,NSD-STR-00605,exact,listing_results\991320020361511150\metadata.json,"endly apartment in a quiet neighborhood after day full of fun or a night out!

Registration Details
NSD-STR-00605","[""a3fee43e-77da-45f3-9d31-31dd3840ff5b""]"
995331552879552082,NSD-STR-01676,NSD-STR-01676,exact,listing_results\995331552879552082\metadata.json,"host you!
Heads up, this is an older building so the walls can be a bit thin.

Registration Details
NSD-STR-01676","[""22dcc64d-6301-4878-ae22-922e996fdb08""]"
995334640231531093,NSD-STR-01677,NSD-STR-01677,exact,listing_results\995334640231531093\metadata.json,"be a bit thin.

Have any questions? We'd be happy to host you—just reach out!

Registration Details
NSD-STR-01677","[""b0d0ee84-8d66-4a4e-828b-a3da5468cacf""]"
995655419617615968,NSD-STR-01972,NSD-STR-01972,exact,listing_results\995655419617615968\metadata.json,"s well as floor plan will not change.  Pictures are representative inventory.

Registration Number: NSD-STR-01972

Other things to note
• No parties or events.  This is strictly not tolerated.
• No smoking of any","[""fee456ab-fb0d-491c-8b7c-770a50eebd18""]"
996072633888151556,NSD-STR-01882,NSD-STR-01882,exact,listing_results\996072633888151556\metadata.json,"asher/Drier, and a fully stocked kitchen. Book now for a great KC experience!

Registration Details
NSD-STR-01882","[""656dc190-55ac-424f-bceb-6a549017ce1e""]"
996367050497828947,NSD-STR-00424,NSD-STR-00424,exact,listing_results\996367050497828947\metadata.json,"n. No refund will be provided if cancelling less than 5 days before check in.

Registration Details
NSD-STR-00424","[""28ff9a25-7f89-4ffe-9d71-03b4be1ad9ea""]"
996659770317846485,NSD-STR-01675,NSD-STR-01675,exact,listing_results\996659770317846485\metadata.json,"rs startign at 10pm, Violations result in a $500 fine and booking termination

Registration Details
NSD-STR-01675","[""04c80429-27ce-4055-9b05-bbf7e5a368fc""]"
997130193527848358,NSD-STR-00556,NSD-STR-00556,exact,listing_results\997130193527848358\metadata.json,"aza, The Nelson Museum & other nearby attractions in the heart of Kansas City

Registration Details
NSD-STR-00556","[""227673a5-33ed-4276-be18-50d1974e182d""]"
