{"type":"FeatureCollection","features":[{"type":"Feature","geometry":{"type":"Polygon","coordinates":[[[-94.5085688362945,39.1159366265303],[-94.50824228654942,39.115926491072926],[-94.50823333777883,39.11600737416431],[-94.50823110861829,39.1160272358534],[-94.50856109527187,39.1160375541346],[-94.50856250215351,39.11601938623832],[-94.5085686603672,39.115939097651385],[-94.5085688362945,39.1159366265303]]]},"properties":{"KIVAPIN":"45496","ADDRESS":null,"OWN_NAME":"Tran Hoang & Huynh Thi Xuan Dung"}},{"type":"Feature","geometry":{"type":"Polygon","coordinates":[[[-94.5159206423504,39.10934821950077],[-94.51547635434447,39.109332399575045],[-94.51547244832372,39.10933226338154],[-94.5154682342095,39.109400562701865],[-94.51547213950005,39.10940070003963],[-94.51591654614664,39.10941654227366],[-94.5159206423504,39.10934821950077]]]},"properties":{"KIVAPIN":"44868","ADDRESS":"336 Lawndale Ave","OWN_NAME":"Almendarez Posadas & Roden Tale Blanca Beatriz"}},{"type":"Feature","geometry":{"type":"Polygon","coordinates":[[[-94.510524440977,39.10895187552209],[-94.51013930365495,39.10893740274146],[-94.51013539840041,39.108937266369054],[-94.51013015537508,39.10902910864436],[-94.51013412010549,39.10902924615576],[-94.51051922782042,39.10904369550326],[-94.510524440977,39.10895187552209]]]},"properties":{"KIVAPIN":"46073","ADDRESS":"337 Wheeling Ave","OWN_NAME":"Estrada Manuel"}},{"type":"Feature","geometry":{"type":"Polygon","coordinates":[[[-94.50958580459493,39.11719958093903],[-94.50943824240444,39.117194742285534],[-94.50942230722868,39.11752301191064],[-94.5094259200062,39.117523401161236],[-94.50943085377216,39.117523743971624],[-94.5094345847526,39.11752399478463],[-94.50943860869806,39.11752410886204],[-94.50956899046825,39.11752821674613],[-94.50958580459493,39.11719958093903]]]},"properties":{"KIVAPIN":"45632","ADDRESS":"6115 Gladstone Blvd","OWN_NAME":"Northeast Neighborhood Rentals LLC"}},{"type":"Feature","geometry":{"type":"Polygon","coordinates":[[[-94.50681893156161,39.1152826304851],[-94.50681276366902,39.11528242549196],[-94.5066697860415,39.11527753673125],[-94.50666136964804,39.11541596447368],[-94.50681060361617,39.115421516989684],[-94.50681893156161,39.1152826304851]]]},"properties":{"KIVAPIN":"223804","ADDRESS":null,"OWN_NAME":"R R State Board"}},{"type":"Feature","geometry":{"type":"Polygon","coordinates":[[[-94.51267517316028,39.114428899110415],[-94.51267126759782,39.11442876282314],[-94.51221561121746,39.114411787689896],[-94.5122071793913,39.11456325838937],[-94.51266224856332,39.114580027121136],[-94.51266621360965,39.114580164546254],[-94.51267517316028,39.114428899110415]]]},"properties":{"KIVAPIN":"45746","ADDRESS":"311 N Bellaire Ave","OWN_NAME":"Murphy Linda"}},{"type":"Feature","geometry":{"type":"Polygon","coordinates":[[[-94.51584085767392,39.111094710659614],[-94.51537050839838,39.11107912325257],[-94.51536592678741,39.11107896311996],[-94.51536036702015,39.111169365873074],[-94.51536524159872,39.11116954827595],[-94.51583520966535,39.11118508999441],[-94.51584085767392,39.111094710659614]]]},"properties":{"KIVAPIN":"44697","ADDRESS":"132 Lawndale Ave","OWN_NAME":"Cain Holdings LLC"}},{"type":"Feature","geometry":{"type":"Polygon","coordinates":[[[-94.5126500207333,39.11485439015475],[-94.51264605567174,39.11485425330109],[-94.51219183580135,39.11483775955785],[-94.5121841350784,39.11497570771286],[-94.51263791600637,39.114992201533255],[-94.5126418509707,39.114992338390444],[-94.5126500207333,39.11485439015475]]]},"properties":{"KIVAPIN":"45749","ADDRESS":"323 N Bellaire Ave","OWN_NAME":"Gutierrez Carmen Salgado"}},{"type":"Feature","geometry":{"type":"Polygon","coordinates":[[[-94.51263373906914,39.11512964595825],[-94.51262983346787,39.115129508525605],[-94.51217646361346,39.11511317479567],[-94.51216876272444,39.11525050516605],[-94.51262172152333,39.11526679378071],[-94.5126256293349,39.115266930641376],[-94.51263373906914,39.11512964595825]]]},"properties":{"KIVAPIN":"45751","ADDRESS":"331 N Bellaire Ave","OWN_NAME":"Armendariz Sara A"}},{"type":"Feature","geometry":{"type":"Polygon","coordinates":[[[-94.5124715877235,39.11181901772507],[-94.51234709013107,39.11181461558325],[-94.51232696990034,39.112139156234335],[-94.51232679496363,39.11214229147336],[-94.51245079385353,39.11214671657048],[-94.51245096879704,39.112143651117215],[-94.5124715877235,39.11181901772507]]]},"properties":{"KIVAPIN":"46004","ADDRESS":"5909 St John Ave","OWN_NAME":"Gant James E Sr"}},{"type":"Feature","geometry":{"type":"Polygon","coordinates":[[[-94.51135857407489,39.11180622678683],[-94.51125278506757,39.11180307951583],[-94.51123338964936,39.11209984394859],[-94.51123315525987,39.11210341278],[-94.51133909164353,39.11210706342849],[-94.51133935615333,39.11210363130582],[-94.51135857407489,39.11180622678683]]]},"properties":{"KIVAPIN":"45944","ADDRESS":"6007 St John Ave","OWN_NAME":"Caywood Corner Investments LLC"}},{"type":"Feature","geometry":{"type":"Polygon","coordinates":[[[-94.51400639320924,39.111475679483405],[-94.51400225138461,39.111475542125014],[-94.51363862908563,39.1114628864689],[-94.51363857108142,39.111462886475685],[-94.51351868360146,39.111458781921726],[-94.51351786460664,39.11147244233603],[-94.51351300495918,39.111554378502],[-94.51363283240696,39.11155855171066],[-94.51399660277275,39.11157118505822],[-94.5140007732378,39.11157132126934],[-94.51400639320924,39.111475679483405]]]},"properties":{"KIVAPIN":"46026","ADDRESS":"119 Topping Ave","OWN_NAME":"Carpio Jose David & Carmen Gloria Del"}},{"type":"Feature","geometry":{"type":"Polygon","coordinates":[[[-94.51391926651075,39.11287964635444],[-94.51391512533836,39.112879508992904],[-94.5134618576154,39.11286265398761],[-94.51345792203358,39.112862516586105],[-94.51345411700898,39.11293116009874],[-94.51345259426272,39.11295861704601],[-94.51345647184418,39.11295875331036],[-94.51390956394441,39.11297551740663],[-94.51391376386218,39.11297565476138],[-94.51391534518302,39.11294826644311],[-94.51391926651075,39.11287964635444]]]},"properties":{"KIVAPIN":"45779","ADDRESS":"117 N Topping Ave","OWN_NAME":"Byrd Shawn & Helen"}},{"type":"Feature","geometry":{"type":"Polygon","coordinates":[[[-94.51791566254741,39.11537286091573],[-94.5179116974468,39.11537272481323],[-94.51746046877527,39.11535593023901],[-94.51745620996783,39.11535579359296],[-94.51745299270304,39.11541063895258],[-94.51745138406046,39.11543802788325],[-94.51745555476005,39.115438163970644],[-94.51790693079779,39.115454912779676],[-94.51791086579783,39.115455048886986],[-94.5179124742574,39.115427638213525],[-94.51791566254741,39.11537286091573]]]},"properties":{"KIVAPIN":"43092","ADDRESS":"332 N Drury Ave","OWN_NAME":"Rodriguez Jorge Sosa & Banuelos Yolanda"}},{"type":"Feature","geometry":{"type":"Polygon","coordinates":[[[-94.51560813089023,39.11452530556129],[-94.51549608082723,39.11452147713345],[-94.51538397203495,39.11451764688964],[-94.51527183534824,39.11451379537708],[-94.51516759866797,39.1145102396054],[-94.5151636637256,39.114510102833435],[-94.51515956654751,39.114578676634224],[-94.51515789757035,39.11460611130634],[-94.51516180388165,39.11460624751019],[-94.51560233597127,39.11462133636833],[-94.51560400403221,39.11459385650082],[-94.51560813089023,39.11452530556129]]]},"properties":{"KIVAPIN":"43027","ADDRESS":"308 N Lawndale Ave","OWN_NAME":"Urban View LLC"}},{"type":"Feature","geometry":{"type":"Polygon","coordinates":[[[-94.51562536628954,39.114239592735196],[-94.5155132887761,39.11423576375535],[-94.51550854734624,39.11431472603882],[-94.51550433325751,39.11438432949823],[-94.5155002364117,39.11445287985976],[-94.51549608082723,39.11452147713345],[-94.51560813089023,39.11452530556129],[-94.51561228563202,39.11445670828377],[-94.51561641173991,39.11438815791442],[-94.5156205963583,39.11431860021622],[-94.51562536628954,39.114239592735196]]]},"properties":{"KIVAPIN":"43031","ADDRESS":"5612 Scarritt Ave","OWN_NAME":"Lugo Adan"}},{"type":"Feature","geometry":{"type":"Polygon","coordinates":[[[-94.51736642524926,39.11381124906837],[-94.51736251971191,39.11381111293826],[-94.51708629110863,39.113800788818764],[-94.51708611488259,39.11380380966104],[-94.51708225310678,39.113869362686714],[-94.51707824739889,39.11393791366833],[-94.51707420938146,39.114006487534354],[-94.51707017355899,39.11407506139911],[-94.51706575675276,39.11415015630056],[-94.51720585451562,39.114155008712736],[-94.5172102418979,39.114080303353276],[-94.51721424895456,39.11401175294063],[-94.51721828536235,39.11394315561739],[-94.5173544471717,39.11394826069148],[-94.517358353451,39.11394839739376],[-94.51736238972686,39.113879846398135],[-94.51736642524926,39.11381124906837]]]},"properties":{"KIVAPIN":"43178","ADDRESS":"5505 Scarritt Ave","OWN_NAME":"Rios Rojas Lidia"}},{"type":"Feature","geometry":{"type":"Polygon","coordinates":[[[-94.51689283639094,39.11309440067501],[-94.51643918477174,39.113077533849285],[-94.51643524917222,39.11307739654829],[-94.51643442999811,39.11309110216853],[-94.51643033413865,39.11315969891109],[-94.51642623826078,39.11322825046345],[-94.51687977409745,39.113245116783766],[-94.51688376771271,39.113245253489325],[-94.51688786314855,39.11317670306526],[-94.5168920173107,39.11310812917905],[-94.51689283639094,39.11309440067501]]]},"properties":{"KIVAPIN":"43159","ADDRESS":"120 N Oakley Ave","OWN_NAME":"Segura Sergio & Gomez Maria R"}},{"type":"Feature","geometry":{"type":"Polygon","coordinates":[[[-94.51744255830224,39.11251687978456],[-94.51698776434617,39.112501022582855],[-94.51698425408935,39.112559780017364],[-94.51698010005971,39.11262840024661],[-94.51743107630479,39.11264535689161],[-94.51743495387683,39.112645493595636],[-94.5174389892591,39.11257689682084],[-94.51744255830224,39.11251687978456]]]},"properties":{"KIVAPIN":"43165","ADDRESS":"103 N Drury Ave","OWN_NAME":"Diaz Jesus"}},{"type":"Feature","geometry":{"type":"Polygon","coordinates":[[[-94.5126418509707,39.114992338390444],[-94.51263791600637,39.114992201533255],[-94.5121841350784,39.11497570771286],[-94.51217646361346,39.11511317479567],[-94.51262983346787,39.115129508525605],[-94.51263373906914,39.11512964595825],[-94.5126418509707,39.114992338390444]]]},"properties":{"KIVAPIN":"45750","ADDRESS":"327 N Bellaire Ave","OWN_NAME":"Santos Milton Argueta & Castro"}},{"type":"Feature","geometry":{"type":"Polygon","coordinates":[[[-94.51163208758037,39.11267360510022],[-94.51152703130631,39.11266922245073],[-94.51142176871915,39.112664816846134],[-94.51127024924193,39.11265849365308],[-94.51113373855561,39.112652786608166],[-94.51112983088763,39.11265262624474],[-94.51112543736436,39.11272854521288],[-94.51112467663589,39.11274222791047],[-94.5111237099838,39.11275845095114],[-94.51112758754984,39.112758587292966],[-94.51116048188536,39.112759773942265],[-94.51162602421566,39.11277649996042],[-94.51163094472074,39.11269364808638],[-94.51163208758037,39.11267360510022]]]},"properties":{"KIVAPIN":"45806","ADDRESS":"111 N White Ave","OWN_NAME":"Ruiz Avila Rafael"}},{"type":"Feature","geometry":{"type":"Polygon","coordinates":[[[-94.5158702963655,39.1106226330622],[-94.51584459912824,39.11062176709256],[-94.5157117325618,39.11061734622716],[-94.51571152851139,39.110620938517066],[-94.51570573353277,39.11071463556727],[-94.51570336387866,39.1107529157886],[-94.51583634806202,39.11075683212908],[-94.51586186910392,39.11075756141258],[-94.51586248442669,39.110747928574575],[-94.5158702963655,39.1106226330622]]]},"properties":{"KIVAPIN":"44722","ADDRESS":"5610 Anderson Ave","OWN_NAME":"Ruiz Ana E"}},{"type":"Feature","geometry":{"type":"Polygon","coordinates":[[[-94.51556678049756,39.11521104373105],[-94.51512627412417,39.11519600049824],[-94.51512233914374,39.11519586372489],[-94.51511818241019,39.11526443752391],[-94.51512211739444,39.11526457429734],[-94.515562654299,39.11527961754157],[-94.51556678049756,39.11521104373105]]]},"properties":{"KIVAPIN":"43021","ADDRESS":"330 N Lawndale Ave","OWN_NAME":"Tonario Karla Alvarez"}},{"type":"Feature","geometry":{"type":"Polygon","coordinates":[[[-94.51559654175587,39.11471729910355],[-94.51515609719151,39.11470225597368],[-94.51515210349721,39.114702118636956],[-94.51515125395586,39.11471584712896],[-94.51514712811264,39.11478439804998],[-94.51514703984454,39.114787097976446],[-94.51559142063891,39.11480232365904],[-94.51559159552852,39.114799601412024],[-94.51559575177603,39.11473102759077],[-94.51559654175587,39.11471729910355]]]},"properties":{"KIVAPIN":"43025","ADDRESS":"314 N Lawndale Ave","OWN_NAME":"Elmi Muse"}},{"type":"Feature","geometry":{"type":"Polygon","coordinates":[[[-94.51157189874608,39.113688550038276],[-94.51156799102384,39.11368841371424],[-94.51110843435848,39.11367257867005],[-94.51107480608353,39.11367141552867],[-94.51107089836317,39.113671279188],[-94.51106896587505,39.11370457013076],[-94.51106562590873,39.11376190933139],[-94.51106956227018,39.113762046813555],[-94.51110325006276,39.1137632099508],[-94.51110342628392,39.113763209934014],[-94.51156260244346,39.11377895294083],[-94.5115665087022,39.11377908926518],[-94.51157189874608,39.113688550038276]]]},"properties":{"KIVAPIN":"45795","ADDRESS":"139 N White Ave","OWN_NAME":"Valdez Gonsalo & Norma L"}},{"type":"Feature","geometry":{"type":"Polygon","coordinates":[[[-94.51003886129178,39.11139952996186],[-94.5095827560085,39.111383529006886],[-94.50957797924275,39.1114658997358],[-94.51003426339622,39.111481351558275],[-94.51003886129178,39.11139952996186]]]},"properties":{"KIVAPIN":"45938","ADDRESS":"116 Belmont Blvd","OWN_NAME":"Valdes Alexander"}},{"type":"Feature","geometry":{"type":"Polygon","coordinates":[[[-94.51858820831477,39.11273466376963],[-94.5184345442553,39.11272910586319],[-94.51841692223168,39.11272846856225],[-94.51839930020795,39.11272782954258],[-94.51827383140642,39.1127232731475],[-94.51827675564061,39.112673942593055],[-94.51828087832932,39.11260539153713],[-94.51828441752096,39.112546267969265],[-94.51814455780959,39.11254134702863],[-94.51814101920036,39.11260033330833],[-94.51813692501212,39.112668884927],[-94.51813277135355,39.11273748117117],[-94.51812867715515,39.11280605509655],[-94.51812455430151,39.11287458326415],[-94.5181204600932,39.11294318064027],[-94.51811929020911,39.112962354800786],[-94.51857388118532,39.11297868868465],[-94.51857499221279,39.11295953740967],[-94.51857902650758,39.11289094059937],[-94.51858303291729,39.112822435315145],[-94.51858706719668,39.11275383907498],[-94.51858820831477,39.11273466376963]]]},"properties":{"KIVAPIN":"43136","ADDRESS":"105 N Hardesty Ave","OWN_NAME":"Lipari Linda Sue Trustee"}},{"type":"Feature","geometry":{"type":"Polygon","coordinates":[[[-94.5143789267936,39.116169986294445],[-94.51393794468052,39.11615452678161],[-94.51393345159207,39.11615436715428],[-94.51393002572755,39.11621175218421],[-94.51392870832487,39.11623360277128],[-94.51393326089517,39.11623376296372],[-94.51437412675041,39.11624922193634],[-94.51437544401571,39.11622737077229],[-94.5143789267936,39.116169986294445]]]},"properties":{"KIVAPIN":"42555","ADDRESS":"404 N Topping Ave","OWN_NAME":"Gilbert Andrew J"}},{"type":"Feature","geometry":{"type":"Polygon","coordinates":[[[-94.51686995958121,39.11347383366629],[-94.51641671745497,39.113456989003794],[-94.51641260414577,39.1134568528711],[-94.51640988407146,39.11350259108292],[-94.51640716324891,39.113548284105136],[-94.51686031784728,39.11356512824509],[-94.5168644597996,39.1135652649299],[-94.51686718032748,39.113519571897186],[-94.51686995958121,39.11347383366629]]]},"properties":{"KIVAPIN":"43156","ADDRESS":"130 N Oakley Ave","OWN_NAME":"Perez Juan & Anita Castilo"}},{"type":"Feature","geometry":{"type":"Polygon","coordinates":[[[-94.5136499881905,39.1112716257932],[-94.51353004303435,39.11126754471019],[-94.51352887192076,39.11128665018843],[-94.51341070357596,39.111282545323796],[-94.51304730264692,39.11126991067805],[-94.51304185782612,39.111362738081745],[-94.51340506833111,39.11137537276616],[-94.5134052151771,39.11137537274927],[-94.51352336898752,39.11137945416841],[-94.51352436368835,39.11136314072218],[-94.51364430827441,39.1113672343954],[-94.5136499881905,39.1112716257932]]]},"properties":{"KIVAPIN":"46062","ADDRESS":"120 Bellaire Ave","OWN_NAME":"Apodaca Aida C"}},{"type":"Feature","geometry":{"type":"Polygon","coordinates":[[[-94.51586168368675,39.110323424511755],[-94.51572100628732,39.11031884398247],[-94.5157176704148,39.11037362071585],[-94.51571149621752,39.11047548621446],[-94.515711320731,39.11047875817141],[-94.51585199919718,39.11048340678204],[-94.51585834718844,39.110378200105146],[-94.51586168368675,39.110323424511755]]]},"properties":{"KIVAPIN":"44738","ADDRESS":"5613 Anderson Ave","OWN_NAME":"Global Point Investment Inc"}},{"type":"Feature","geometry":{"type":"Polygon","coordinates":[[[-94.51050853488472,39.109231844690214],[-94.510123456244,39.10921734954407],[-94.51011952013718,39.10921721202979],[-94.51011407210709,39.10931335702533],[-94.51011803685338,39.109313494537275],[-94.51050305874442,39.1093279662535],[-94.51050853488472,39.109231844690214]]]},"properties":{"KIVAPIN":"46094","ADDRESS":"327 Wheeling Ave","OWN_NAME":"Righteous Properties LLC"}},{"type":"Feature","geometry":{"type":"Polygon","coordinates":[[[-94.51051922782042,39.10904369550326],[-94.51013412010549,39.10902924615576],[-94.51013015537508,39.10902910864436],[-94.5101295980628,39.1090390171619],[-94.51012496964701,39.10912124950554],[-94.51012890428008,39.109121387019734],[-94.51051398386814,39.10913588214808],[-94.51051867056232,39.10905360287858],[-94.51051922782042,39.10904369550326]]]},"properties":{"KIVAPIN":"46092","ADDRESS":"333 Wheeling Ave","OWN_NAME":"TCFM Properties LLC"}},{"type":"Feature","geometry":{"type":"Polygon","coordinates":[[[-94.5109690072384,39.115332559767445],[-94.51096507078977,39.115332422281945],[-94.51051064343942,39.11531633386081],[-94.51050673709776,39.11531619692911],[-94.51050199125515,39.115398613398604],[-94.51049721679533,39.11548123522301],[-94.5105011224119,39.11548137272712],[-94.51072895373783,39.11548936020498],[-94.51095942851487,39.11549746139232],[-94.5109642024678,39.11541504490295],[-94.5109690072384,39.115332559767445]]]},"properties":{"KIVAPIN":"45685","ADDRESS":"336 N Wheeling Ave","OWN_NAME":"Garza Cantu Jose Luis & Medrano Mireles Gloria Elena"}},{"type":"Feature","geometry":{"type":"Polygon","coordinates":[[[-94.51699823239245,39.11133021778164],[-94.5165384548765,39.11131438185844],[-94.51653451864091,39.11131424570489],[-94.51653288110026,39.11134163407427],[-94.51652881405066,39.11141013988622],[-94.51653269081893,39.11141027604845],[-94.51698873977239,39.11142599813418],[-94.51699264591161,39.11142613427681],[-94.51699662366603,39.11135760672527],[-94.51699823239245,39.11133021778164]]]},"properties":{"KIVAPIN":"44794","ADDRESS":"128 Oakley Ave","OWN_NAME":"Hernandez Faustino & Maria S"}},{"type":"Feature","geometry":{"type":"Polygon","coordinates":[[[-94.51094013471916,39.11589132983468],[-94.51047885888416,39.11587542555087],[-94.51047405599412,39.11596976225326],[-94.51047793300063,39.115969898616626],[-94.51093521349746,39.11598571404417],[-94.51094013471916,39.11589132983468]]]},"properties":{"KIVAPIN":"45602","ADDRESS":"400 N Wheeling Ave","OWN_NAME":"Tran Cong Luong & Houng Le Hoang Lan"}},{"type":"Feature","geometry":{"type":"Polygon","coordinates":[[[-94.51114730782736,39.112287472935606],[-94.5110315627355,39.11228547044797],[-94.51091528752227,39.11228342213372],[-94.51091505390339,39.11228733474598],[-94.51090515319386,39.11246692585693],[-94.51090029217404,39.11255526848072],[-94.51089572397271,39.112637982437136],[-94.5111302130974,39.11264585410958],[-94.51113097401101,39.11263336177724],[-94.51113431179758,39.11256284331259],[-94.51114730782736,39.112287472935606]]]},"properties":{"KIVAPIN":"45792","ADDRESS":"6016 St John Ave","OWN_NAME":"Salazar Juan & Antonia"}},{"type":"Feature","geometry":{"type":"Polygon","coordinates":[[[-94.50893431504221,39.116049217561894],[-94.50856109527187,39.1160375541346],[-94.50856074265147,39.116042244689794],[-94.50855349960607,39.11613841194004],[-94.50893018720144,39.116150281623554],[-94.50893416852745,39.11605191748756],[-94.50893431504221,39.116049217561894]]]},"properties":{"KIVAPIN":"45493","ADDRESS":"413 N Belmont Blvd","OWN_NAME":"Melendez Molina Jose Daniel & Nunez Lidia Patricia"}},{"type":"Feature","geometry":{"type":"Polygon","coordinates":[[[-94.51147006106123,39.115430418351615],[-94.5114661532428,39.115430280880204],[-94.5110063509678,39.115413896899895],[-94.51100139936287,39.11549626764647],[-94.51100530571553,39.11549640513363],[-94.51146140998253,39.11551272083949],[-94.51146528549732,39.115512857170216],[-94.51147006106123,39.115430418351615]]]},"properties":{"KIVAPIN":"45668","ADDRESS":"339 N White Ave","OWN_NAME":"Hernandez Ana Cristina"}},{"type":"Feature","geometry":{"type":"Polygon","coordinates":[[[-94.51151756535035,39.114608358220316],[-94.51151368988481,39.11460822074729],[-94.51105976487783,39.11459204174819],[-94.51105585930945,39.114591905406826],[-94.51105084909264,39.114674367695244],[-94.5110458990775,39.11475685285724],[-94.51104980465495,39.11475698919893],[-94.5115080181115,39.11477328221624],[-94.51151276273669,39.11469084281645],[-94.51151756535035,39.114608358220316]]]},"properties":{"KIVAPIN":"45677","ADDRESS":"319 N White Ave","OWN_NAME":"Torres Sergio M & Martha T"}},{"type":"Feature","geometry":{"type":"Polygon","coordinates":[[[-94.51156257754704,39.1084140359247],[-94.51155817232504,39.108413875624855],[-94.51117544670733,39.10839990997308],[-94.5111699722968,39.108510148948774],[-94.51155616392091,39.10852402389611],[-94.51156257754704,39.1084140359247]]]},"properties":{"KIVAPIN":"46257","ADDRESS":"401 White Ave","OWN_NAME":"Rocha Mario & Brenda"}},{"type":"Feature","geometry":{"type":"Polygon","coordinates":[[[-94.51032190000343,39.115473541247006],[-94.51031802302427,39.11547340373435],[-94.50986127398834,39.11545809035737],[-94.5098573970109,39.11545795282941],[-94.50985250356368,39.11554048368614],[-94.50985643928746,39.115540621209284],[-94.51031324758704,39.11555586595786],[-94.5103171539415,39.115556002324],[-94.51032190000343,39.115473541247006]]]},"properties":{"KIVAPIN":"45702","ADDRESS":"343 N Wheeling Ave","OWN_NAME":"Arciniega Gabriela Silva"}},{"type":"Feature","geometry":{"type":"Polygon","coordinates":[[[-94.5137327844821,39.11599047412615],[-94.51363509545288,39.11598687045253],[-94.51363491982148,39.11598995935825],[-94.51362798082366,39.11610395147196],[-94.51372182234292,39.11610730448941],[-94.513725846219,39.11610744072754],[-94.5137327844821,39.11599047412615]]]},"properties":{"KIVAPIN":"45511","ADDRESS":"401 N Topping Ave","OWN_NAME":"Pallaton Property Investments LLC"}},{"type":"Feature","geometry":{"type":"Polygon","coordinates":[[[-94.5169777287692,39.111681049753365],[-94.5165174790638,39.11166519150873],[-94.51651357144382,39.11166505535037],[-94.5165124011505,39.111684251807695],[-94.51650862795294,39.11174731140718],[-94.51697293192977,39.11176330752429],[-94.5169766180747,39.11170024735065],[-94.5169777287692,39.111681049753365]]]},"properties":{"KIVAPIN":"44790","ADDRESS":"114 Oakley Ave","OWN_NAME":"Skaggs Robyn"}},{"type":"Feature","geometry":{"type":"Polygon","coordinates":[[[-94.51583520966535,39.11118508999441],[-94.51536524159872,39.11116954827595],[-94.51536036702015,39.111169365873074],[-94.51535480650436,39.111259768052626],[-94.51536003351897,39.11125995040927],[-94.515806624166,39.11127474083083],[-94.51582959102183,39.11127551508485],[-94.51583520966535,39.11118508999441]]]},"properties":{"KIVAPIN":"44696","ADDRESS":"130 Lawndale Ave","OWN_NAME":"Martinez Yolaysis"}},{"type":"Feature","geometry":{"type":"Polygon","coordinates":[[[-94.51478596263236,39.10947073524781],[-94.51434202685495,39.10945651260097],[-94.51433762155726,39.10945633009754],[-94.51433504599956,39.109500078801645],[-94.51433094825593,39.10956840037327],[-94.51433529481903,39.10956856000354],[-94.51477902498928,39.10958280501038],[-94.51478324050416,39.109514459955584],[-94.51478596263236,39.10947073524781]]]},"properties":{"KIVAPIN":"44893","ADDRESS":"324 Topping Ave","OWN_NAME":"Cerritos Calderon Rafael"}},{"type":"Feature","geometry":{"type":"Polygon","coordinates":[[[-94.51211395645356,39.115248519686446],[-94.5121099032586,39.115248383395745],[-94.51166146710555,39.115232344027056],[-94.51165759013709,39.11523220713099],[-94.51165146933305,39.11533519347551],[-94.51210398796543,39.11535132398108],[-94.51210804043208,39.11535146084409],[-94.51211395645356,39.115248519686446]]]},"properties":{"KIVAPIN":"45733","ADDRESS":"334 N White Ave","OWN_NAME":"Lopez Johnny"}},{"type":"Feature","geometry":{"type":"Polygon","coordinates":[[[-94.51816655614448,39.1111702894652],[-94.51816259127877,39.11117015279905],[-94.51770046327793,39.111153246433645],[-94.51769914739096,39.1111761272833],[-94.51769505283903,39.111244609117335],[-94.51816123368533,39.11126167560914],[-94.51816524039633,39.111193125130725],[-94.51816655614448,39.1111702894652]]]},"properties":{"KIVAPIN":"44822","ADDRESS":"132 Drury Ave","OWN_NAME":"Tran Minh Quang"}},{"type":"Feature","geometry":{"type":"Polygon","coordinates":[[[-94.5128232995569,39.109624199388726],[-94.51245090517942,39.109612135313],[-94.51244616125192,39.109694574250824],[-94.51281829174584,39.10970663837052],[-94.5128232995569,39.109624199388726]]]},"properties":{"KIVAPIN":"46179","ADDRESS":"316 Barat Ave","OWN_NAME":"Chacon Ismael"}},{"type":"Feature","geometry":{"type":"Polygon","coordinates":[[[-94.51370413836912,39.110327884665345],[-94.5133322985033,39.110317722435724],[-94.51332714510363,39.11040393789792],[-94.51369895630098,39.110415381463746],[-94.51369913188915,39.11041215469904],[-94.51370413836912,39.110327884665345]]]},"properties":{"KIVAPIN":"46159","ADDRESS":"300 Bellaire Ave","OWN_NAME":"Michaels Jeffrey S & Laura M"}},{"type":"Feature","geometry":{"type":"Polygon","coordinates":[[[-94.51284347520695,39.109293799913345],[-94.51247002368743,39.10928089057406],[-94.51246519261063,39.10936433570357],[-94.51283846752165,39.10937667420515],[-94.51284347520695,39.109293799913345]]]},"properties":{"KIVAPIN":"46175","ADDRESS":"324 Barat Ave","OWN_NAME":"Hernandez Alberto L & Maria E"}},{"type":"Feature","geometry":{"type":"Polygon","coordinates":[[[-94.5109929391581,39.11492024848125],[-94.51053451925628,39.114903839627395],[-94.51053061293736,39.11490370269647],[-94.51052583852722,39.11498621012591],[-94.51052977348722,39.11498634762641],[-94.51098816454116,39.11500268785949],[-94.5109929391581,39.11492024848125]]]},"properties":{"KIVAPIN":"45690","ADDRESS":"324 N Wheeling Ave","OWN_NAME":"Land Bank of Kansas City Missouri"}},{"type":"Feature","geometry":{"type":"Polygon","coordinates":[[[-94.51102170408704,39.114425474888336],[-94.51056311042055,39.1144090204005],[-94.51055923496784,39.11440888346774],[-94.51055442977174,39.114491299957606],[-94.51055839480905,39.11449143745445],[-94.51101693026757,39.11450789139402],[-94.51102170408704,39.114425474888336]]]},"properties":{"KIVAPIN":"45696","ADDRESS":"310 N Wheeling Ave","OWN_NAME":"Fuentes Rosa A & Cuevas Manuel"}},{"type":"Feature","geometry":{"type":"Polygon","coordinates":[[[-94.50858326373759,39.11574591483234],[-94.5082672597846,39.11573566483658],[-94.50826338279506,39.11573552725563],[-94.50825337857057,39.11582602200734],[-94.50825725409638,39.115826158444705],[-94.50857631380914,39.115836682810254],[-94.50858326373759,39.11574591483234]]]},"properties":{"KIVAPIN":"45471","ADDRESS":"342 N Chouteau Trfy","OWN_NAME":"Kansas City Missouri Homesteading Authority"}},{"type":"Feature","geometry":{"type":"Polygon","coordinates":[[[-94.50848355984009,39.117059934369124],[-94.5081183817892,39.117047444666696],[-94.50811310040594,39.11709537994748],[-94.50810705688276,39.11715024868247],[-94.50847564189708,39.11716326442691],[-94.5084798354272,39.11710812066797],[-94.50848355984009,39.117059934369124]]]},"properties":{"KIVAPIN":"45469","ADDRESS":"420 N Chouteau Trfy","OWN_NAME":"Kansas City Missouri Homesteading Authority"}},{"type":"Feature","geometry":{"type":"Polygon","coordinates":[[[-94.50861141487428,39.1153758642832],[-94.50844251542775,39.115479617999235],[-94.5083544678449,39.11553373646669],[-94.50859877692143,39.115541704616994],[-94.50860314552556,39.11548470806608],[-94.50860581470731,39.1154493126737],[-94.50861141487428,39.1153758642832]]]},"properties":{"KIVAPIN":"45470","ADDRESS":"338 N Chouteau Trfy","OWN_NAME":"Kansas City Missouri Homesteading Authority"}},{"type":"Feature","geometry":{"type":"Polygon","coordinates":[[[-94.51672177181152,39.11427710216343],[-94.51636441999695,39.114264888276814],[-94.51635970893322,39.114344057087905],[-94.51635757313282,39.11437970484853],[-94.51636153817493,39.11437984157595],[-94.51670449891299,39.114391485518055],[-94.51671107868255,39.11439171338149],[-94.51671495561453,39.1143918495375],[-94.5167170626043,39.114356224083195],[-94.51672177181152,39.11427710216343]]]},"properties":{"KIVAPIN":"43065","ADDRESS":"300 N Oakley Ave","OWN_NAME":"Zamudio-Sanchez Alma Jessica"}},{"type":"Feature","geometry":{"type":"Polygon","coordinates":[[[-94.51091528752227,39.11228342213372],[-94.51080374082804,39.11228144190738],[-94.51068265047557,39.11227932516528],[-94.51067219274667,39.112459740010976],[-94.51066715369461,39.11254771597913],[-94.51067108998775,39.11254785347481],[-94.51090029217404,39.11255526848072],[-94.51090515319386,39.11246692585693],[-94.51091505390339,39.11228733474598],[-94.51091528752227,39.11228342213372]]]},"properties":{"KIVAPIN":"45791","ADDRESS":"6020 St John Ave","OWN_NAME":"Salazar Juan & Antonia"}},{"type":"Feature","geometry":{"type":"Polygon","coordinates":[[[-94.50847564189708,39.11716326442691],[-94.50810705688276,39.11715024868247],[-94.50809285495902,39.117278449245916],[-94.50807263876341,39.11746138067729],[-94.50845188797562,39.11747364126858],[-94.508459454064,39.117374796418076],[-94.5084657305252,39.11729276891915],[-94.50846751867975,39.11726952150129],[-94.50847564189708,39.11716326442691]]]},"properties":{"KIVAPIN":"45476","ADDRESS":"422 N Chouteau Trfy","OWN_NAME":"Kansas City Missouri Homesteading Authority"}},{"type":"Feature","geometry":{"type":"Polygon","coordinates":[[[-94.51223941708423,39.111612315676304],[-94.51187696824174,39.11159851037028],[-94.51187303199916,39.11159837348729],[-94.51187256419904,39.11160656480701],[-94.5118670568584,39.11169932351498],[-94.51223323667791,39.11171209883102],[-94.51223364664617,39.11170514307105],[-94.51223894765613,39.1116193400846],[-94.51223941708423,39.111612315676304]]]},"properties":{"KIVAPIN":"46010","ADDRESS":"110 White Ave","OWN_NAME":"Burnham Gloria M"}},{"type":"Feature","geometry":{"type":"Polygon","coordinates":[[[-94.51237786847189,39.11131068834691],[-94.51189536029554,39.111294355457595],[-94.51189116121591,39.11129421917404],[-94.51189048608654,39.11130510986005],[-94.51188515745693,39.111394962713014],[-94.51237174871385,39.11141172937133],[-94.51237620071538,39.11133823625376],[-94.51237719563609,39.11132167113004],[-94.51237786847189,39.11131068834691]]]},"properties":{"KIVAPIN":"46013","ADDRESS":"116 White Ave","OWN_NAME":"Olivas Rosalina"}},{"type":"Feature","geometry":{"type":"Polygon","coordinates":[[[-94.51114708417776,39.11179993214042],[-94.51103683028488,39.111796624935735],[-94.5110184037477,39.11209247287149],[-94.51101819870283,39.11209595132113],[-94.5111274538396,39.11209973970416],[-94.51112771760013,39.112096146845474],[-94.51114708417776,39.11179993214042]]]},"properties":{"KIVAPIN":"45942","ADDRESS":"6015 St John Ave","OWN_NAME":"Caywood Corner Investments LLC"}},{"type":"Feature","geometry":{"type":"Polygon","coordinates":[[[-94.51174869008564,39.11076013116441],[-94.51128031149685,39.11074356549659],[-94.51127643404087,39.11074342858779],[-94.51127406247072,39.11078472839323],[-94.5112694051718,39.11086698478505],[-94.51174119213162,39.1108836634123],[-94.51174620056892,39.11080136120523],[-94.51174869008564,39.11076013116441]]]},"properties":{"KIVAPIN":"45957","ADDRESS":"137 White Ave","OWN_NAME":"Pipedream Property Investments LLC"}},{"type":"Feature","geometry":{"type":"Polygon","coordinates":[[[-94.51214040028462,39.11478960118728],[-94.51213617015773,39.11478946377189],[-94.51168474106741,39.11477319599647],[-94.51168195857716,39.114819941414055],[-94.51167923481319,39.114866618183385],[-94.51168311176163,39.11486675507874],[-94.51213078197705,39.11488286308688],[-94.51213501137525,39.11488300050258],[-94.51213767609767,39.114836322584864],[-94.51214040028462,39.11478960118728]]]},"properties":{"KIVAPIN":"45737","ADDRESS":"320 N White Ave","OWN_NAME":"Gonzales Eleazar & Renteria Elizabeth"}},{"type":"Feature","geometry":{"type":"Polygon","coordinates":[[[-94.51216227337989,39.114409779770185],[-94.5121580447443,39.1144096429274],[-94.51170723416688,39.114393672621674],[-94.51170000134452,39.11451590113885],[-94.51215101684001,39.11453196354535],[-94.51215521684654,39.11453209981935],[-94.51216227337989,39.114409779770185]]]},"properties":{"KIVAPIN":"45741","ADDRESS":"308 N White Ave","OWN_NAME":"Parra Jose"}},{"type":"Feature","geometry":{"type":"Polygon","coordinates":[[[-94.51453996892265,39.11187808533006],[-94.51445191804592,39.11187489298728],[-94.5143638392762,39.111871700581396],[-94.51434549397133,39.11221722291067],[-94.51443369133135,39.11222016305637],[-94.51452188796466,39.11222310427946],[-94.51453979259232,39.11188110445344],[-94.51453996892265,39.11187808533006]]]},"properties":{"KIVAPIN":"44901","ADDRESS":"5715 St John Ave","OWN_NAME":"Cabrera Leonardo & Igarza Zoe"}},{"type":"Feature","geometry":{"type":"Polygon","coordinates":[[[-94.51003426339622,39.111481351558275],[-94.50957797924275,39.1114658997358],[-94.50957314454517,39.11154888824562],[-94.50956839928271,39.11163091575949],[-94.5100211871172,39.111644743965556],[-94.51002506388268,39.11164485803552],[-94.51002966327435,39.111563081630926],[-94.51003426339622,39.111481351558275]]]},"properties":{"KIVAPIN":"45939","ADDRESS":"112 Belmont Blvd","OWN_NAME":"Hashim Mohammad"}},{"type":"Feature","geometry":{"type":"Polygon","coordinates":[[[-94.51311891325918,39.118127800713026],[-94.51311483125963,39.11812766446057],[-94.5126747479019,39.11811304722928],[-94.51267064810764,39.11818164320917],[-94.51266660556877,39.11825017111201],[-94.51310536806493,39.118264949258496],[-94.5131094515412,39.118265086655136],[-94.51311416699293,39.11819648944755],[-94.51311891325918,39.118127800713026]]]},"properties":{"KIVAPIN":"45527","ADDRESS":"510 N Bellaire Ave","OWN_NAME":"Trinacria Investments LLC"}},{"type":"Feature","geometry":{"type":"Polygon","coordinates":[[[-94.51314278694377,39.11778060801902],[-94.51269512847024,39.117769720687086],[-94.51269102871986,39.11783834069637],[-94.51268971108915,39.11786122146344],[-94.51269361756722,39.11786131198866],[-94.51313228914651,39.117873962146874],[-94.5131363424897,39.117874076093344],[-94.51313795362276,39.117850805745555],[-94.51314278694377,39.11778060801902]]]},"properties":{"KIVAPIN":"45531","ADDRESS":"500 N Bellaire Ave","OWN_NAME":"Sola John J & Ruth Ann"}},{"type":"Feature","geometry":{"type":"Polygon","coordinates":[[[-94.51230097516515,39.11059876503504],[-94.51229709771512,39.110598628160126],[-94.5119372973834,39.110585600129745],[-94.51193336193138,39.11058546382074],[-94.51193189764659,39.110610129313685],[-94.51192732903537,39.110686871488035],[-94.51193132323087,39.110687007791256],[-94.512294853934,39.11070005832717],[-94.51229951103208,39.11062356781645],[-94.51230097516515,39.11059876503504]]]},"properties":{"KIVAPIN":"46020","ADDRESS":"130 White Ave","OWN_NAME":"Ma I Sa & Mee Mee"}},{"type":"Feature","geometry":{"type":"Polygon","coordinates":[[[-94.51406039738266,39.1105593029293],[-94.51391942681548,39.11055543013392],[-94.51391184415131,39.110680588206],[-94.51390572519658,39.110781767177635],[-94.51404314417053,39.11078630452814],[-94.51404702089984,39.110786440773005],[-94.51405299280397,39.110685239503155],[-94.51406039738266,39.1105593029293]]]},"properties":{"KIVAPIN":"46033","ADDRESS":"145 Topping Ave","OWN_NAME":"145topping LLC"}},{"type":"Feature","geometry":{"type":"Polygon","coordinates":[[[-94.5125526788118,39.110511127616995],[-94.512426510041,39.11050567322879],[-94.51241913055206,39.110627948221165],[-94.51241300946334,39.11072910366304],[-94.5124083539255,39.11080545746484],[-94.5125342888702,39.110810111646764],[-94.51253581172767,39.110785675519296],[-94.51254149359585,39.11069289272176],[-94.51254723272687,39.110600157393634],[-94.5125526788118,39.110511127616995]]]},"properties":{"KIVAPIN":"46038","ADDRESS":"5916 Anderson Ave","OWN_NAME":"Aledani Talib"}},{"type":"Feature","geometry":{"type":"Polygon","coordinates":[[[-94.5098245078563,39.115291430927265],[-94.50936232645746,39.115275795723655],[-94.50935769679202,39.115358395182966],[-94.50981964374976,39.11537393832987],[-94.5098245078563,39.115291430927265]]]},"properties":{"KIVAPIN":"45720","ADDRESS":"336 N Belmont Blvd","OWN_NAME":"Samian Miguel Angel Almanza"}},{"type":"Feature","geometry":{"type":"Polygon","coordinates":[[[-94.5132561960348,39.1118466853799],[-94.51314165463769,39.11184264847252],[-94.5131316693588,39.11200656655258],[-94.51312168551064,39.11217053038829],[-94.51323587426025,39.112174521593765],[-94.5132561960348,39.1118466853799]]]},"properties":{"KIVAPIN":"45998","ADDRESS":"5815 St John Ave","OWN_NAME":"Rim Faw Zaw Ka & I Shar"}},{"type":"Feature","geometry":{"type":"Polygon","coordinates":[[[-94.5166763466539,39.11668767486829],[-94.51621991095028,39.11667321006562],[-94.51621597515657,39.116673096209986],[-94.51621433663513,39.116700485121825],[-94.51621035706921,39.11676892106151],[-94.51621432224506,39.11676905836585],[-94.51667084595123,39.11678354548619],[-94.51667476631339,39.11671504032556],[-94.5166763466539,39.11668767486829]]]},"properties":{"KIVAPIN":"42486","ADDRESS":"418 N Oakley Ave","OWN_NAME":"Nero Ronald G & Marie"}},{"type":"Feature","geometry":{"type":"Polygon","coordinates":[[[-94.5166826643323,39.116578213038345],[-94.51622634755333,39.1165637482435],[-94.51622235228871,39.11656363439634],[-94.51621834556452,39.11663204803307],[-94.51621597515657,39.116673096209986],[-94.51621991095028,39.11667321006562],[-94.5166763466539,39.11668767486829],[-94.51667868668429,39.116646604377884],[-94.5166826643323,39.116578213038345]]]},"properties":{"KIVAPIN":"42487","ADDRESS":"416 N Oakley Ave","OWN_NAME":"Williams Billy R"}},{"type":"Feature","geometry":{"type":"Polygon","coordinates":[[[-94.51546967838223,39.11681260929246],[-94.51502543168849,39.116796650954576],[-94.51502140777058,39.11679651418934],[-94.51501733967497,39.11686499643192],[-94.51501327156663,39.11693345579295],[-94.51500917407893,39.11700191515677],[-94.51500510522531,39.11707039682461],[-94.51500103784248,39.11713892596861],[-94.51500503240811,39.11713906216628],[-94.51544933999068,39.11715502057275],[-94.5154534069404,39.11708649255742],[-94.51545744671861,39.11701798742536],[-94.51546151366765,39.11694952805006],[-94.51546558134827,39.11688109212631],[-94.51546967838223,39.11681260929246]]]},"properties":{"KIVAPIN":"42519","ADDRESS":"428 N Lawndale Ave","OWN_NAME":"Stanley Jerry B & Karen S"}},{"type":"Feature","geometry":{"type":"Polygon","coordinates":[[[-94.51549648373805,39.11636107998016],[-94.51505244475757,39.11634521266669],[-94.5150483041145,39.11634507591746],[-94.51504587501435,39.11638605543832],[-94.51504180695117,39.11645446847267],[-94.51504577210716,39.11645460581683],[-94.51548998800054,39.11647047255985],[-94.51549402554058,39.116402127584],[-94.51549648373805,39.11636107998016]]]},"properties":{"KIVAPIN":"42523","ADDRESS":"410 N Lawndale Ave","OWN_NAME":"Trejos Ronald & Carmen"}},{"type":"Feature","geometry":{"type":"Polygon","coordinates":[[[-94.51290261645654,39.110707405983234],[-94.51289873899523,39.1107072462477],[-94.5125453989561,39.11069305303819],[-94.51254149359585,39.11069289272176],[-94.51253581172767,39.110785675519296],[-94.51253974792621,39.110785811807915],[-94.51289317566258,39.11079925053513],[-94.51289714049729,39.110799386808516],[-94.51290261645654,39.110707405983234]]]},"properties":{"KIVAPIN":"46051","ADDRESS":"133 Bellaire Ave","OWN_NAME":"Banuelas Luis A & Montoya Camelia"}},{"type":"Feature","geometry":{"type":"Polygon","coordinates":[[[-94.51345018591903,39.11063309638395],[-94.51344622110116,39.11063300531867],[-94.51308915162078,39.11062357279063],[-94.51308527490633,39.11062345882254],[-94.51307988720049,39.11071491339281],[-94.51344059913998,39.11072567260701],[-94.51344447659048,39.11072576368255],[-94.51345018591903,39.11063309638395]]]},"properties":{"KIVAPIN":"46055","ADDRESS":"134 Bellaire Ave","OWN_NAME":"Musashi Assets LLC"}},{"type":"Feature","geometry":{"type":"Polygon","coordinates":[[[-94.51542759734784,39.11752061008822],[-94.51498343358394,39.117504582939695],[-94.51497923339527,39.11750444562369],[-94.51497651223977,39.11755018491442],[-94.51497378886808,39.11759587787179],[-94.5153364458532,39.117608987087536],[-94.51541815881063,39.117611928482155],[-94.51542218350984,39.117612064661536],[-94.51542490437967,39.117566325932934],[-94.51542759734784,39.11752061008822]]]},"properties":{"KIVAPIN":"42514","ADDRESS":"444 N Lawndale Ave","OWN_NAME":"Perez Maria Inay Lozano"}},{"type":"Feature","geometry":{"type":"Polygon","coordinates":[[[-94.5155336825727,39.11575963420043],[-94.51508920768416,39.115744499835394],[-94.51508505161084,39.11581302729335],[-94.5150800476825,39.11589647360367],[-94.51552452353404,39.11591165433633],[-94.51552955557081,39.11582818455079],[-94.5155336825727,39.11575963420043]]]},"properties":{"KIVAPIN":"43015","ADDRESS":"346 N Lawndale Ave","OWN_NAME":"Arnold Russell & Bonita S"}},{"type":"Feature","geometry":{"type":"Polygon","coordinates":[[[-94.5154011510655,39.114231934675736],[-94.51528904346173,39.11422805972298],[-94.51528430177224,39.1143069762362],[-94.5152800882123,39.11437664775745],[-94.51527596104494,39.11444519811517],[-94.51527183534824,39.11451379537708],[-94.51538397203495,39.11451764688964],[-94.51538809909192,39.114449050767675],[-94.5153922254115,39.114380476953514],[-94.51539640949568,39.11431082774078],[-94.5154011510655,39.114231934675736]]]},"properties":{"KIVAPIN":"43029","ADDRESS":"5620 Scarritt Ave","OWN_NAME":"Lugo Juan F"}},{"type":"Feature","geometry":{"type":"Polygon","coordinates":[[[-94.51603871259272,39.11573572419789],[-94.51603483485412,39.11573558801952],[-94.51569703616082,39.1157234374697],[-94.51569313052111,39.1157233012837],[-94.515690613014,39.115764486759964],[-94.51568730625385,39.11581935438776],[-94.51569118326233,39.11581949172184],[-94.51602898239744,39.1158315725024],[-94.5160329475203,39.11583170924096],[-94.51603625402322,39.115776886792766],[-94.51603871259272,39.11573572419789]]]},"properties":{"KIVAPIN":"43048","ADDRESS":"345 N Oakley Ave","OWN_NAME":"Moss Vincent D"}},{"type":"Feature","geometry":{"type":"Polygon","coordinates":[[[-94.51690854576387,39.112833809612795],[-94.51690464028135,39.11283367346728],[-94.51645466010878,39.11281689826308],[-94.51645078473182,39.11281676095411],[-94.51644668889868,39.112885334819836],[-94.51644262170387,39.11295395444185],[-94.51689630263566,39.11297082125035],[-94.51690029623546,39.11297095795536],[-94.51690439162842,39.112902361194166],[-94.51690854576387,39.112833809612795]]]},"properties":{"KIVAPIN":"43161","ADDRESS":"112 N Oakley Ave","OWN_NAME":"Im Rina"}},{"type":"Feature","geometry":{"type":"Polygon","coordinates":[[[-94.51742290348028,39.112851261025384],[-94.51741893852163,39.112851123761956],[-94.51696778547252,39.1128341219072],[-94.51696369013946,39.112902695790744],[-94.51696123219502,39.112943812663794],[-94.51696516852219,39.11294394937493],[-94.51741643901647,39.11296095236592],[-94.51741886805549,39.11291981146308],[-94.51742290348028,39.112851261025384]]]},"properties":{"KIVAPIN":"43168","ADDRESS":"111 N Drury Ave","OWN_NAME":"Morreale Linda"}},{"type":"Feature","geometry":{"type":"Polygon","coordinates":[[[-94.51739418233703,39.11333946957825],[-94.51739018871545,39.113339332890185],[-94.51693850243691,39.11332235331191],[-94.51693490437216,39.113382713538314],[-94.51693212538846,39.1134293898777],[-94.51693603163832,39.11342952659416],[-94.51738786544514,39.11344648327899],[-94.51739064413984,39.113399851546205],[-94.51739418233703,39.11333946957825]]]},"properties":{"KIVAPIN":"43173","ADDRESS":"123 N Drury Ave","OWN_NAME":"Salvador Mora Lisseth"}},{"type":"Feature","geometry":{"type":"Polygon","coordinates":[[[-94.51605272768293,39.11550261381431],[-94.51561301224434,39.11548684013242],[-94.51560907724692,39.11548670394756],[-94.51560492096817,39.115555277760365],[-94.51560325286991,39.115582688981455],[-94.51604696264867,39.11559860000595],[-94.51604860194395,39.11557121166319],[-94.51605272768293,39.11550261381431]]]},"properties":{"KIVAPIN":"43045","ADDRESS":"339 N Oakley Ave","OWN_NAME":"Puga Jose & Margarita"}},{"type":"Feature","geometry":{"type":"Polygon","coordinates":[[[-94.5172131251638,39.11639152151466],[-94.51709751802315,39.11638723696802],[-94.51698173540854,39.116382975212964],[-94.51686601153934,39.116378667001094],[-94.51675713126204,39.11637465628311],[-94.51675313600194,39.116374520145555],[-94.51674912979601,39.11644290977798],[-94.5167478134821,39.116465699645666],[-94.51675207162072,39.11646583631764],[-94.51720800737748,39.1164827473385],[-94.51720926406684,39.11645995861853],[-94.5172131251638,39.11639152151466]]]},"properties":{"KIVAPIN":"42497","ADDRESS":"409 N Drury Ave","OWN_NAME":"Diaz Edward F Jr & Mendez Jennifer P"}},{"type":"Feature","geometry":{"type":"Polygon","coordinates":[[[-94.51162602421566,39.11277649996042],[-94.51116048188536,39.112759773942265],[-94.51112758754984,39.112758587292966],[-94.5111237099838,39.11275845095114],[-94.511120663805,39.11281112248338],[-94.51111908290616,39.112838716118155],[-94.51111861349885,39.112846632293525],[-94.51112249033564,39.11284676977962],[-94.51115544345177,39.11284795699673],[-94.51161690389982,39.112864339659865],[-94.51162081157676,39.11286447655427],[-94.511625701316,39.112781991347106],[-94.51162602421566,39.11277649996042]]]},"properties":{"KIVAPIN":"45805","ADDRESS":"113 N White Ave","OWN_NAME":"Secretary of Housing And Urban Development"}},{"type":"Feature","geometry":{"type":"Polygon","coordinates":[[[-94.51154808856803,39.112308644285754],[-94.51153043729646,39.11230773080693],[-94.51144250401458,39.112303186221766],[-94.51144229904895,39.1123070296183],[-94.51142285303098,39.11264559699884],[-94.51142176871915,39.112664816846134],[-94.51152703130631,39.11266922245073],[-94.51152720629474,39.112666179307766],[-94.5115281728606,39.112650002596816],[-94.51154788281434,39.112312122736256],[-94.51154808856803,39.112308644285754]]]},"properties":{"KIVAPIN":"45808","ADDRESS":"6002 St John Ave","OWN_NAME":"Housing Authority of KC MO"}},{"type":"Feature","geometry":{"type":"Polygon","coordinates":[[[-94.51631943904329,39.11101998566229],[-94.51631550429266,39.11101984835707],[-94.51584647629905,39.11100433132712],[-94.51584085767392,39.111094710659614],[-94.51631012048914,39.111110250559676],[-94.51631402660979,39.11111038729706],[-94.51631943904329,39.11101998566229]]]},"properties":{"KIVAPIN":"44686","ADDRESS":"137 Oakley Ave","OWN_NAME":"KMS Enterprises LLC"}},{"type":"Feature","geometry":{"type":"Polygon","coordinates":[[[-94.51627113725813,39.11182797676736],[-94.51582413144983,39.111814675425286],[-94.51582025467074,39.11181458385679],[-94.51581498779338,39.11190233299735],[-94.51581886458223,39.11190244687465],[-94.51626589958435,39.11191577054122],[-94.51627113725813,39.11182797676736]]]},"properties":{"KIVAPIN":"44707","ADDRESS":"111 Oakley Ave","OWN_NAME":"Lyle Stephen Dale"}},{"type":"Feature","geometry":{"type":"Polygon","coordinates":[[[-94.5151905336046,39.11107065811956],[-94.51518633232902,39.11107052081094],[-94.51474306182847,39.11105584314012],[-94.51473093854402,39.11122289687048],[-94.51472997294475,39.111236579049],[-94.51517964636409,39.11125148474205],[-94.5151905336046,39.11107065811956]]]},"properties":{"KIVAPIN":"44702","ADDRESS":"129 Lawndale Ave","OWN_NAME":"Heritage Equity Holdings LLC"}},{"type":"Feature","geometry":{"type":"Polygon","coordinates":[[[-94.5145448113,39.110578280778356],[-94.51445655724847,39.11057536188738],[-94.51444601301591,39.11057499767592],[-94.51444586679757,39.110578064273454],[-94.5144323588837,39.11086752907083],[-94.5144429016959,39.1108679155923],[-94.51452713329418,39.1108708349947],[-94.5145448113,39.110578280778356]]]},"properties":{"KIVAPIN":"44713","ADDRESS":"5714 Anderson Ave","OWN_NAME":"Diaz Marco & Ami Lyn"}},{"type":"Feature","geometry":{"type":"Polygon","coordinates":[[[-94.51521883099167,39.110600846589655],[-94.5151087277419,39.110597153672266],[-94.51510366616856,39.1106941906011],[-94.515098547561,39.110792395020695],[-94.51509342893455,39.11089057712977],[-94.51520115597312,39.11089436074981],[-94.51520706818133,39.11079634041317],[-94.51521294947162,39.11069802148611],[-94.51521883099167,39.110600846589655]]]},"properties":{"KIVAPIN":"44717","ADDRESS":"141 Lawndale Ave","OWN_NAME":"Valencia Adan & Ruiz Laura Vivian"}},{"type":"Feature","geometry":{"type":"Polygon","coordinates":[[[-94.51748118911567,39.11184578522716],[-94.51747728295786,39.11184567140956],[-94.51701650381736,39.111831461477436],[-94.51701594737024,39.11184104912186],[-94.51701138480718,39.11191728810371],[-94.51703365064635,39.111936183695065],[-94.51747490061457,39.11195073969763],[-94.5174806342054,39.111855395182154],[-94.51748118911567,39.11184578522716]]]},"properties":{"KIVAPIN":"44849","ADDRESS":"111 Drury Ave","OWN_NAME":"Velo Carlos J & Liz A"}},{"type":"Feature","geometry":{"type":"Polygon","coordinates":[[[-94.51121744867615,39.11103026611999],[-94.51075814451038,39.11102060801026],[-94.51075397409095,39.11102051744441],[-94.51074917082612,39.11110297860743],[-94.51075348736178,39.111103070304],[-94.51121288011146,39.111112362332996],[-94.51121744867615,39.11103026611999]]]},"properties":{"KIVAPIN":"45967","ADDRESS":"130 Wheeling Ave","OWN_NAME":"Calderon Pizano Berta"}},{"type":"Feature","geometry":{"type":"Polygon","coordinates":[[[-94.51207902023022,39.116545192715265],[-94.5120531160151,39.116544280171084],[-94.51205296915836,39.116544280186275],[-94.51161471541184,39.11652958897371],[-94.51161080973544,39.11652945265098],[-94.51160712024888,39.11659834601949],[-94.51160600825668,39.11661898445719],[-94.51160991393803,39.11661912078006],[-94.51204804853413,39.116633719928195],[-94.51207413193976,39.11663458783768],[-94.51207902023022,39.116545192715265]]]},"properties":{"KIVAPIN":"45576","ADDRESS":"418 N White Ave","OWN_NAME":"Trimble Aiden & Ameila"}},{"type":"Feature","geometry":{"type":"Polygon","coordinates":[[[-94.50963314388223,39.11584284783533],[-94.50934445514426,39.11583250526092],[-94.50934057741318,39.115832368859884],[-94.50934043095664,39.11583538911502],[-94.50933530533204,39.11594384371852],[-94.5096278421247,39.11595409333111],[-94.50963302681535,39.115845913277646],[-94.50963314388223,39.11584284783533]]]},"properties":{"KIVAPIN":"45579","ADDRESS":"400 N Belmont Blvd","OWN_NAME":"Norton David A"}},{"type":"Feature","geometry":{"type":"Polygon","coordinates":[[[-94.50894629155609,39.11575645896491],[-94.50894241383276,39.115756344859236],[-94.50858326373759,39.11574591483234],[-94.50857631380914,39.115836682810254],[-94.50893863640935,39.115846883808885],[-94.50894257214547,39.11584699791023],[-94.50894629155609,39.11575645896491]]]},"properties":{"KIVAPIN":"45498","ADDRESS":"407 N Belmont Blvd","OWN_NAME":"Nguyen Matthew Son"}},{"type":"Feature","geometry":{"type":"Polygon","coordinates":[[[-94.51257422427594,39.11606702614578],[-94.51257034872854,39.11606688927993],[-94.5121318039798,39.11605137691058],[-94.51210610408218,39.11605051069011],[-94.51209957541853,39.116169604477726],[-94.51212527536731,39.11617051703288],[-94.5125637312465,39.1161858915802],[-94.51256763690598,39.11618602901503],[-94.51257422427594,39.11606702614578]]]},"properties":{"KIVAPIN":"45504","ADDRESS":"405 N Bellaire Ave","OWN_NAME":"Vigil Daniel M"}},{"type":"Feature","geometry":{"type":"Polygon","coordinates":[[[-94.51119451751615,39.111439969238006],[-94.51073429957827,39.11142589515763],[-94.51073036481947,39.111425781116594],[-94.51072558865951,39.11150819765313],[-94.51072949625288,39.11150828881619],[-94.51118991947861,39.11152174511808],[-94.51119451751615,39.111439969238006]]]},"properties":{"KIVAPIN":"45971","ADDRESS":"116 Wheeling Ave","OWN_NAME":"Ruiz Ana Maria"}},{"type":"Feature","geometry":{"type":"Polygon","coordinates":[[[-94.51118078133634,39.11168504518153],[-94.51071997618035,39.11167289307603],[-94.51071601130772,39.111672801917926],[-94.51071117791346,39.11175567606856],[-94.51115403953028,39.11176700622337],[-94.51117694553403,39.11175371094544],[-94.51118078133634,39.11168504518153]]]},"properties":{"KIVAPIN":"45974","ADDRESS":"110 Wheeling Ave","OWN_NAME":"Gardon Inc"}},{"type":"Feature","geometry":{"type":"Polygon","coordinates":[[[-94.51416364407997,39.108874130143654],[-94.51391686190006,39.108866472532675],[-94.51367292776781,39.108858904443935],[-94.51366896304464,39.108858790505536],[-94.51366729583512,39.10888627037242],[-94.51366307931062,39.10895477555905],[-94.51366698530276,39.10895488950453],[-94.51391080081935,39.108962433595046],[-94.51415767217227,39.108970092351925],[-94.51416191684372,39.10890154138287],[-94.51416364407997,39.108874130143654]]]},"properties":{"KIVAPIN":"45977","ADDRESS":"405 Topping Ave","OWN_NAME":"Gardon Inc"}},{"type":"Feature","geometry":{"type":"Polygon","coordinates":[[[-94.51417470953578,39.10869584270151],[-94.51368387775486,39.10868080010662],[-94.51368000114587,39.10868068615826],[-94.51367558032048,39.10875186783684],[-94.51367951493536,39.10875198177857],[-94.51417025986187,39.10876713880547],[-94.51417470953578,39.10869584270151]]]},"properties":{"KIVAPIN":"45979","ADDRESS":"411 Topping Ave","OWN_NAME":"Gardon Inc"}},{"type":"Feature","geometry":{"type":"Polygon","coordinates":[[[-94.51266803681214,39.108850689399745],[-94.51253009353702,39.108844709001445],[-94.51252988856761,39.10884814112233],[-94.51252567060412,39.10891472429317],[-94.51252124913506,39.10898476303639],[-94.51251703112689,39.109051185468715],[-94.51251685619012,39.10905422975909],[-94.51265465282249,39.1090590421311],[-94.512659104414,39.10898982765618],[-94.51266358529949,39.108920247086516],[-94.51266780321549,39.108854121524],[-94.51266803681214,39.108850689399745]]]},"properties":{"KIVAPIN":"45984","ADDRESS":"5907 Lexington Ave","OWN_NAME":"Abbott Anthony & Barbara A"}},{"type":"Feature","geometry":{"type":"Polygon","coordinates":[[[-94.51280474664793,39.108856669198246],[-94.51266803681214,39.108850689399745],[-94.51266780321549,39.108854121524],[-94.51266358529949,39.108920247086516],[-94.512659104414,39.10898982765618],[-94.51265465282249,39.1090590421311],[-94.51279148031351,39.10906380982931],[-94.51279593254688,39.108994823011706],[-94.51280035391873,39.1089257463899],[-94.5128045717652,39.10885994115171],[-94.51280474664793,39.108856669198246]]]},"properties":{"KIVAPIN":"45985","ADDRESS":"5903 Lexington Ave","OWN_NAME":"Valencia Adan & Ruiz Laura Vivian"}},{"type":"Feature","geometry":{"type":"Polygon","coordinates":[[[-94.51286387769053,39.11135536740539],[-94.51285997229735,39.11135523112436],[-94.51250146031202,39.111342502143316],[-94.51250137293871,39.111342502152695],[-94.51238013547609,39.111338373691936],[-94.51237620071538,39.11133823625376],[-94.51237174871385,39.11141172937133],[-94.5123713972433,39.111417220764416],[-94.51237057730921,39.11143097269346],[-94.51237445480498,39.11143110956587],[-94.51249563223946,39.11143535244214],[-94.51285831442387,39.11144826345419],[-94.51286387769053,39.11135536740539]]]},"properties":{"KIVAPIN":"46044","ADDRESS":"119 Bellaire Ave","OWN_NAME":"Holdcroft James R"}},{"type":"Feature","geometry":{"type":"Polygon","coordinates":[[[-94.5136556666165,39.111175984584385],[-94.51353959909272,39.11117197112682],[-94.51353566433916,39.11117183429983],[-94.51353434691255,39.111193708354065],[-94.51341648712014,39.111189717862636],[-94.51341634027452,39.11118971787953],[-94.51305274747038,39.11117717479519],[-94.51304730264692,39.11126991067805],[-94.51341070357596,39.111282545323796],[-94.51352887192076,39.11128665018843],[-94.51353004303435,39.11126754471019],[-94.5136499881905,39.1112716257932],[-94.5136556666165,39.111175984584385]]]},"properties":{"KIVAPIN":"46061","ADDRESS":"122 Bellaire Ave","OWN_NAME":"Vacca William I & Carol L"}},{"type":"Feature","geometry":{"type":"Polygon","coordinates":[[[-94.51357322411448,39.110545861078585],[-94.51345571869874,39.110542603337976],[-94.51345018591903,39.11063309638395],[-94.51344447659048,39.11072576368255],[-94.5134388245294,39.11081849904272],[-94.51355674315074,39.11082235279313],[-94.51357322411448,39.110545861078585]]]},"properties":{"KIVAPIN":"46037","ADDRESS":"5810 Anderson Ave","OWN_NAME":"Garcia Avila Jose E"}},{"type":"Feature","geometry":{"type":"Polygon","coordinates":[[[-94.5128527812379,39.11154111430865],[-94.51284890446932,39.11154097688005],[-94.51248983352895,39.11152824849734],[-94.51236495465436,39.11152389103248],[-94.51236562820823,39.11151279384648],[-94.51224583027772,39.11150859702357],[-94.51223941708423,39.111612315676304],[-94.51235927321441,39.111616627474824],[-94.51248403479116,39.11162107590884],[-94.51248409426398,39.11162107590249],[-94.51284721794202,39.11163400978195],[-94.5128527812379,39.11154111430865]]]},"properties":{"KIVAPIN":"46041","ADDRESS":"115 Bellaire Ave","OWN_NAME":"Elmi Muse"}},{"type":"Feature","geometry":{"type":"Polygon","coordinates":[[[-94.51249563223946,39.11143535244214],[-94.51237445480498,39.11143110956587],[-94.51237057730921,39.11143097269346],[-94.51236562820823,39.11151279384648],[-94.51236495465436,39.11152389103248],[-94.51248983352895,39.11152824849734],[-94.51249563223946,39.11143535244214]]]},"properties":{"KIVAPIN":"46043","ADDRESS":null,"OWN_NAME":"Lam Vincent & Nancy"}},{"type":"Feature","geometry":{"type":"Polygon","coordinates":[[[-94.51344447659048,39.11072576368255],[-94.51344059913998,39.11072567260701],[-94.51307988720049,39.11071491339281],[-94.51307450102541,39.110806780385005],[-94.5134388245294,39.11081849904272],[-94.51344447659048,39.11072576368255]]]},"properties":{"KIVAPIN":"46056","ADDRESS":"132 Bellaire Ave","OWN_NAME":"Schorgl James Joseph"}},{"type":"Feature","geometry":{"type":"Polygon","coordinates":[[[-94.516738371424,39.11566220189662],[-94.51628599533919,39.11564695939722],[-94.51628205886277,39.11564682209124],[-94.51627796270324,39.11571539591769],[-94.51627714420255,39.11572910153053],[-94.51628113942543,39.11572923825647],[-94.51673345509599,39.11574450423576],[-94.51673427571141,39.11573079919148],[-94.516738371424,39.11566220189662]]]},"properties":{"KIVAPIN":"43053","ADDRESS":"340 N Oakley Ave","OWN_NAME":"Bruegging Dana"}},{"type":"Feature","geometry":{"type":"Polygon","coordinates":[[[-94.51548998800054,39.11647047255985],[-94.51504577210716,39.11645460581683],[-94.51504180695117,39.11645446847267],[-94.51503773960981,39.11652285976942],[-94.51503636326613,39.11654564962522],[-94.51504056339778,39.116545785795196],[-94.51548454416239,39.11656167546966],[-94.51548591962774,39.11653888560872],[-94.51548998800054,39.11647047255985]]]},"properties":{"KIVAPIN":"42522","ADDRESS":"414 N Lawndale Ave","OWN_NAME":"Canada Michael J"}},{"type":"Feature","geometry":{"type":"Polygon","coordinates":[[[-94.51600546994939,39.11628191287728],[-94.5155632247679,39.11626742010057],[-94.51555928825847,39.11626728334223],[-94.51555521994416,39.11633560487338],[-94.5155591564575,39.11633574220388],[-94.51600146082308,39.116350302485536],[-94.51600546994939,39.11628191287728]]]},"properties":{"KIVAPIN":"42528","ADDRESS":"409 N Oakley Ave","OWN_NAME":"Cole Carla M"}},{"type":"Feature","geometry":{"type":"Polygon","coordinates":[[[-94.51610489906082,39.11463408118449],[-94.51566568755848,39.11461823898702],[-94.51566163439259,39.11461810167575],[-94.51565885430833,39.11466381870441],[-94.51565607421519,39.114709511707964],[-94.5160955212414,39.11472533045622],[-94.51609942682707,39.11472546777278],[-94.51610214789844,39.11467979707555],[-94.51610489906082,39.11463408118449]]]},"properties":{"KIVAPIN":"43037","ADDRESS":"311 N Oakley Ave","OWN_NAME":"McCracken Stephen A"}},{"type":"Feature","geometry":{"type":"Polygon","coordinates":[[[-94.51465990945377,39.11157812675525],[-94.51421487383091,39.11156397355451],[-94.51421087958155,39.11156383732954],[-94.51420672290644,39.11163238768625],[-94.51421071642565,39.11163252505545],[-94.5146556952133,39.11164670058766],[-94.51465990945377,39.11157812675525]]]},"properties":{"KIVAPIN":"44908","ADDRESS":"118 Topping Ave","OWN_NAME":"Cerrito Jesus Hortelano & Guerrero Mercedes Aguilar"}},{"type":"Feature","geometry":{"type":"Polygon","coordinates":[[[-94.51467252500257,39.11137261175351],[-94.5142273438237,39.111358458046105],[-94.5142233495858,39.111358321249575],[-94.51421919365994,39.111426826419745],[-94.51422321653656,39.11142696264091],[-94.51466831003805,39.11144111694697],[-94.51467252500257,39.11137261175351]]]},"properties":{"KIVAPIN":"44911","ADDRESS":"124 Topping Ave","OWN_NAME":"Balam Andrea"}},{"type":"Feature","geometry":{"type":"Polygon","coordinates":[[[-94.51516720879003,39.11145823590673],[-94.51472155628949,39.11144387879424],[-94.51471765088773,39.11144374200343],[-94.51471355344911,39.11151229237208],[-94.51471751832752,39.11151242972756],[-94.51516305304781,39.11152678744264],[-94.51516720879003,39.11145823590673]]]},"properties":{"KIVAPIN":"44915","ADDRESS":"121 Lawndale Ave","OWN_NAME":"Zamudio Rodolfo"}},{"type":"Feature","geometry":{"type":"Polygon","coordinates":[[[-94.5151552393376,39.11165697934713],[-94.51470970305525,39.11164257526945],[-94.51470582774621,39.111642439046456],[-94.5147054172681,39.11164930329266],[-94.51470213929505,39.111704125166455],[-94.51470607481482,39.11170426252602],[-94.51514761648562,39.11171850639988],[-94.51515149326826,39.11171864318003],[-94.51515480026792,39.11166384359857],[-94.5151552393376,39.11165697934713]]]},"properties":{"KIVAPIN":"44918","ADDRESS":"115 Lawndale Ave","OWN_NAME":"Kolle Kaylee Ann"}},{"type":"Feature","geometry":{"type":"Polygon","coordinates":[[[-94.50995353298045,39.113411043433885],[-94.5094719801151,39.113393694263515],[-94.50946781876324,39.11346240516681],[-94.50946699822892,39.11347606497609],[-94.50947087509682,39.113476201373054],[-94.50994479302081,39.113493436796],[-94.50994869852657,39.11349357431868],[-94.50994949032584,39.113479868747206],[-94.50995353298045,39.113411043433885]]]},"properties":{"KIVAPIN":"45840","ADDRESS":"134 N Belmont Blvd","OWN_NAME":"Grace Project Services Inc"}},{"type":"Feature","geometry":{"type":"Polygon","coordinates":[[[-94.50994869852657,39.11349357431868],[-94.50994479302081,39.113493436796],[-94.50947087509682,39.113476201373054],[-94.50946699822892,39.11347606497609],[-94.50946201636486,39.11355868794633],[-94.5094659226074,39.11355882434109],[-94.50994392353263,39.11357608174434],[-94.50994869852657,39.11349357431868]]]},"properties":{"KIVAPIN":"45841","ADDRESS":"136 N Belmont Blvd","OWN_NAME":"Banuelas Javier & Flores Luz E"}},{"type":"Feature","geometry":{"type":"Polygon","coordinates":[[[-94.50994392353263,39.11357608174434],[-94.5094659226074,39.11355882434109],[-94.50946201636486,39.11355868794633],[-94.50945703447988,39.11364124112926],[-94.50993518280734,39.113658476247515],[-94.5099390890563,39.113658612626395],[-94.50994392353263,39.11357608174434]]]},"properties":{"KIVAPIN":"45842","ADDRESS":"138 N Belmont Blvd","OWN_NAME":"Gardon Inc"}},{"type":"Feature","geometry":{"type":"Polygon","coordinates":[[[-94.51046286941428,39.11301621566956],[-94.50997761775079,39.112998709897894],[-94.50997761776695,39.11299882430111],[-94.50997363315183,39.11306755752059],[-94.50997751073265,39.113067694472676],[-94.5104588558897,39.11308488141009],[-94.51046286941428,39.11301621566956]]]},"properties":{"KIVAPIN":"45856","ADDRESS":"201 N Wheeling Ave","OWN_NAME":"Reynolds Michael Dale"}},{"type":"Feature","geometry":{"type":"Polygon","coordinates":[[[-94.51159395277213,39.11331643998596],[-94.51159004727312,39.11331630366245],[-94.51112966914454,39.11330017190616],[-94.51109242704266,39.11329884837819],[-94.5110911975257,39.11331983004348],[-94.51108730119971,39.11338760287386],[-94.51112460281537,39.1133888806365],[-94.51158477518037,39.11340492033839],[-94.51158874015877,39.11340505780018],[-94.5115933963241,39.11332609624402],[-94.51159395277213,39.11331643998596]]]},"properties":{"KIVAPIN":"45799","ADDRESS":"129 N White Ave","OWN_NAME":"Orozco Guadalupe"}},{"type":"Feature","geometry":{"type":"Polygon","coordinates":[[[-94.51169157631423,39.111702362061784],[-94.5112228097731,39.111686253817815],[-94.51121879736563,39.11175684043046],[-94.51124399754109,39.11176942235906],[-94.51168686068782,39.1117800880949],[-94.51169157631423,39.111702362061784]]]},"properties":{"KIVAPIN":"45946","ADDRESS":"109 White Ave","OWN_NAME":"Blue Ocean Properties LLC"}},{"type":"Feature","geometry":{"type":"Polygon","coordinates":[[[-94.51170642599463,39.11145710290194],[-94.51124065751048,39.11144124668705],[-94.5112367499128,39.11144110920781],[-94.51123212328896,39.111522885092285],[-94.51123602868836,39.11152302199985],[-94.51170147537825,39.11153885538463],[-94.51170642599463,39.11145710290194]]]},"properties":{"KIVAPIN":"45949","ADDRESS":"115 White Ave","OWN_NAME":"Cubmex Properties LLC"}},{"type":"Feature","geometry":{"type":"Polygon","coordinates":[[[-94.51733782121994,39.11429813100438],[-94.51706106079259,39.114288676369476],[-94.51706088607142,39.11429185737568],[-94.51705647013596,39.11436761524032],[-94.51705404083101,39.11440873210076],[-94.5173266312726,39.114418805149114],[-94.51733077254153,39.11441894181739],[-94.51733314147644,39.11437782438825],[-94.51733782121994,39.11429813100438]]]},"properties":{"KIVAPIN":"43069","ADDRESS":"5504 Scarritt Ave","OWN_NAME":"Almawali Zaki S & Almowali Khawlah"}},{"type":"Feature","geometry":{"type":"Polygon","coordinates":[[[-94.51338340021763,39.11327238725719],[-94.5129235218872,39.11325568993927],[-94.51291961565455,39.11325555251634],[-94.51291551638634,39.113324194895355],[-94.51291945125854,39.113324332315244],[-94.51337568884733,39.11334082356897],[-94.51337959508555,39.11334096097661],[-94.51338340021763,39.11327238725719]]]},"properties":{"KIVAPIN":"45765","ADDRESS":"126 N Bellaire Ave","OWN_NAME":"KMS Enterprises LLC"}},{"type":"Feature","geometry":{"type":"Polygon","coordinates":[[[-94.51479615314321,39.11761541772458],[-94.51435240116734,39.11760087536043],[-94.5143484073112,39.11760073914029],[-94.51434383987775,39.11767619942982],[-94.51479146956748,39.117691519275645],[-94.51479615314321,39.11761541772458]]]},"properties":{"KIVAPIN":"42574","ADDRESS":"447 N Lawndale Ave","OWN_NAME":"Le Savoir Holdings LLC"}},{"type":"Feature","geometry":{"type":"Polygon","coordinates":[[[-94.50980994414915,39.11553902348647],[-94.50934846677252,39.11552338816943],[-94.50934383777883,39.11560575881827],[-94.5098011743954,39.1156214631435],[-94.50980508075263,39.11562160067081],[-94.50980994414915,39.11553902348647]]]},"properties":{"KIVAPIN":"45717","ADDRESS":"344 N Belmont Blvd","OWN_NAME":"Roe Allen"}},{"type":"Feature","geometry":{"type":"Polygon","coordinates":[[[-94.51243100413978,39.112344315938714],[-94.51232218758771,39.11234027761605],[-94.51230590381165,39.11259896790662],[-94.51230341430089,39.11263873530108],[-94.51230735060594,39.112638893906094],[-94.51241196628123,39.112642956714346],[-94.51241214122746,39.11263989011739],[-94.51243100413978,39.112344315938714]]]},"properties":{"KIVAPIN":"45889","ADDRESS":"5910 St John Ave","OWN_NAME":"Leon Jose"}},{"type":"Feature","geometry":{"type":"Polygon","coordinates":[[[-94.508984366351,39.11514670947188],[-94.50864374902963,39.11535597919196],[-94.50896988578745,39.115366479647776],[-94.508984366351,39.11514670947188]]]},"properties":{"KIVAPIN":"45894","ADDRESS":"335 N Belmont Blvd","OWN_NAME":"Gonzalez Guadalupe"}},{"type":"Feature","geometry":{"type":"Polygon","coordinates":[[[-94.51673345509599,39.11574450423576],[-94.51628113942543,39.11572923825647],[-94.51627714420255,39.11572910153053],[-94.5162738665358,39.115783969743234],[-94.51627222880194,39.1158114038492],[-94.51627616528732,39.11581154058349],[-94.51672851157213,39.11582673793557],[-94.51673017997985,39.11579934958012],[-94.51673345509599,39.11574450423576]]]},"properties":{"KIVAPIN":"43052","ADDRESS":"342 N Oakley Ave","OWN_NAME":"Candor Casa LLC"}},{"type":"Feature","geometry":{"type":"Polygon","coordinates":[[[-94.511120663805,39.11281112248338],[-94.51065673610438,39.112795286072775],[-94.51065279979767,39.112795149720675],[-94.51065121870987,39.11282269758793],[-94.51064805577582,39.112877657182224],[-94.51065199061858,39.11287779353464],[-94.51111201266085,39.11289356169424],[-94.51111588949999,39.112893698036515],[-94.51111861349885,39.112846632293525],[-94.51111908290616,39.112838716118155],[-94.511120663805,39.11281112248338]]]},"properties":{"KIVAPIN":"45860","ADDRESS":"116 N Wheeling Ave","OWN_NAME":"Diaz Luz M"}},{"type":"Feature","geometry":{"type":"Polygon","coordinates":[[[-94.51095227831733,39.11370059991941],[-94.51060503234153,39.11368882561227],[-94.51060112682379,39.1136886886836],[-94.51059556089356,39.11378485651903],[-94.51059415329014,39.11380913300561],[-94.5105980896533,39.113809270503715],[-94.51094512989667,39.113821066587185],[-94.51094656600887,39.11379674490449],[-94.51095227831733,39.11370059991941]]]},"properties":{"KIVAPIN":"45870","ADDRESS":"218 N Wheeling Ave","OWN_NAME":"De Janes Michael K"}},{"type":"Feature","geometry":{"type":"Polygon","coordinates":[[[-94.5127033666772,39.11392215854924],[-94.5122241875582,39.113902738924125],[-94.51221926762761,39.11398112793729],[-94.51269859288517,39.11400180714555],[-94.5127033666772,39.11392215854924]]]},"properties":{"KIVAPIN":"45872","ADDRESS":"147 N Bellaire Ave","OWN_NAME":"Acuna Raul & Jimenez Maria"}},{"type":"Feature","geometry":{"type":"Polygon","coordinates":[[[-94.51677540806443,39.11504522029354],[-94.51632280092987,39.115029886445754],[-94.51631880721482,39.115029749149016],[-94.5163147397522,39.115098276646755],[-94.51631272180757,39.115132552691406],[-94.5163166868918,39.115132689420356],[-94.51676923521246,39.115148046752665],[-94.51677131240156,39.115113726074455],[-94.51677540806443,39.11504522029354]]]},"properties":{"KIVAPIN":"43058","ADDRESS":"324 N Oakley Ave","OWN_NAME":"Hernandez Maximino Ramirez"}},{"type":"Feature","geometry":{"type":"Polygon","coordinates":[[[-94.51680425434348,39.114565271355715],[-94.51635138593308,39.11454991477445],[-94.51634742088135,39.11454977747464],[-94.51634335494796,39.114618329003505],[-94.51633928754333,39.11468690284023],[-94.51634322396633,39.11468703957229],[-94.51679603304312,39.11470239676541],[-94.51680012865307,39.11463386867016],[-94.51680425434348,39.114565271355715]]]},"properties":{"KIVAPIN":"43062","ADDRESS":"310 N Oakley Ave","OWN_NAME":"Global Point Investment Inc"}},{"type":"Feature","geometry":{"type":"Polygon","coordinates":[[[-94.51112543736436,39.11272854521288],[-94.51066154105624,39.11271280091275],[-94.51065757611842,39.112712663419366],[-94.51065678447183,39.112726415330734],[-94.51065279979767,39.112795149720675],[-94.51065673610438,39.112795286072775],[-94.511120663805,39.11281112248338],[-94.5111237099838,39.11275845095114],[-94.51112467663589,39.11274222791047],[-94.51112543736436,39.11272854521288]]]},"properties":{"KIVAPIN":"45859","ADDRESS":"114 N Wheeling Ave","OWN_NAME":"Gardon Inc"}},{"type":"Feature","geometry":{"type":"Polygon","coordinates":[[[-94.51106896587505,39.11370457013076],[-94.51095227831733,39.11370059991941],[-94.51094656600887,39.11379674490449],[-94.51094512989667,39.113821066587185],[-94.5105980896533,39.113809270503715],[-94.51059415329014,39.11380913300561],[-94.51058735851812,39.11392708274679],[-94.5110551404129,39.113943033467834],[-94.5110603835526,39.113852586375586],[-94.51106337193627,39.11380069165759],[-94.51106562590873,39.11376190933139],[-94.51106896587505,39.11370457013076]]]},"properties":{"KIVAPIN":"45871","ADDRESS":"220 N Wheeling Ave","OWN_NAME":"Khleang Sitha Calvin"}},{"type":"Feature","geometry":{"type":"Polygon","coordinates":[[[-94.51275636808184,39.113041522656836],[-94.5122792796066,39.11302306344112],[-94.51227761150565,39.113049078907444],[-94.5122740969175,39.113105571583745],[-94.51275141940988,39.113123871202305],[-94.51275636808184,39.113041522656836]]]},"properties":{"KIVAPIN":"45883","ADDRESS":"121 N Bellaire Ave","OWN_NAME":"Ramirez Luis Armando"}},{"type":"Feature","geometry":{"type":"Polygon","coordinates":[[[-94.51274647146867,39.113206264363555],[-94.5122689413716,39.1131880110802],[-94.51226592456781,39.11323590000913],[-94.51226384579616,39.11326914637234],[-94.5127377036929,39.113287239913085],[-94.51274158055676,39.1132873762013],[-94.51274647146867,39.113206264363555]]]},"properties":{"KIVAPIN":"45881","ADDRESS":"127 N Bellaire Ave","OWN_NAME":"Cossio Salvador & Ramirez Maria J"}},{"type":"Feature","geometry":{"type":"Polygon","coordinates":[[[-94.50896988578745,39.115366479647776],[-94.50864374902963,39.11535597919196],[-94.50861141487428,39.1153758642832],[-94.50860581470731,39.1154493126737],[-94.5089597346475,39.115460542139864],[-94.50896367036215,39.11546065624051],[-94.50896988578745,39.115366479647776]]]},"properties":{"KIVAPIN":"45895","ADDRESS":"339 N Belmont Blvd","OWN_NAME":"Thomas Latanya D"}},{"type":"Feature","geometry":{"type":"Polygon","coordinates":[[[-94.51632485146784,39.11092960519045],[-94.51632091672253,39.11092946902944],[-94.51587585461766,39.11091475015482],[-94.515852124279,39.11091395256097],[-94.51584647629905,39.11100433132712],[-94.51631550429266,39.11101984835707],[-94.51631943904329,39.11101998566229],[-94.51632485146784,39.11092960519045]]]},"properties":{"KIVAPIN":"44685","ADDRESS":"139 Oakley Ave","OWN_NAME":"TCFM Properties LLC"}},{"type":"Feature","geometry":{"type":"Polygon","coordinates":[[[-94.51730518143786,39.114857727579334],[-94.51730130374483,39.11485759087102],[-94.51685157645424,39.11484099906918],[-94.51684769876313,39.114840862917845],[-94.51684357456182,39.114909436777694],[-94.51683947898897,39.11497801063247],[-94.51684341542897,39.11497814677561],[-94.51729328969753,39.114994692825405],[-94.51729716666378,39.11499482953406],[-94.51730117368197,39.11492625567661],[-94.51730518143786,39.114857727579334]]]},"properties":{"KIVAPIN":"43075","ADDRESS":"319 N Drury Ave","OWN_NAME":"Garcia Pedro & Blanca E"}},{"type":"Feature","geometry":{"type":"Polygon","coordinates":[[[-94.51452950770235,39.11371327440925],[-94.51408883543677,39.11369847838762],[-94.51408472358649,39.113698342172626],[-94.5140806540407,39.11376689248913],[-94.51408470715457,39.113767028711386],[-94.51452546869568,39.11378184704593],[-94.51452950770235,39.11371327440925]]]},"properties":{"KIVAPIN":"43209","ADDRESS":"138 N Topping Ave","OWN_NAME":"KMS Enterprises LLC"}},{"type":"Feature","geometry":{"type":"Polygon","coordinates":[[[-94.51454171278492,39.113507552478474],[-94.5141011585398,39.11349273475146],[-94.51409692848667,39.11349259740716],[-94.51409286044233,39.11356119463167],[-94.51409043164077,39.113602287983454],[-94.51409466023172,39.11360242418416],[-94.5145352151588,39.11361724365132],[-94.51453767454093,39.113576149142574],[-94.51454171278492,39.113507552478474]]]},"properties":{"KIVAPIN":"43211","ADDRESS":"132 N Topping Ave","OWN_NAME":"Downs Erica L"}},{"type":"Feature","geometry":{"type":"Polygon","coordinates":[[[-94.50996317325088,39.11324621046907],[-94.50948582067961,39.11322888387696],[-94.50948194382515,39.113228746908455],[-94.50947945290429,39.113270000908216],[-94.50947696196825,39.113311163385056],[-94.50995836743272,39.11332858118966],[-94.5099591592219,39.11331483042847],[-94.50996074133718,39.113287373523384],[-94.50996317325088,39.11324621046907]]]},"properties":{"KIVAPIN":"45838","ADDRESS":"130 N Belmont Blvd","OWN_NAME":"Banuelas Javier & Luz Elba"}},{"type":"Feature","geometry":{"type":"Polygon","coordinates":[[[-94.51105700719637,39.10953731823491],[-94.51067321826874,39.10952289456918],[-94.51066884308236,39.109522734232975],[-94.5106632180718,39.109618719100695],[-94.51066759326747,39.109618901745705],[-94.5110512667307,39.109633463296625],[-94.51105700719637,39.10953731823491]]]},"properties":{"KIVAPIN":"46111","ADDRESS":"314 Wheeling Ave","OWN_NAME":"Villa Raul & Venegas Elva"}},{"type":"Feature","geometry":{"type":"Polygon","coordinates":[[[-94.51519324708487,39.108802292533454],[-94.51508778611408,39.1087988277965],[-94.51508758051028,39.108802145518716],[-94.51508281089704,39.108880307039264],[-94.51507777644169,39.10896293032121],[-94.51507543519364,39.10900146108092],[-94.51507525889352,39.10900448135063],[-94.51518069305844,39.10900819721748],[-94.51518086788074,39.10900515406717],[-94.51518326773908,39.108966302396496],[-94.51518824264022,39.10888386216306],[-94.51519304152039,39.108805770420474],[-94.51519324708487,39.108802292533454]]]},"properties":{"KIVAPIN":"44884","ADDRESS":"5702 Smart Ave","OWN_NAME":"T T Property Enterprise LLC"}},{"type":"Feature","geometry":{"type":"Polygon","coordinates":[[[-94.5151087277419,39.110597153672266],[-94.51500320387963,39.11059362079826],[-94.51499811495691,39.11069047525289],[-94.5149929961789,39.11078856526471],[-94.51498787744491,39.11088692984243],[-94.51509342893455,39.11089057712977],[-94.515098547561,39.110792395020695],[-94.51510366616856,39.1106941906011],[-94.5151087277419,39.110597153672266]]]},"properties":{"KIVAPIN":"44716","ADDRESS":"5702 Anderson Ave","OWN_NAME":"Stram Eero"}},{"type":"Feature","geometry":{"type":"Polygon","coordinates":[[[-94.51589585947028,39.109758336337045],[-94.51545109897359,39.109742401977506],[-94.51544719366449,39.10974226578307],[-94.51544280394913,39.109813584223396],[-94.51544670926242,39.109813721562006],[-94.51589158760355,39.109829312712165],[-94.51589585947028,39.109758336337045]]]},"properties":{"KIVAPIN":"44873","ADDRESS":"324 Lawndale Ave","OWN_NAME":"Ailor Louetta Mae"}},{"type":"Feature","geometry":{"type":"Polygon","coordinates":[[[-94.51529117038599,39.109395391577806],[-94.51484482644777,39.1093796169925],[-94.51484086168865,39.109379479641284],[-94.51483670717217,39.109447802383364],[-94.51484064183228,39.10944793859452],[-94.51528704493757,39.10946371433189],[-94.51529117038599,39.109395391577806]]]},"properties":{"KIVAPIN":"44878","ADDRESS":"335 Lawndale Ave","OWN_NAME":"Negrete Jorge"}},{"type":"Feature","geometry":{"type":"Polygon","coordinates":[[[-94.51531414178679,39.109012870300276],[-94.51518069305844,39.10900819721748],[-94.51507525889352,39.10900448135063],[-94.51496973884244,39.1090007882801],[-94.51486821217398,39.10899723188883],[-94.51486427607024,39.108997094534764],[-94.51486173110038,39.10903802892905],[-94.5148575443045,39.10910628303801],[-94.51485675569266,39.109119919438676],[-94.5148606609663,39.109120055652895],[-94.51530676903961,39.10913574097475],[-94.51530755756974,39.10912212687976],[-94.51531168445182,39.109053826429395],[-94.51531414178679,39.109012870300276]]]},"properties":{"KIVAPIN":"44882","ADDRESS":"347 Lawndale Ave","OWN_NAME":"Hogan Warren H"}},{"type":"Feature","geometry":{"type":"Polygon","coordinates":[[[-94.51203252363017,39.11739404533763],[-94.51200652954053,39.11739324719566],[-94.51156903519721,39.117380112190126],[-94.51156512948133,39.117380021055155],[-94.51155997582511,39.11747648628272],[-94.51156385364692,39.11747660030126],[-94.51200117099177,39.11749035312109],[-94.5120014940809,39.11749035308784],[-94.51202719450438,39.117491243355715],[-94.51203252363017,39.11739404533763]]]},"properties":{"KIVAPIN":"45569","ADDRESS":"446 N White Ave","OWN_NAME":"Onehouse Investments LLC 1 Series"}},{"type":"Feature","geometry":{"type":"Polygon","coordinates":[[[-94.51203881904323,39.1172794356336],[-94.51201276626787,39.117278729021585],[-94.51157515609653,39.11726692169898],[-94.5115712195429,39.11726680768661],[-94.51157019469716,39.11728614191724],[-94.51156647723616,39.117355081039534],[-94.51156512948133,39.117380021055155],[-94.51156903519721,39.117380112190126],[-94.51200652954053,39.11739324719566],[-94.51203252363017,39.11739404533763],[-94.51203389984222,39.11736901321924],[-94.51203881904323,39.1172794356336]]]},"properties":{"KIVAPIN":"45570","ADDRESS":"442 N White Ave","OWN_NAME":"Lopez Angel Zelaya & Santos Suyapa Amaya"}},{"type":"Feature","geometry":{"type":"Polygon","coordinates":[[[-94.51205656375903,39.11695528396344],[-94.512031067666,39.1169544177055],[-94.51203051033748,39.11695439431037],[-94.5115925503705,39.116942128903844],[-94.51158867257794,39.116942014886234],[-94.51158498228425,39.11701072577623],[-94.51158305036313,39.117046557029944],[-94.51158698689699,39.117046625280665],[-94.51202497637993,39.117055939675936],[-94.51205100041649,39.11705653131311],[-94.5120529037131,39.11702216441478],[-94.51205656375903,39.11695528396344]]]},"properties":{"KIVAPIN":"45573","ADDRESS":"430 N White Ave","OWN_NAME":"Stafford William E & Marie A"}},{"type":"Feature","geometry":{"type":"Polygon","coordinates":[[[-94.51402975124418,39.1110791315663],[-94.51402575775677,39.1110789953349],[-94.5136622836688,39.1110666829435],[-94.51366222419641,39.111066682950465],[-94.51354615686908,39.111062761021934],[-94.51354225149063,39.11106262419173],[-94.51353993790674,39.11110081283777],[-94.51353566433916,39.11117183429983],[-94.51353959909272,39.11117197112682],[-94.5136556666165,39.111175984584385],[-94.51401928811947,39.11118834273973],[-94.51402334035129,39.11118847896429],[-94.51402975124418,39.1110791315663]]]},"properties":{"KIVAPIN":"46030","ADDRESS":"127 Topping Ave","OWN_NAME":"Ordonez Juan J & Filiberta"}},{"type":"Feature","geometry":{"type":"Polygon","coordinates":[[[-94.51364074177384,39.117546916764134],[-94.51320914974725,39.117529027481346],[-94.51320362014836,39.117645102088765],[-94.51363371539988,39.11766548498272],[-94.51364074177384,39.117546916764134]]]},"properties":{"KIVAPIN":"45547","ADDRESS":"447 N Topping Ave","OWN_NAME":"The Krajewski Family Trust Dtd 9/22/2022"}},{"type":"Feature","geometry":{"type":"Polygon","coordinates":[[[-94.51369929349943,39.1165563841124],[-94.51369506473267,39.11655624789744],[-94.5132559292053,39.11654035085706],[-94.51325376507975,39.11658636404743],[-94.51325157082431,39.116632262837726],[-94.51368967745402,39.11664816001508],[-94.51369387758916,39.11664829623357],[-94.51369659950431,39.116602375636525],[-94.51369929349943,39.1165563841124]]]},"properties":{"KIVAPIN":"45555","ADDRESS":"417 N Topping Ave","OWN_NAME":"Pfeffer David P"}},{"type":"Feature","geometry":{"type":"Polygon","coordinates":[[[-94.51204502642243,39.11716542083238],[-94.51201900236128,39.117164920144376],[-94.51158110048415,39.11715661303774],[-94.51157713530684,39.11715654478969],[-94.51157388497076,39.117217133010804],[-94.5115712195429,39.11726680768661],[-94.51157515609653,39.11726692169898],[-94.51201276626787,39.117278729021585],[-94.51203881904323,39.1172794356336],[-94.51204502642243,39.11716542083238]]]},"properties":{"KIVAPIN":"45571","ADDRESS":"438 N White Ave","OWN_NAME":"Nguyen Sang"}},{"type":"Feature","geometry":{"type":"Polygon","coordinates":[[[-94.51817917349156,39.114326878211926],[-94.51803769491788,39.11432204949184],[-94.51803307458542,39.11440128528145],[-94.5180290683121,39.114469882622785],[-94.51802506201346,39.11453841074924],[-94.51802108581187,39.11460693887006],[-94.51816247693631,39.11461213314182],[-94.51816648163764,39.11454360558379],[-94.51817051862689,39.114475031686496],[-94.51817452330668,39.11440648067395],[-94.51817899879688,39.11432996712522],[-94.51817917349156,39.114326878211926]]]},"properties":{"KIVAPIN":"43104","ADDRESS":"5408 Scarritt Ave","OWN_NAME":"Premsingh Perianayakam"}},{"type":"Feature","geometry":{"type":"Polygon","coordinates":[[[-94.51727321172577,39.11540608960113],[-94.51681889909997,39.115389498354325],[-94.51681490536394,39.11538936221863],[-94.51681080972482,39.115457890305485],[-94.51680949325315,39.11547985590291],[-94.51681372343032,39.115479993148746],[-94.51726794703771,39.11549651464268],[-94.51726920610513,39.11547459423786],[-94.51727321172577,39.11540608960113]]]},"properties":{"KIVAPIN":"43081","ADDRESS":"333 N Drury Ave","OWN_NAME":"Grace Project Services Inc"}},{"type":"Feature","geometry":{"type":"Polygon","coordinates":[[[-94.51724922787336,39.11581734963845],[-94.51679426792894,39.115800804726085],[-94.516790331443,39.115800667437284],[-94.51678623576197,39.11586921897107],[-94.51678114467767,39.115954450055256],[-94.51724030688199,39.11596991900729],[-94.51724522221765,39.11588590060281],[-94.51724922787336,39.11581734963845]]]},"properties":{"KIVAPIN":"43085","ADDRESS":"345 N Drury Ave","OWN_NAME":"Koamaka Marketing LLC"}},{"type":"Feature","geometry":{"type":"Polygon","coordinates":[[[-94.51725718409092,39.115680247715034],[-94.51680248788577,39.11566365703401],[-94.51679852277071,39.11566351974959],[-94.51679442711638,39.11573211704656],[-94.516790331443,39.115800667437284],[-94.51679426792894,39.115800804726085],[-94.51724922787336,39.11581734963845],[-94.51725320635872,39.115748821557794],[-94.51725718409092,39.115680247715034]]]},"properties":{"KIVAPIN":"43084","ADDRESS":"341 N Drury Ave","OWN_NAME":"Gonzalez Jessica M Ruiz"}},{"type":"Feature","geometry":{"type":"Polygon","coordinates":[[[-94.51793002186125,39.1151261825954],[-94.51792576306687,39.11512604653851],[-94.51747482966137,39.11510920564038],[-94.5174708051006,39.115109069531755],[-94.51746919648289,39.11513650365332],[-94.51746594911593,39.11519127980598],[-94.51792055516022,39.115208256885474],[-94.51792525452746,39.115208416899506],[-94.5179284134273,39.11515364074784],[-94.51793002186125,39.1151261825954]]]},"properties":{"KIVAPIN":"43095","ADDRESS":"324 N Drury Ave","OWN_NAME":"Moreno Maria & Jose"}},{"type":"Feature","geometry":{"type":"Polygon","coordinates":[[[-94.51793478772152,39.11504397231485],[-94.51793067578554,39.11504383566353],[-94.5174797428917,39.11502694959477],[-94.51747569043329,39.11502681291848],[-94.51747323271303,39.11506792978722],[-94.5174708051006,39.115109069531755],[-94.51747482966137,39.11510920564038],[-94.51792576306687,39.11512604653851],[-94.51793002186125,39.1151261825954],[-94.51793241838534,39.11508511148816],[-94.51793478772152,39.11504397231485]]]},"properties":{"KIVAPIN":"43096","ADDRESS":"322 N Drury Ave","OWN_NAME":"Calderon Jorge"}},{"type":"Feature","geometry":{"type":"Polygon","coordinates":[[[-94.51794437961833,39.11487955002436],[-94.51794003271522,39.114879368220265],[-94.51748542949689,39.11486232257323],[-94.51748133454886,39.114930896450964],[-94.51748054492109,39.11494457918912],[-94.5174846854867,39.114944715280004],[-94.51793556059647,39.114961647672104],[-94.51793961305205,39.11496178433241],[-94.51794037320894,39.114948055834454],[-94.51794437961833,39.11487955002436]]]},"properties":{"KIVAPIN":"43098","ADDRESS":"316 N Drury Ave","OWN_NAME":"Alcantar Cornelio & Adelaida"}},{"type":"Feature","geometry":{"type":"Polygon","coordinates":[[[-94.5180831753666,39.11253925097424],[-94.51785232686936,39.11253114161418],[-94.51785215143622,39.112534252836674],[-94.5178488173062,39.1125898086957],[-94.51784466336144,39.112658359169366],[-94.51784056889424,39.11272695653827],[-94.51783647441322,39.11279553045357],[-94.51783232264161,39.11286405861538],[-94.5178284028684,39.11292961168518],[-94.51782822814471,39.11293263252879],[-94.51805531714557,39.11294076482681],[-94.51805919473514,39.11294090208211],[-94.51806331764425,39.11287232815631],[-94.51806738329181,39.11280382288037],[-94.51807147754369,39.11273522607647],[-94.51807557179349,39.11266665215226],[-94.51807966603538,39.11259807822711],[-94.5180831753666,39.11253925097424]]]},"properties":{"KIVAPIN":"43135","ADDRESS":"5414 St John Ave","OWN_NAME":"Knowles James P"}},{"type":"Feature","geometry":{"type":"Polygon","coordinates":[[[-94.51680992901879,39.11447068312958],[-94.51671050912219,39.114467287635264],[-94.51671302420768,39.114424775051226],[-94.51671495561453,39.1143918495375],[-94.51671107868255,39.11439171338149],[-94.51670449891299,39.114391485518055],[-94.51670254033336,39.11442440989148],[-94.51669961492995,39.11447374153586],[-94.51635662296039,39.114462121036624],[-94.51635265791353,39.11446198373698],[-94.51635154700605,39.11448118131915],[-94.51634742088135,39.11454977747464],[-94.51635138593308,39.11454991477445],[-94.51680425434348,39.114565271355715],[-94.5168083499323,39.114496720949965],[-94.51680992901879,39.11447068312958]]]},"properties":{"KIVAPIN":"43063","ADDRESS":"306 N Oakley Ave","OWN_NAME":"Miller Michael & Shelley L"}},{"type":"Feature","geometry":{"type":"Polygon","coordinates":[[[-94.51727719015933,39.11533753863417],[-94.51682299471112,39.115320902196515],[-94.51681900097883,39.11532076548893],[-94.51681490536394,39.11538936221863],[-94.51681889909997,39.115389498354325],[-94.51727321172577,39.11540608960113],[-94.51727719015933,39.11533753863417]]]},"properties":{"KIVAPIN":"43080","ADDRESS":"331 N Drury Ave","OWN_NAME":"Cuellar Ana I & Grijalva Juan Gerardo"}},{"type":"Feature","geometry":{"type":"Polygon","coordinates":[[[-94.51790133319876,39.11561938019884],[-94.51789698624988,39.11561919667715],[-94.51744161398801,39.115602471880734],[-94.51744079572536,39.11561622326319],[-94.51743675942126,39.11568475078843],[-94.5174407832807,39.115684888042345],[-94.51789260140194,39.11570143091423],[-94.51789653641593,39.11570156816603],[-94.51790051427348,39.11563306237068],[-94.51790133319876,39.11561938019884]]]},"properties":{"KIVAPIN":"43089","ADDRESS":"340 N Drury Ave","OWN_NAME":"Gonzalez Leobardo"}},{"type":"Feature","geometry":{"type":"Polygon","coordinates":[[[-94.51793961305205,39.11496178433241],[-94.51793556059647,39.114961647672104],[-94.5174846854867,39.114944715280004],[-94.51748054492109,39.11494457918912],[-94.51747729905179,39.11499940224897],[-94.51747569043329,39.11502681291848],[-94.5174797428917,39.11502694959477],[-94.51793067578554,39.11504383566353],[-94.51793478772152,39.11504397231485],[-94.5179364255505,39.11501662970447],[-94.51793961305205,39.11496178433241]]]},"properties":{"KIVAPIN":"43097","ADDRESS":"320 N Drury Ave","OWN_NAME":"Morales Ricardo R & Dianet"}},{"type":"Feature","geometry":{"type":"Polygon","coordinates":[[[-94.51856022662163,39.11321186748438],[-94.51810531106334,39.11319546495652],[-94.51810399504123,39.113217453457665],[-94.5181006910112,39.11327234463005],[-94.51810462589022,39.1132724807309],[-94.51855575316046,39.113288678510436],[-94.51855896947455,39.11323383310057],[-94.51856022662163,39.11321186748438]]]},"properties":{"KIVAPIN":"43142","ADDRESS":"121 N Hardesty Ave","OWN_NAME":"Le Tuan & Huynh Mai Nickie"}},{"type":"Feature","geometry":{"type":"Polygon","coordinates":[[[-94.51855575316046,39.113288678510436],[-94.51810462589022,39.1132724807309],[-94.5181006910112,39.11327234463005],[-94.51809987068307,39.113286027381044],[-94.51809574778545,39.11335460130325],[-94.51809965403355,39.11335473855275],[-94.518550928677,39.11337093518375],[-94.51855493439452,39.11330238357296],[-94.51855575316046,39.113288678510436]]]},"properties":{"KIVAPIN":"43143","ADDRESS":"123 N Hardesty Ave","OWN_NAME":"Phan Lisa"}},{"type":"Feature","geometry":{"type":"Polygon","coordinates":[[[-94.51800599707794,39.113832294326855],[-94.51800212017415,39.113832158213754],[-94.51754764208887,39.11381593591741],[-94.5175435472555,39.11388448635699],[-94.51754149982473,39.11391871667317],[-94.51799594993282,39.11393493899743],[-94.5179998848485,39.11393507510181],[-94.51800193204647,39.113900799588464],[-94.51800599707794,39.113832294326855]]]},"properties":{"KIVAPIN":"43124","ADDRESS":"140 N Drury Ave","OWN_NAME":"Trapp Darlene M"}},{"type":"Feature","geometry":{"type":"Polygon","coordinates":[[[-94.5185159875818,39.113967416142174],[-94.51851208129935,39.11396728005071],[-94.51805995036528,39.11395099016532],[-94.51805869343403,39.11397158407903],[-94.51805459910437,39.11404020317653],[-94.51851075289527,39.11405658282221],[-94.51851478951737,39.11398798659872],[-94.5185159875818,39.113967416142174]]]},"properties":{"KIVAPIN":"43149","ADDRESS":"143 N Hardesty Ave","OWN_NAME":"De Janes Michael K"}},{"type":"Feature","geometry":{"type":"Polygon","coordinates":[[[-94.51175615868617,39.11063684888749],[-94.511287370434,39.11061998584047],[-94.51128346288176,39.1106198495068],[-94.51127877698447,39.11070219742671],[-94.51127643404087,39.11074342858779],[-94.51128031149685,39.11074356549659],[-94.51174869008564,39.11076013116441],[-94.51175117961436,39.110718990929804],[-94.51175615868617,39.11063684888749]]]},"properties":{"KIVAPIN":"45958","ADDRESS":"143 White Ave","OWN_NAME":"Angel Hugo"}},{"type":"Feature","geometry":{"type":"Polygon","coordinates":[[[-94.51473093854402,39.11122289687048],[-94.51472706178923,39.111222759504344],[-94.5142365645494,39.11120650652729],[-94.51423254095104,39.11120637030666],[-94.5142317213717,39.111220075343894],[-94.51422747687329,39.11128983896254],[-94.51423150121062,39.11128997518325],[-94.51467280446622,39.1113039920792],[-94.51467668049112,39.111304129447255],[-94.51468095477901,39.111234983586236],[-94.51472997294475,39.111236579049],[-94.51473093854402,39.11122289687048]]]},"properties":{"KIVAPIN":"44913","ADDRESS":"128 Topping Ave","OWN_NAME":"JTB Real Estate LLC"}},{"type":"Feature","geometry":{"type":"Polygon","coordinates":[[[-94.51173621307836,39.11096612635161],[-94.51126862680498,39.11094942327385],[-94.51126471923459,39.11094928693959],[-94.5112600633751,39.111031496995224],[-94.51126396948176,39.11103163447385],[-94.51173117530567,39.11104877176864],[-94.51173621307836,39.11096612635161]]]},"properties":{"KIVAPIN":"45955","ADDRESS":"131 White Ave","OWN_NAME":"Garrido Juan Manuel"}},{"type":"Feature","geometry":{"type":"Polygon","coordinates":[[[-94.51600977081317,39.11620807592199],[-94.51556367770075,39.116193446963386],[-94.51556335655462,39.116198914904835],[-94.51555928825847,39.11626728334223],[-94.5155632247679,39.11626742010057],[-94.51600546994939,39.11628191287728],[-94.51600944970157,39.11621354443668],[-94.51600977081317,39.11620807592199]]]},"properties":{"KIVAPIN":"42527","ADDRESS":"405 N Oakley Ave","OWN_NAME":"Shane Ted"}},{"type":"Feature","geometry":{"type":"Polygon","coordinates":[[[-94.51598782708506,39.1165827949997],[-94.51554522756498,39.116568279323594],[-94.515541291039,39.116568143136696],[-94.51553889160321,39.11660919130415],[-94.51553561329322,39.11666392220417],[-94.51553954982465,39.116664058963266],[-94.51598220943009,39.116678619841686],[-94.51598545801355,39.1166238431721],[-94.51598782708506,39.1165827949997]]]},"properties":{"KIVAPIN":"42531","ADDRESS":"417 N Oakley Ave","OWN_NAME":"Hulse Jerry L & Patricia M"}},{"type":"Feature","geometry":{"type":"Polygon","coordinates":[[[-94.51594800525939,39.117263018049286],[-94.515504667171,39.1172483661825],[-94.51550070196977,39.11724822942602],[-94.51549800979345,39.11729394527444],[-94.5154952588653,39.117339638249646],[-94.51549928354918,39.117339774426384],[-94.51594265158138,39.11735442802535],[-94.51594534348284,39.11730875735641],[-94.51594800525939,39.117263018049286]]]},"properties":{"KIVAPIN":"42538","ADDRESS":"437 N Oakley Ave","OWN_NAME":"Guzman Jose O"}},{"type":"Feature","geometry":{"type":"Polygon","coordinates":[[[-94.51340061102476,39.11296219184085],[-94.5129422325774,39.11294554075663],[-94.51293826762235,39.112945404484854],[-94.51293612942679,39.11298116659496],[-94.51293203016954,39.11304969457457],[-94.51293596649477,39.113049830849725],[-94.51339481554785,39.113066551118116],[-94.51339862063757,39.112997909325045],[-94.51340061102476,39.11296219184085]]]},"properties":{"KIVAPIN":"45768","ADDRESS":"118 N Bellaire Ave","OWN_NAME":"Racet Ismael"}},{"type":"Feature","geometry":{"type":"Polygon","coordinates":[[[-94.5134053234556,39.11287712106822],[-94.51294735672731,39.11286042419524],[-94.51294342114662,39.112860286776346],[-94.51294025874684,39.112912456137906],[-94.51293826762235,39.112945404484854],[-94.5129422325774,39.11294554075663],[-94.51340061102476,39.11296219184085],[-94.51340242572837,39.112929312148324],[-94.5134053234556,39.11287712106822]]]},"properties":{"KIVAPIN":"45769","ADDRESS":"114 N Bellaire Ave","OWN_NAME":"770 Homes LLC"}},{"type":"Feature","geometry":{"type":"Polygon","coordinates":[[[-94.51341003587947,39.1127920731748],[-94.5129524515162,39.11277542261089],[-94.51294851594022,39.112775285192164],[-94.51294438734121,39.11284383605853],[-94.51294342114662,39.112860286776346],[-94.51294735672731,39.11286042419524],[-94.5134053234556,39.11287712106822],[-94.51340623080328,39.11286066978139],[-94.51341003587947,39.1127920731748]]]},"properties":{"KIVAPIN":"45770","ADDRESS":"112 N Bellaire Ave","OWN_NAME":"Gomez Ruiz Refugio & Antonia"}},{"type":"Feature","geometry":{"type":"Polygon","coordinates":[[[-94.5139074121741,39.11308541396184],[-94.51390321224984,39.113085276606895],[-94.51345035513734,39.113068489578495],[-94.51344644744563,39.113068352745415],[-94.5134426424118,39.113137064325144],[-94.51344135521533,39.1131599445437],[-94.51389797228688,39.11317684556179],[-94.51390214358085,39.11317698292034],[-94.51390346072809,39.113154078668536],[-94.5139074121741,39.11308541396184]]]},"properties":{"KIVAPIN":"45781","ADDRESS":"121 N Topping Ave","OWN_NAME":"Johnson Socorro"}},{"type":"Feature","geometry":{"type":"Polygon","coordinates":[[[-94.51339481554785,39.113066551118116],[-94.51293596649477,39.113049830849725],[-94.51293203016954,39.11304969457457],[-94.51292787366226,39.11311838272407],[-94.51292377439744,39.11318695646309],[-94.51292767989185,39.113187092741924],[-94.51338332846859,39.11320360748416],[-94.51338720532911,39.11320374375089],[-94.51339101045086,39.11313519348224],[-94.51339481554785,39.113066551118116]]]},"properties":{"KIVAPIN":"45767","ADDRESS":"122 N Bellaire Ave","OWN_NAME":"Pizano-Paramo Juan M & Maria A Baeza"}},{"type":"Feature","geometry":{"type":"Polygon","coordinates":[[[-94.51388367396429,39.11349715279238],[-94.51387962160052,39.113497016563066],[-94.5134235002855,39.11348009253642],[-94.5134196951899,39.11354871201597],[-94.51341586072114,39.113617354378604],[-94.51387177657593,39.11363418636454],[-94.51387577094172,39.11363432374508],[-94.51387969234142,39.11356568192922],[-94.51388367396429,39.11349715279238]]]},"properties":{"KIVAPIN":"45785","ADDRESS":"135 N Topping Ave","OWN_NAME":"Leryoskajoi Surin & Chintana"}},{"type":"Feature","geometry":{"type":"Polygon","coordinates":[[[-94.51790609987096,39.115537214543544],[-94.51790175293316,39.11553705504667],[-94.51744649939415,39.11552023815628],[-94.51744489075786,39.11554767284759],[-94.51744161398801,39.115602471880734],[-94.51789698624988,39.11561919667715],[-94.51790133319876,39.11561938019884],[-94.51790452149442,39.115564557141916],[-94.51790609987096,39.115537214543544]]]},"properties":{"KIVAPIN":"43090","ADDRESS":"338 N Drury Ave","OWN_NAME":"Gonzalez Leobardo"}},{"type":"Feature","geometry":{"type":"Polygon","coordinates":[[[-94.51792045854596,39.115290650634634],[-94.51791608225248,39.115290491142794],[-94.51746500095834,39.115273695991185],[-94.51746109460578,39.11527355986454],[-94.51745702897009,39.1153420879709],[-94.51745620996783,39.11535579359296],[-94.51746046877527,39.11535593023901],[-94.5179116974468,39.11537272481323],[-94.51791566254741,39.11537286091573],[-94.517916481461,39.11535915586255],[-94.51792045854596,39.115290650634634]]]},"properties":{"KIVAPIN":"43093","ADDRESS":"328 N Drury Ave","OWN_NAME":"Colato Guillermo Amando & Yesenia"}},{"type":"Feature","geometry":{"type":"Polygon","coordinates":[[[-94.51223323667791,39.11171209883102],[-94.5118670568584,39.11169932351498],[-94.51186688182942,39.11170202344924],[-94.51186117081309,39.1117975044012],[-94.5118650769632,39.11179764185964],[-94.51198807737659,39.1118019542916],[-94.51210725830136,39.11180617489588],[-94.51222714483968,39.111810395304325],[-94.51223306094047,39.111714867407855],[-94.51223323667791,39.11171209883102]]]},"properties":{"KIVAPIN":"46009","ADDRESS":"108 White Ave","OWN_NAME":"Munkirs Jene Jr"}},{"type":"Feature","geometry":{"type":"Polygon","coordinates":[[[-94.51629732121683,39.11138983100659],[-94.515846676022,39.111374883995765],[-94.51584167328342,39.11145823830763],[-94.5162871187944,39.111471493468066],[-94.51629243539269,39.111471630009106],[-94.51629732121683,39.11138983100659]]]},"properties":{"KIVAPIN":"44690","ADDRESS":"127 Oakley Ave","OWN_NAME":"Fakunmoju Michael"}},{"type":"Feature","geometry":{"type":"Polygon","coordinates":[[[-94.51519571200274,39.110984694840916],[-94.51474736173397,39.1109690791695],[-94.51474352966481,39.11104238983056],[-94.5147440583126,39.11104241207235],[-94.51474306182847,39.11105584314012],[-94.51518633232902,39.11107052081094],[-94.5151905336046,39.11107065811956],[-94.51519571200274,39.110984694840916]]]},"properties":{"KIVAPIN":"44701","ADDRESS":"135 Lawndale Ave","OWN_NAME":"Heritage Equity Holdings LLC"}},{"type":"Feature","geometry":{"type":"Polygon","coordinates":[[[-94.5143644664443,39.11640780934291],[-94.5139238933066,39.11639230396601],[-94.51391919386981,39.116392144362756],[-94.51391773014409,39.11641674064202],[-94.5139144513187,39.11647144918976],[-94.51391909202262,39.116471631680845],[-94.51435963628192,39.11648713707921],[-94.51436297276759,39.11643240620341],[-94.5143644664443,39.11640780934291]]]},"properties":{"KIVAPIN":"42552","ADDRESS":"410 N Topping Ave","OWN_NAME":"Craig Scott A"}},{"type":"Feature","geometry":{"type":"Polygon","coordinates":[[[-94.51436929660512,39.116328527366576],[-94.51392854699834,39.11631302202877],[-94.51392393714913,39.11631286241501],[-94.51392182867677,39.116348395712606],[-94.51391919386981,39.116392144362756],[-94.5139238933066,39.11639230396601],[-94.5143644664443,39.11640780934291],[-94.51436712961834,39.116364084704],[-94.51436929660512,39.116328527366576]]]},"properties":{"KIVAPIN":"42553","ADDRESS":"408 N Topping Ave","OWN_NAME":"Calderon Josefina"}},{"type":"Feature","geometry":{"type":"Polygon","coordinates":[[[-94.51225041828133,39.11001870003428],[-94.51224642412284,39.11001856316995],[-94.51187981333867,39.110006199786845],[-94.51187587718475,39.11000606347594],[-94.51187382746917,39.11004235183069],[-94.51187113475603,39.110088456623345],[-94.51224170929076,39.110100956329326],[-94.51224567408529,39.110101093768925],[-94.51225041828133,39.11001870003428]]]},"properties":{"KIVAPIN":"46191","ADDRESS":"307 Barat Ave","OWN_NAME":"Ramirez Franisco & Delores"}},{"type":"Feature","geometry":{"type":"Polygon","coordinates":[[[-94.51365122875319,39.108270919780985],[-94.51316045901517,39.10825326715054],[-94.5131562133953,39.108321726568285],[-94.51315264120191,39.10837927126182],[-94.5136433244158,39.108396787222915],[-94.5136469549733,39.10833937921965],[-94.51365122875319,39.108270919780985]]]},"properties":{"KIVAPIN":"46208","ADDRESS":"418 Bellaire Ave","OWN_NAME":"Pizano Nicolas & Petra"}},{"type":"Feature","geometry":{"type":"Polygon","coordinates":[[[-94.51278295005639,39.11028588890196],[-94.51241677736202,39.110272222962756],[-94.51241281255767,39.11027208610104],[-94.51240739580001,39.11036596599816],[-94.5127770935171,39.11038120977335],[-94.51278227510291,39.11029694033159],[-94.51278295005639,39.11028588890196]]]},"properties":{"KIVAPIN":"46187","ADDRESS":"300 Barat Ave","OWN_NAME":"Villalobos Jose"}},{"type":"Feature","geometry":{"type":"Polygon","coordinates":[[[-94.5147928408016,39.10935875644083],[-94.51434864213978,39.10934451154355],[-94.51434429412187,39.109344351341974],[-94.51434318273073,39.10936345682735],[-94.51433911510091,39.10943175608855],[-94.51433762155726,39.10945633009754],[-94.51434202685495,39.10945651260097],[-94.51478596263236,39.10947073524781],[-94.51478745528625,39.109446160661236],[-94.51479164069188,39.10937786136966],[-94.5147928408016,39.10935875644083]]]},"properties":{"KIVAPIN":"44892","ADDRESS":"328 Topping Ave","OWN_NAME":"Cerritos Baldemar & Arequin Vanessa M"}},{"type":"Feature","geometry":{"type":"Polygon","coordinates":[[[-94.51252011977603,39.11704266140714],[-94.5120793669164,39.11702319130411],[-94.51207854450922,39.11702316850871],[-94.5120570443978,39.11702234703164],[-94.5120529037131,39.11702216441478],[-94.51205100041649,39.11705653131311],[-94.51204552424379,39.11715663462039],[-94.51204984263843,39.11715684009978],[-94.51207116586185,39.11715786752212],[-94.51207245895452,39.11715791372149],[-94.5125125074681,39.11718003807835],[-94.51251634371953,39.117111281384105],[-94.51252011977603,39.11704266140714]]]},"properties":{"KIVAPIN":"45565","ADDRESS":"435 N Bellaire Ave","OWN_NAME":"Special Angel LLC"}},{"type":"Feature","geometry":{"type":"Polygon","coordinates":[[[-94.51255446209976,39.11642403474516],[-94.51255049695038,39.116423897888275],[-94.51211221655701,39.11640849982102],[-94.51208654589324,39.11640758725999],[-94.51207902023022,39.116545192715265],[-94.51207413193976,39.11663458783768],[-94.51206774737805,39.11675107320504],[-94.512093390275,39.116752053842895],[-94.51209356576929,39.11675205382469],[-94.51253537444592,39.11676811569195],[-94.51253918056351,39.11669945108986],[-94.5125429565557,39.11663071670416],[-94.5125467927277,39.11656184617129],[-94.51255062742756,39.11649299737426],[-94.51255446209976,39.11642403474516]]]},"properties":{"KIVAPIN":"45567","ADDRESS":"419 N Bellaire Ave","OWN_NAME":"Daily Carl W & Brenda E"}},{"type":"Feature","geometry":{"type":"Polygon","coordinates":[[[-94.51205100041649,39.11705653131311],[-94.51202497637993,39.117055939675936],[-94.51158698689699,39.117046625280665],[-94.51158305036313,39.117046557029944],[-94.51158126483718,39.11707957395179],[-94.5115775745405,39.11714835405383],[-94.51157713530684,39.11715654478969],[-94.51158110048415,39.11715661303774],[-94.51201900236128,39.117164920144376],[-94.51204502642243,39.11716542083238],[-94.51204552424379,39.11715663462039],[-94.51205100041649,39.11705653131311]]]},"properties":{"KIVAPIN":"45572","ADDRESS":"432 N White Ave","OWN_NAME":"Molina Miramontes Maria D"}},{"type":"Feature","geometry":{"type":"Polygon","coordinates":[[[-94.51206397085537,39.11681944148396],[-94.51203827066765,39.116818505462774],[-94.51203797695305,39.11681850549311],[-94.51159995811624,39.11680482152124],[-94.51159605242833,39.116804707506645],[-94.51159236213758,39.11687334918461],[-94.51158867257794,39.116942014886234],[-94.5115925503705,39.116942128903844],[-94.51203051033748,39.11695439431037],[-94.512031067666,39.1169544177055],[-94.51205656375903,39.11695528396344],[-94.51206397085537,39.11681944148396]]]},"properties":{"KIVAPIN":"45574","ADDRESS":"426 N White Ave","OWN_NAME":"Fitzner James L &Witbolsfeugen Francesca"}},{"type":"Feature","geometry":{"type":"Polygon","coordinates":[[[-94.51208654589324,39.11640758725999],[-94.5120604926535,39.11640658321036],[-94.51161821730872,39.11639157266974],[-94.51161452858594,39.11646055813458],[-94.51161080973544,39.11652945265098],[-94.51161471541184,39.11652958897371],[-94.51205296915836,39.116544280186275],[-94.5120531160151,39.116544280171084],[-94.51207902023022,39.116545192715265],[-94.51208654589324,39.11640758725999]]]},"properties":{"KIVAPIN":"45577","ADDRESS":"414 N White Ave","OWN_NAME":"Livingston Richard D & Blanche"}},{"type":"Feature","geometry":{"type":"Polygon","coordinates":[[[-94.51028874959334,39.116143694428196],[-94.51028308092904,39.1161435124553],[-94.5098295591123,39.11612801505425],[-94.50982568136409,39.116127878669346],[-94.50982069981845,39.116211118250185],[-94.50981583573353,39.116294267441226],[-94.50981971275654,39.1162944038265],[-94.51027350068995,39.11630974050549],[-94.51028028548176,39.11630996871373],[-94.51028453223634,39.116226888199904],[-94.51028874959334,39.116143694428196]]]},"properties":{"KIVAPIN":"45598","ADDRESS":"411 N Wheeling Ave","OWN_NAME":"Duoc V Ho & Chut T Vo"}},{"type":"Feature","geometry":{"type":"Polygon","coordinates":[[[-94.51093521349746,39.11598571404417],[-94.51047793300063,39.115969898616626],[-94.51047405599412,39.11596976225326],[-94.51047320743194,39.115986419428886],[-94.5104693701461,39.116061194247294],[-94.51047330589988,39.116061330605554],[-94.51092650584718,39.11607703088628],[-94.51093038139204,39.116077168378816],[-94.51093433493817,39.11600237065393],[-94.51093521349746,39.11598571404417]]]},"properties":{"KIVAPIN":"45603","ADDRESS":"402 N Wheeling Ave","OWN_NAME":"Salcido Santos L & Maria C"}},{"type":"Feature","geometry":{"type":"Polygon","coordinates":[[[-94.51089960378162,39.11666616385319],[-94.51089569736466,39.116666026934546],[-94.5104432001276,39.11665096713048],[-94.5104392636067,39.11665083019926],[-94.5104350169645,39.11673361269248],[-94.5104389534901,39.116733750195856],[-94.51089142114643,39.11674878656629],[-94.5108952989308,39.11674892348773],[-94.51089960378162,39.11666616385319]]]},"properties":{"KIVAPIN":"45610","ADDRESS":"422 N Wheeling Ave","OWN_NAME":"Chihuahua Xochitl"}},{"type":"Feature","geometry":{"type":"Polygon","coordinates":[[[-94.51140112306229,39.11668272722348],[-94.51094134002898,39.116667624304],[-94.51093700657914,39.11675031530086],[-94.5113967005512,39.116765326151366],[-94.51140112306229,39.11668272722348]]]},"properties":{"KIVAPIN":"45614","ADDRESS":"423 N White Ave","OWN_NAME":"Lynch Modesta O"}},{"type":"Feature","geometry":{"type":"Polygon","coordinates":[[[-94.51072895373783,39.11548936020498],[-94.5105011224119,39.11548137272712],[-94.51049721679533,39.11548123522301],[-94.51049244009113,39.115563651692554],[-94.51048781202319,39.115643300162866],[-94.51048227591477,39.115739628122306],[-94.51071389549733,39.11574784409488],[-94.51071949150845,39.11565156188037],[-94.51072417877859,39.11557182301702],[-94.5107287787081,39.11549240334528],[-94.51072895373783,39.11548936020498]]]},"properties":{"KIVAPIN":"45683","ADDRESS":"6019 Norledge Ave","OWN_NAME":"Phung Gioi Van"}},{"type":"Feature","geometry":{"type":"Polygon","coordinates":[[[-94.51339382499415,39.111561188379],[-94.51303481337692,39.11154873566385],[-94.51303093587345,39.11154859881342],[-94.51302543226687,39.111641402765805],[-94.51302936777994,39.11164154018195],[-94.51338820513242,39.11165406043162],[-94.51339382499415,39.111561188379]]]},"properties":{"KIVAPIN":"46066","ADDRESS":"114 Bellaire Ave","OWN_NAME":"Cortez Floridalma Moran"}},{"type":"Feature","geometry":{"type":"Polygon","coordinates":[[[-94.5170373679568,39.110660953612594],[-94.5165745388451,39.11064468297104],[-94.51656974197122,39.1107253614031],[-94.51656889273632,39.1107390212728],[-94.51657285757483,39.11073915799317],[-94.51703183911705,39.11075492525688],[-94.5170326581596,39.110741265388256],[-94.5170373679568,39.110660953612594]]]},"properties":{"KIVAPIN":"44801","ADDRESS":"142 Oakley Ave","OWN_NAME":"Ku Htee Moo"}},{"type":"Feature","geometry":{"type":"Polygon","coordinates":[[[-94.51544933999068,39.11715502057275],[-94.51500503240811,39.11713906216628],[-94.51500103784248,39.11713892596861],[-94.51499696971229,39.117207430515045],[-94.51499559335666,39.11723028843756],[-94.51499979499744,39.117230424608785],[-94.51544389608772,39.11724640651492],[-94.5154452722938,39.117223525706585],[-94.51544933999068,39.11715502057275]]]},"properties":{"KIVAPIN":"42518","ADDRESS":"432 N Lawndale Ave","OWN_NAME":"Santos Ricardo A"}},{"type":"Feature","geometry":{"type":"Polygon","coordinates":[[[-94.51445062494946,39.11503461756538],[-94.5140091507947,39.11502016455534],[-94.51400462767337,39.11502000607834],[-94.51400046986677,39.11508857983972],[-94.51399625478797,39.115157198224296],[-94.51400083665993,39.11515735841061],[-94.51444239905169,39.11517183374943],[-94.51444652705004,39.11510319133507],[-94.51445062494946,39.11503461756538]]]},"properties":{"KIVAPIN":"42987","ADDRESS":"326 N Topping Ave","OWN_NAME":"Nguyen Men Van & Ut Thi"}},{"type":"Feature","geometry":{"type":"Polygon","coordinates":[[[-94.51458230775444,39.112821723614665],[-94.51414199272018,39.11280685910472],[-94.51413767459411,39.11280669946393],[-94.51413360662386,39.11287527324528],[-94.51412950854618,39.112943869909955],[-94.51413388395179,39.11294402954412],[-94.51457420056728,39.11295887005941],[-94.51457823947999,39.112890297411354],[-94.51458230775444,39.112821723614665]]]},"properties":{"KIVAPIN":"43218","ADDRESS":"114 N Topping Ave","OWN_NAME":"Land Bank of Kansas City Missouri"}},{"type":"Feature","geometry":{"type":"Polygon","coordinates":[[[-94.51003587047438,39.10998404099922],[-94.50966482638603,39.109972106336706],[-94.50965923007779,39.1100680682656],[-94.51003048100598,39.11008016366448],[-94.51003587047438,39.10998404099922]]]},"properties":{"KIVAPIN":"46083","ADDRESS":"306 Belmont Blvd","OWN_NAME":"Venegas Ramon H & Nancy R"}},{"type":"Feature","geometry":{"type":"Polygon","coordinates":[[[-94.5145115011281,39.11241500554572],[-94.51441675476322,39.11241174536797],[-94.51441657844985,39.112414880038145],[-94.51441321266803,39.11247244758487],[-94.5144092044623,39.112541044825036],[-94.51440516394202,39.11260964149623],[-94.51440133057606,39.112675148681916],[-94.51440115571144,39.1126781929732],[-94.51449581430428,39.11268136107981],[-94.51449985328168,39.1126128101678],[-94.51450389150747,39.11254421292164],[-94.51450793193301,39.112475639126906],[-94.51451132626849,39.11241804812126],[-94.5145115011281,39.11241500554572]]]},"properties":{"KIVAPIN":"43222","ADDRESS":"5714 St John Ave","OWN_NAME":"Olivas Amada"}},{"type":"Feature","geometry":{"type":"Polygon","coordinates":[[[-94.5150606572369,39.11325225304332],[-94.5146201033088,39.11323535456619],[-94.51461608106274,39.11323521778666],[-94.51461201205836,39.113303768699105],[-94.51460794305561,39.11337236537189],[-94.51461190803803,39.113372502730876],[-94.51505252157271,39.11338946930073],[-94.51505659014042,39.11332084916008],[-94.5150606572369,39.11325225304332]]]},"properties":{"KIVAPIN":"43232","ADDRESS":"127 N Lawndale Ave","OWN_NAME":"Hernandez Zulma Yamileth Hernandez"}},{"type":"Feature","geometry":{"type":"Polygon","coordinates":[[[-94.51708629110863,39.113800788818764],[-94.51691024376363,39.113794155648556],[-94.51690611822615,39.113862775856454],[-94.51690199412721,39.1139313039686],[-94.51689789867285,39.113999901289624],[-94.51689377456333,39.11406845170851],[-94.5168892688451,39.11414404999029],[-94.51706575675276,39.11415015630056],[-94.51707017355899,39.11407506139911],[-94.51707420938146,39.114006487534354],[-94.51707824739889,39.11393791366833],[-94.51708225310678,39.113869362686714],[-94.51708611488259,39.11380380966104],[-94.51708629110863,39.113800788818764]]]},"properties":{"KIVAPIN":"43177","ADDRESS":"5509 Scarritt Ave","OWN_NAME":"Eddings Joe V & Jean Marie"}},{"type":"Feature","geometry":{"type":"Polygon","coordinates":[[[-94.51007114434682,39.11082465084071],[-94.50961615867992,39.110807894856435],[-94.5096113240626,39.11089081473528],[-94.510066487135,39.11090704503989],[-94.51007114434682,39.11082465084071]]]},"properties":{"KIVAPIN":"45932","ADDRESS":"132 Belmont Blvd","OWN_NAME":"Granados Soledad E"}},{"type":"Feature","geometry":{"type":"Polygon","coordinates":[[[-94.51046779120679,39.112932747214515],[-94.50998315667448,39.11291377647703],[-94.50997761775079,39.112998709897894],[-94.51046286941428,39.11301621566956],[-94.51046779120679,39.112932747214515]]]},"properties":{"KIVAPIN":"45833","ADDRESS":"121 N Wheeling Ave","OWN_NAME":"Perez Eleazar & Plancarte-Perez Marie Michelle"}},{"type":"Feature","geometry":{"type":"Polygon","coordinates":[[[-94.51005497505734,39.111112605798546],[-94.50959919364581,39.11109980759809],[-94.50959687965239,39.11113984892645],[-94.50959336353645,39.111200162609215],[-94.50959726891489,39.11120029957171],[-94.51004920317506,39.11121515736959],[-94.51005265999589,39.11115365331253],[-94.51005497505734,39.111112605798546]]]},"properties":{"KIVAPIN":"45935","ADDRESS":"124 Belmont Blvd","OWN_NAME":"Quoc C Tran & Anh T Nguyen"}},{"type":"Feature","geometry":{"type":"Polygon","coordinates":[[[-94.51004343200042,39.11131763915252],[-94.50958750199061,39.11130163877273],[-94.5095827560085,39.111383529006886],[-94.51003886129178,39.11139952996186],[-94.51004343200042,39.11131763915252]]]},"properties":{"KIVAPIN":"45937","ADDRESS":"118 Belmont Blvd","OWN_NAME":"Garcia Julio V & Eugencio"}},{"type":"Feature","geometry":{"type":"Polygon","coordinates":[[[-94.51108009641021,39.113512165768455],[-94.51061225862524,39.11349626148464],[-94.51060674990092,39.11359178866064],[-94.51061062751162,39.11359192501962],[-94.5110706842707,39.11360755662517],[-94.5110745897848,39.11360769296605],[-94.51107643500615,39.113575134211445],[-94.51108009641021,39.113512165768455]]]},"properties":{"KIVAPIN":"45868","ADDRESS":"214 N Wheeling Ave","OWN_NAME":"Muniz Victor Daniel"}},{"type":"Feature","geometry":{"type":"Polygon","coordinates":[[[-94.51480036905545,39.117546775315404],[-94.51435273923899,39.11752994538208],[-94.51434878716167,39.11759458363352],[-94.5143484073112,39.11760073914029],[-94.51435240116734,39.11760087536043],[-94.51479615314321,39.11761541772458],[-94.51479653368933,39.117609263360286],[-94.51480036905545,39.117546775315404]]]},"properties":{"KIVAPIN":"42573","ADDRESS":"445 N Lawndale Ave","OWN_NAME":"Pallaton Property Investments LLC"}},{"type":"Feature","geometry":{"type":"Polygon","coordinates":[[[-94.51688206901723,39.11609332034115],[-94.51676989892854,39.11608953891752],[-94.5167651891053,39.11616943875609],[-94.51676118217244,39.116237761465605],[-94.51675717377925,39.116306151672234],[-94.51675313600194,39.116374520145555],[-94.51675713126204,39.11637465628311],[-94.51686601153934,39.116378667001094],[-94.51686987224632,39.11631029969358],[-94.51687367419767,39.11624190836898],[-94.5168775356405,39.11617360970137],[-94.5168818635421,39.1160969132019],[-94.51688206901723,39.11609332034115]]]},"properties":{"KIVAPIN":"42493","ADDRESS":"5506 Norledge Ave","OWN_NAME":"Lawless James P Trustee"}},{"type":"Feature","geometry":{"type":"Polygon","coordinates":[[[-94.50964371133209,39.10717753288763],[-94.50693139584249,39.10842090075656],[-94.50691412820635,39.10842840606655],[-94.50686514443649,39.108449208053614],[-94.5068159844144,39.10846984929376],[-94.50677269697186,39.10848779082614],[-94.50676278802482,39.10866259907363],[-94.50747264640869,39.10868754142026],[-94.50747683881745,39.10861912855031],[-94.50758241737987,39.10862282725501],[-94.50755908135402,39.109006217669574],[-94.50779026886599,39.10901439372781],[-94.50815881217665,39.1090274104965],[-94.50932297410257,39.10906853071444],[-94.5093268507289,39.10906866826036],[-94.50936102036604,39.10850566401699],[-94.50957658183697,39.108513128486805],[-94.50964371133209,39.10717753288763]]]},"properties":{"KIVAPIN":"45906","ADDRESS":"6200 Wilson Ave","OWN_NAME":"Beth Israel Abraham"}},{"type":"Feature","geometry":{"type":"Polygon","coordinates":[[[-94.51229219663549,39.11281683941594],[-94.511805624263,39.11279943119818],[-94.51180168942226,39.112799294312666],[-94.51179351740468,39.11293662476062],[-94.51228349789083,39.11295558740912],[-94.51228619249254,39.112912823775396],[-94.51229199163097,39.11282020174811],[-94.51229219663549,39.11281683941594]]]},"properties":{"KIVAPIN":"45892","ADDRESS":"114 N White Ave","OWN_NAME":"Ruiz Jesus Calderon"}},{"type":"Feature","geometry":{"type":"Polygon","coordinates":[[[-94.50674616364824,39.10895693683832],[-94.50609515742502,39.10894081894219],[-94.50605322029733,39.10996992442763],[-94.50533644909646,39.10997023457579],[-94.50523488856498,39.111893449418176],[-94.50654870433276,39.111939898812246],[-94.50656961617305,39.11194063038854],[-94.50666019906919,39.11047621789508],[-94.50674616364824,39.10895693683832]]]},"properties":{"KIVAPIN":"45899","ADDRESS":"6333 St John Ave","OWN_NAME":"BFH St John LLC"}},{"type":"Feature","geometry":{"type":"Polygon","coordinates":[[[-94.51009533226879,39.111763945172584],[-94.51001867782868,39.1117610917038],[-94.50998613715608,39.1117599967964],[-94.50987699936718,39.1117563451895],[-94.50976639310896,39.11175260150885],[-94.50965713933383,39.11174894970581],[-94.50956186397303,39.11174573195919],[-94.50954680905288,39.1120436620995],[-94.5096413506114,39.11204713103403],[-94.50975007696762,39.11205105803555],[-94.50986030046114,39.112055098640226],[-94.50996917369555,39.11205907118623],[-94.51007816515423,39.11206304247635],[-94.51009533226879,39.111763945172584]]]},"properties":{"KIVAPIN":"45907","ADDRESS":"104 Belmont Blvd","OWN_NAME":"Brogoto Joseph"}},{"type":"Feature","geometry":{"type":"Polygon","coordinates":[[[-94.510066487135,39.11090704503989],[-94.5096113240626,39.11089081473528],[-94.50960648952395,39.11097439757958],[-94.50960525888186,39.1109954490237],[-94.50960916498013,39.110995563105085],[-94.51006074542511,39.11100984772767],[-94.51006188790296,39.11098934599406],[-94.510066487135,39.11090704503989]]]},"properties":{"KIVAPIN":"45933","ADDRESS":"128 Belmont Blvd","OWN_NAME":"Castillo-Villanza Jose Ines"}},{"type":"Feature","geometry":{"type":"Polygon","coordinates":[[[-94.51004920317506,39.11121515736959],[-94.50959726891489,39.11120029957171],[-94.50959336353645,39.111200162609215],[-94.50959222013863,39.11122032055581],[-94.50958750199061,39.11130163877273],[-94.51004343200042,39.11131763915252],[-94.51004803132058,39.1112356579608],[-94.51004920317506,39.11121515736959]]]},"properties":{"KIVAPIN":"45936","ADDRESS":"120 Belmont Blvd","OWN_NAME":"Huynh Dinh"}},{"type":"Feature","geometry":{"type":"Polygon","coordinates":[[[-94.51101717974097,39.11045108439985],[-94.51078757238042,39.110443143403174],[-94.51078288557962,39.11052327245447],[-94.51077822748282,39.11060392661279],[-94.51100818768043,39.110611158866135],[-94.51100836342381,39.110608138031424],[-94.51101266863226,39.11053091599519],[-94.51101717974097,39.11045108439985]]]},"properties":{"KIVAPIN":"45961","ADDRESS":"6018 Anderson Ave","OWN_NAME":"Damian Maria Reyes"}},{"type":"Feature","geometry":{"type":"Polygon","coordinates":[[[-94.5104773408703,39.11276949353822],[-94.50999335453274,39.112752008882126],[-94.50998810834271,39.112835135281934],[-94.51046860168434,39.11285245896469],[-94.51047247852017,39.1128525964724],[-94.5104773408703,39.11276949353822]]]},"properties":{"KIVAPIN":"45831","ADDRESS":"117 N Wheeling Ave","OWN_NAME":"Leyva Ramon Gustabo & Maria"}},{"type":"Feature","geometry":{"type":"Polygon","coordinates":[[[-94.51107988308007,39.10915324192404],[-94.5106958326503,39.10913881664047],[-94.51069139874778,39.10913863457389],[-94.51068574370262,39.10923466521309],[-94.51069014897367,39.10923482497385],[-94.51107414264438,39.10924918163928],[-94.51107988308007,39.10915324192404]]]},"properties":{"KIVAPIN":"46115","ADDRESS":"322 Wheeling Ave","OWN_NAME":"Diaz Marco"}},{"type":"Feature","geometry":{"type":"Polygon","coordinates":[[[-94.51151051277843,39.10916937683051],[-94.51112754885045,39.10915527376309],[-94.5111229666395,39.10915511403571],[-94.51111731437054,39.10925107605333],[-94.51112186648527,39.10925123635579],[-94.51150459747929,39.109265499629196],[-94.51151051277843,39.10916937683051]]]},"properties":{"KIVAPIN":"46118","ADDRESS":"335 White Ave","OWN_NAME":"Melsh Deborah K"}},{"type":"Feature","geometry":{"type":"Polygon","coordinates":[[[-94.5114924703767,39.109463280653024],[-94.51110562815389,39.10944867509419],[-94.51110023784928,39.109539305316225],[-94.5111047018771,39.109539465055725],[-94.51148690507524,39.109553819959324],[-94.5114924703767,39.109463280653024]]]},"properties":{"KIVAPIN":"46121","ADDRESS":"325 White Ave","OWN_NAME":"Tatman Dawn"}},{"type":"Feature","geometry":{"type":"Polygon","coordinates":[[[-94.50888395134926,39.1172810229203],[-94.50888007427676,39.1172809088125],[-94.50846751867975,39.11726952150129],[-94.5084657305252,39.11729276891915],[-94.508459454064,39.117374796418076],[-94.50887973478557,39.11738423774433],[-94.50888395134926,39.1172810229203]]]},"properties":{"KIVAPIN":"45478","ADDRESS":"437 N Belmont Blvd","OWN_NAME":"Calderon Ana Rosa Cerritos"}},{"type":"Feature","geometry":{"type":"Polygon","coordinates":[[[-94.50890497547108,39.11676677922509],[-94.50850678609368,39.11675422461353],[-94.50849901496335,39.11685661598985],[-94.50889691120088,39.11686917065013],[-94.50890078825083,39.11686928475733],[-94.50890497547108,39.11676677922509]]]},"properties":{"KIVAPIN":"45483","ADDRESS":"427 N Belmont Blvd","OWN_NAME":"Bohan Shawn G & Anita C"}},{"type":"Feature","geometry":{"type":"Polygon","coordinates":[[[-94.50893841422285,39.115948061977996],[-94.5085688362945,39.1159366265303],[-94.5085686603672,39.115939097651385],[-94.50856250215351,39.11601938623832],[-94.50856109527187,39.1160375541346],[-94.50893431504221,39.116049217561894],[-94.50893835565118,39.11594941193973],[-94.50893841422285,39.115948061977996]]]},"properties":{"KIVAPIN":"45495","ADDRESS":"411 N Belmont Blvd","OWN_NAME":"Youngwirth Properties I LLC"}},{"type":"Feature","geometry":{"type":"Polygon","coordinates":[[[-94.50894257214547,39.11584699791023],[-94.50893863640935,39.115846883808885],[-94.50857631380914,39.115836682810254],[-94.50825725409638,39.115826158444705],[-94.50825337857057,39.11582602200734],[-94.50824228654942,39.115926491072926],[-94.5085688362945,39.1159366265303],[-94.50893841422285,39.115948061977996],[-94.50894257214547,39.11584699791023]]]},"properties":{"KIVAPIN":"45497","ADDRESS":"409 N Belmont Blvd","OWN_NAME":"Hughes Tammy"}},{"type":"Feature","geometry":{"type":"Polygon","coordinates":[[[-94.5122599051482,39.109853775849146],[-94.51225591173313,39.109853638413064],[-94.51188924234577,39.10984136658798],[-94.51188533703802,39.10984123027424],[-94.51188062179341,39.10992360054093],[-94.51188455720862,39.10992373742379],[-94.51225119692708,39.109936055027845],[-94.5122551617124,39.10993619246708],[-94.5122599051482,39.109853775849146]]]},"properties":{"KIVAPIN":"46193","ADDRESS":"311 Barat Ave","OWN_NAME":"Ruiz Hector G & Gloria E"}},{"type":"Feature","geometry":{"type":"Polygon","coordinates":[[[-94.51227413461555,39.10960629718068],[-94.51227008247749,39.109606159751245],[-94.51190341585,39.10959395661184],[-94.5118995384558,39.1095938197237],[-94.51189781068275,39.10962335882707],[-94.51189479462917,39.10967630497268],[-94.51226536845445,39.10968866789263],[-94.51226939269704,39.10968880475314],[-94.51227413461555,39.10960629718068]]]},"properties":{"KIVAPIN":"46195","ADDRESS":"319 Barat Ave","OWN_NAME":"Castle Properites Inc"}},{"type":"Feature","geometry":{"type":"Polygon","coordinates":[[[-94.511084775415,39.10907087108989],[-94.51070066598491,39.109056606564266],[-94.51069623209091,39.10905644680652],[-94.51069139874778,39.10913863457389],[-94.5106958326503,39.10913881664047],[-94.51107988308007,39.10915324192404],[-94.511084775415,39.10907087108989]]]},"properties":{"KIVAPIN":"46116","ADDRESS":"328 Wheeling Ave","OWN_NAME":"Bautista Jorge A"}},{"type":"Feature","geometry":{"type":"Polygon","coordinates":[[[-94.50895757362653,39.11555288911251],[-94.50859879087263,39.11554170461596],[-94.5083544678449,39.11553373646669],[-94.50828066474406,39.115579068837384],[-94.50827385713427,39.115640503819094],[-94.50826338279506,39.11573552725563],[-94.5082672597846,39.11573566483658],[-94.50858326373759,39.11574591483234],[-94.50894241383276,39.115756344859236],[-94.50894629155609,39.11575645896491],[-94.50895083124999,39.1156551660579],[-94.50895757362653,39.11555288911251]]]},"properties":{"KIVAPIN":"45499","ADDRESS":"405 N Belmont Blvd","OWN_NAME":"Nieto Norma T Acevedo"}},{"type":"Feature","geometry":{"type":"Polygon","coordinates":[[[-94.51148690507524,39.109553819959324],[-94.5111047018771,39.109539465055725],[-94.51110023784928,39.109539305316225],[-94.51109458478821,39.1096352896351],[-94.5110989607203,39.109635472835876],[-94.51148101834247,39.109649919294974],[-94.51148690507524,39.109553819959324]]]},"properties":{"KIVAPIN":"46122","ADDRESS":"323 White Ave","OWN_NAME":"Hamilton Dawn E"}},{"type":"Feature","geometry":{"type":"Polygon","coordinates":[[[-94.51147510075681,39.109746018631775],[-94.51109327827066,39.10973138908595],[-94.5110888729678,39.10973122934043],[-94.51108333707086,39.10982542952534],[-94.51108900523832,39.109825657792946],[-94.51146933044289,39.10984033326113],[-94.51147510075681,39.109746018631775]]]},"properties":{"KIVAPIN":"46124","ADDRESS":"315 White Ave","OWN_NAME":"Oliva Isidro & Lucero"}},{"type":"Feature","geometry":{"type":"Polygon","coordinates":[[[-94.51735549407198,39.11198688607516],[-94.51723883765392,39.111983013672734],[-94.51722123693004,39.11231345856357],[-94.51733642549645,39.112317674411315],[-94.51733660095722,39.1123145854981],[-94.51735549407198,39.11198688607516]]]},"properties":{"KIVAPIN":"44841","ADDRESS":"5503 St John Ave","OWN_NAME":"Wheeler Bernard Jerome"}},{"type":"Feature","geometry":{"type":"Polygon","coordinates":[[[-94.51028028548176,39.11630996871373],[-94.51027350068995,39.11630974050549],[-94.50981971275654,39.1162944038265],[-94.50981583573353,39.116294267441226],[-94.50981091287234,39.11637725589941],[-94.51026869585301,39.116392751853],[-94.51027603871047,39.11639300289295],[-94.51028028548176,39.11630996871373]]]},"properties":{"KIVAPIN":"45597","ADDRESS":"415 N Wheeling Ave","OWN_NAME":"Yepez Abel & Yolanda"}},{"type":"Feature","geometry":{"type":"Polygon","coordinates":[[[-94.51477902498928,39.10958280501038],[-94.51433529481903,39.10956856000354],[-94.51433094825593,39.10956840037327],[-94.51432687988213,39.10963676770169],[-94.51432442122486,39.10967774783047],[-94.51432862094744,39.10967788402633],[-94.51477232316289,39.1096921067532],[-94.51477481093468,39.109651150064046],[-94.51477902498928,39.10958280501038]]]},"properties":{"KIVAPIN":"44894","ADDRESS":"316 Topping Ave","OWN_NAME":"Herron Clemon III"}},{"type":"Feature","geometry":{"type":"Polygon","coordinates":[[[-94.51092560874007,39.11616855292032],[-94.51092173098753,39.116168416571895],[-94.51046862007183,39.11615294507119],[-94.51046471441825,39.11615280756603],[-94.51046046788645,39.11623593384871],[-94.51045976428594,39.116249753240346],[-94.51046370078465,39.11624989074292],[-94.51091663607856,39.116265270184364],[-94.51092054247353,39.116265407674305],[-94.51092130325445,39.11625156482192],[-94.51092560874007,39.11616855292032]]]},"properties":{"KIVAPIN":"45605","ADDRESS":"408 N Wheeling Ave","OWN_NAME":"Young Carl D & Carly S"}},{"type":"Feature","geometry":{"type":"Polygon","coordinates":[[[-94.51146332571325,39.10993803367658],[-94.51108194266162,39.10992301565184],[-94.51107756671186,39.10992283302245],[-94.5110719135038,39.11001826934222],[-94.51107637756525,39.11001845139143],[-94.51145743891303,39.11003411069608],[-94.51146332571325,39.10993803367658]]]},"properties":{"KIVAPIN":"46126","ADDRESS":"309 White Ave","OWN_NAME":"Kinsman Joseph & Gilliland Ashley"}},{"type":"Feature","geometry":{"type":"Polygon","coordinates":[[[-94.51144566309148,39.11022644663084],[-94.51106542348275,39.11020895733],[-94.51106066498762,39.11020877359224],[-94.51105454377988,39.110311967064405],[-94.51143933612788,39.110329638999],[-94.51144566309148,39.11022644663084]]]},"properties":{"KIVAPIN":"46129","ADDRESS":"301 White Ave","OWN_NAME":"Japi LLC"}},{"type":"Feature","geometry":{"type":"Polygon","coordinates":[[[-94.51224567408529,39.110101093768925],[-94.51224170929076,39.110100956329326],[-94.51187113475603,39.110088456623345],[-94.51186806017085,39.11014286655983],[-94.5118664495929,39.110170895524874],[-94.5118703248161,39.11017103298633],[-94.51223702457061,39.11018346503152],[-94.51224093136648,39.11018360190532],[-94.51224567408529,39.110101093768925]]]},"properties":{"KIVAPIN":"46190","ADDRESS":"305 Barat Ave","OWN_NAME":"Gardon Inc"}},{"type":"Feature","geometry":{"type":"Polygon","coordinates":[[[-94.50974426796913,39.11678773996751],[-94.50974039018477,39.11678760243575],[-94.50929608635805,39.11677288070412],[-94.50929204433776,39.11685845400226],[-94.50973916837305,39.116873245299416],[-94.50974426796913,39.11678773996751]]]},"properties":{"KIVAPIN":"45590","ADDRESS":"428 N Belmont Blvd","OWN_NAME":"Smith Mark Glen"}},{"type":"Feature","geometry":{"type":"Polygon","coordinates":[[[-94.51026341538437,39.1166390851693],[-94.50979632008034,39.11662356652591],[-94.50979142652261,39.11670639423969],[-94.51025919792181,39.11672195917622],[-94.51026341538437,39.1166390851693]]]},"properties":{"KIVAPIN":"45593","ADDRESS":"423 N Wheeling Ave","OWN_NAME":"Smith Vickie"}},{"type":"Feature","geometry":{"type":"Polygon","coordinates":[[[-94.51637642859332,39.11006660952986],[-94.51593198974551,39.11005351473383],[-94.5159280249518,39.110053400872296],[-94.51592155983624,39.11016283935176],[-94.51592549600159,39.11016295321743],[-94.51636984596618,39.11017607035904],[-94.51637642859332,39.11006660952986]]]},"properties":{"KIVAPIN":"44728","ADDRESS":"311 Oakley Ave","OWN_NAME":"Bernal -Santos Eduardo"}},{"type":"Feature","geometry":{"type":"Polygon","coordinates":[[[-94.51572100628732,39.11031884398247],[-94.51558024079989,39.11031426386723],[-94.51557690555296,39.110369041168575],[-94.51557076044675,39.110470563446114],[-94.51557055491111,39.110474109974746],[-94.515711320731,39.11047875817141],[-94.51571149621752,39.11047548621446],[-94.5157176704148,39.11037362071585],[-94.51572100628732,39.11031884398247]]]},"properties":{"KIVAPIN":"44737","ADDRESS":"5617 Anderson Ave","OWN_NAME":"Padilla Rodney J Jr"}},{"type":"Feature","geometry":{"type":"Polygon","coordinates":[[[-94.51524004735155,39.11024758884703],[-94.51479255369476,39.11023320879041],[-94.51478864762537,39.11023307142998],[-94.51478197368651,39.11034253389419],[-94.51478588049615,39.110342671254706],[-94.51523346295008,39.110357050753024],[-94.51524004735155,39.11024758884703]]]},"properties":{"KIVAPIN":"44740","ADDRESS":"303 Lawndale Ave","OWN_NAME":"Zavala Marco A"}},{"type":"Feature","geometry":{"type":"Polygon","coordinates":[[[-94.51525052435564,39.11007248240489],[-94.5148035597104,39.110058125201476],[-94.51479935996412,39.11005798787872],[-94.51479535018775,39.110123655293044],[-94.51479403316517,39.110145506484756],[-94.51479808680745,39.11014564382625],[-94.51524525759018,39.11016002390409],[-94.51524660310815,39.11013817270366],[-94.51525052435564,39.11007248240489]]]},"properties":{"KIVAPIN":"44742","ADDRESS":"311 Lawndale Ave","OWN_NAME":"Manzanares Lazaro & Gloria"}},{"type":"Feature","geometry":{"type":"Polygon","coordinates":[[[-94.51084287616558,39.11792821870461],[-94.5103889000846,39.11791327380609],[-94.51038406907281,39.11801788387396],[-94.51083352180035,39.11803278402218],[-94.5108373989206,39.118032920373544],[-94.51084287616558,39.11792821870461]]]},"properties":{"KIVAPIN":"45641","ADDRESS":"6046 Gladstone Blvd","OWN_NAME":"Scott Sarah"}},{"type":"Feature","geometry":{"type":"Polygon","coordinates":[[[-94.51086147426759,39.11739601422111],[-94.51085759718202,39.117395876726476],[-94.51040582889655,39.11738118222959],[-94.51040195181285,39.11738104586383],[-94.51039776367888,39.117462821592554],[-94.51039741218318,39.11746938836333],[-94.51040131937783,39.11746952529857],[-94.5108529700367,39.117484424605244],[-94.5108568471271,39.11748456210002],[-94.51085719858021,39.11747799532788],[-94.51086147426759,39.11739601422111]]]},"properties":{"KIVAPIN":"45645","ADDRESS":"444 N Wheeling Ave","OWN_NAME":"Perez-Aguilar Longino & Zavala Elba"}},{"type":"Feature","geometry":{"type":"Polygon","coordinates":[[[-94.51696801804563,39.11184741692725],[-94.51696414125246,39.11184728020752],[-94.51650758927629,39.11183027620985],[-94.51650371395355,39.111830140046635],[-94.51649850494184,39.11191681210312],[-94.5169414307811,39.111933772355606],[-94.51696383537997,39.11191898877192],[-94.51696801804563,39.11184741692725]]]},"properties":{"KIVAPIN":"44850","ADDRESS":"110 Oakley Ave","OWN_NAME":"Diaz Teresa G"}},{"type":"Feature","geometry":{"type":"Polygon","coordinates":[[[-94.51188009465272,39.109932500597374],[-94.51165304474853,39.1099249728956],[-94.51164902049376,39.10992483658584],[-94.5116409048926,39.1100344591849],[-94.51164492695092,39.11003459549518],[-94.51187382746917,39.11004235183069],[-94.51187587718475,39.11000606347594],[-94.51188009465272,39.109932500597374]]]},"properties":{"KIVAPIN":"46132","ADDRESS":"308 White Ave","OWN_NAME":"Flores Pablo & Miriam"}},{"type":"Feature","geometry":{"type":"Polygon","coordinates":[[[-94.51375876133788,39.10941022610831],[-94.51338748461295,39.10939791377661],[-94.51338250773817,39.1094812010826],[-94.51375384352922,39.1094929637152],[-94.51375680013669,39.10944356402869],[-94.51375876133788,39.10941022610831]]]},"properties":{"KIVAPIN":"46153","ADDRESS":"326 Bellaire Ave","OWN_NAME":"Navarro Paul A"}},{"type":"Feature","geometry":{"type":"Polygon","coordinates":[[[-94.51375384352922,39.1094929637152],[-94.51338250773817,39.1094812010826],[-94.51337755930393,39.10956352568033],[-94.5137489256245,39.109575266016236],[-94.5137509162726,39.10954229418375],[-94.51375384352922,39.1094929637152]]]},"properties":{"KIVAPIN":"46154","ADDRESS":"324 Bellaire Ave","OWN_NAME":"Urban View LLC"}},{"type":"Feature","geometry":{"type":"Polygon","coordinates":[[[-94.51642162906104,39.10930998507701],[-94.5159768414153,39.10929517444977],[-94.51597290602705,39.10929503713302],[-94.51596965847692,39.10934970003987],[-94.51596562179638,39.10941804511494],[-94.51596240359801,39.10947268399171],[-94.5159663382619,39.10947282130891],[-94.51641100883526,39.1094877229428],[-94.51641425605119,39.109433061741065],[-94.51641838113842,39.10936471606621],[-94.51642162906104,39.10930998507701]]]},"properties":{"KIVAPIN":"44855","ADDRESS":"333 Oakley Ave","OWN_NAME":"Garcia Javier & Aide"}},{"type":"Feature","geometry":{"type":"Polygon","coordinates":[[[-94.51485355377518,39.11667844877486],[-94.51440963175129,39.11666184739094],[-94.5144052847476,39.11666166488312],[-94.51440253312882,39.116707312076365],[-94.51439978222682,39.11675289062723],[-94.51484393980562,39.11676956066023],[-94.51484796372175,39.11676969800361],[-94.51485077306877,39.116724073101615],[-94.51485355377518,39.11667844877486]]]},"properties":{"KIVAPIN":"42564","ADDRESS":"421 N Lawndale Ave","OWN_NAME":"Two Door Capital LLC"}},{"type":"Feature","geometry":{"type":"Polygon","coordinates":[[[-94.51484237365372,39.11686094608666],[-94.51439830216599,39.11684436755984],[-94.5143942488751,39.1168442307766],[-94.51439012215165,39.11691266724275],[-94.51438596458011,39.11698110371179],[-94.51439004651606,39.11698124049177],[-94.51483397201773,39.116997887710035],[-94.51483818642168,39.11692940545677],[-94.51484237365372,39.11686094608666]]]},"properties":{"KIVAPIN":"42566","ADDRESS":"425 N Lawndale Ave","OWN_NAME":"Stanley Jerry B & Terry F"}},{"type":"Feature","geometry":{"type":"Polygon","coordinates":[[[-94.51483397201773,39.116997887710035],[-94.51439004651606,39.11698124049177],[-94.51438596458011,39.11698110371179],[-94.51438180774893,39.117049609393625],[-94.51437768101069,39.11711809104617],[-94.51438173358292,39.11711822783008],[-94.51482557109307,39.11713487451872],[-94.51482978698199,39.1170663928392],[-94.51483397201773,39.116997887710035]]]},"properties":{"KIVAPIN":"42567","ADDRESS":"431 N Lawndale Ave","OWN_NAME":"Stanley Barbara L & Gary A"}},{"type":"Feature","geometry":{"type":"Polygon","coordinates":[[[-94.5148205664974,39.11721704005601],[-94.51437663962832,39.11720041566821],[-94.51437267443194,39.117200278873355],[-94.51436933793622,39.11725510069271],[-94.51436769794752,39.11728246669545],[-94.51437157503352,39.11728260350132],[-94.51481162533898,39.1172991368782],[-94.51481550095818,39.11729927366952],[-94.51481720025176,39.11727190822505],[-94.5148205664974,39.11721704005601]]]},"properties":{"KIVAPIN":"42569","ADDRESS":"435 N Lawndale Ave","OWN_NAME":"Land Bank of Kansas City Missouri"}},{"type":"Feature","geometry":{"type":"Polygon","coordinates":[[[-94.51480490618421,39.117472732464925],[-94.5143571894592,39.11745592658415],[-94.51435692534969,39.11746070809532],[-94.51435276847614,39.11752928184036],[-94.51435273923899,39.11752994538208],[-94.51480036905545,39.117546775315404],[-94.51480039755398,39.117546111201655],[-94.51480458336658,39.11747753858123],[-94.51480490618421,39.117472732464925]]]},"properties":{"KIVAPIN":"42572","ADDRESS":"443 N Lawndale Ave","OWN_NAME":"Miller Don M & Karen S"}},{"type":"Feature","geometry":{"type":"Polygon","coordinates":[[[-94.51410981103363,39.10975188444403],[-94.51410584625506,39.10975174706781],[-94.51373914854442,39.109740007319196],[-94.5137342599876,39.10982237939865],[-94.5137334116979,39.10983610789171],[-94.51410005042503,39.10984780133197],[-94.51410398657448,39.10984793813981],[-94.51410480542391,39.109834209647666],[-94.51410981103363,39.10975188444403]]]},"properties":{"KIVAPIN":"46145","ADDRESS":"315 Topping Ave","OWN_NAME":"Beatty Patricia E & Charlotte"}},{"type":"Feature","geometry":{"type":"Polygon","coordinates":[[[-94.5115285564133,39.108874946735035],[-94.51114485915501,39.10886095819949],[-94.51114036580175,39.10886079846431],[-94.51113392207488,39.108970557600365],[-94.5111383860704,39.10897073964726],[-94.51152181963124,39.10898486608582],[-94.5115285564133,39.108874946735035]]]},"properties":{"KIVAPIN":"46079","ADDRESS":"341 White Ave","OWN_NAME":"Glennco Inc"}},{"type":"Feature","geometry":{"type":"Polygon","coordinates":[[[-94.51152181963124,39.10898486608582],[-94.5111383860704,39.10897073964726],[-94.51113392207488,39.108970557600365],[-94.51112785893172,39.109072789533144],[-94.51113241103472,39.10907294811917],[-94.51151555146566,39.10908707460605],[-94.51152181963124,39.10898486608582]]]},"properties":{"KIVAPIN":"46080","ADDRESS":"339 White Ave","OWN_NAME":"Byrd Shawn & Helen"}},{"type":"Feature","geometry":{"type":"Polygon","coordinates":[[[-94.51002503131382,39.11017626288044],[-94.50965363303888,39.11016416747662],[-94.50964786233999,39.1102629437366],[-94.51001931870594,39.11027718993502],[-94.51002503131382,39.11017626288044]]]},"properties":{"KIVAPIN":"46081","ADDRESS":"300 Belmont Blvd","OWN_NAME":"Paez Rafael & Angelica"}},{"type":"Feature","geometry":{"type":"Polygon","coordinates":[[[-94.51412178336207,39.10955444581475],[-94.5141178479631,39.10955430900741],[-94.5137509162726,39.10954229418375],[-94.5137489256245,39.109575266016236],[-94.51374503168039,39.10964113988423],[-94.51411184709708,39.109652925933695],[-94.5141158118699,39.10965306216564],[-94.51411979360238,39.10958732613072],[-94.51412178336207,39.10955444581475]]]},"properties":{"KIVAPIN":"46147","ADDRESS":"319 Topping Ave","OWN_NAME":"Akers Shirley A"}},{"type":"Feature","geometry":{"type":"Polygon","coordinates":[[[-94.51189204200341,39.10972398854008],[-94.51166836943797,39.109716620115876],[-94.51166437603197,39.10971648380356],[-94.51165678580168,39.109819378870434],[-94.51166081005061,39.10981951632397],[-94.51188227957962,39.10982697536566],[-94.51188615625234,39.10982711225443],[-94.51189007941056,39.10975869926681],[-94.51189204200341,39.10972398854008]]]},"properties":{"KIVAPIN":"46134","ADDRESS":"316 White Ave","OWN_NAME":"Barreda Natalie & Beaulieu Natalie"}},{"type":"Feature","geometry":{"type":"Polygon","coordinates":[[[-94.51004673969538,39.10979193522735],[-94.50967599029158,39.10977995424125],[-94.50967039329181,39.10987600712449],[-94.51004129003434,39.10988794235421],[-94.51004673969538,39.10979193522735]]]},"properties":{"KIVAPIN":"46085","ADDRESS":"314 Belmont Blvd","OWN_NAME":"Abbott Anthony & Barbara A"}},{"type":"Feature","geometry":{"type":"Polygon","coordinates":[[[-94.51005215922903,39.109695858315305],[-94.50968158583255,39.10968408268546],[-94.50967599029158,39.10977995424125],[-94.51004673969538,39.10979193522735],[-94.51005215922903,39.109695858315305]]]},"properties":{"KIVAPIN":"46086","ADDRESS":"316 Belmont Blvd","OWN_NAME":"Abbott Anthony & Barbara A"}},{"type":"Feature","geometry":{"type":"Polygon","coordinates":[[[-94.51007925671655,39.109215751727405],[-94.50970953752937,39.109204113967444],[-94.50970394133599,39.109300030149804],[-94.50970074770788,39.10935489765965],[-94.50970465371573,39.10935501173788],[-94.51007076138134,39.10936664982499],[-94.5100738372529,39.10931180462394],[-94.51007925671655,39.109215751727405]]]},"properties":{"KIVAPIN":"46090","ADDRESS":"328 Belmont Blvd","OWN_NAME":"Hulme Robert J & Alyssa G"}},{"type":"Feature","geometry":{"type":"Polygon","coordinates":[[[-94.51049216145127,39.10951998113507],[-94.51010725671256,39.10950541785063],[-94.51010320458455,39.10950528091789],[-94.51009775502872,39.1096013343854],[-94.51010183726498,39.10960147188772],[-94.51048671241227,39.10961596712253],[-94.51049216145127,39.10951998113507]]]},"properties":{"KIVAPIN":"46097","ADDRESS":"317 Wheeling Ave","OWN_NAME":"Duong Dung Thanh"}},{"type":"Feature","geometry":{"type":"Polygon","coordinates":[[[-94.51047033881835,39.1099042179486],[-94.5100854319975,39.109889678045995],[-94.51008140848181,39.109889540538035],[-94.51007596033544,39.109985594570084],[-94.5100800124908,39.10998573093171],[-94.51046488973375,39.1100002948793],[-94.51047033881835,39.1099042179486]]]},"properties":{"KIVAPIN":"46101","ADDRESS":"307 Wheeling Ave","OWN_NAME":"Herrera Joel"}},{"type":"Feature","geometry":{"type":"Polygon","coordinates":[[[-94.5144177240672,39.11558329923327],[-94.51397548285992,39.11556889195344],[-94.51397107792161,39.115568733460975],[-94.5139668613173,39.11563735183899],[-94.51396270418603,39.11570599537762],[-94.51396693363674,39.1157061315828],[-94.51440949877177,39.115720492521355],[-94.51441359674264,39.11565191876023],[-94.5144177240672,39.11558329923327]]]},"properties":{"KIVAPIN":"42983","ADDRESS":"342 N Topping Ave","OWN_NAME":"Schuller Donald L & Dennis L"}},{"type":"Feature","geometry":{"type":"Polygon","coordinates":[[[-94.51443414594009,39.11530898129114],[-94.5139924343804,39.11529455170061],[-94.51398788186609,39.115294369773856],[-94.51398366601977,39.11536294353839],[-94.51397947881074,39.11543156191574],[-94.51398403132954,39.11543172210623],[-94.51442595006522,39.11544610651332],[-94.51443004800886,39.115377555057],[-94.51443414594009,39.11530898129114]]]},"properties":{"KIVAPIN":"42985","ADDRESS":"334 N Topping Ave","OWN_NAME":"Fraley Ricahrd G"}},{"type":"Feature","geometry":{"type":"Polygon","coordinates":[[[-94.51444239905169,39.11517183374943],[-94.51400083665993,39.11515735841061],[-94.51399625478797,39.115157198224296],[-94.51399206906306,39.11522577255915],[-94.51398788186609,39.115294369773856],[-94.5139924343804,39.11529455170061],[-94.51443414594009,39.11530898129114],[-94.51443830112694,39.11524036118394],[-94.51444239905169,39.11517183374943]]]},"properties":{"KIVAPIN":"42986","ADDRESS":"330 N Topping Ave","OWN_NAME":"Esquivel Ofelia &Jose Antonio Melendez"}},{"type":"Feature","geometry":{"type":"Polygon","coordinates":[[[-94.51447366113831,39.114650540360856],[-94.51403251244248,39.1146360416365],[-94.51402813546416,39.11463588314282],[-94.51402561849929,39.11467709089943],[-94.51402143209232,39.11474564236044],[-94.51401721631547,39.11481423844127],[-94.5140130298923,39.11488278990037],[-94.5140174641633,39.11488297184035],[-94.51445884936089,39.11489747001963],[-94.51446294722705,39.11482884991379],[-94.5144670751996,39.11476027613656],[-94.51447117305958,39.11469170350614],[-94.51447366113831,39.114650540360856]]]},"properties":{"KIVAPIN":"42989","ADDRESS":"314 N Topping Ave","OWN_NAME":"Gentile Praiya"}},{"type":"Feature","geometry":{"type":"Polygon","coordinates":[[[-94.51447857854616,39.11456821464855],[-94.5140374303629,39.11455371708653],[-94.51403317161042,39.1145535808874],[-94.51402983498932,39.11460847079193],[-94.51402813546416,39.11463588314282],[-94.51403251244248,39.1146360416365],[-94.51447366113831,39.114650540360856],[-94.51447530028192,39.11462312972711],[-94.51447857854616,39.11456821464855]]]},"properties":{"KIVAPIN":"42990","ADDRESS":"312 N Topping Ave","OWN_NAME":"Lopez Angel Zelaya & Santos Suyapa Amaya"}},{"type":"Feature","geometry":{"type":"Polygon","coordinates":[[[-94.51046488973375,39.1100002948793],[-94.5100800124908,39.10998573093171],[-94.51007596033544,39.109985594570084],[-94.51007051072514,39.110081784168266],[-94.51007453425174,39.11008192167662],[-94.51045944211288,39.11009643987796],[-94.51046488973375,39.1100002948793]]]},"properties":{"KIVAPIN":"46102","ADDRESS":"305 Wheeling Ave","OWN_NAME":"Perez Clemente & Avalos Blanca E"}},{"type":"Feature","geometry":{"type":"Polygon","coordinates":[[[-94.51351786460664,39.11147244233603],[-94.51351398710639,39.11147230550164],[-94.51339944703489,39.1114682688471],[-94.51303638217021,39.11145565700977],[-94.51303093587345,39.11154859881342],[-94.51303481337692,39.11154873566385],[-94.51339382499415,39.111561188379],[-94.51339388446695,39.11156118837219],[-94.51350842467981,39.11156517927083],[-94.51351236092356,39.11156531552657],[-94.51351300495918,39.111554378502],[-94.51351786460664,39.11147244233603]]]},"properties":{"KIVAPIN":"46064","ADDRESS":"116 Bellaire Ave","OWN_NAME":"DCN Investments LLC"}},{"type":"Feature","geometry":{"type":"Polygon","coordinates":[[[-94.51362662611498,39.11166238424573],[-94.51350682711808,39.11165816526618],[-94.51338832187545,39.11165406041821],[-94.51338820513242,39.11165406043162],[-94.51302936777994,39.11164154018195],[-94.51302543226687,39.111641402765805],[-94.513019986659,39.11173425361531],[-94.51302392144287,39.11173439045972],[-94.51338258305358,39.11174693419875],[-94.5136211511908,39.111755235126374],[-94.51362627401086,39.111667899095075],[-94.51362662611498,39.11166238424573]]]},"properties":{"KIVAPIN":"46067","ADDRESS":"112 Bellaire Ave","OWN_NAME":"Chaffin Cindy"}},{"type":"Feature","geometry":{"type":"Polygon","coordinates":[[[-94.51054312883805,39.10862264345397],[-94.51015511525148,39.10860828653207],[-94.51014837631861,39.10871790778821],[-94.51053691914109,39.10873233389842],[-94.51054312883805,39.10862264345397]]]},"properties":{"KIVAPIN":"46070","ADDRESS":"343 Wheeling Ave","OWN_NAME":"Sfr3-040 LLC"}},{"type":"Feature","geometry":{"type":"Polygon","coordinates":[[[-94.51049760974155,39.109423996861906],[-94.51011267615216,39.10940941071702],[-94.51010865266372,39.10940927320996],[-94.51010320458455,39.10950528091789],[-94.51010725671256,39.10950541785063],[-94.51049216145127,39.10951998113507],[-94.51049760974155,39.109423996861906]]]},"properties":{"KIVAPIN":"46096","ADDRESS":"323 Wheeling Ave","OWN_NAME":"Lopez Brigida"}},{"type":"Feature","geometry":{"type":"Polygon","coordinates":[[[-94.51048126483356,39.1097119977253],[-94.51009633042472,39.10969747902521],[-94.51009230618581,39.109697342089696],[-94.51008685659384,39.1097933492202],[-94.51009088083828,39.10979348672793],[-94.51047578714063,39.109808050637525],[-94.51048126483356,39.1097119977253]]]},"properties":{"KIVAPIN":"46099","ADDRESS":"311 Wheeling Ave","OWN_NAME":"Esparza Maria Concepcion Saaverda"}},{"type":"Feature","geometry":{"type":"Polygon","coordinates":[[[-94.51102847624072,39.110016258817474],[-94.5106447737231,39.110002909869955],[-94.51064063272545,39.11000277296403],[-94.51063500912085,39.11009884934496],[-94.51062935468107,39.1101950407021],[-94.51063340831458,39.11019515473574],[-94.5110171416975,39.11020671845422],[-94.51102285364288,39.11011071126231],[-94.51102847624072,39.110016258817474]]]},"properties":{"KIVAPIN":"46106","ADDRESS":"302 Wheeling Ave","OWN_NAME":"Alonzo Ruben"}},{"type":"Feature","geometry":{"type":"Polygon","coordinates":[[[-94.50975486879209,39.11698430540786],[-94.5097525190572,39.116984214653954],[-94.5092906783964,39.116969013302715],[-94.50928680060315,39.116968876899925],[-94.50928161777112,39.11707909329277],[-94.50928549336756,39.11707922969592],[-94.50974710050214,39.11709438532563],[-94.50974942013174,39.11709445377354],[-94.50975486879209,39.11698430540786]]]},"properties":{"KIVAPIN":"45622","ADDRESS":"432 N Belmont Blvd","OWN_NAME":"Bui Thu Thuy"}},{"type":"Feature","geometry":{"type":"Polygon","coordinates":[[[-94.50990595743596,39.117210010622365],[-94.5097439722075,39.11720473827657],[-94.50972721679537,39.11753316874768],[-94.50988920274894,39.11753825749938],[-94.50990595743596,39.117210010622365]]]},"properties":{"KIVAPIN":"45630","ADDRESS":"6109 Gladstone Blvd","OWN_NAME":"Bernal Erika"}},{"type":"Feature","geometry":{"type":"Polygon","coordinates":[[[-94.51475926825621,39.10990393751349],[-94.51431597663726,39.109889851971076],[-94.51431177690662,39.109889738083425],[-94.51430527917131,39.109999017459955],[-94.51430941944145,39.10999915366378],[-94.51475253627588,39.110013285586284],[-94.51475926825621,39.10990393751349]]]},"properties":{"KIVAPIN":"44747","ADDRESS":"310 Topping Ave","OWN_NAME":"Gardon Inc"}},{"type":"Feature","geometry":{"type":"Polygon","coordinates":[[[-94.51349502957441,39.111855101510564],[-94.51337628830443,39.11185095034451],[-94.51335605518081,39.11217871849897],[-94.51347538512871,39.112182891353925],[-94.51349502957441,39.111855101510564]]]},"properties":{"KIVAPIN":"45996","ADDRESS":"5809 St John Ave","OWN_NAME":"Stang Capital LLC"}},{"type":"Feature","geometry":{"type":"Polygon","coordinates":[[[-94.51228349789083,39.11295558740912],[-94.51179351740468,39.11293662476062],[-94.5117880114363,39.113030046410145],[-94.51227367517765,39.11304891915744],[-94.51227761150565,39.113049078907444],[-94.5122792796066,39.11302306344112],[-94.51228349789083,39.11295558740912]]]},"properties":{"KIVAPIN":"45811","ADDRESS":"116 N White Ave","OWN_NAME":"Rinne Dave & Debra"}},{"type":"Feature","geometry":{"type":"Polygon","coordinates":[[[-94.51225397468177,39.11342681848213],[-94.5117657535382,39.1134058174406],[-94.5117602460133,39.11349914870289],[-94.51224403385723,39.113517105963524],[-94.51224829254797,39.11351726568067],[-94.5122489955487,39.11350639730247],[-94.51225397468177,39.11342681848213]]]},"properties":{"KIVAPIN":"45816","ADDRESS":"132 N White Ave","OWN_NAME":"Resendiz Jose & Lisa"}},{"type":"Feature","geometry":{"type":"Polygon","coordinates":[[[-94.51368843227584,39.116740117406],[-94.51368423286934,39.116739980043214],[-94.51324724180347,39.11672417481345],[-94.51324396434939,39.116792977234056],[-94.5132406876318,39.116861825414915],[-94.51324007412998,39.1168755315525],[-94.51367536110536,39.11689129124733],[-94.51367947314041,39.116891427476645],[-94.51368029435186,39.11687767669519],[-94.51368436295508,39.11680891993176],[-94.51368843227584,39.116740117406]]]},"properties":{"KIVAPIN":"45553","ADDRESS":"425 N Topping Ave","OWN_NAME":"Conner Preston Lee"}},{"type":"Feature","geometry":{"type":"Polygon","coordinates":[[[-94.51317670860985,39.11713459261812],[-94.5131725965616,39.117134456371076],[-94.51273011067393,39.11711858003887],[-94.51272648169974,39.11718733671743],[-94.51272288058455,39.11725588746638],[-94.51272678777185,39.11725602432366],[-94.5131658364606,39.11727132904063],[-94.51316997862271,39.11727146528451],[-94.51317334361944,39.11720302837976],[-94.51317670860985,39.11713459261812]]]},"properties":{"KIVAPIN":"45559","ADDRESS":"436 N Bellaire Ave","OWN_NAME":"Mejia Hugo Alexaner & Argueta Martinez Erika Yaneth"}},{"type":"Feature","geometry":{"type":"Polygon","coordinates":[[[-94.5157117325618,39.11061734622716],[-94.51555337435889,39.110612036268414],[-94.51555317097434,39.11061535399009],[-94.51554734662376,39.1107099897152],[-94.51554500552352,39.11074829109418],[-94.51570336387866,39.1107529157886],[-94.51570573353277,39.11071463556727],[-94.51571152851139,39.110620938517066],[-94.5157117325618,39.11061734622716]]]},"properties":{"KIVAPIN":"44721","ADDRESS":"5612 Anderson Ave","OWN_NAME":"Reyes Salvador A"}},{"type":"Feature","geometry":{"type":"Polygon","coordinates":[[[-94.51685313821194,39.11375270419849],[-94.51640003969119,39.11373588347601],[-94.51639595793863,39.11373574676627],[-94.5163935003802,39.113776908810664],[-94.51638943454078,39.113845482658846],[-94.51638858524977,39.11385921116184],[-94.51639278522475,39.11385934842721],[-94.51684570683372,39.113876124013785],[-94.51684649729037,39.113862372635374],[-94.51685065154352,39.11379384451998],[-94.51685313821194,39.11375270419849]]]},"properties":{"KIVAPIN":"43153","ADDRESS":"140 N Oakley Ave","OWN_NAME":"Rodriguez Xavier"}},{"type":"Feature","geometry":{"type":"Polygon","coordinates":[[[-94.518550928677,39.11337093518375],[-94.51809965403355,39.11335473855275],[-94.51809574778545,39.11335460130325],[-94.51809165350396,39.11342312945877],[-94.51808957772751,39.113457405552964],[-94.51854490613519,39.113473761742384],[-94.51854689358753,39.11343950910689],[-94.518550928677,39.11337093518375]]]},"properties":{"KIVAPIN":"43144","ADDRESS":"125 N Hardesty Ave","OWN_NAME":"Ngo Huong & Le Hoang"}},{"type":"Feature","geometry":{"type":"Polygon","coordinates":[[[-94.51667084595123,39.11678354548619],[-94.51621432224506,39.11676905836585],[-94.51621035706921,39.11676892106151],[-94.5162063202317,39.11683740276944],[-94.51620430217986,39.11687165534933],[-94.51620820788422,39.11687179266219],[-94.51666490848116,39.11688628035289],[-94.51666686829635,39.116852004892806],[-94.51667084595123,39.11678354548619]]]},"properties":{"KIVAPIN":"42485","ADDRESS":"422 N Oakley Ave","OWN_NAME":"Vargas Jesus & Veronica"}},{"type":"Feature","geometry":{"type":"Polygon","coordinates":[[[-94.5148935384561,39.116025796597356],[-94.51444474444824,39.11601052304392],[-94.51443982674239,39.11609207022093],[-94.5144356699732,39.116160369417514],[-94.51443954699772,39.11616050564917],[-94.51488035323204,39.11617692427347],[-94.51488428826667,39.11617706162695],[-94.51488844533321,39.11610873953395],[-94.5148935384561,39.116025796597356]]]},"properties":{"KIVAPIN":"42558","ADDRESS":"401 N Lawndale Ave","OWN_NAME":"Toledo Javier"}},{"type":"Feature","geometry":{"type":"Polygon","coordinates":[[[-94.5148759175746,39.11631372812594],[-94.51443132083634,39.11629717324279],[-94.51442738579588,39.11629703587402],[-94.51442322900746,39.11636535852037],[-94.51441910233052,39.116433749231945],[-94.51442306748402,39.11643388602522],[-94.51486751675932,39.11645046441086],[-94.51487170175129,39.11638209712885],[-94.5148759175746,39.11631372812594]]]},"properties":{"KIVAPIN":"42561","ADDRESS":"411 N Lawndale Ave","OWN_NAME":"Geekr LLC"}},{"type":"Feature","geometry":{"type":"Polygon","coordinates":[[[-94.5119867349001,39.11774675488537],[-94.51154574291982,39.117732361146565],[-94.51154208262716,39.11780093473916],[-94.51153842232743,39.11786950833082],[-94.51154232807788,39.11786964579996],[-94.5119761842404,39.11788383435894],[-94.51198005988607,39.11788397067246],[-94.51198339737896,39.11781526038857],[-94.5119867349001,39.11774675488537]]]},"properties":{"KIVAPIN":"45546","ADDRESS":"500 N White Ave","OWN_NAME":"Koamaka Marketing LLC"}},{"type":"Feature","geometry":{"type":"Polygon","coordinates":[[[-94.51365593603761,39.11728953083084],[-94.5136519708375,39.11728939343945],[-94.51322120384918,39.11727326762802],[-94.51321798575364,39.11734170337266],[-94.51321476757079,39.11740970495654],[-94.51364392001952,39.11742622109494],[-94.51364785585542,39.11742635791802],[-94.51365189670248,39.11735803646932],[-94.51365593603761,39.11728953083084]]]},"properties":{"KIVAPIN":"45549","ADDRESS":"441 N Topping Ave","OWN_NAME":"Martinez Rogelio"}},{"type":"Feature","geometry":{"type":"Polygon","coordinates":[[[-94.51684319716831,39.11196993801064],[-94.51672900860073,39.11196617914471],[-94.51671034850767,39.11229483884918],[-94.51682627125872,39.11229907854844],[-94.51682638727931,39.11229603597786],[-94.51684319716831,39.11196993801064]]]},"properties":{"KIVAPIN":"44837","ADDRESS":"5511 St John Ave","OWN_NAME":"Belgiere Joseph A"}},{"type":"Feature","geometry":{"type":"Polygon","coordinates":[[[-94.51056994145844,39.111176030601065],[-94.51009806412587,39.111155204701056],[-94.51009418884918,39.11115504601612],[-94.51009005876296,39.111237049478824],[-94.51009396414771,39.11123720987733],[-94.51056522577908,39.11125650227388],[-94.51056994145844,39.111176030601065]]]},"properties":{"KIVAPIN":"45918","ADDRESS":"125 Wheeling Ave","OWN_NAME":"Villela Rene Medina"}},{"type":"Feature","geometry":{"type":"Polygon","coordinates":[[[-94.51059888405634,39.110681348300204],[-94.51012301665602,39.11066107256959],[-94.51011908193087,39.11066088986593],[-94.5101148925153,39.1107434893826],[-94.51059405050673,39.11076365044388],[-94.51059888405634,39.110681348300204]]]},"properties":{"KIVAPIN":"45924","ADDRESS":"139 Wheeling Ave","OWN_NAME":"KTS Properties LLC"}},{"type":"Feature","geometry":{"type":"Polygon","coordinates":[[[-94.51061317871658,39.110437073154856],[-94.51013123542187,39.110419178169714],[-94.51012722253013,39.11049862014484],[-94.51060852180802,39.110517110673904],[-94.51061317871658,39.110437073154856]]]},"properties":{"KIVAPIN":"45927","ADDRESS":"147 Wheeling Ave","OWN_NAME":"Stephenson Elena"}},{"type":"Feature","geometry":{"type":"Polygon","coordinates":[[[-94.5145352151588,39.11361724365132],[-94.51409466023172,39.11360242418416],[-94.51409043164077,39.113602287983454],[-94.5140887622764,39.113629744953556],[-94.51408472358649,39.113698342172626],[-94.51408883543677,39.11369847838762],[-94.51452950770235,39.11371327440925],[-94.51453360544124,39.11364470062027],[-94.5145352151588,39.11361724365132]]]},"properties":{"KIVAPIN":"43210","ADDRESS":"136 N Topping Ave","OWN_NAME":"KMS Enterprises LLC"}},{"type":"Feature","geometry":{"type":"Polygon","coordinates":[[[-94.51151555146566,39.10908707460605],[-94.51113241103472,39.10907294811917],[-94.51112785893172,39.109072789533144],[-94.5111229666395,39.10915511403571],[-94.51112754885045,39.10915527376309],[-94.51151051277843,39.10916937683051],[-94.51151555146566,39.10908707460605]]]},"properties":{"KIVAPIN":"46117","ADDRESS":"337 White Ave","OWN_NAME":"Pham Le Thi"}},{"type":"Feature","geometry":{"type":"Polygon","coordinates":[[[-94.51557506151225,39.1150739189839],[-94.51513452735442,39.11505887578561],[-94.51513059091295,39.11505873844071],[-94.51512643639346,39.11512728993267],[-94.51512233914374,39.11519586372489],[-94.51512627412417,39.11519600049824],[-94.51556678049756,39.11521104373105],[-94.51557090742229,39.11514246934743],[-94.51557506151225,39.1150739189839]]]},"properties":{"KIVAPIN":"43022","ADDRESS":"326 N Lawndale Ave","OWN_NAME":"Deharo Mayra Cynthia"}},{"type":"Feature","geometry":{"type":"Polygon","coordinates":[[[-94.51559142063891,39.11480232365904],[-94.51514703984454,39.114787097976446],[-94.5151429714273,39.114852972426704],[-94.51514118627611,39.114883151072554],[-94.51514512197357,39.11488328841717],[-94.51558562640896,39.11489835446061],[-94.51558744147574,39.114868175232026],[-94.51559142063891,39.11480232365904]]]},"properties":{"KIVAPIN":"43024","ADDRESS":"318 N Lawndale Ave","OWN_NAME":"Sway Ba & Mee Thu"}},{"type":"Feature","geometry":{"type":"Polygon","coordinates":[[[-94.51560233597127,39.11462133636833],[-94.51516180388165,39.11460624751019],[-94.51515789757035,39.11460611130634],[-94.51515540989104,39.11464727332243],[-94.51515210349721,39.114702118636956],[-94.51515609719151,39.11470225597368],[-94.51559654175587,39.11471729910355],[-94.5155998779156,39.114662476081214],[-94.51560233597127,39.11462133636833]]]},"properties":{"KIVAPIN":"43026","ADDRESS":"312 N Lawndale Ave","OWN_NAME":"Miller John D"}},{"type":"Feature","geometry":{"type":"Polygon","coordinates":[[[-94.51106269054272,39.10944222625898],[-94.51067443736174,39.10942755076125],[-94.51066884308236,39.109522734232975],[-94.51067321826874,39.10952289456918],[-94.51105700719637,39.10953731823491],[-94.51106269054272,39.10944222625898]]]},"properties":{"KIVAPIN":"46112","ADDRESS":"316 Wheeling Ave","OWN_NAME":"Lara Luis Julio Flores"}},{"type":"Feature","geometry":{"type":"Polygon","coordinates":[[[-94.5136433244158,39.108396787222915],[-94.51315264120191,39.10837927126182],[-94.5131519391418,39.108390230605586],[-94.51314766339482,39.108458644263465],[-94.5131471362843,39.1084667904101],[-94.51363785023244,39.10848444424647],[-94.51363834717547,39.108476251767826],[-94.51364268117194,39.10840777001539],[-94.5136433244158,39.108396787222915]]]},"properties":{"KIVAPIN":"46209","ADDRESS":"416 Bellaire Ave","OWN_NAME":"Pizano Nicolas & Petra"}},{"type":"Feature","geometry":{"type":"Polygon","coordinates":[[[-94.5155132887761,39.11423576375535],[-94.5154011510655,39.114231934675736],[-94.51539640949568,39.11431082774078],[-94.5153922254115,39.114380476953514],[-94.51538809909192,39.114449050767675],[-94.51538397203495,39.11451764688964],[-94.51549608082723,39.11452147713345],[-94.5155002364117,39.11445287985976],[-94.51550433325751,39.11438432949823],[-94.51550854734624,39.11431472603882],[-94.5155132887761,39.11423576375535]]]},"properties":{"KIVAPIN":"43030","ADDRESS":"5616 Scarritt Ave","OWN_NAME":"Lugo Adan & Olga"}},{"type":"Feature","geometry":{"type":"Polygon","coordinates":[[[-94.51569594753745,39.1130669275673],[-94.51569204130999,39.11306679080929],[-94.51525527802981,39.11305078656661],[-94.5152513424343,39.113050650369686],[-94.5152472454202,39.11311920073809],[-94.51525112227988,39.113119338086875],[-94.51568794472713,39.11313536464556],[-94.51569185095836,39.11313550140371],[-94.51569594753745,39.1130669275673]]]},"properties":{"KIVAPIN":"43189","ADDRESS":"118 N Lawndale Ave","OWN_NAME":"KMS Enterprises LLC"}},{"type":"Feature","geometry":{"type":"Polygon","coordinates":[[[-94.5157326418539,39.112457313633215],[-94.515287923282,39.11244190490892],[-94.51528429514427,39.1125019224599],[-94.51528019820839,39.11257054090584],[-94.5152781497303,39.11260481695151],[-94.5152821719418,39.11260495370822],[-94.51572278068389,39.112621140378174],[-94.51572485831166,39.11258684144022],[-94.51572901356653,39.112518267588264],[-94.5157326418539,39.112457313633215]]]},"properties":{"KIVAPIN":"43192","ADDRESS":"5616 St John Ave","OWN_NAME":"Carrete Raymundo Mendez III"}},{"type":"Feature","geometry":{"type":"Polygon","coordinates":[[[-94.51620885593444,39.11290557116384],[-94.51576980364018,39.11289055360623],[-94.51576592605778,39.11289041627477],[-94.51576340868834,39.112931579464004],[-94.51575928355174,39.11300017561686],[-94.51576318977578,39.11300031294464],[-94.5161983365138,39.11301514859646],[-94.51620227284363,39.11301528590536],[-94.51620636892623,39.11294673435832],[-94.51620885593444,39.11290557116384]]]},"properties":{"KIVAPIN":"43197","ADDRESS":"115 N Oakley Ave","OWN_NAME":"Roybal Lupe M"}},{"type":"Feature","geometry":{"type":"Polygon","coordinates":[[[-94.51371890813265,39.11622543695448],[-94.51362080759154,39.116221879078736],[-94.51349562661616,39.11621734039128],[-94.51338413199666,39.11621328049224],[-94.51327164023746,39.11620922060006],[-94.5132659060857,39.1163297798635],[-94.51370753551224,39.11634627089816],[-94.51371173562958,39.116346407688006],[-94.51371890813265,39.11622543695448]]]},"properties":{"KIVAPIN":"45513","ADDRESS":"407 N Topping Ave","OWN_NAME":"Begulia Salvatore"}},{"type":"Feature","geometry":{"type":"Polygon","coordinates":[[[-94.51704990878494,39.11042148287189],[-94.51659292590115,39.11040637893279],[-94.51658881423712,39.11040624166195],[-94.5165828471678,39.110506232107106],[-94.51704388307542,39.110522226694364],[-94.51704990878494,39.11042148287189]]]},"properties":{"KIVAPIN":"44752","ADDRESS":"300 Oakley Ave","OWN_NAME":"Burke Craig Dwayne"}},{"type":"Feature","geometry":{"type":"Polygon","coordinates":[[[-94.5111437235234,39.108176689277535],[-94.5111397889446,39.10817657525025],[-94.51075239549706,39.108164553511195],[-94.51074650855375,39.10827474732023],[-94.51113786743821,39.10828782121024],[-94.5111437235234,39.108176689277535]]]},"properties":{"KIVAPIN":"46235","ADDRESS":"408 Wheeling Ave","OWN_NAME":"408 Wheeling Ave LLC"}},{"type":"Feature","geometry":{"type":"Polygon","coordinates":[[[-94.51137751980659,39.11712318160702],[-94.51092216985406,39.11710869595741],[-94.51091826414692,39.11710855903951],[-94.51091322636644,39.11720493270968],[-94.51091710417585,39.11720506963038],[-94.51137233799923,39.11721957876344],[-94.51137751980659,39.11712318160702]]]},"properties":{"KIVAPIN":"45651","ADDRESS":"435 N White Ave","OWN_NAME":"Lopez Angel Zelaya & Santos Suyapa Amaya"}},{"type":"Feature","geometry":{"type":"Polygon","coordinates":[[[-94.51134908641347,39.11783584663773],[-94.51089414227057,39.117820835158824],[-94.51089026442746,39.1178206982374],[-94.51088449649096,39.1179302512018],[-94.51088376429793,39.11794393445494],[-94.51088767005103,39.117944070801975],[-94.51134246740212,39.11795915096192],[-94.5113431995141,39.11794551461125],[-94.51134908641347,39.11783584663773]]]},"properties":{"KIVAPIN":"45656","ADDRESS":"505 N White Ave","OWN_NAME":"Guzman Eleodoro"}},{"type":"Feature","geometry":{"type":"Polygon","coordinates":[[[-94.51134246740212,39.11795915096192],[-94.51088767005103,39.117944070801975],[-94.51088376429793,39.11794393445494],[-94.51087901919853,39.11803424471738],[-94.51087875568811,39.11803968975821],[-94.51133734266968,39.11805497608181],[-94.51133766561192,39.11804946124829],[-94.51134246740212,39.11795915096192]]]},"properties":{"KIVAPIN":"45657","ADDRESS":"509 N White Ave","OWN_NAME":"Guzman Eleodoro"}},{"type":"Feature","geometry":{"type":"Polygon","coordinates":[[[-94.51198005988607,39.11788397067246],[-94.5119761842404,39.11788383435894],[-94.51154232807788,39.11786964579996],[-94.51153842232743,39.11786950833082],[-94.51153476202819,39.117938128254835],[-94.51153110168819,39.1180065416803],[-94.51196948054374,39.11802098150329],[-94.5119733870375,39.118021117813875],[-94.5119767238399,39.117952590004826],[-94.51198005988607,39.11788397067246]]]},"properties":{"KIVAPIN":"45545","ADDRESS":"504 N White Ave","OWN_NAME":"Be Di NA"}},{"type":"Feature","geometry":{"type":"Polygon","coordinates":[[[-94.51496191385843,39.11491534496242],[-94.51452082192807,39.11489975038085],[-94.51451668137064,39.114899613612685],[-94.51451258355253,39.11496823371956],[-94.514516666841,39.11496836992299],[-94.51495781646146,39.11498391875139],[-94.51496191385843,39.11491534496242]]]},"properties":{"KIVAPIN":"43006","ADDRESS":"321 N Lawndale Ave","OWN_NAME":"Rider Sherry"}},{"type":"Feature","geometry":{"type":"Polygon","coordinates":[[[-94.51494558370841,39.11518968529419],[-94.51450425510981,39.11517411413381],[-94.51450020191442,39.115173977354175],[-94.51449610405022,39.115242527671306],[-94.51450015724966,39.11524266502308],[-94.51494148627508,39.115258236770735],[-94.51494558370841,39.11518968529419]]]},"properties":{"KIVAPIN":"43009","ADDRESS":"329 N Lawndale Ave","OWN_NAME":"Bernal Martha E"}},{"type":"Feature","geometry":{"type":"Polygon","coordinates":[[[-94.51494148627508,39.115258236770735],[-94.51450015724966,39.11524266502308],[-94.51449610405022,39.115242527671306],[-94.51449194745074,39.11531114778071],[-94.51449600065386,39.11531128398859],[-94.51493738884822,39.11532685631621],[-94.51494148627508,39.115258236770735]]]},"properties":{"KIVAPIN":"43010","ADDRESS":"331 N Lawndale Ave","OWN_NAME":"Bernal Martha E"}},{"type":"Feature","geometry":{"type":"Polygon","coordinates":[[[-94.51554196444464,39.11562248658781],[-94.51510139677754,39.11560746557905],[-94.51509749041108,39.1156073293732],[-94.51509336446419,39.11567588085385],[-94.51508920768416,39.115744499835394],[-94.5155336825727,39.11575963420043],[-94.51553783893243,39.11569106039254],[-94.51554196444464,39.11562248658781]]]},"properties":{"KIVAPIN":"43016","ADDRESS":"342 N Lawndale Ave","OWN_NAME":"Aragonez Alma Y"}},{"type":"Feature","geometry":{"type":"Polygon","coordinates":[[[-94.51687545935371,39.11338242356561],[-94.51687152373668,39.11338228742336],[-94.51641807587751,39.11336546624828],[-94.51641395060042,39.113433994349236],[-94.51641260414577,39.1134568528711],[-94.51641671745497,39.113456989003794],[-94.51686995958121,39.11347383366629],[-94.51687133452957,39.11345099744373],[-94.51687545935371,39.11338242356561]]]},"properties":{"KIVAPIN":"43157","ADDRESS":"128 N Oakley Ave","OWN_NAME":"Gano Theodore J & Luz M"}},{"type":"Feature","geometry":{"type":"Polygon","coordinates":[[[-94.51690029623546,39.11297095795536],[-94.51689630263566,39.11297082125035],[-94.51644262170387,39.11295395444185],[-94.51643849721931,39.113022528309685],[-94.51643524917222,39.11307739654829],[-94.51643918477174,39.113077533849285],[-94.51689283639094,39.11309440067501],[-94.51689614208388,39.11303950896284],[-94.51690029623546,39.11297095795536]]]},"properties":{"KIVAPIN":"43160","ADDRESS":"118 N Oakley Ave","OWN_NAME":"Miranda Cynthia"}},{"type":"Feature","geometry":{"type":"Polygon","coordinates":[[[-94.51312998524314,39.11796669814494],[-94.51312596273931,39.11796660650341],[-94.51268820020991,39.11795299523651],[-94.51268426508493,39.11795288126159],[-94.51268288797591,39.11797578548727],[-94.51267881756944,39.11804438146585],[-94.51311948788104,39.11805867885922],[-94.51312365872695,39.1180588156735],[-94.51312840418123,39.11798980775236],[-94.51312998524314,39.11796669814494]]]},"properties":{"KIVAPIN":"45529","ADDRESS":"504 N Bellaire Ave","OWN_NAME":"Magana Zavala Esmeralda"}},{"type":"Feature","geometry":{"type":"Polygon","coordinates":[[[-94.51706719719921,39.110134213167214],[-94.5170631729222,39.11013407704436],[-94.51660595766047,39.110118905119485],[-94.51660270984874,39.11017365841481],[-94.51660110097924,39.11020097871648],[-94.51660506578753,39.11020111486378],[-94.5170622815695,39.11021624217453],[-94.51706392036421,39.110188921862175],[-94.51706719719921,39.110134213167214]]]},"properties":{"KIVAPIN":"44755","ADDRESS":"310 Oakley Ave","OWN_NAME":"Tenorio Eva Alvarez"}},{"type":"Feature","geometry":{"type":"Polygon","coordinates":[[[-94.5170721399674,39.11005211722865],[-94.51661480849822,39.110036967663866],[-94.51661087233353,39.11003683151285],[-94.51660595766047,39.110118905119485],[-94.5170631729222,39.11013407704436],[-94.51706719719921,39.110134213167214],[-94.5170721399674,39.11005211722865]]]},"properties":{"KIVAPIN":"44756","ADDRESS":"312 Oakley Ave","OWN_NAME":"Partridge Kathleen D"}},{"type":"Feature","geometry":{"type":"Polygon","coordinates":[[[-94.50888828504792,39.11717510817144],[-94.50888440798417,39.11717501751646],[-94.50847564189708,39.11716326442691],[-94.50846751867975,39.11726952150129],[-94.50888007427676,39.1172809088125],[-94.50888395134926,39.1172810229203],[-94.50888828504792,39.11717510817144]]]},"properties":{"KIVAPIN":"45479","ADDRESS":"435 N Belmont Blvd","OWN_NAME":"Contreras Delicia"}},{"type":"Feature","geometry":{"type":"Polygon","coordinates":[[[-94.50889657167563,39.11697201852408],[-94.50889269388578,39.11697190441678],[-94.50849121373494,39.11695925905297],[-94.50848355984009,39.117059934369124],[-94.50888862454867,39.11707196228091],[-94.50889250160974,39.11707207638839],[-94.50889657167563,39.11697201852408]]]},"properties":{"KIVAPIN":"45481","ADDRESS":"431 N Belmont Blvd","OWN_NAME":"Le Chau V & Tran Nam T"}},{"type":"Feature","geometry":{"type":"Polygon","coordinates":[[[-94.50890078825083,39.11686928475733],[-94.50889691120088,39.11686917065013],[-94.50849901496335,39.11685661598985],[-94.5084937935823,39.11692500656597],[-94.50849121373494,39.11695925905297],[-94.50889269388578,39.11697190441678],[-94.50889657167563,39.11697201852408],[-94.50890078825083,39.11686928475733]]]},"properties":{"KIVAPIN":"45482","ADDRESS":"429 N Belmont Blvd","OWN_NAME":"Deavila J Daniel & Mirla"}},{"type":"Feature","geometry":{"type":"Polygon","coordinates":[[[-94.51429300767438,39.11758234935119],[-94.51428904245688,39.11758221312554],[-94.51384881520829,39.117566661092795],[-94.51384811187144,39.11757851333995],[-94.51384328130574,39.11765914523458],[-94.51428738685914,39.11767428381741],[-94.5142923635661,39.117592599950015],[-94.51429300767438,39.11758234935119]]]},"properties":{"KIVAPIN":"42544","ADDRESS":"446 N Topping Ave","OWN_NAME":"Ruiz Raphael Jr"}},{"type":"Feature","geometry":{"type":"Polygon","coordinates":[[[-94.513169603629,39.11004939776263],[-94.51316566747,39.11004926035127],[-94.5127981173542,39.11003717452987],[-94.51279305227804,39.11011995786485],[-94.51316074968767,39.11013215808868],[-94.51316468511683,39.11013229435627],[-94.513169603629,39.11004939776263]]]},"properties":{"KIVAPIN":"46163","ADDRESS":"309 Bellaire Ave","OWN_NAME":"Jam Ventures LLC"}},{"type":"Feature","geometry":{"type":"Polygon","coordinates":[[[-94.51691278754713,39.112763360640336],[-94.5169088519642,39.11276322335532],[-94.51673592200112,39.112757093986474],[-94.51645493758863,39.11274715745041],[-94.51645078473182,39.11281676095411],[-94.51645466010878,39.11281689826308],[-94.51690464028135,39.11283367346728],[-94.51690854576387,39.112833809612795],[-94.51691278754713,39.112763360640336]]]},"properties":{"KIVAPIN":"43162","ADDRESS":"110 N Oakley Ave","OWN_NAME":"Chavez Jose J & Lupe G"}},{"type":"Feature","geometry":{"type":"Polygon","coordinates":[[[-94.51692873082769,39.11249899422027],[-94.51675254073623,39.11249284189644],[-94.51673592200112,39.112757093986474],[-94.5169088519642,39.11276322335532],[-94.51691278754713,39.112763360640336],[-94.51692873082769,39.11249899422027]]]},"properties":{"KIVAPIN":"43164","ADDRESS":"5512 St John Ave","OWN_NAME":"Chavez Jose J & Lupe G"}},{"type":"Feature","geometry":{"type":"Polygon","coordinates":[[[-94.5168644597996,39.1135652649299],[-94.51686031784728,39.11356512824509],[-94.51640716324891,39.113548284105136],[-94.51640578816468,39.11357118839179],[-94.51640172233817,39.11363971590952],[-94.51685499573551,39.113656559481136],[-94.51685893063382,39.11365669676804],[-94.5168630562272,39.11358816922597],[-94.5168644597996,39.1135652649299]]]},"properties":{"KIVAPIN":"43155","ADDRESS":"132 N Oakley Ave","OWN_NAME":"Glosser Wade W & Paulette"}},{"type":"Feature","geometry":{"type":"Polygon","coordinates":[[[-94.51741643901647,39.11296095236592],[-94.51696516852219,39.11294394937493],[-94.51696123219502,39.112943812663794],[-94.51695956468875,39.11297124622511],[-94.5169562590427,39.11302611505906],[-94.51740729729094,39.11304307121365],[-94.51741158460051,39.113043231309945],[-94.51741483042042,39.11298836304422],[-94.51741643901647,39.11296095236592]]]},"properties":{"KIVAPIN":"43169","ADDRESS":"115 N Drury Ave","OWN_NAME":"Martinez Adelfo & Gonzalez Maria"}},{"type":"Feature","geometry":{"type":"Polygon","coordinates":[[[-94.51740643781928,39.11313097876972],[-94.51695099348957,39.11311388539696],[-94.5169472492594,39.113177014204815],[-94.51694607905338,39.11319618778083],[-94.51739752883438,39.113213167365465],[-94.51740158192312,39.113213304616444],[-94.51740272263604,39.11319413104034],[-94.51740643781928,39.11313097876972]]]},"properties":{"KIVAPIN":"43171","ADDRESS":"119 N Drury Ave","OWN_NAME":"Macias Munoz Manuel"}},{"type":"Feature","geometry":{"type":"Polygon","coordinates":[[[-94.51738786544514,39.11344648327899],[-94.51693603163832,39.11342952659416],[-94.51693212538846,39.1134293898777],[-94.5169314525053,39.11344037268309],[-94.51693078035056,39.11345133203567],[-94.51692668494624,39.11351990648271],[-94.51692437315276,39.113558277652515],[-94.51737611893442,39.113575234395206],[-94.51738028952423,39.11357537105739],[-94.51738257097227,39.11353702276384],[-94.5173866064557,39.11346842542933],[-94.51738722126838,39.1134574660827],[-94.51738786544514,39.11344648327899]]]},"properties":{"KIVAPIN":"43174","ADDRESS":"125 N Drury Ave","OWN_NAME":"Tresenriter Frances L"}},{"type":"Feature","geometry":{"type":"Polygon","coordinates":[[[-94.51223080686734,39.11379647996843],[-94.51222663554006,39.11379634255009],[-94.51174760608,39.11377907115808],[-94.51174369835239,39.11377893483994],[-94.5117381636019,39.11387226552592],[-94.51174206986622,39.1138724024164],[-94.51221602095337,39.113888782590195],[-94.51222092434712,39.113888964549396],[-94.51222503620498,39.11388910140215],[-94.5122291081131,39.11382377674963],[-94.51223080686734,39.11379647996843]]]},"properties":{"KIVAPIN":"45820","ADDRESS":"142 N White Ave","OWN_NAME":"Mendoza Anna M"}},{"type":"Feature","geometry":{"type":"Polygon","coordinates":[[[-94.5115665087022,39.11377908926518],[-94.51156260244346,39.11377895294083],[-94.51110342628392,39.113763209934014],[-94.51110325006276,39.1137632099508],[-94.51106956227018,39.113762046813555],[-94.51106562590873,39.11376190933139],[-94.51106337193627,39.11380069165759],[-94.5110603835526,39.113852586375586],[-94.51106431845042,39.11385272271406],[-94.51109806577175,39.11385395563307],[-94.51109824272737,39.11385395561621],[-94.51156114876034,39.11386969770135],[-94.5115665087022,39.11377908926518]]]},"properties":{"KIVAPIN":"45794","ADDRESS":"143 N White Ave","OWN_NAME":"Accord Properties LLC"}},{"type":"Feature","geometry":{"type":"Polygon","coordinates":[[[-94.50943824240444,39.117194742285534],[-94.50927637399484,39.11718944639987],[-94.50926738179997,39.11737947128548],[-94.509267235454,39.11738338388409],[-94.5092672949197,39.11738889811013],[-94.50926764810237,39.117394412312784],[-94.50926826563051,39.11739992706645],[-94.509269177607,39.11740541834407],[-94.50927032308562,39.11741088615045],[-94.50927182248465,39.117416286430846],[-94.50927355538289,39.11742163978736],[-94.5092755526238,39.11742697024217],[-94.50927784577027,39.11743218798631],[-94.50928037168462,39.1174373805432],[-94.50928316266433,39.11744246039186],[-94.50928624734658,39.11744742524189],[-94.5092895376253,39.1174523443142],[-94.50929312233808,39.117457126651225],[-94.50929691116966,39.11746179342468],[-94.50930093569491,39.11746634634811],[-94.50930519517648,39.117470761968896],[-94.50930968962038,39.11747508604824],[-94.50931438964291,39.117479227066],[-94.50931929524702,39.117483207902765],[-94.50932440717006,39.11748705143904],[-94.50932969456859,39.11749073422468],[-94.50933518607737,39.11749423566477],[-94.50934082662985,39.11749759752085],[-94.50934664191782,39.117500755725075],[-94.50935263488104,39.11750372972576],[-94.50935877394792,39.11750654297795],[-94.50936505984679,39.11750915029247],[-94.50937143383415,39.1175115522459],[-94.50937795465346,39.117513748833574],[-94.50938459220154,39.11751576179448],[-94.50939129066913,39.11751756939648],[-94.50939807502198,39.117519170493544],[-94.50940494892859,39.117520542776745],[-94.5094119087174,39.11752168624632],[-94.50941317319248,39.1175218451646],[-94.50942230722868,39.11752301191064],[-94.50943824240444,39.117194742285534]]]},"properties":{"KIVAPIN":"45633","ADDRESS":"6119 Gladstone Blvd","OWN_NAME":"Brocato Jonathan J &  Abby Nicole"}},{"type":"Feature","geometry":{"type":"Polygon","coordinates":[[[-94.51376414751586,39.10931971016533],[-94.51376027086721,39.10931957276697],[-94.513396805919,39.10930755813507],[-94.5133929292717,39.109307420724505],[-94.51339237223635,39.109316390006114],[-94.51338748461295,39.10939791377661],[-94.51375876133788,39.10941022610831],[-94.51375881999924,39.10940983827426],[-94.51376268397092,39.10934476465769],[-94.51376362136867,39.10932870232572],[-94.51376364992716,39.10932831335117],[-94.51376414751586,39.10931971016533]]]},"properties":{"KIVAPIN":"46152","ADDRESS":"328 Bellaire Ave","OWN_NAME":"Martinez Quendrix Yarabith"}},{"type":"Feature","geometry":{"type":"Polygon","coordinates":[[[-94.51281829174584,39.10970663837052],[-94.51244616125192,39.109694574250824],[-94.51244138942553,39.109777082976265],[-94.51281325680706,39.109789352493785],[-94.51281829174584,39.10970663837052]]]},"properties":{"KIVAPIN":"46180","ADDRESS":"314 Barat Ave","OWN_NAME":"Zavala Miguel"}},{"type":"Feature","geometry":{"type":"Polygon","coordinates":[[[-94.51156896252684,39.108304092571],[-94.51156385174369,39.108303910604725],[-94.5111809504181,39.10828935009096],[-94.51117544670733,39.10839990997308],[-94.51155817232504,39.108413875624855],[-94.51156257754704,39.1084140359247],[-94.51156896252684,39.108304092571]]]},"properties":{"KIVAPIN":"46256","ADDRESS":"405 White Ave","OWN_NAME":"Lopez Rodrigo Macias & Mares Olga Lidia Chavez"}},{"type":"Feature","geometry":{"type":"Polygon","coordinates":[[[-94.51145743891303,39.11003411069608],[-94.51107637756525,39.11001845139143],[-94.5110719135038,39.11001826934222],[-94.51106631959804,39.11011272064236],[-94.51107113535545,39.11011290323042],[-94.51145155063192,39.11013020945045],[-94.51145743891303,39.11003411069608]]]},"properties":{"KIVAPIN":"46127","ADDRESS":"307 White Ave","OWN_NAME":"Notinregs LLC"}},{"type":"Feature","geometry":{"type":"Polygon","coordinates":[[[-94.51190387223716,39.10951801509489],[-94.51189999558143,39.10951787877868],[-94.51178660271485,39.10951413729743],[-94.511683549083,39.10951080766611],[-94.51167958432283,39.10951067135142],[-94.51167181905994,39.10961599121798],[-94.51167575445754,39.10961612753586],[-94.51189393402119,39.10962322193867],[-94.51189781068275,39.10962335882707],[-94.5118995384558,39.1095938197237],[-94.51190387223716,39.10951801509489]]]},"properties":{"KIVAPIN":"46136","ADDRESS":"324 White Ave","OWN_NAME":"Pina Sergio"}},{"type":"Feature","geometry":{"type":"Polygon","coordinates":[[[-94.51752591042784,39.1111008761153],[-94.51706487068012,39.11108504245717],[-94.51706099392865,39.11108490631267],[-94.51705692739922,39.11115338812131],[-94.51705607972173,39.1111670479933],[-94.51752093802723,39.11118304184869],[-94.51752175698013,39.111169381405645],[-94.51752591042784,39.1111008761153]]]},"properties":{"KIVAPIN":"44807","ADDRESS":"137 Drury Ave","OWN_NAME":"McCaffrey Judith S"}},{"type":"Feature","geometry":{"type":"Polygon","coordinates":[[[-94.51750023081783,39.11152833626264],[-94.51703939239596,39.11151245671362],[-94.51703551708931,39.111512319424044],[-94.51703238638481,39.111564419117904],[-94.51702919799637,39.11161786934987],[-94.51703310341216,39.11161800606326],[-94.51749000627038,39.111633771824],[-94.51749391242232,39.11163390909386],[-94.51749712982975,39.11158045884498],[-94.51750023081783,39.11152833626264]]]},"properties":{"KIVAPIN":"44812","ADDRESS":"123 Drury Ave","OWN_NAME":"Alvardo Emillo R & Theresa M"}},{"type":"Feature","geometry":{"type":"Polygon","coordinates":[[[-94.5181299170043,39.11179619531109],[-94.51766722689867,39.11177926545085],[-94.51766326199991,39.11177912933974],[-94.51766247391642,39.11179283496695],[-94.51765832010612,39.11186246140578],[-94.51765791063596,39.111869279900624],[-94.51812465361351,39.11188636876006],[-94.51812506230453,39.111879550263694],[-94.51812915617757,39.111809900365145],[-94.5181299170043,39.11179619531109]]]},"properties":{"KIVAPIN":"44815","ADDRESS":"114 Drury Ave","OWN_NAME":"Stivers Charles P & Margaret"}},{"type":"Feature","geometry":{"type":"Polygon","coordinates":[[[-94.51813477123405,39.111713915747586],[-94.51767208241121,39.111697032811485],[-94.51766814688612,39.111696895552036],[-94.51766653841642,39.11172430738378],[-94.51766326199991,39.11177912933974],[-94.51766722689867,39.11177926545085],[-94.5181299170043,39.11179619531109],[-94.51813316295632,39.11174137277491],[-94.51813477123405,39.111713915747586]]]},"properties":{"KIVAPIN":"44816","ADDRESS":"116 Drury Ave","OWN_NAME":"Glavin Lee P & Candy S"}},{"type":"Feature","geometry":{"type":"Polygon","coordinates":[[[-94.51815053217841,39.1114444021395],[-94.51768813953478,39.11142749576741],[-94.51768417318725,39.11142735965724],[-94.51768282863776,39.11145017186803],[-94.51767873406585,39.11151870003156],[-94.51814518103718,39.111535765402216],[-94.51814918777897,39.11146721435555],[-94.51815053217841,39.1114444021395]]]},"properties":{"KIVAPIN":"44819","ADDRESS":"124 Drury Ave","OWN_NAME":"Reyes Enrique"}},{"type":"Feature","geometry":{"type":"Polygon","coordinates":[[[-94.51815640959713,39.11134386365285],[-94.5176901401088,39.11132682060813],[-94.51768689383232,39.11138164256396],[-94.51768417318725,39.11142735965724],[-94.51768813953478,39.11142749576741],[-94.51815053217841,39.1114444021395],[-94.51815319305634,39.11139870906947],[-94.51815640959713,39.11134386365285]]]},"properties":{"KIVAPIN":"44820","ADDRESS":"128 Drury Ave","OWN_NAME":"Crutcher Karen R"}},{"type":"Feature","geometry":{"type":"Polygon","coordinates":[[[-94.51154137779385,39.114195908926284],[-94.51153747004355,39.114195772029234],[-94.51108454777061,39.114179799523896],[-94.51108067012659,39.11417966203666],[-94.5110757201736,39.11426210201765],[-94.51107070999963,39.11434454143096],[-94.51107461775733,39.11434467891568],[-94.51152795156135,39.114360810438825],[-94.51153185932084,39.11436094790819],[-94.5115366325045,39.114278371214965],[-94.51154137779385,39.114195908926284]]]},"properties":{"KIVAPIN":"45681","ADDRESS":"307 N White Ave","OWN_NAME":"Marquez Enrique & Juana"}},{"type":"Feature","geometry":{"type":"Polygon","coordinates":[[[-94.51090393799024,39.11658338133391],[-94.51090006021492,39.11658324441276],[-94.51044738726475,39.1165680931186],[-94.51044348158837,39.11656795618479],[-94.5104392636067,39.11665083019926],[-94.5104432001276,39.11665096713048],[-94.51089569736466,39.116666026934546],[-94.51089960378162,39.11666616385319],[-94.51090393799024,39.11658338133391]]]},"properties":{"KIVAPIN":"45609","ADDRESS":"420 N Wheeling Ave","OWN_NAME":"King Frances L M"}},{"type":"Feature","geometry":{"type":"Polygon","coordinates":[[[-94.51757103227183,39.11031693186426],[-94.51711187697877,39.11030009192876],[-94.5171078534262,39.11029995466329],[-94.51710621465129,39.11032729728439],[-94.51709433918408,39.11052400514228],[-94.5175572556804,39.110540066637554],[-94.51756933568369,39.11034432083378],[-94.51757103227183,39.11031693186426]]]},"properties":{"KIVAPIN":"44771","ADDRESS":"301 Drury Ave","OWN_NAME":"Tha Yoe & Paw Sha Ma"}},{"type":"Feature","geometry":{"type":"Polygon","coordinates":[[[-94.517008645012,39.111152113286664],[-94.51700476825697,39.111151977140274],[-94.51654516811755,39.111136163525764],[-94.51654110109158,39.111204669340594],[-94.51654025184544,39.111218329208974],[-94.51654415944081,39.11121846536642],[-94.51700384822202,39.11123427897171],[-94.51700463790084,39.11122059622805],[-94.517008645012,39.111152113286664]]]},"properties":{"KIVAPIN":"44796","ADDRESS":"132 Oakley Ave","OWN_NAME":"Leon Carlos"}},{"type":"Feature","geometry":{"type":"Polygon","coordinates":[[[-94.5115469417627,39.11409990178926],[-94.51108644177293,39.114083609140295],[-94.51108067012659,39.11417966203666],[-94.51108454777061,39.114179799523896],[-94.51153747004355,39.114195772029234],[-94.51154137779385,39.114195908926284],[-94.5115469417627,39.11409990178926]]]},"properties":{"KIVAPIN":"45682","ADDRESS":"301 N White Ave","OWN_NAME":"Kitivoravong Scott"}},{"type":"Feature","geometry":{"type":"Polygon","coordinates":[[[-94.51098339065805,39.11508519587817],[-94.51097948359387,39.11508505839036],[-94.51052499833976,39.11506887850735],[-94.51052103327018,39.11506874100941],[-94.51051628745411,39.11515111286575],[-94.51052022315737,39.115151249222485],[-94.51097465021225,39.11516752122389],[-94.5109785859175,39.11516765870918],[-94.51098339065805,39.11508519587817]]]},"properties":{"KIVAPIN":"45688","ADDRESS":"330 N Wheeling Ave","OWN_NAME":"Parra Mata Jorge Luis & Parra Guadalupe"}},{"type":"Feature","geometry":{"type":"Polygon","coordinates":[[[-94.5103171539415,39.115556002324],[-94.51031324758704,39.11555586595786],[-94.50985643928746,39.115540621209284],[-94.50985250356368,39.11554048368614],[-94.50984766884697,39.11562301453652],[-94.5103123785012,39.11563848857095],[-94.5103171539415,39.115556002324]]]},"properties":{"KIVAPIN":"45701","ADDRESS":"345 N Wheeling Ave","OWN_NAME":"MGDG LLC"}},{"type":"Feature","geometry":{"type":"Polygon","coordinates":[[[-94.51473234025757,39.11034155630841],[-94.5142896619077,39.11032744770901],[-94.51428569709678,39.110327311483005],[-94.51427946332348,39.110431579382535],[-94.51472590092048,39.110446281870566],[-94.51473234025757,39.11034155630841]]]},"properties":{"KIVAPIN":"44751","ADDRESS":"300 Topping Ave","OWN_NAME":"Calderon Salvador"}},{"type":"Feature","geometry":{"type":"Polygon","coordinates":[[[-94.5170776098902,39.10996089125828],[-94.516620367126,39.10994578746339],[-94.51661631275748,39.109945650185345],[-94.51661087233353,39.11003683151285],[-94.51661480849822,39.110036967663866],[-94.5170721399674,39.11005211722865],[-94.5170776098902,39.10996089125828]]]},"properties":{"KIVAPIN":"44757","ADDRESS":"316 Oakley Ave","OWN_NAME":"Hardline Construction LLC"}},{"type":"Feature","geometry":{"type":"Polygon","coordinates":[[[-94.50981477890733,39.115456515517096],[-94.50935306709765,39.115440857357086],[-94.50934846677252,39.11552338816943],[-94.50980994414915,39.11553902348647],[-94.50981477890733,39.115456515517096]]]},"properties":{"KIVAPIN":"45718","ADDRESS":"342 N Belmont Blvd","OWN_NAME":"Yepez Bernardo & Meji Irma"}},{"type":"Feature","geometry":{"type":"Polygon","coordinates":[[[-94.51212186303233,39.11511112122837],[-94.51211775110372,39.11511098494404],[-94.51166570319546,39.11509480811076],[-94.51165759013709,39.11523220713099],[-94.51166146710555,39.115232344027056],[-94.5121099032586,39.115248383395745],[-94.51211395645356,39.115248519686446],[-94.51212186303233,39.11511112122837]]]},"properties":{"KIVAPIN":"45734","ADDRESS":"330 N White Ave","OWN_NAME":"Harvey Lisa J"}},{"type":"Feature","geometry":{"type":"Polygon","coordinates":[[[-94.51753117514701,39.11101321898045],[-94.5170701058606,39.110997363038585],[-94.51706623058237,39.11099722689402],[-94.5170650890848,39.111016423354855],[-94.51706099392865,39.11108490631267],[-94.51706487068012,39.11108504245717],[-94.51752591042784,39.1111008761153],[-94.51753000513521,39.111032394285466],[-94.51753117514701,39.11101321898045]]]},"properties":{"KIVAPIN":"44806","ADDRESS":"139 Drury Ave","OWN_NAME":"Therrien Liya"}},{"type":"Feature","geometry":{"type":"Polygon","coordinates":[[[-94.51751555649135,39.111273466984635],[-94.51705460298342,39.111257586940184],[-94.51705072769087,39.11125745022312],[-94.51704876715075,39.11129035345576],[-94.51704595819838,39.111336938296425],[-94.51704986580127,39.111337074436925],[-94.51750685275417,39.11135284069226],[-94.51751076035896,39.11135297738933],[-94.5175135675259,39.111306345632535],[-94.51751555649135,39.111273466984635]]]},"properties":{"KIVAPIN":"44809","ADDRESS":"133 Drury Ave","OWN_NAME":"KMS Enterprises LLC"}},{"type":"Feature","geometry":{"type":"Polygon","coordinates":[[[-94.5175054955949,39.11144065682678],[-94.51704075234323,39.11142466346585],[-94.51704057677807,39.11142736340808],[-94.51703651096037,39.111495914997846],[-94.51703551708931,39.111512319424044],[-94.51703939239596,39.11151245671362],[-94.51750023081783,39.11152833626264],[-94.51750122458111,39.1115119306885],[-94.5175053193132,39.111443356769804],[-94.5175054955949,39.11144065682678]]]},"properties":{"KIVAPIN":"44811","ADDRESS":"129 Drury Ave","OWN_NAME":"Hernandez Faustino C"}},{"type":"Feature","geometry":{"type":"Polygon","coordinates":[[[-94.5181403855527,39.11161797631759],[-94.51767388003051,39.111600888056245],[-94.51767060363679,39.11165575577488],[-94.51766814688612,39.111696895552036],[-94.51767208241121,39.111697032811485],[-94.51813477123405,39.111713915747586],[-94.51813716897536,39.11167277596989],[-94.5181403855527,39.11161797631759]]]},"properties":{"KIVAPIN":"44817","ADDRESS":"120 Drury Ave","OWN_NAME":"Cespedes Amanda A"}},{"type":"Feature","geometry":{"type":"Polygon","coordinates":[[[-94.51661619894061,39.111962419970396],[-94.51661267458574,39.11196232837805],[-94.51649604835224,39.11195845522801],[-94.51647647653053,39.11228629189335],[-94.5165932208785,39.112290578041545],[-94.51659674524404,39.1122906456098],[-94.51661619894061,39.111962419970396]]]},"properties":{"KIVAPIN":"44835","ADDRESS":"5515 St John Ave","OWN_NAME":"Haas Properties LLC"}},{"type":"Feature","geometry":{"type":"Polygon","coordinates":[[[-94.51672900860073,39.11196617914471],[-94.51661619894061,39.111962419970396],[-94.51659674524404,39.1122906456098],[-94.51671034850767,39.11229483884918],[-94.51672900860073,39.11196617914471]]]},"properties":{"KIVAPIN":"44836","ADDRESS":"5513 St John Ave","OWN_NAME":"Belgiere Joseph"}},{"type":"Feature","geometry":{"type":"Polygon","coordinates":[[[-94.51040375510799,39.114059418581874],[-94.50994069960939,39.11404252731047],[-94.50993504463624,39.11413864878284],[-94.50993026871402,39.11422019635612],[-94.5103896245326,39.11423592108564],[-94.51039349997548,39.11423605802404],[-94.51039818738846,39.114155426809475],[-94.51040375510799,39.114059418581874]]]},"properties":{"KIVAPIN":"45715","ADDRESS":"301 N Wheeling Ave","OWN_NAME":"Nguyen Ky Kim"}},{"type":"Feature","geometry":{"type":"Polygon","coordinates":[[[-94.509898083091,39.11404109002807],[-94.50943241459494,39.11402408255629],[-94.50942702253151,39.11412020398307],[-94.5094224238346,39.114202643866406],[-94.50941776419549,39.114285174703824],[-94.50941316401757,39.114367682082445],[-94.50940853448287,39.11445037307919],[-94.5098730601673,39.11446621440132],[-94.50987789477873,39.114383705842066],[-94.50988278811663,39.11430117496787],[-94.50988765135135,39.1142187361894],[-94.50989242877509,39.114137074214526],[-94.509898083091,39.11404109002807]]]},"properties":{"KIVAPIN":"45728","ADDRESS":"306 N Belmont Blvd","OWN_NAME":"Do Tony & Pham Victoria"}},{"type":"Feature","geometry":{"type":"Polygon","coordinates":[[[-94.51209020710024,39.11566035123897],[-94.51208633010742,39.11566021378515],[-94.5116331919825,39.11564410672645],[-94.51162516579373,39.11577917247035],[-94.51208244686343,39.11579546217558],[-94.51209020710024,39.11566035123897]]]},"properties":{"KIVAPIN":"45729","ADDRESS":"5917 Norledge Ave","OWN_NAME":"Taylor Connie F"}},{"type":"Feature","geometry":{"type":"Polygon","coordinates":[[[-94.51571660578831,39.11272401258608],[-94.51527197419465,39.11270771201695],[-94.51526781776126,39.11277633103981],[-94.51526372151821,39.11284490486458],[-94.51525959516316,39.11291347869236],[-94.51525549817,39.11298205251533],[-94.5152513424343,39.113050650369686],[-94.51525527802981,39.11305078656661],[-94.51569204130999,39.11306679080929],[-94.51569594753745,39.1130669275673],[-94.5157001028433,39.11299833084143],[-94.51570419940651,39.112929757003094],[-94.51570835543568,39.11286118315583],[-94.51571245124873,39.1127926093157],[-94.51571660578831,39.11272401258608]]]},"properties":{"KIVAPIN":"43190","ADDRESS":"116 N Lawndale Ave","OWN_NAME":"Raven Property Mangement LLC"}},{"type":"Feature","geometry":{"type":"Polygon","coordinates":[[[-94.51270816911924,39.11384264780436],[-94.51270429148256,39.113842465753855],[-94.5122291081131,39.11382377674963],[-94.51222503620498,39.11388910140215],[-94.5122241875582,39.113902738924125],[-94.5127033666772,39.11392215854924],[-94.51270816911924,39.11384264780436]]]},"properties":{"KIVAPIN":"45873","ADDRESS":"145 N Bellaire Ave","OWN_NAME":"Olivares Maria"}},{"type":"Feature","geometry":{"type":"Polygon","coordinates":[[[-94.51335691047575,39.113749680460664],[-94.51335300421499,39.11374954305226],[-94.51289488500107,39.11373284542144],[-94.51289094937218,39.11373270914483],[-94.51288679056555,39.113801305190506],[-94.51288269122578,39.11386990237267],[-94.51288659896069,39.11387003922464],[-94.51334932875503,39.11388691883286],[-94.51335313393689,39.11381829878757],[-94.51335691047575,39.113749680460664]]]},"properties":{"KIVAPIN":"45760","ADDRESS":"142 N Bellaire Ave","OWN_NAME":"Spain Family Trust Dated April 21,2015"}},{"type":"Feature","geometry":{"type":"Polygon","coordinates":[[[-94.51639547438333,39.109747466907194],[-94.51595097839729,39.10973258807163],[-94.51594701361626,39.109732450758045],[-94.51594540450343,39.10975977048081],[-94.51594122076092,39.10983060898971],[-94.5159451554447,39.10983074630759],[-94.5163895933621,39.10984585455181],[-94.5163938353459,39.109774809520914],[-94.51639547438333,39.109747466907194]]]},"properties":{"KIVAPIN":"44851","ADDRESS":"323 Oakley Ave","OWN_NAME":"Magadaleno Yovanis Julian Fernandez"}},{"type":"Feature","geometry":{"type":"Polygon","coordinates":[[[-94.51321053298302,39.11644665983413],[-94.51320651055718,39.11644652357811],[-94.51276643745247,39.11643087591459],[-94.51276277847619,39.11649981622275],[-94.51275914812142,39.11656870962152],[-94.5127554891227,39.116637604166556],[-94.51275188883888,39.11670638315708],[-94.51274822981765,39.116775231366965],[-94.51274460011958,39.11684385076645],[-94.51318614442611,39.11685984098213],[-94.51319022708714,39.11685997837608],[-94.51319359198494,39.116791220565105],[-94.51319695685521,39.11672235006612],[-94.51320038118737,39.11665343322621],[-94.51320374605294,39.11658460791466],[-94.51320713951478,39.11651559898191],[-94.51321053298302,39.11644665983413]]]},"properties":{"KIVAPIN":"45562","ADDRESS":"424 N Bellaire Ave","OWN_NAME":"Davis Kathryn Elizabeth"}},{"type":"Feature","geometry":{"type":"Polygon","coordinates":[[[-94.51636984596618,39.11017607035904],[-94.51592549600159,39.11016295321743],[-94.51592155983624,39.11016283935176],[-94.5159151233355,39.11027227896896],[-94.51591902940396,39.11027239283895],[-94.5163633227907,39.110285532321484],[-94.51636984596618,39.11017607035904]]]},"properties":{"KIVAPIN":"44727","ADDRESS":"309 Oakley Ave","OWN_NAME":"Orozco Miguel & Bertha"}},{"type":"Feature","geometry":{"type":"Polygon","coordinates":[[[-94.51279305227804,39.11011995786485],[-94.51242232843639,39.11010709269282],[-94.51241755657459,39.11018971581471],[-94.51242146190262,39.11018985211061],[-94.51278798501191,39.11020287676654],[-94.51279305227804,39.11011995786485]]]},"properties":{"KIVAPIN":"46185","ADDRESS":"304 Barat Ave","OWN_NAME":"Reed Guillermina"}},{"type":"Feature","geometry":{"type":"Polygon","coordinates":[[[-94.51675254073623,39.11249284189644],[-94.51647070713538,39.11248297530582],[-94.51645493758863,39.11274715745041],[-94.51673592200112,39.112757093986474],[-94.51675254073623,39.11249284189644]]]},"properties":{"KIVAPIN":"43163","ADDRESS":"5520 St John Ave","OWN_NAME":"Choudhry Inc"}},{"type":"Feature","geometry":{"type":"Polygon","coordinates":[[[-94.5137342599876,39.10982237939865],[-94.51336271620431,39.109810866699426],[-94.5133577692315,39.10989339778939],[-94.51335282077457,39.109975906569474],[-94.51335280906048,39.10997608332388],[-94.51335310273231,39.10997600721206],[-94.51372404303883,39.10998709271635],[-94.5137244263057,39.10998712527616],[-94.51372773209108,39.109932138669606],[-94.51372934202836,39.109904635360884],[-94.5137334116979,39.10983610789171],[-94.5137342599876,39.10982237939865]]]},"properties":{"KIVAPIN":"252578","ADDRESS":"314 Bellaire Ave","OWN_NAME":"Land Bank of Kansas City Missouri"}},{"type":"Feature","geometry":{"type":"Polygon","coordinates":[[[-94.51495781646146,39.11498391875139],[-94.514516666841,39.11496836992299],[-94.51451258355253,39.11496823371956],[-94.5145084570851,39.115036829804374],[-94.51451256901412,39.11503696657639],[-94.51495374916156,39.11505249253553],[-94.51495781646146,39.11498391875139]]]},"properties":{"KIVAPIN":"43007","ADDRESS":"323 N Lawndale Ave","OWN_NAME":"Global Point Investment Inc"}},{"type":"Feature","geometry":{"type":"Polygon","coordinates":[[[-94.5137489256245,39.109575266016236],[-94.51337755930393,39.10956352568033],[-94.51337255379741,39.10964694969871],[-94.51374400714303,39.10965843778088],[-94.51374503168039,39.10964113988423],[-94.5137489256245,39.109575266016236]]]},"properties":{"KIVAPIN":"46155","ADDRESS":"322 Bellaire Ave","OWN_NAME":"Land Bank of Kansas City Missouri"}},{"type":"Feature","geometry":{"type":"Polygon","coordinates":[[[-94.51593717393875,39.10907497700112],[-94.51549312260062,39.1090592028674],[-94.5154892466971,39.10905906552643],[-94.5154850318712,39.109127319661354],[-94.51548896798325,39.109127456422456],[-94.51593304913237,39.10914329863767],[-94.51593717393875,39.10907497700112]]]},"properties":{"KIVAPIN":"44864","ADDRESS":"344 Lawndale Ave","OWN_NAME":"Perez Romualdo Morales"}},{"type":"Feature","geometry":{"type":"Polygon","coordinates":[[[-94.51480941319774,39.11739869076119],[-94.51436574953199,39.11738204341845],[-94.51436169694456,39.11738190606199],[-94.51436105212325,39.1173922035669],[-94.5143571894592,39.11745592658415],[-94.51480490618421,39.117472732464925],[-94.51480879854256,39.11740896481209],[-94.51480941319774,39.11739869076119]]]},"properties":{"KIVAPIN":"42571","ADDRESS":"441 N Lawndale Ave","OWN_NAME":"Garcia Olivas Claudia Rosa"}},{"type":"Feature","geometry":{"type":"Polygon","coordinates":[[[-94.51338720532911,39.11320374375089],[-94.51338332846859,39.11320360748416],[-94.51292767989185,39.113187092741924],[-94.51292377439744,39.11318695646309],[-94.51291961565455,39.11325555251634],[-94.5129235218872,39.11325568993927],[-94.51338340021763,39.11327238725719],[-94.51338720532911,39.11320374375089]]]},"properties":{"KIVAPIN":"45766","ADDRESS":"124 N Bellaire Ave","OWN_NAME":"KMS Enterprises LLC"}},{"type":"Feature","geometry":{"type":"Polygon","coordinates":[[[-94.51285238591286,39.10920275679511],[-94.51284886169206,39.10920261989963],[-94.51247529389758,39.109189618495186],[-94.51247002368743,39.10928089057406],[-94.51284347520695,39.109293799913345],[-94.51284702806629,39.10929393623382],[-94.51285238591286,39.10920275679511]]]},"properties":{"KIVAPIN":"46174","ADDRESS":"330 Barat Ave","OWN_NAME":"Snyder David W"}},{"type":"Feature","geometry":{"type":"Polygon","coordinates":[[[-94.51526650225712,39.10980646982167],[-94.51481959879351,39.109792271691546],[-94.51481563401153,39.1097921354835],[-94.51481007300805,39.10988301815234],[-94.5148139783237,39.10988315436812],[-94.51525712391528,39.10989735301137],[-94.51526102996681,39.109897489212074],[-94.51526650225712,39.10980646982167]]]},"properties":{"KIVAPIN":"44745","ADDRESS":"323 Lawndale Ave","OWN_NAME":"Nunez Madeline"}},{"type":"Feature","geometry":{"type":"Polygon","coordinates":[[[-94.51054600783054,39.111584955730294],[-94.51007744730929,39.11156461108599],[-94.51007357054154,39.11156445068446],[-94.51006947048204,39.111646249356276],[-94.51054123277399,39.11166643472236],[-94.51054600783054,39.111584955730294]]]},"properties":{"KIVAPIN":"45913","ADDRESS":"111 Wheeling Ave","OWN_NAME":"Salaas Armondo Navarez"}},{"type":"Feature","geometry":{"type":"Polygon","coordinates":[[[-94.51123586952481,39.11070094313377],[-94.51123190470233,39.11070082911253],[-94.51077724240785,39.1106875331785],[-94.5107733656936,39.110687419133534],[-94.51076856099509,39.110769812232256],[-94.51077249718594,39.11076992627188],[-94.5112273656027,39.110783291990344],[-94.51123124231921,39.11078338256755],[-94.51123586952481,39.11070094313377]]]},"properties":{"KIVAPIN":"45963","ADDRESS":"138 Wheeling Ave","OWN_NAME":"Grindstone LLC"}},{"type":"Feature","geometry":{"type":"Polygon","coordinates":[[[-94.51367947314041,39.116891427476645],[-94.51367536110536,39.11689129124733],[-94.51324007412998,39.1168755315525],[-94.51323746962089,39.116930513423846],[-94.51323419286499,39.11699922431913],[-94.51366804213771,39.117015029965344],[-94.51367218428598,39.117015167335445],[-94.51367625290939,39.116946433454494],[-94.51367947314041,39.116891427476645]]]},"properties":{"KIVAPIN":"45552","ADDRESS":"427 N Topping Ave","OWN_NAME":"Minks William E"}},{"type":"Feature","geometry":{"type":"Polygon","coordinates":[[[-94.51053691914109,39.10873233389842],[-94.51014837631861,39.10871790778821],[-94.51014158012654,39.10882773497284],[-94.5105306514365,39.10884211644038],[-94.51053691914109,39.10873233389842]]]},"properties":{"KIVAPIN":"46071","ADDRESS":"341 Wheeling Ave","OWN_NAME":"Gomez Rosa"}},{"type":"Feature","geometry":{"type":"Polygon","coordinates":[[[-94.51334932875503,39.11388691883286],[-94.51288659896069,39.11387003922464],[-94.51288269122578,39.11386990237267],[-94.51287859187799,39.11393849898187],[-94.51287443526687,39.114007187119],[-94.51334171840355,39.11402434082171],[-94.51334549492528,39.11395551485583],[-94.51334932875503,39.11388691883286]]]},"properties":{"KIVAPIN":"45759","ADDRESS":"148 N Bellaire Ave","OWN_NAME":"Pearson William L & Patricia D"}},{"type":"Feature","geometry":{"type":"Polygon","coordinates":[[[-94.51341764600558,39.11265485765019],[-94.51296064919214,39.112638228786984],[-94.51295677383192,39.11263809250589],[-94.51295264451882,39.112706666254915],[-94.51294851594022,39.112775285192164],[-94.5129524515162,39.11277542261089],[-94.51341003587947,39.1127920731748],[-94.51341384094822,39.11272347599526],[-94.51341764600558,39.11265485765019]]]},"properties":{"KIVAPIN":"45771","ADDRESS":"110 N Bellaire Ave","OWN_NAME":"Johnson Bret L"}},{"type":"Feature","geometry":{"type":"Polygon","coordinates":[[[-94.51566709584634,39.11354701306766],[-94.51566318812392,39.11354687630889],[-94.5152264226161,39.113530849651305],[-94.51522254499966,39.11353071230183],[-94.51521841929423,39.11359926323931],[-94.51521429359072,39.11366785993713],[-94.51521816901165,39.11366799614316],[-94.51565493756738,39.11368402454684],[-94.51565884309446,39.113684160734195],[-94.51566293973207,39.11361556402476],[-94.51566709584634,39.11354701306766]]]},"properties":{"KIVAPIN":"43184","ADDRESS":"132 N Lawndale Ave","OWN_NAME":"Mejia Ramiro & Rosa H"}},{"type":"Feature","geometry":{"type":"Polygon","coordinates":[[[-94.51217905403391,39.11411878206706],[-94.51172431079385,39.11410510030106],[-94.51171619721669,39.11424243070689],[-94.51172007486517,39.11424256702893],[-94.51216682976955,39.11425778321977],[-94.51217102976008,39.11425792063723],[-94.51217905403391,39.11411878206706]]]},"properties":{"KIVAPIN":"45743","ADDRESS":"300 N White Ave","OWN_NAME":"Grissum Branton"}},{"type":"Feature","geometry":{"type":"Polygon","coordinates":[[[-94.51128989764922,39.11229528439593],[-94.51128352586721,39.112294964683734],[-94.51116090538879,39.11228861566701],[-94.51114730782736,39.112287472935606],[-94.51113431179758,39.11256284331259],[-94.51113097401101,39.11263336177724],[-94.5111302130974,39.11264585410958],[-94.51112983088763,39.11265262624474],[-94.51113373855561,39.112652786608166],[-94.51127024924193,39.11265849365308],[-94.51127130275299,39.1126392509295],[-94.51128989764922,39.11229528439593]]]},"properties":{"KIVAPIN":"45810","ADDRESS":"6008 St John Ave","OWN_NAME":"Salazar Juan & Antonia"}},{"type":"Feature","geometry":{"type":"Polygon","coordinates":[[[-94.51367218428598,39.117015167335445],[-94.51366804213771,39.117015029965344],[-94.51323419286499,39.11699922431913],[-94.51323094547439,39.11706793578222],[-94.51322769729605,39.11713639498559],[-94.51365999146137,39.117152269479625],[-94.51366404623694,39.117152405716205],[-94.51366808554,39.11708385545767],[-94.51367218428598,39.117015167335445]]]},"properties":{"KIVAPIN":"45551","ADDRESS":"429 N Topping Ave","OWN_NAME":"Hill Paul F & Connie L"}},{"type":"Feature","geometry":{"type":"Polygon","coordinates":[[[-94.51785232686936,39.11253114161418],[-94.5176249734561,39.11252319086117],[-94.5176214636477,39.112581628557514],[-94.51761739906668,39.11265020246233],[-94.51761327427532,39.112718798683936],[-94.51760917958032,39.112787396044055],[-94.51760505622461,39.11285592419358],[-94.51760096150794,39.11292449809915],[-94.51782822814471,39.11293263252879],[-94.5178284028684,39.11292961168518],[-94.51783232264161,39.11286405861538],[-94.51783647441322,39.11279553045357],[-94.51784056889424,39.11272695653827],[-94.51784466336144,39.112658359169366],[-94.5178488173062,39.1125898086957],[-94.51785215143622,39.112534252836674],[-94.51785232686936,39.11253114161418]]]},"properties":{"KIVAPIN":"43134","ADDRESS":"5418 St John Ave","OWN_NAME":"Abbott Anthony & Barbara A"}},{"type":"Feature","geometry":{"type":"Polygon","coordinates":[[[-94.51409816059459,39.10994380821663],[-94.51409419580996,39.10994369429273],[-94.51372773209108,39.109932138669606],[-94.51372442411547,39.10998718934225],[-94.51372199521768,39.11002826040299],[-94.51372592990359,39.110028374343095],[-94.51409233535627,39.11003979441085],[-94.51409482351077,39.10999872219125],[-94.51409816059459,39.10994380821663]]]},"properties":{"KIVAPIN":"46143","ADDRESS":"309 Topping Ave","OWN_NAME":"Kiersten Salazar"}},{"type":"Feature","geometry":{"type":"Polygon","coordinates":[[[-94.50830994129393,39.11053621831596],[-94.50815217119512,39.110530830192],[-94.50813862942904,39.11074972976478],[-94.50814426674208,39.11074924944946],[-94.50816329911541,39.11074778318474],[-94.50818235868344,39.11074656974619],[-94.5082014190115,39.110745584538996],[-94.50822053736925,39.11074482813106],[-94.50823962711587,39.11074427764792],[-94.50825877635563,39.110743910202665],[-94.50827786615255,39.110743794445604],[-94.50829701471277,39.110743896047474],[-94.50830994129393,39.11053621831596]]]},"properties":{"KIVAPIN":"45904","ADDRESS":null,"OWN_NAME":"Baby-Tenda Corp"}},{"type":"Feature","geometry":{"type":"Polygon","coordinates":[[[-94.51058924708335,39.110846181389945],[-94.51011470021054,39.11082611200394],[-94.51011076401099,39.11082595160876],[-94.51010660540037,39.110908459597546],[-94.51011054086693,39.11090859654023],[-94.51058452999305,39.11092674459083],[-94.51058924708335,39.110846181389945]]]},"properties":{"KIVAPIN":"45922","ADDRESS":"135 Wheeling Ave","OWN_NAME":"Garcia Jesus"}},{"type":"Feature","geometry":{"type":"Polygon","coordinates":[[[-94.51486751675932,39.11645046441086],[-94.51442306748402,39.11643388602522],[-94.51441910233052,39.116433749231945],[-94.51441497417714,39.11650214051474],[-94.51441084674519,39.11657050777184],[-94.5144148412777,39.11657064456179],[-94.51485917466402,39.11658724644573],[-94.51486333103477,39.11651887802527],[-94.51486751675932,39.11645046441086]]]},"properties":{"KIVAPIN":"42562","ADDRESS":"415 N Lawndale Ave","OWN_NAME":"Powell Brenda"}},{"type":"Feature","geometry":{"type":"Polygon","coordinates":[[[-94.51093038139204,39.116077168378816],[-94.51092650584718,39.11607703088628],[-94.51047330589988,39.116061330605554],[-94.5104693701461,39.116061194247294],[-94.51046896092006,39.116069545714254],[-94.51046471441825,39.11615280756603],[-94.51046862007183,39.11615294507119],[-94.51092173098753,39.116168416571895],[-94.51092560874007,39.11616855292032],[-94.51092997220955,39.11608545006144],[-94.51093038139204,39.116077168378816]]]},"properties":{"KIVAPIN":"45604","ADDRESS":"404 N Wheeling Ave","OWN_NAME":"Lam Van Minh & Phan Chi Thi"}},{"type":"Feature","geometry":{"type":"Polygon","coordinates":[[[-94.5110684308629,39.109345349012536],[-94.51068012094736,39.10933069584748],[-94.51067443736174,39.10942755076125],[-94.51106269054272,39.10944222625898],[-94.5110684308629,39.109345349012536]]]},"properties":{"KIVAPIN":"46113","ADDRESS":"318 Wheeling Ave","OWN_NAME":"Morales Rosa Maria Valenzuela"}},{"type":"Feature","geometry":{"type":"Polygon","coordinates":[[[-94.51051398386814,39.10913588214808],[-94.51012890428008,39.109121387019734],[-94.51012496964701,39.10912124950554],[-94.51011952013718,39.10921721202979],[-94.510123456244,39.10921734954407],[-94.51050853488472,39.109231844690214],[-94.51051398386814,39.10913588214808]]]},"properties":{"KIVAPIN":"46093","ADDRESS":"329 Wheeling Ave","OWN_NAME":"Gonzalez Jaime Zamora"}},{"type":"Feature","geometry":{"type":"Polygon","coordinates":[[[-94.51037442896282,39.11456599851215],[-94.50991081300398,39.11455020544407],[-94.50990594905547,39.114632759766074],[-94.5103696536557,39.11464848363146],[-94.51037442896282,39.11456599851215]]]},"properties":{"KIVAPIN":"45710","ADDRESS":"317 N Wheeling Ave","OWN_NAME":"Dominguez Juana"}},{"type":"Feature","geometry":{"type":"Polygon","coordinates":[[[-94.51171635583917,39.111293664855445],[-94.51124997017145,39.11127757993282],[-94.51124606478564,39.11127744359771],[-94.51124137872151,39.11135928813251],[-94.511245313481,39.11135942446496],[-94.51171140524953,39.11137544079357],[-94.51171635583917,39.111293664855445]]]},"properties":{"KIVAPIN":"45951","ADDRESS":"121 White Ave","OWN_NAME":"Fierro Juan & Maria"}},{"type":"Feature","geometry":{"type":"Polygon","coordinates":[[[-94.51805375453131,39.11303231109222],[-94.51759939757159,39.11301604321494],[-94.5175954920777,39.113015907092596],[-94.51759274341514,39.11306164591174],[-94.51759002190498,39.113107339537095],[-94.51804435007858,39.11312360631104],[-94.51804828494951,39.11312374355783],[-94.51805103479404,39.113078026464876],[-94.51805375453131,39.11303231109222]]]},"properties":{"KIVAPIN":"43132","ADDRESS":"116 N Drury Ave","OWN_NAME":"Lopez Jose P & Anilu"}},{"type":"Feature","geometry":{"type":"Polygon","coordinates":[[[-94.51363785023244,39.10848444424647],[-94.5131471362843,39.1084667904101],[-94.51314341773768,39.10852703560839],[-94.5131391427042,39.10859542638362],[-94.5131349263052,39.10866331377678],[-94.51362135271599,39.108678771049505],[-94.5136255817417,39.10867888495863],[-94.51362973935797,39.1086131946702],[-94.5136340726367,39.10854471177573],[-94.51363785023244,39.10848444424647]]]},"properties":{"KIVAPIN":"46210","ADDRESS":"412 Bellaire Ave","OWN_NAME":"Martinez Alberto H"}},{"type":"Feature","geometry":{"type":"Polygon","coordinates":[[[-94.51227890882424,39.109523766150765],[-94.51227485448825,39.10952362872171],[-94.51190425291837,39.10951142599896],[-94.51190387223716,39.10951801509489],[-94.5118995384558,39.1095938197237],[-94.51190341585,39.10959395661184],[-94.51227008247749,39.109606159751245],[-94.51227413461555,39.10960629718068],[-94.51227890882424,39.109523766150765]]]},"properties":{"KIVAPIN":"46196","ADDRESS":"321 Barat Ave","OWN_NAME":"Calderson Graciela"}},{"type":"Feature","geometry":{"type":"Polygon","coordinates":[[[-94.51139227950227,39.11684794910244],[-94.51093270103267,39.11683307493566],[-94.5109283381947,39.116915788813216],[-94.51138782832977,39.11693052572181],[-94.51139227950227,39.11684794910244]]]},"properties":{"KIVAPIN":"45612","ADDRESS":"429 N White Ave","OWN_NAME":"Shaw Harold M Jr & Mary"}},{"type":"Feature","geometry":{"type":"Polygon","coordinates":[[[-94.51144250401458,39.112303186221766],[-94.51140728885562,39.11230138267362],[-94.51128989764922,39.11229528439593],[-94.51127130275299,39.1126392509295],[-94.51127024924193,39.11265849365308],[-94.51142176871915,39.112664816846134],[-94.51142285303098,39.11264559699884],[-94.51144229904895,39.1123070296183],[-94.51144250401458,39.112303186221766]]]},"properties":{"KIVAPIN":"45809","ADDRESS":"6004 St John Ave","OWN_NAME":"24-7 Designated Services LLC"}},{"type":"Feature","geometry":{"type":"Polygon","coordinates":[[[-94.51584647629905,39.11100433132712],[-94.51537574582551,39.110988743992756],[-94.51537151665394,39.110988607266535],[-94.51536592678741,39.11107896311996],[-94.51537050839838,39.11107912325257],[-94.51584085767392,39.111094710659614],[-94.51584647629905,39.11100433132712]]]},"properties":{"KIVAPIN":"44698","ADDRESS":"134 Lawndale Ave","OWN_NAME":"Daniels Jessica M"}},{"type":"Feature","geometry":{"type":"Polygon","coordinates":[[[-94.51039349997548,39.11423605802404],[-94.5103896245326,39.11423592108564],[-94.50993026871402,39.11422019635612],[-94.50992540407005,39.114302704350386],[-94.50992928171848,39.11430284130405],[-94.51038872545043,39.11431856602938],[-94.51039349997548,39.11423605802404]]]},"properties":{"KIVAPIN":"45714","ADDRESS":"307 N Wheeling Ave","OWN_NAME":"Perez-Aguilar Longino & Zavala Elba"}},{"type":"Feature","geometry":{"type":"Polygon","coordinates":[[[-94.51620227284363,39.11301528590536],[-94.5161983365138,39.11301514859646],[-94.51576318977578,39.11300031294464],[-94.51575928355174,39.11300017561686],[-94.5157551282982,39.11306875003623],[-94.51575100241163,39.113137347331296],[-94.51619008705607,39.113152296312585],[-94.51619402192503,39.11315243362198],[-94.51619814812256,39.11308385976404],[-94.51620227284363,39.11301528590536]]]},"properties":{"KIVAPIN":"43198","ADDRESS":"119 N Oakley Ave","OWN_NAME":"Grayson Micheal E & Tamera L"}},{"type":"Feature","geometry":{"type":"Polygon","coordinates":[[[-94.51702066629947,39.110946666172886],[-94.51656133034304,39.1109308537269],[-94.51655745506915,39.11093071642139],[-94.51655335942667,39.11099919936249],[-94.51655172042138,39.11102654197253],[-94.5165555971688,39.111026678706],[-94.51701117447313,39.11104235443885],[-94.51701504975398,39.11104249172925],[-94.51701665846629,39.11101510335593],[-94.51702066629947,39.110946666172886]]]},"properties":{"KIVAPIN":"44798","ADDRESS":"136 Oakley Ave","OWN_NAME":"Gallagher Trust Dated 08/06/2024"}},{"type":"Feature","geometry":{"type":"Polygon","coordinates":[[[-94.5141872970961,39.10849273012307],[-94.51369755292522,39.10847555897935],[-94.5136926770681,39.10847537650679],[-94.51368843195417,39.10854385824987],[-94.51369336728193,39.10854401840695],[-94.51418305245979,39.108561211883874],[-94.5141872970961,39.10849273012307]]]},"properties":{"KIVAPIN":"46203","ADDRESS":"417 Topping Ave","OWN_NAME":"Gardon Inc"}},{"type":"Feature","geometry":{"type":"Polygon","coordinates":[[[-94.50890913334234,39.1166645476887],[-94.50890525630658,39.11666445703438],[-94.50851452712347,39.11665206261535],[-94.50850763576625,39.116742875187995],[-94.50850678609368,39.11675422461353],[-94.50890497547108,39.11676677922509],[-94.50890913334234,39.1166645476887]]]},"properties":{"KIVAPIN":"45484","ADDRESS":"425 N Belmont Blvd","OWN_NAME":"Valencia Santiago"}},{"type":"Feature","geometry":{"type":"Polygon","coordinates":[[[-94.51321387038219,39.10930686913934],[-94.51284702806629,39.10929393623382],[-94.51284347520695,39.109293799913345],[-94.51283846752165,39.10937667420515],[-94.51320507522385,39.10938910321752],[-94.51320895187503,39.1093892394903],[-94.51321387038219,39.10930686913934]]]},"properties":{"KIVAPIN":"46172","ADDRESS":"331 Bellaire Ave","OWN_NAME":"Navarro Maria J"}},{"type":"Feature","geometry":{"type":"Polygon","coordinates":[[[-94.51529939408876,39.109258724905715],[-94.51485316776396,39.10924301783445],[-94.51484920301257,39.10924288105554],[-94.51484501840935,39.10931120265931],[-94.51484086168865,39.109379479641284],[-94.51484482644777,39.1093796169925],[-94.51529117038599,39.109395391577806],[-94.51529526719261,39.10932706997055],[-94.51529939408876,39.109258724905715]]]},"properties":{"KIVAPIN":"44879","ADDRESS":"339 Lawndale Ave","OWN_NAME":"Negrete Jorge & Vega Felipe Negrete"}},{"type":"Feature","geometry":{"type":"Polygon","coordinates":[[[-94.51586718456966,39.11023224321539],[-94.51586321976103,39.11023210704302],[-94.51541789860738,39.11021763756843],[-94.51541564443174,39.11025413250898],[-94.51541227893718,39.11030881771555],[-94.51541648016799,39.11030895501602],[-94.51558024079989,39.11031426386723],[-94.51572100628732,39.11031884398247],[-94.51586168368675,39.110323424511755],[-94.51586499008683,39.11026869296708],[-94.51586718456966,39.11023224321539]]]},"properties":{"KIVAPIN":"44735","ADDRESS":"306 Lawndale Ave","OWN_NAME":"770 Group LLC"}},{"type":"Feature","geometry":{"type":"Polygon","coordinates":[[[-94.51590001444568,39.10968999125226],[-94.51545534248311,39.10967405689662],[-94.51545140707505,39.109673920706314],[-94.51544719366449,39.10974226578307],[-94.51545109897359,39.109742401977506],[-94.51589585947028,39.109758336337045],[-94.51590001444568,39.10968999125226]]]},"properties":{"KIVAPIN":"44872","ADDRESS":"326 Lawndale Ave","OWN_NAME":"Ailor Louetta Mae"}},{"type":"Feature","geometry":{"type":"Polygon","coordinates":[[[-94.5118061932012,39.10916811113692],[-94.511705077679,39.109164987826055],[-94.51167958432283,39.10951067135142],[-94.511683549083,39.10951080766611],[-94.51178660271485,39.10951413729743],[-94.5117867791568,39.10951111817699],[-94.5118061932012,39.10916811113692]]]},"properties":{"KIVAPIN":"46137","ADDRESS":"330 White Ave","OWN_NAME":"KC Home Buyer Group LLC"}},{"type":"Feature","geometry":{"type":"Polygon","coordinates":[[[-94.51351236092356,39.11156531552657],[-94.51350842467981,39.11156517927083],[-94.51339388446695,39.11156118837219],[-94.51339382499415,39.111561188379],[-94.51338820513242,39.11165406043162],[-94.51338832187545,39.11165406041821],[-94.51350682711808,39.11165816526618],[-94.51351236092356,39.11156531552657]]]},"properties":{"KIVAPIN":"46065","ADDRESS":null,"OWN_NAME":"Cortez Floridalma Moran & Franco Jose Edwin Delgado"}},{"type":"Feature","geometry":{"type":"Polygon","coordinates":[[[-94.51272251762813,39.113604046926525],[-94.51271864148111,39.11360391006559],[-94.51224401638079,39.11358583940968],[-94.51224246328209,39.11361041395262],[-94.51223906656782,39.11366525805989],[-94.51271383833685,39.1136834436949],[-94.5127177445927,39.11368358112469],[-94.51272251762813,39.113604046926525]]]},"properties":{"KIVAPIN":"45876","ADDRESS":"139 N Bellaire Ave","OWN_NAME":"Fraker Everett & Tamara"}},{"type":"Feature","geometry":{"type":"Polygon","coordinates":[[[-94.5127177445927,39.11368358112469],[-94.51271383833685,39.1136834436949],[-94.51223906656782,39.11366525805989],[-94.51223663544549,39.11370342379473],[-94.51223405871805,39.11374456345572],[-94.5127129715464,39.11376311417755],[-94.5127177445927,39.11368358112469]]]},"properties":{"KIVAPIN":"45875","ADDRESS":"141 N Bellaire Ave","OWN_NAME":"Sfr3-020 LLC"}},{"type":"Feature","geometry":{"type":"Polygon","coordinates":[[[-94.51816123368533,39.11126167560914],[-94.51769505283903,39.111244609117335],[-94.51769095902527,39.11131313842763],[-94.5176901401088,39.11132682060813],[-94.51815640959713,39.11134386365285],[-94.51815722916358,39.11133020377764],[-94.51816123368533,39.11126167560914]]]},"properties":{"KIVAPIN":"44821","ADDRESS":"130 Drury Ave","OWN_NAME":"Rivera Mario & Martinez Oscar Rivera"}},{"type":"Feature","geometry":{"type":"Polygon","coordinates":[[[-94.51297267514931,39.10838359298912],[-94.51238478432568,39.10836219543122],[-94.51238077213041,39.10843049405805],[-94.5123775805529,39.10848499613058],[-94.5129650319374,39.10850673755506],[-94.51296842932754,39.108451984328546],[-94.51297267514931,39.10838359298912]]]},"properties":{"KIVAPIN":"46212","ADDRESS":"417 Bellaire Ave","OWN_NAME":"Fitrite Construction LLC"}},{"type":"Feature","geometry":{"type":"Polygon","coordinates":[[[-94.5147175895632,39.11058404732872],[-94.51463271367578,39.11058124426393],[-94.5145448113,39.110578280778356],[-94.51452713329418,39.1108708349947],[-94.51461368433884,39.11087386673276],[-94.5147009982506,39.11087689888238],[-94.5147175895632,39.11058404732872]]]},"properties":{"KIVAPIN":"44714","ADDRESS":"5712 Anderson Ave","OWN_NAME":"Anderson5712 LLC"}},{"type":"Feature","geometry":{"type":"Polygon","coordinates":[[[-94.51590826562517,39.10955325475453],[-94.5154637421114,39.10953738905218],[-94.51545980597669,39.10953725286225],[-94.51545562121659,39.10960559793715],[-94.51545140707505,39.109673920706314],[-94.51545534248311,39.10967405689662],[-94.51590001444568,39.10968999125226],[-94.51590411065544,39.109621554079894],[-94.51590826562517,39.10955325475453]]]},"properties":{"KIVAPIN":"44871","ADDRESS":"328 Lawndale Ave","OWN_NAME":"Ramos Willy Mendoza"}},{"type":"Feature","geometry":{"type":"Polygon","coordinates":[[[-94.51366404623694,39.117152405716205],[-94.51365999146137,39.117152269479625],[-94.51322769729605,39.11713639498559],[-94.51322447922581,39.117204899373874],[-94.51322120384918,39.11727326762802],[-94.5136519708375,39.11728939343945],[-94.51365593603761,39.11728953083084],[-94.51365997609935,39.117221025763335],[-94.51366404623694,39.117152405716205]]]},"properties":{"KIVAPIN":"45550","ADDRESS":"437 N Topping Ave","OWN_NAME":"Hernandez Arturo"}},{"type":"Feature","geometry":{"type":"Polygon","coordinates":[[[-94.50980032475941,39.115848827483426],[-94.50963314388223,39.11584284783533],[-94.50963302681535,39.115845913277646],[-94.5096278421247,39.11595409333111],[-94.50978979589483,39.11595973193227],[-94.50979367289946,39.11595986831845],[-94.50980032475941,39.115848827483426]]]},"properties":{"KIVAPIN":"45578","ADDRESS":"6112 Norledge Ave","OWN_NAME":"Norton David A"}},{"type":"Feature","geometry":{"type":"Polygon","coordinates":[[[-94.51025919792181,39.11672195917622],[-94.50979142652261,39.11670639423969],[-94.50978653294726,39.11678917733487],[-94.50979040999742,39.11678931429313],[-94.51025500980096,39.11680469589547],[-94.51025919792181,39.11672195917622]]]},"properties":{"KIVAPIN":"45592","ADDRESS":"427 N Wheeling Ave","OWN_NAME":"Pham Duc Ngoc & Don Quy"}},{"type":"Feature","geometry":{"type":"Polygon","coordinates":[[[-94.51544389608772,39.11724640651492],[-94.51499979499744,39.117230424608785],[-94.51499559335666,39.11723028843756],[-94.51499290230868,39.117275935632485],[-94.51499015032068,39.11732162859606],[-94.51543445978568,39.11733760936701],[-94.51543848226669,39.11733774669018],[-94.51544117522738,39.11729207660461],[-94.51544389608772,39.11724640651492]]]},"properties":{"KIVAPIN":"42517","ADDRESS":"436 N Lawndale Ave","OWN_NAME":"Borunda Maria Guadalupe"}},{"type":"Feature","geometry":{"type":"Polygon","coordinates":[[[-94.51316997862271,39.11727146528451],[-94.5131658364606,39.11727132904063],[-94.51272678777185,39.11725602432366],[-94.51272288058455,39.11725588746638],[-94.51271925084147,39.11732452974002],[-94.51271562107502,39.11739308106227],[-94.5127195569072,39.11739321734467],[-94.51315919594225,39.117407766389164],[-94.51316324852887,39.11740790378744],[-94.51316664298258,39.117339855851775],[-94.51316997862271,39.11727146528451]]]},"properties":{"KIVAPIN":"45558","ADDRESS":"440 N Bellaire Ave","OWN_NAME":"Flores Ruth M"}},{"type":"Feature","geometry":{"type":"Polygon","coordinates":[[[-94.51491286281438,39.11573834475524],[-94.51446724187133,39.11572263672162],[-94.51446311531161,39.11579121048732],[-94.51445805129174,39.115875228794536],[-94.51490381920883,39.115890432898155],[-94.51490879468372,39.11580687219575],[-94.51491286281438,39.11573834475524]]]},"properties":{"KIVAPIN":"43014","ADDRESS":"347 N Lawndale Ave","OWN_NAME":"Mughal Zafar"}},{"type":"Feature","geometry":{"type":"Polygon","coordinates":[[[-94.51555852736335,39.11534821480391],[-94.51511799150106,39.115333171544165],[-94.51511402640779,39.11533303420246],[-94.51510990050235,39.11540163030414],[-94.51510852420837,39.1154244424738],[-94.515112430565,39.115424579823355],[-94.51555299709531,39.11543959964707],[-94.51555437324136,39.11541676516362],[-94.51555852736335,39.11534821480391]]]},"properties":{"KIVAPIN":"43019","ADDRESS":"334 N Lawndale Ave","OWN_NAME":"Davis-Perkins Mahlyk"}},{"type":"Feature","geometry":{"type":"Polygon","coordinates":[[[-94.51743495387683,39.112645493595636],[-94.51743107630479,39.11264535689161],[-94.51698010005971,39.11262840024661],[-94.51697600474493,39.112696951252396],[-94.51697188080864,39.112765593783976],[-94.51742297465998,39.11278250525342],[-94.51742688087494,39.11278264138145],[-94.51743091627279,39.112714044608545],[-94.51743495387683,39.112645493595636]]]},"properties":{"KIVAPIN":"43166","ADDRESS":"107 N Drury Ave","OWN_NAME":"Gomez Janet"}},{"type":"Feature","geometry":{"type":"Polygon","coordinates":[[[-94.51104558346103,39.10972924283257],[-94.51066191097891,39.10971488604498],[-94.51065756514946,39.10971472742179],[-94.51065194011177,39.1098107345944],[-94.51065625804716,39.10981089436443],[-94.51103984292504,39.109825136203305],[-94.51104558346103,39.10972924283257]]]},"properties":{"KIVAPIN":"46109","ADDRESS":"310 Wheeling Ave","OWN_NAME":"Rodriquez Efrain"}},{"type":"Feature","geometry":{"type":"Polygon","coordinates":[[[-94.51412781353793,39.109455646409494],[-94.51412387887866,39.10945550960226],[-94.51375680013669,39.10944356402869],[-94.51375384352922,39.1094929637152],[-94.5137509162726,39.10954229418375],[-94.5141178479631,39.10955430900741],[-94.51412178336207,39.10955444581475],[-94.51412482708187,39.10950502380026],[-94.51412781353793,39.109455646409494]]]},"properties":{"KIVAPIN":"46148","ADDRESS":"321 Topping Ave","OWN_NAME":"Santana Yuriko S"}},{"type":"Feature","geometry":{"type":"Polygon","coordinates":[[[-94.5102337470341,39.11722071389595],[-94.5100679720666,39.117215327929806],[-94.51005118798489,39.11754329969278],[-94.51021699306831,39.11754852551543],[-94.5102337470341,39.11722071389595]]]},"properties":{"KIVAPIN":"45628","ADDRESS":"6101 Gladstone Blvd","OWN_NAME":"Garcia Jose M & Garcia Maria B"}},{"type":"Feature","geometry":{"type":"Polygon","coordinates":[[[-94.51352336898752,39.11137945416841],[-94.5134052151771,39.11137537274927],[-94.51340506833111,39.11137537276616],[-94.51304185782612,39.111362738081745],[-94.51303638217021,39.11145565700977],[-94.51339944703489,39.1114682688471],[-94.51351398710639,39.11147230550164],[-94.51351786460664,39.11147244233603],[-94.51351868360146,39.111458781921726],[-94.51352336898752,39.11137945416841]]]},"properties":{"KIVAPIN":"46063","ADDRESS":"118 Bellaire Ave","OWN_NAME":"Van Goethem Melissa"}},{"type":"Feature","geometry":{"type":"Polygon","coordinates":[[[-94.50917719869392,39.11162566177854],[-94.50917305833839,39.111625524820475],[-94.50861715213891,39.111604791603554],[-94.50859220906995,39.112012205681914],[-94.50914955596859,39.11203193272668],[-94.50915343349101,39.11203206913418],[-94.50915360858308,39.11202905001911],[-94.50917719869392,39.11162566177854]]]},"properties":{"KIVAPIN":"45902","ADDRESS":"6201 St John Ave","OWN_NAME":"Fast Cart LLC"}},{"type":"Feature","geometry":{"type":"Polygon","coordinates":[[[-94.51059405050673,39.11076365044388],[-94.5101148925153,39.1107434893826],[-94.51011076401099,39.11082595160876],[-94.51011470021054,39.11082611200394],[-94.51058924708335,39.110846181389945],[-94.51059405050673,39.11076365044388]]]},"properties":{"KIVAPIN":"45923","ADDRESS":"137 Wheeling Ave","OWN_NAME":"WGRP LLC Series 137 Wheeling Ave Kansas City MO 64123"}},{"type":"Feature","geometry":{"type":"Polygon","coordinates":[[[-94.51674662012066,39.11552509996233],[-94.51629421626868,39.11550983404573],[-94.5162901931558,39.11550969732416],[-94.51628612637772,39.1155782482678],[-94.51628205886277,39.11564682209124],[-94.51628599533919,39.11564695939722],[-94.516738371424,39.11566220189662],[-94.51674252441299,39.11559365092584],[-94.51674662012066,39.11552509996233]]]},"properties":{"KIVAPIN":"43054","ADDRESS":"338 N Oakley Ave","OWN_NAME":"338 N Oakley Ave, An Individual Protected Series of Zono Hol"}},{"type":"Feature","geometry":{"type":"Polygon","coordinates":[[[-94.51675484161736,39.11538799802815],[-94.51630237988807,39.11537268638988],[-94.51629838541956,39.11537254966454],[-94.51629431865712,39.11544110003809],[-94.5162901931558,39.11550969732416],[-94.51629421626868,39.11550983404573],[-94.51674662012066,39.11552509996233],[-94.51675074591472,39.115456503232274],[-94.51675484161736,39.11538799802815]]]},"properties":{"KIVAPIN":"43055","ADDRESS":"334 N Oakley Ave","OWN_NAME":"Hurtado Veronica Torres"}},{"type":"Feature","geometry":{"type":"Polygon","coordinates":[[[-94.51291344998577,39.11052671684594],[-94.5125526788118,39.110511127616995],[-94.51254723272687,39.110600157393634],[-94.51255116891927,39.11060031713453],[-94.51290418499241,39.110616089127674],[-94.51290806171451,39.110616248863096],[-94.51291344998577,39.11052671684594]]]},"properties":{"KIVAPIN":"46053","ADDRESS":"137 Bellaire Ave","OWN_NAME":"Hardline Construction LLC"}},{"type":"Feature","geometry":{"type":"Polygon","coordinates":[[[-94.51294289555068,39.10886267155739],[-94.51280474664793,39.108856669198246],[-94.5128045717652,39.10885994115171],[-94.51280035391873,39.1089257463899],[-94.51279593254688,39.108994823011706],[-94.51279148031351,39.10906380982931],[-94.51293009929395,39.109068621785525],[-94.51293437376937,39.108999933575014],[-94.51293864971325,39.108931291124684],[-94.51294289555068,39.10886267155739]]]},"properties":{"KIVAPIN":"45986","ADDRESS":"5901 Lexington Ave","OWN_NAME":"Kimmel Kevin"}},{"type":"Feature","geometry":{"type":"Polygon","coordinates":[[[-94.51794967179474,39.11478818740448],[-94.51794517878405,39.11478802793168],[-94.51749081036505,39.114770913627275],[-94.51748946569575,39.11479374870336],[-94.51748542949689,39.11486232257323],[-94.51794003271522,39.114879368220265],[-94.51794437961833,39.11487955002436],[-94.51794838600868,39.11481099959606],[-94.51794967179474,39.11478818740448]]]},"properties":{"KIVAPIN":"43099","ADDRESS":"314 N Drury Ave","OWN_NAME":"Aguayo Alejandro & Flores Maria"}},{"type":"Feature","geometry":{"type":"Polygon","coordinates":[[[-94.51038872545043,39.11431856602938],[-94.50992928171848,39.11430284130405],[-94.50992540407005,39.114302704350386],[-94.50992051223744,39.11438514370368],[-94.51038397881952,39.114401096911486],[-94.51038872545043,39.11431856602938]]]},"properties":{"KIVAPIN":"45713","ADDRESS":"309 N Wheeling Ave","OWN_NAME":"Rendall Rebeccah"}},{"type":"Feature","geometry":{"type":"Polygon","coordinates":[[[-94.51413381435147,39.10935696140909],[-94.51376268397092,39.10934476465769],[-94.51375881999924,39.10940983827426],[-94.51375876133788,39.10941022610831],[-94.51375680013669,39.10944356402869],[-94.51412387887866,39.10945550960226],[-94.51412781353793,39.109455646409494],[-94.51412983323291,39.109421965266],[-94.51413381435147,39.10935696140909]]]},"properties":{"KIVAPIN":"46149","ADDRESS":"325 Topping Ave","OWN_NAME":"Calderon Eduardo & Leticia"}},{"type":"Feature","geometry":{"type":"Polygon","coordinates":[[[-94.51315408666525,39.110309895186404],[-94.51278227510291,39.11029694033159],[-94.5127770935171,39.11038120977335],[-94.51314890449946,39.110396568257165],[-94.51315408666525,39.110309895186404]]]},"properties":{"KIVAPIN":"46160","ADDRESS":"301 Bellaire Ave","OWN_NAME":"Din Mu Ma Hay"}},{"type":"Feature","geometry":{"type":"Polygon","coordinates":[[[-94.51273689540237,39.11336540084465],[-94.51225895380347,39.11334723851644],[-94.51225397468177,39.11342681848213],[-94.51272821543444,39.11344486568735],[-94.51273212314545,39.11344500197249],[-94.51273689540237,39.11336540084465]]]},"properties":{"KIVAPIN":"45879","ADDRESS":"131 N Bellaire Ave","OWN_NAME":"Camacho Maria & Elizalde Heidi"}},{"type":"Feature","geometry":{"type":"Polygon","coordinates":[[[-94.51111588949999,39.112893698036515],[-94.51111201266085,39.11289356169424],[-94.51065199061858,39.11287779353464],[-94.51064805577582,39.112877657182224],[-94.51064565293622,39.1129190027239],[-94.51064327943622,39.112960165789445],[-94.51064721575209,39.11296030214184],[-94.51110723832603,39.112976046867345],[-94.51111111516987,39.11297618435379],[-94.51111351771416,39.11293467806649],[-94.51111588949999,39.112893698036515]]]},"properties":{"KIVAPIN":"45861","ADDRESS":"118 N Wheeling Ave","OWN_NAME":"Cano Maria Elena"}},{"type":"Feature","geometry":{"type":"Polygon","coordinates":[[[-94.51275141940988,39.113123871202305],[-94.5122740969175,39.113105571583745],[-94.51227178238018,39.113142592706595],[-94.5122689413716,39.1131880110802],[-94.51274647146867,39.113206264363555],[-94.51275141940988,39.113123871202305]]]},"properties":{"KIVAPIN":"45882","ADDRESS":"125 N Bellaire Ave","OWN_NAME":"Baeza Armando & Maria"}},{"type":"Feature","geometry":{"type":"Polygon","coordinates":[[[-94.5172811979616,39.11526901054256],[-94.51682706168314,39.115252328350465],[-94.51682312522777,39.11525219163478],[-94.51681900097883,39.11532076548893],[-94.51682299471112,39.115320902196515],[-94.51727719015933,39.11533753863417],[-94.5172811979616,39.11526901054256]]]},"properties":{"KIVAPIN":"43079","ADDRESS":"329 N Drury Ave","OWN_NAME":"Dahlstrom Christopher Francis"}},{"type":"Feature","geometry":{"type":"Polygon","coordinates":[[[-94.51086651142232,39.117299800148764],[-94.51086263434212,39.117299663226326],[-94.51041077854177,39.11728487837798],[-94.51040687282581,39.117284740870936],[-94.51040195181285,39.11738104586383],[-94.51040582889655,39.11738118222959],[-94.51085759718202,39.117395876726476],[-94.51086147426759,39.11739601422111],[-94.51086651142232,39.117299800148764]]]},"properties":{"KIVAPIN":"45646","ADDRESS":"442 N Wheeling Ave","OWN_NAME":"Rivas Edgar David Castillo"}},{"type":"Feature","geometry":{"type":"Polygon","coordinates":[[[-94.51146933044289,39.10984033326113],[-94.51108900523832,39.109825657792946],[-94.51108333707086,39.10982542952534],[-94.51107756671186,39.10992283302245],[-94.51108194266162,39.10992301565184],[-94.51146332571325,39.10993803367658],[-94.51146933044289,39.10984033326113]]]},"properties":{"KIVAPIN":"46125","ADDRESS":"311 White Ave","OWN_NAME":"Perez Herrera Clemente"}},{"type":"Feature","geometry":{"type":"Polygon","coordinates":[[[-94.51188615625234,39.10982711225443],[-94.51188227957962,39.10982697536566],[-94.51166081005061,39.10981951632397],[-94.51165678580168,39.109819378870434],[-94.51164902049376,39.10992483658584],[-94.51165304474853,39.1099249728956],[-94.51188009465272,39.109932500597374],[-94.51188062179341,39.10992360054093],[-94.51188533703802,39.10984123027424],[-94.51188615625234,39.10982711225443]]]},"properties":{"KIVAPIN":"46133","ADDRESS":"314 White Ave","OWN_NAME":"Lawless James P Trustee"}},{"type":"Feature","geometry":{"type":"Polygon","coordinates":[[[-94.51752093802723,39.11118304184869],[-94.51705607972173,39.1111670479933],[-94.51705283222167,39.11122184762455],[-94.51705072769087,39.11125745022312],[-94.51705460298342,39.111257586940184],[-94.51751555649135,39.111273466984635],[-94.51751769089748,39.111237886109905],[-94.51752093802723,39.11118304184869]]]},"properties":{"KIVAPIN":"44808","ADDRESS":"135 Drury Ave","OWN_NAME":"Land Bank of Kansas City Missouri"}},{"type":"Feature","geometry":{"type":"Polygon","coordinates":[[[-94.51090029217404,39.11255526848072],[-94.51067108998775,39.11254785347481],[-94.51066715369461,39.11254771597913],[-94.51066235022559,39.11263017883296],[-94.51066631515879,39.1126303163262],[-94.51089572397271,39.112637982437136],[-94.51090029217404,39.11255526848072]]]},"properties":{"KIVAPIN":"45857","ADDRESS":null,"OWN_NAME":"Salazar Juan & Antonia"}},{"type":"Feature","geometry":{"type":"Polygon","coordinates":[[[-94.5146472938559,39.11178375786765],[-94.51420234504552,39.11176958058408],[-94.51419840878884,39.1117694432076],[-94.51419436987482,39.11183586679095],[-94.51464319601219,39.11185077465452],[-94.5146472938559,39.11178375786765]]]},"properties":{"KIVAPIN":"44905","ADDRESS":"112 Topping Ave","OWN_NAME":"NLB Investments LLC"}},{"type":"Feature","geometry":{"type":"Polygon","coordinates":[[[-94.51630323181038,39.11129121458212],[-94.51629926694133,39.111291077280576],[-94.51585261735076,39.111276289898285],[-94.515846676022,39.111374883995765],[-94.51629732121683,39.11138983100659],[-94.51630323181038,39.11129121458212]]]},"properties":{"KIVAPIN":"44689","ADDRESS":"129 Oakley Ave","OWN_NAME":"De Corado Esperanza Moran"}},{"type":"Feature","geometry":{"type":"Polygon","coordinates":[[[-94.50996800767419,39.11316370188879],[-94.50948695576236,39.11314623890546],[-94.50948525525848,39.11317374157571],[-94.50948194382515,39.113228746908455],[-94.50948582067961,39.11322888387696],[-94.50996317325088,39.11324621046907],[-94.509963993661,39.11323236761065],[-94.50996636755255,39.11319111418228],[-94.50996800767419,39.11316370188879]]]},"properties":{"KIVAPIN":"45837","ADDRESS":"128 N Belmont Blvd","OWN_NAME":"Banuelas Javier & Flores Luz E"}},{"type":"Feature","geometry":{"type":"Polygon","coordinates":[[[-94.51153185932084,39.11436094790819],[-94.51152795156135,39.114360810438825],[-94.51107461775733,39.11434467891568],[-94.51107070999963,39.11434454143096],[-94.51106576002704,39.11442700371783],[-94.51152317833976,39.11444325041874],[-94.51152708390092,39.1144433873165],[-94.51153185932084,39.11436094790819]]]},"properties":{"KIVAPIN":"45680","ADDRESS":"309 N White Ave","OWN_NAME":"Carrasco Hector P & Mendizabal Azucena"}},{"type":"Feature","geometry":{"type":"Polygon","coordinates":[[[-94.51104168187494,39.11408196598198],[-94.51057909602946,39.11406525967492],[-94.51057353003634,39.11416140462245],[-94.51057740767835,39.11416154212656],[-94.51103220875714,39.11417795058457],[-94.51103608640096,39.11417808807342],[-94.51104168187494,39.11408196598198]]]},"properties":{"KIVAPIN":"45699","ADDRESS":"300 N Wheeling Ave","OWN_NAME":"Lawless James P Trustee"}},{"type":"Feature","geometry":{"type":"Polygon","coordinates":[[[-94.51598220943009,39.116678619841686],[-94.51553954982465,39.116664058963266],[-94.51553561329322,39.11666392220417],[-94.51553476525648,39.116677582624234],[-94.51553069765441,39.116746018552774],[-94.51552905886099,39.11677338457405],[-94.51553299392982,39.11677352076156],[-94.51597583118695,39.11678810452083],[-94.51597741179427,39.116760716192715],[-94.5159814187587,39.11669230256573],[-94.51598220943009,39.116678619841686]]]},"properties":{"KIVAPIN":"42532","ADDRESS":"419 N Oakley Ave","OWN_NAME":"Rodriguez Salas Wendy H"}},{"type":"Feature","geometry":{"type":"Polygon","coordinates":[[[-94.51172127563285,39.1112122092482],[-94.51125465621669,39.11119571308788],[-94.51125069136275,39.11119557561463],[-94.51124606478564,39.11127744359771],[-94.51124997017145,39.11127757993282],[-94.51171635583917,39.111293664855445],[-94.51172127563285,39.1112122092482]]]},"properties":{"KIVAPIN":"45952","ADDRESS":"125 White Ave","OWN_NAME":"Maldonado Jesus & Herrera Maribel"}},{"type":"Feature","geometry":{"type":"Polygon","coordinates":[[[-94.51215521684654,39.11453209981935],[-94.51215101684001,39.11453196354535],[-94.51170000134452,39.11451590113885],[-94.51169827256635,39.114545029506914],[-94.51169543156838,39.11459307855679],[-94.51214653715056,39.11460923192188],[-94.51215079590278,39.114609368189925],[-94.51215354774237,39.11456129625776],[-94.51215521684654,39.11453209981935]]]},"properties":{"KIVAPIN":"45740","ADDRESS":"314 N White Ave","OWN_NAME":"Hidalgo Edgar Ponce & Grandos Brenda Bea"}},{"type":"Feature","geometry":{"type":"Polygon","coordinates":[[[-94.51221602095337,39.113888782590195],[-94.51174206986622,39.1138724024164],[-94.5117381636019,39.11387226552592],[-94.5117326582261,39.11396571061039],[-94.51220881100973,39.113980762942525],[-94.51220904471658,39.11397774267371],[-94.51221602095337,39.113888782590195]]]},"properties":{"KIVAPIN":"45821","ADDRESS":"144 N White Ave","OWN_NAME":"SFR Workforce Owner 2 LLC"}},{"type":"Feature","geometry":{"type":"Polygon","coordinates":[[[-94.51682133829318,39.11428049648311],[-94.51672177181152,39.11427710216343],[-94.5167170626043,39.114356224083195],[-94.51681659835826,39.114359618983286],[-94.51682133829318,39.11428049648311]]]},"properties":{"KIVAPIN":"43067","ADDRESS":"5510 Scarritt Ave","OWN_NAME":"Rhodes Donald & Maria"}},{"type":"Feature","geometry":{"type":"Polygon","coordinates":[[[-94.51681659835826,39.114359618983286],[-94.5167170626043,39.114356224083195],[-94.51671495561453,39.1143918495375],[-94.51671302420768,39.114424775051226],[-94.51671050912219,39.114467287635264],[-94.51680992901879,39.11447068312958],[-94.51681250277473,39.11442812477373],[-94.51681659835826,39.114359618983286]]]},"properties":{"KIVAPIN":"43066","ADDRESS":"5512 Scarritt Ave","OWN_NAME":"Cerritos Manuel"}},{"type":"Feature","geometry":{"type":"Polygon","coordinates":[[[-94.51278798501191,39.11020287676654],[-94.51242146190262,39.11018985211061],[-94.51241755657459,39.11018971581471],[-94.51241281255767,39.11027208610104],[-94.51241677736202,39.110272222962756],[-94.51278295005639,39.11028588890196],[-94.51278798501191,39.11020287676654]]]},"properties":{"KIVAPIN":"46186","ADDRESS":"302 Barat Ave","OWN_NAME":"Torres Zapien Luis Fernando"}},{"type":"Feature","geometry":{"type":"Polygon","coordinates":[[[-94.51247116362975,39.117911147114604],[-94.51203140485389,39.11789659548917],[-94.5120286537096,39.11795432358585],[-94.51202534633327,39.11802287427395],[-94.5120242934025,39.118044794019326],[-94.5124624655429,39.11805934584079],[-94.51246372614871,39.118037448377905],[-94.51246776666517,39.117968898171185],[-94.51247116362975,39.117911147114604]]]},"properties":{"KIVAPIN":"45538","ADDRESS":"505 N Bellaire Ave","OWN_NAME":"Sosa Mateo"}},{"type":"Feature","geometry":{"type":"Polygon","coordinates":[[[-94.51391942681548,39.11055543013392],[-94.51380635461959,39.11055228662063],[-94.5137988898494,39.11067684863048],[-94.51379297792576,39.11077498501712],[-94.51379280156651,39.110778005284],[-94.51390572519658,39.110781767177635],[-94.51391184415131,39.110680588206],[-94.51391942681548,39.11055543013392]]]},"properties":{"KIVAPIN":"46034","ADDRESS":"5804 Anderson Ave","OWN_NAME":"Torres Georgina Hernandez"}},{"type":"Feature","geometry":{"type":"Polygon","coordinates":[[[-94.51380635461959,39.11055228662063],[-94.51369334337828,39.11054916472713],[-94.51368584965996,39.110673132980295],[-94.51367970174357,39.11077428906298],[-94.51379280156651,39.110778005284],[-94.51379297792576,39.11077498501712],[-94.5137988898494,39.11067684863048],[-94.51380635461959,39.11055228662063]]]},"properties":{"KIVAPIN":"46035","ADDRESS":"5806 Anderson Ave","OWN_NAME":"Apodaca Rutila"}},{"type":"Feature","geometry":{"type":"Polygon","coordinates":[[[-94.5131316693588,39.11200656655258],[-94.51300822943861,39.1120022101871],[-94.51300426453606,39.11200207277354],[-94.51299463137195,39.112166105773355],[-94.51312168551064,39.11217053038829],[-94.5131316693588,39.11200656655258]]]},"properties":{"KIVAPIN":"45999","ADDRESS":"5817 St John Ave","OWN_NAME":"Ramirez Jorge A & Waleska J"}},{"type":"Feature","geometry":{"type":"Polygon","coordinates":[[[-94.51176573605426,39.11047890335001],[-94.51129635980776,39.11046082772336],[-94.5112924845698,39.11046069024283],[-94.51129233820775,39.11046371107519],[-94.51128800233268,39.1105400642328],[-94.51128346288176,39.1106198495068],[-94.511287370434,39.11061998584047],[-94.51175615868617,39.11063684888749],[-94.51176096201229,39.11055758925175],[-94.51176573605426,39.11047890335001]]]},"properties":{"KIVAPIN":"45959","ADDRESS":"6002 Anderson Ave","OWN_NAME":"Revival of Hope Ministries"}},{"type":"Feature","geometry":{"type":"Polygon","coordinates":[[[-94.51611039917755,39.11454267285404],[-94.51599837911272,39.11453861438247],[-94.51588621221374,39.11453458099195],[-94.515774162804,39.114530522308904],[-94.51567104138368,39.11452680724404],[-94.51566713580993,39.11452667048513],[-94.51566297963846,39.11459522143066],[-94.51566163439259,39.11461810167575],[-94.51566568755848,39.11461823898702],[-94.51610489906082,39.11463408118449],[-94.51610627282055,39.11461129130893],[-94.51611039917755,39.11454267285404]]]},"properties":{"KIVAPIN":"43036","ADDRESS":"309 N Oakley Ave","OWN_NAME":"River Jordan Realty LLC"}},{"type":"Feature","geometry":{"type":"Polygon","coordinates":[[[-94.51226939269704,39.10968880475314],[-94.51226536845445,39.10968866789263],[-94.51189479462917,39.10967630497268],[-94.51189204200341,39.10972398854008],[-94.51189007941056,39.10975869926681],[-94.51188615625234,39.10982711225443],[-94.51188533703802,39.10984123027424],[-94.51188924234577,39.10984136658798],[-94.51225591173313,39.109853638413064],[-94.5122599051482,39.109853775849146],[-94.512264648557,39.10977126713521],[-94.51226939269704,39.10968880475314]]]},"properties":{"KIVAPIN":"46194","ADDRESS":"315 Barat Ave","OWN_NAME":"Zuno Gurrola Susana"}},{"type":"Feature","geometry":{"type":"Polygon","coordinates":[[[-94.51050631473609,39.112273918475886],[-94.51041882157666,39.11227076879828],[-94.51041864655838,39.11227392634301],[-94.51040645989787,39.11248028797085],[-94.51049016385123,39.11248314055022],[-94.5104940986718,39.11248327690797],[-94.51050631473609,39.112273918475886]]]},"properties":{"KIVAPIN":"45827","ADDRESS":"6100 St John Ave","OWN_NAME":"Castro Maria Astrid Leon"}},{"type":"Feature","geometry":{"type":"Polygon","coordinates":[[[-94.51814518103718,39.111535765402216],[-94.51767873406585,39.11151870003156],[-94.5176746681151,39.111587204165126],[-94.51767388003051,39.111600888056245],[-94.5181403855527,39.11161797631759],[-94.51814120437945,39.111604270681966],[-94.51814518103718,39.111535765402216]]]},"properties":{"KIVAPIN":"44818","ADDRESS":"122 Drury Ave","OWN_NAME":"Global Point Investment Inc"}},{"type":"Feature","geometry":{"type":"Polygon","coordinates":[[[-94.51318438861806,39.10980152938569],[-94.51318048257559,39.109801391971395],[-94.51281325680706,39.109789352493785],[-94.51280818951385,39.109871860693325],[-94.51317947007657,39.109884083345655],[-94.51318438861806,39.10980152938569]]]},"properties":{"KIVAPIN":"46166","ADDRESS":"315 Bellaire Ave","OWN_NAME":"Vargas Claudio"}},{"type":"Feature","geometry":{"type":"Polygon","coordinates":[[[-94.51492105776964,39.11560117431666],[-94.51447946227088,39.11558560252584],[-94.51447549716481,39.11558546573439],[-94.51447133979092,39.11565408526711],[-94.51446724187133,39.11572263672162],[-94.51491286281438,39.11573834475524],[-94.51491696029838,39.115669770976744],[-94.51492105776964,39.11560117431666]]]},"properties":{"KIVAPIN":"43013","ADDRESS":"343 N Lawndale Ave","OWN_NAME":"Ramirez Silvina C Figueroa"}},{"type":"Feature","geometry":{"type":"Polygon","coordinates":[[[-94.50984877020845,39.11487886872989],[-94.50938541518359,39.114863072979276],[-94.5093808163991,39.11494558092032],[-94.50984390542749,39.11496139959206],[-94.50984877020845,39.11487886872989]]]},"properties":{"KIVAPIN":"251308","ADDRESS":"324 N Belmont Blvd","OWN_NAME":"Luna Samuel & Perez Miriam"}},{"type":"Feature","geometry":{"type":"Polygon","coordinates":[[[-94.51042352560162,39.113689665684106],[-94.50993829799377,39.113672364530615],[-94.50993425455596,39.11374105255655],[-94.50993360995697,39.11375205819923],[-94.51041886674955,39.11376938225001],[-94.51042352560162,39.113689665684106]]]},"properties":{"KIVAPIN":"45848","ADDRESS":"221 N Wheeling Ave","OWN_NAME":"Carrasco Jose Luis & Francisco Janice"}},{"type":"Feature","geometry":{"type":"Polygon","coordinates":[[[-94.51477922867768,39.114210644658044],[-94.51466712115102,39.114206814868496],[-94.51466694631756,39.11420997241853],[-94.5146624097029,39.114286188393706],[-94.51465851555531,39.11435176421852],[-94.51465834069764,39.11435480850929],[-94.51477044848687,39.11435877501895],[-94.51477062333997,39.114355731872024],[-94.51477451734074,39.11428994954579],[-94.51477905384444,39.114213779327606],[-94.51477922867768,39.114210644658044]]]},"properties":{"KIVAPIN":"42998","ADDRESS":"5704 Scarritt Ave","OWN_NAME":"Buy Back KC LLC"}},{"type":"Feature","geometry":{"type":"Polygon","coordinates":[[[-94.51169652623027,39.11162067650776],[-94.51123134258553,39.11160479788888],[-94.5112274371817,39.11160466155315],[-94.5112228097731,39.111686253817815],[-94.51169157631423,39.111702362061784],[-94.51169652623027,39.11162067650776]]]},"properties":{"KIVAPIN":"45947","ADDRESS":"111 White Ave","OWN_NAME":"Chavez Joel F"}},{"type":"Feature","geometry":{"type":"Polygon","coordinates":[[[-94.51261751736236,39.11540419244033],[-94.51261364038267,39.115404055576064],[-94.5121611198051,39.11538778919332],[-94.51215728476224,39.11545650070692],[-94.51261347715324,39.11547283477699],[-94.51261751736236,39.11540419244033]]]},"properties":{"KIVAPIN":"45753","ADDRESS":"337 N Bellaire Ave","OWN_NAME":"Bryant Glenward Alexander & Desiree"}},{"type":"Feature","geometry":{"type":"Polygon","coordinates":[[[-94.5163086442606,39.111200766045314],[-94.51630467939687,39.111200629888],[-94.51583520966535,39.11118508999441],[-94.51582959102183,39.11127551508485],[-94.51585261735076,39.111276289898285],[-94.51629926694133,39.111291077280576],[-94.51630323181038,39.11129121458212],[-94.5163086442606,39.111200766045314]]]},"properties":{"KIVAPIN":"44688","ADDRESS":"133 Oakley Ave","OWN_NAME":"Covarrubias Mario"}},{"type":"Feature","geometry":{"type":"Polygon","coordinates":[[[-94.51153529320806,39.10876523330769],[-94.5111511560036,39.10875113043285],[-94.51114686823759,39.10875099298689],[-94.51114036580175,39.10886079846431],[-94.51114485915501,39.10886095819949],[-94.5115285564133,39.108874946735035],[-94.51153529320806,39.10876523330769]]]},"properties":{"KIVAPIN":"46078","ADDRESS":"343 White Ave","OWN_NAME":"KC Rentals 1 LLC"}},{"type":"Feature","geometry":{"type":"Polygon","coordinates":[[[-94.51006302763386,39.109503797149785],[-94.50969277829093,39.10949199921846],[-94.50968718132734,39.109587984037326],[-94.51005757875124,39.10959980428204],[-94.51006302763386,39.109503797149785]]]},"properties":{"KIVAPIN":"46088","ADDRESS":"320 Belmont Blvd","OWN_NAME":"Castro-Escalante Maria M"}},{"type":"Feature","geometry":{"type":"Polygon","coordinates":[[[-94.51702628209051,39.11085081945019],[-94.51656709432861,39.11083498355229],[-94.51656318822256,39.11083484625135],[-94.5165615206008,39.11086223462767],[-94.51655745506915,39.11093071642139],[-94.51656133034304,39.1109308537269],[-94.51702066629947,39.110946666172886],[-94.51702464474522,39.11087818437596],[-94.51702628209051,39.11085081945019]]]},"properties":{"KIVAPIN":"44799","ADDRESS":"138 Oakley Ave","OWN_NAME":"Feliciano Ernestina"}},{"type":"Feature","geometry":{"type":"Polygon","coordinates":[[[-94.51215079590278,39.114609368189925],[-94.51214653715056,39.11460923192188],[-94.51169543156838,39.11459307855679],[-94.51169092173855,39.11466872239288],[-94.5121421731903,39.11468489864063],[-94.51214643194713,39.11468503548087],[-94.51215079590278,39.114609368189925]]]},"properties":{"KIVAPIN":"45739","ADDRESS":"316 N White Ave","OWN_NAME":"Vivid Properties LLC"}},{"type":"Feature","geometry":{"type":"Polygon","coordinates":[[[-94.51417025986187,39.10876713880547],[-94.51367951493536,39.10875198177857],[-94.51367558032048,39.10875186783684],[-94.51367154097672,39.108817719992174],[-94.51366896304464,39.108858790505536],[-94.51367292776781,39.108858904443935],[-94.51391686190006,39.108866472532675],[-94.51416364407997,39.108874130143654],[-94.51416619160013,39.10883294464788],[-94.51417025986187,39.10876713880547]]]},"properties":{"KIVAPIN":"45978","ADDRESS":"409 Topping Ave","OWN_NAME":"Morales Jose"}},{"type":"Feature","geometry":{"type":"Polygon","coordinates":[[[-94.51265810255694,39.11471758538455],[-94.51265410813252,39.11471744910638],[-94.5121994771923,39.11470081700923],[-94.51219183580135,39.11483775955785],[-94.51264605567174,39.11485425330109],[-94.5126500207333,39.11485439015475],[-94.51265810255694,39.11471758538455]]]},"properties":{"KIVAPIN":"45748","ADDRESS":"319 N Bellaire Ave","OWN_NAME":"Robledo Guadalupe A Sigala"}},{"type":"Feature","geometry":{"type":"Polygon","coordinates":[[[-94.51679603304312,39.11470239676541],[-94.51634322396633,39.11468703957229],[-94.51633928754333,39.11468690284023],[-94.51633519148909,39.114755453227346],[-94.51633314346451,39.114789752159226],[-94.51633713716603,39.1147898894555],[-94.51678986026185,39.11480526956495],[-94.51679187795507,39.11477094717687],[-94.51679603304312,39.11470239676541]]]},"properties":{"KIVAPIN":"43061","ADDRESS":"312 N Oakley Ave","OWN_NAME":"Owner 2 LLC"}},{"type":"Feature","geometry":{"type":"Polygon","coordinates":[[[-94.50993425455596,39.11374105255655],[-94.50993037767249,39.113740915030945],[-94.50945592945268,39.11372384032969],[-94.50945202393524,39.11372370336255],[-94.5094503821444,39.11375120659682],[-94.50944707065388,39.11380618847048],[-94.50945097691005,39.11380632486572],[-94.50992554316602,39.113823423601495],[-94.50992942005385,39.11382355998319],[-94.50993267168604,39.1137685094592],[-94.50993360995697,39.11375205819923],[-94.50993425455596,39.11374105255655]]]},"properties":{"KIVAPIN":"45844","ADDRESS":"142 N Belmont Blvd","OWN_NAME":"KMS Enterprises LLC"}},{"type":"Feature","geometry":{"type":"Polygon","coordinates":[[[-94.50992942005385,39.11382355998319],[-94.50992554316602,39.113823423601495],[-94.50945097691005,39.11380632486572],[-94.50944707065388,39.11380618847048],[-94.50944211726942,39.11388798715786],[-94.5099246734845,39.11390487875177],[-94.50992909775852,39.11382909769741],[-94.50992942005385,39.11382355998319]]]},"properties":{"KIVAPIN":"45845","ADDRESS":"144 N Belmont Blvd","OWN_NAME":"KMS Enterprises LLC"}},{"type":"Feature","geometry":{"type":"Polygon","coordinates":[[[-94.51339786330821,39.115978179864086],[-94.51328275712473,39.115973937809834],[-94.51327719862385,39.116091225128514],[-94.51327164023746,39.11620922060006],[-94.51338413199666,39.11621328049224],[-94.51339101191087,39.11609535293349],[-94.51339768766223,39.11598124646085],[-94.51339786330821,39.115978179864086]]]},"properties":{"KIVAPIN":"45508","ADDRESS":"5808 Norledge Ave","OWN_NAME":"Sanchez Luis Miguel Lainez"}},{"type":"Feature","geometry":{"type":"Polygon","coordinates":[[[-94.5108373989206,39.118032920373544],[-94.51083352180035,39.11803278402218],[-94.51038406907281,39.11801788387396],[-94.51037958993933,39.11811359391821],[-94.51082848448223,39.11812856334917],[-94.51083236160773,39.11812869970069],[-94.5108373989206,39.118032920373544]]]},"properties":{"KIVAPIN":"45640","ADDRESS":"6044 Gladstone Blvd","OWN_NAME":"Cornejo Carlos Roberto Murillo"}},{"type":"Feature","geometry":{"type":"Polygon","coordinates":[[[-94.51504438586741,39.113526640365095],[-94.51460380231397,39.1135096491645],[-94.51459983732413,39.11350951294928],[-94.5145957396618,39.11357810905076],[-94.51459439261703,39.11360096755117],[-94.51503900120814,39.11361809497969],[-94.51504031800025,39.11359521302549],[-94.51504438586741,39.113526640365095]]]},"properties":{"KIVAPIN":"223140","ADDRESS":"133 N Lawndale Ave","OWN_NAME":"House of Refuge Non-Denominational Church"}},{"type":"Feature","geometry":{"type":"Polygon","coordinates":[[[-94.51041886674955,39.11376938225001],[-94.50993360995697,39.11375205819923],[-94.50993267168604,39.1137685094592],[-94.50992942005385,39.11382355998319],[-94.50992909775852,39.11382909769741],[-94.5104143844351,39.113846330241515],[-94.51041789995863,39.11378585639702],[-94.51041886674955,39.11376938225001]]]},"properties":{"KIVAPIN":"45847","ADDRESS":"223 N Wheeling Ave","OWN_NAME":"KCM Properties LLC"}},{"type":"Feature","geometry":{"type":"Polygon","coordinates":[[[-94.51376906538968,39.109237430740684],[-94.51339784758062,39.10922516419594],[-94.5133929292717,39.109307420724505],[-94.513396805919,39.10930755813507],[-94.51376027086721,39.10931957276697],[-94.51376414751586,39.10931971016533],[-94.5137688905016,39.109240451008134],[-94.51376906538968,39.109237430740684]]]},"properties":{"KIVAPIN":"46151","ADDRESS":"330 Bellaire Ave","OWN_NAME":"Handson Equity Firm LLC"}},{"type":"Feature","geometry":{"type":"Polygon","coordinates":[[[-94.5110512667307,39.109633463296625],[-94.51066759326747,39.109618901745705],[-94.5106632180718,39.109618719100695],[-94.51065756514946,39.10971472742179],[-94.51066191097891,39.10971488604498],[-94.51104558346103,39.10972924283257],[-94.5110512667307,39.109633463296625]]]},"properties":{"KIVAPIN":"46110","ADDRESS":"312 Wheeling Ave","OWN_NAME":"Villa Raul M"}},{"type":"Feature","geometry":{"type":"Polygon","coordinates":[[[-94.51409233535627,39.11003979441085],[-94.51372592990359,39.110028374343095],[-94.51372199521768,39.11002826040299],[-94.51371953551535,39.11006951394023],[-94.51371625686039,39.1101243827067],[-94.5140825460588,39.11013575591332],[-94.51408648075126,39.11013586984126],[-94.51408978775434,39.11008100220513],[-94.51409233535627,39.11003979441085]]]},"properties":{"KIVAPIN":"46142","ADDRESS":"307 Topping Ave","OWN_NAME":"Lopez Hedilberto Pacheco"}},{"type":"Feature","geometry":{"type":"Polygon","coordinates":[[[-94.51098816454116,39.11500268785949],[-94.51052977348722,39.11498634762641],[-94.51052583852722,39.11498621012591],[-94.51052103327018,39.11506874100941],[-94.51052499833976,39.11506887850735],[-94.51097948359387,39.11508505839036],[-94.51098339065805,39.11508519587817],[-94.51098816454116,39.11500268785949]]]},"properties":{"KIVAPIN":"45689","ADDRESS":"326 N Wheeling Ave","OWN_NAME":"Silver Sage LLC"}},{"type":"Feature","geometry":{"type":"Polygon","coordinates":[[[-94.50984390542749,39.11496139959206],[-94.5093808163991,39.11494558092032],[-94.50937618532039,39.11502827190768],[-94.50937387123332,39.1150695253062],[-94.50983276174213,39.11508500172184],[-94.50983663869889,39.11508513810657],[-94.50983904135339,39.11504381490559],[-94.50984390542749,39.11496139959206]]]},"properties":{"KIVAPIN":"45723","ADDRESS":"328 N Belmont Blvd","OWN_NAME":"Guardado Navarro Francisco Adonis"}},{"type":"Feature","geometry":{"type":"Polygon","coordinates":[[[-94.51796830037325,39.11446829035974],[-94.51796430595246,39.11446815311947],[-94.51751361166093,39.11445117562043],[-94.51750973472421,39.11445103949097],[-94.51750566992816,39.11451961336989],[-94.51750163226937,39.114588095721224],[-94.51795617648615,39.114605256290325],[-94.5179603456691,39.11460539235991],[-94.51796432340376,39.11453688712151],[-94.51796830037325,39.11446829035974]]]},"properties":{"KIVAPIN":"43102","ADDRESS":"306 N Drury Ave","OWN_NAME":"Garcia Jaramillo Socorro Benjamin"}},{"type":"Feature","geometry":{"type":"Polygon","coordinates":[[[-94.51161556808283,39.11295243026901],[-94.51161163176553,39.11295229394927],[-94.5111504343502,39.1129359793103],[-94.51111351771416,39.11293467806649],[-94.51111111516987,39.11297618435379],[-94.51110824538694,39.1130254226265],[-94.51114525164836,39.11302672386341],[-94.5116063028008,39.1130430156565],[-94.51161020828482,39.113043152551505],[-94.5116149538492,39.11296339073018],[-94.51161556808283,39.11295243026901]]]},"properties":{"KIVAPIN":"45803","ADDRESS":"117 N White Ave","OWN_NAME":"Jambala Investments LLC"}},{"type":"Feature","geometry":{"type":"Polygon","coordinates":[[[-94.51676923521246,39.115148046752665],[-94.5163166868918,39.115132689420356],[-94.51631272180757,39.115132552691406],[-94.51631067376098,39.11516685047664],[-94.51630657765165,39.115235402001154],[-94.51631057211229,39.11523553815416],[-94.51676309171356,39.11525087377743],[-94.51676721675221,39.1151823222329],[-94.51676923521246,39.115148046752665]]]},"properties":{"KIVAPIN":"43057","ADDRESS":"326 N Oakley Ave","OWN_NAME":"A&T Investments LLC"}},{"type":"Feature","geometry":{"type":"Polygon","coordinates":[[[-94.5145693127378,39.11304112772492],[-94.51412899707972,39.11302628604726],[-94.51412464883605,39.11302612583762],[-94.51412137183667,39.113081040920655],[-94.51411976196597,39.113108474433815],[-94.51412404927197,39.113108634079],[-94.51456442491538,39.11312347462358],[-94.51456609335857,39.11309606397769],[-94.5145693127378,39.11304112772492]]]},"properties":{"KIVAPIN":"43216","ADDRESS":"120 N Topping Ave","OWN_NAME":"A&T Investments LLC"}},{"type":"Feature","geometry":{"type":"Polygon","coordinates":[[[-94.5179998848485,39.11393507510181],[-94.51799594993282,39.11393493899743],[-94.51754149982473,39.11391871667317],[-94.51753942231,39.11395303794418],[-94.5175353274666,39.11402161183453],[-94.51798983696303,39.11403778784007],[-94.51799374324851,39.11403792452107],[-94.51799783766018,39.1139693963762],[-94.5179998848485,39.11393507510181]]]},"properties":{"KIVAPIN":"43123","ADDRESS":"142 N Drury Ave","OWN_NAME":"Reyez-Fernandez Gerardo"}},{"type":"Feature","geometry":{"type":"Polygon","coordinates":[[[-94.51543303981926,39.11742920127068],[-94.51498864239353,39.11741319705326],[-94.51498470729018,39.11741306084736],[-94.51498060975678,39.11748156539382],[-94.51497923339527,39.11750444562369],[-94.51498343358394,39.117504582939695],[-94.51542759734784,39.11752061008822],[-94.51542897137162,39.11749777504268],[-94.51543303981926,39.11742920127068]]]},"properties":{"KIVAPIN":"42515","ADDRESS":"440 N Lawndale Ave","OWN_NAME":"Portales Ermita"}},{"type":"Feature","geometry":{"type":"Polygon","coordinates":[[[-94.51852122226711,39.11387829522183],[-94.51806530385088,39.11386191558005],[-94.51806284651347,39.11390303246937],[-94.51805995036528,39.11395099016532],[-94.51851208129935,39.11396728005071],[-94.5185159875818,39.113967416142174],[-94.51851879384193,39.11391945730529],[-94.51852122226711,39.11387829522183]]]},"properties":{"KIVAPIN":"43148","ADDRESS":"141 N Hardesty Ave","OWN_NAME":"Thomas-Aguirre Rita A"}},{"type":"Feature","geometry":{"type":"Polygon","coordinates":[[[-94.51669761101297,39.116318264071374],[-94.516588320509,39.11631482527019],[-94.51658913969567,39.11630114196507],[-94.51659306013735,39.11623275177666],[-94.51624630103927,39.1162218402206],[-94.51624239317853,39.1162217492426],[-94.51623838647197,39.11629007136149],[-94.51623440694713,39.11635848499822],[-94.51623834271825,39.11635857654462],[-94.51669448266647,39.11637297153249],[-94.51669761101297,39.116318264071374]]]},"properties":{"KIVAPIN":"42489","ADDRESS":"406 N Oakley Ave","OWN_NAME":"A&T Investments LLC"}},{"type":"Feature","geometry":{"type":"Polygon","coordinates":[[[-94.51601170112713,39.116175150430145],[-94.51558323105984,39.11616109114032],[-94.51556563832739,39.11616052147478],[-94.51556481968862,39.11617424996222],[-94.51556367770075,39.116193446963386],[-94.51600977081317,39.11620807592199],[-94.51601170112713,39.116175150430145]]]},"properties":{"KIVAPIN":"42525","ADDRESS":"403 N Oakley Ave","OWN_NAME":"A&T Investments LLC"}},{"type":"Feature","geometry":{"type":"Polygon","coordinates":[[[-94.51601819711607,39.11606406407718],[-94.51557231038697,39.11604888541567],[-94.5155674233847,39.116130593372],[-94.51556645770012,39.116146792987216],[-94.51556563832739,39.11616052147478],[-94.51558323105984,39.11616109114032],[-94.51601170112713,39.116175150430145],[-94.5160134566249,39.11614522232468],[-94.51601819711607,39.11606406407718]]]},"properties":{"KIVAPIN":"42526","ADDRESS":"401 N Oakley Ave","OWN_NAME":"A&T Investments LLC"}},{"type":"Feature","geometry":{"type":"Polygon","coordinates":[[[-94.5165841836231,39.116083251001676],[-94.5162511701442,39.11607199429417],[-94.51624657841111,39.11615068142222],[-94.51657964935643,39.11616118250166],[-94.5165841836231,39.116083251001676]]]},"properties":{"KIVAPIN":"42491","ADDRESS":"400 N Oakley Ave","OWN_NAME":"A&T Investments LLC"}},{"type":"Feature","geometry":{"type":"Polygon","coordinates":[[[-94.51530676903961,39.10913574097475],[-94.5148606609663,39.109120055652895],[-94.51485675569266,39.109119919438676],[-94.51485338981986,39.10917460463984],[-94.51485256889664,39.109188218735795],[-94.51485650501075,39.10918835494622],[-94.51530264215263,39.1092040625886],[-94.51530346077692,39.10919040272852],[-94.51530676903961,39.10913574097475]]]},"properties":{"KIVAPIN":"44881","ADDRESS":"343 Lawndale Ave","OWN_NAME":"Marquez Daniel"}},{"type":"Feature","geometry":{"type":"Polygon","coordinates":[[[-94.51045405068992,39.11316745807911],[-94.51045014520116,39.11316732057335],[-94.50997267631722,39.113150133840755],[-94.50996879873188,39.11314999688852],[-94.50996800767419,39.11316370188879],[-94.50996636755255,39.11319111418228],[-94.509963993661,39.11323236761065],[-94.50996789915233,39.11323250456065],[-94.51044921681279,39.113249828823534],[-94.51045161980203,39.11320864345275],[-94.51045405068992,39.11316745807911]]]},"properties":{"KIVAPIN":"45854","ADDRESS":"207 N Wheeling Ave","OWN_NAME":"Cone Andrew"}},{"type":"Feature","geometry":{"type":"Polygon","coordinates":[[[-94.5163895933621,39.10984585455181],[-94.5159451554447,39.10983074630759],[-94.51594122076092,39.10983060898971],[-94.51593452089452,39.10994400700348],[-94.51593839757629,39.10994412087686],[-94.51638295395203,39.10995723794086],[-94.5163895933621,39.10984585455181]]]},"properties":{"KIVAPIN":"44730","ADDRESS":"321 Oakley Ave","OWN_NAME":"Campos Ricardo Ernesto"}},{"type":"Feature","geometry":{"type":"Polygon","coordinates":[[[-94.51516305304781,39.11152678744264],[-94.51471751832752,39.11151242972756],[-94.51471355344911,39.11151229237208],[-94.5147094860872,39.11158075178545],[-94.51471339149661,39.11158088914856],[-94.51515504988106,39.11159515586055],[-94.51515892739131,39.111595293212346],[-94.51516305304781,39.11152678744264]]]},"properties":{"KIVAPIN":"44916","ADDRESS":"119 Lawndale Ave","OWN_NAME":"Calderon De Cerritos Amelia & Cerrios Ana Rosa"}},{"type":"Feature","geometry":{"type":"Polygon","coordinates":[[[-94.51489136485738,39.114214497216786],[-94.51477922867768,39.114210644658044],[-94.51477905384444,39.114213779327606],[-94.51477451734074,39.11428994954579],[-94.51477062333997,39.114355731872024],[-94.51477044848687,39.11435877501895],[-94.51488255628875,39.114362741992814],[-94.51488665362662,39.11429371058643],[-94.51489119000983,39.11421754036396],[-94.51489136485738,39.114214497216786]]]},"properties":{"KIVAPIN":"42999","ADDRESS":"5702 Scarritt Ave","OWN_NAME":"Cole Carla"}},{"type":"Feature","geometry":{"type":"Polygon","coordinates":[[[-94.51229316673347,39.10927594368106],[-94.51228920198517,39.109275806815056],[-94.51191848501014,39.1092638329557],[-94.51191374050882,39.10934640973285],[-94.51228437054864,39.10935840592491],[-94.5122883947726,39.109358543356784],[-94.51229316673347,39.10927594368106]]]},"properties":{"KIVAPIN":"46199","ADDRESS":"327 Barat Ave","OWN_NAME":"Hernandez Lazaro"}},{"type":"Feature","geometry":{"type":"Polygon","coordinates":[[[-94.5126256293349,39.115266930641376],[-94.51262172152333,39.11526679378071],[-94.51216876272444,39.11525050516605],[-94.5121611198051,39.11538778919332],[-94.51261364038267,39.115404055576064],[-94.51261751736236,39.11540419244033],[-94.5126256293349,39.115266930641376]]]},"properties":{"KIVAPIN":"45752","ADDRESS":"335 N Bellaire Ave","OWN_NAME":"Armendariz Sara"}},{"type":"Feature","geometry":{"type":"Polygon","coordinates":[[[-94.51272732003117,39.113524558485146],[-94.51272338367991,39.11352442220294],[-94.5122489955487,39.11350639730247],[-94.51224829254797,39.11351726568067],[-94.51224401638079,39.11358583940968],[-94.51271864148111,39.11360391006559],[-94.51272251762813,39.113604046926525],[-94.51272732003117,39.113524558485146]]]},"properties":{"KIVAPIN":"45877","ADDRESS":"135 N Bellaire Ave","OWN_NAME":"Varela America"}},{"type":"Feature","geometry":{"type":"Polygon","coordinates":[[[-94.51113786743821,39.10828782121024],[-94.51074650855375,39.10827474732023],[-94.51074062231598,39.10838487248483],[-94.51112742980982,39.10839817620744],[-94.51113198186944,39.10839833479348],[-94.51113786743821,39.10828782121024]]]},"properties":{"KIVAPIN":"46234","ADDRESS":"404 Wheeling Ave","OWN_NAME":"De La Torre Rubio Efrain"}},{"type":"Feature","geometry":{"type":"Polygon","coordinates":[[[-94.51370473949693,39.116464449677345],[-94.51370050926708,39.11646431346279],[-94.51326028904796,39.11644846232723],[-94.51325701237059,39.11651735570189],[-94.5132559292053,39.11654035085706],[-94.51369506473267,39.11655624789744],[-94.51369929349943,39.1165563841124],[-94.51370066949998,39.11653338891876],[-94.51370473949693,39.116464449677345]]]},"properties":{"KIVAPIN":"45556","ADDRESS":"415 N Topping Ave","OWN_NAME":"Torres Alejandro Hernandez"}},{"type":"Feature","geometry":{"type":"Polygon","coordinates":[[[-94.50856109527187,39.1160375541346],[-94.50823110861829,39.1160272358534],[-94.50822001802115,39.1161278650777],[-94.50822389576102,39.11612795632675],[-94.50855349960607,39.11613841194004],[-94.50856074265147,39.116042244689794],[-94.50856109527187,39.1160375541346]]]},"properties":{"KIVAPIN":"45494","ADDRESS":"400 N Chouteau Trfy","OWN_NAME":"Brabant Daniel L"}},{"type":"Feature","geometry":{"type":"Polygon","coordinates":[[[-94.50850763576625,39.116742875187995],[-94.50850372934975,39.116742738761225],[-94.50815726263785,39.11673118649134],[-94.50815335622254,39.11673104890881],[-94.50813322759886,39.11691292842493],[-94.50848988788991,39.11692486899467],[-94.5084937935823,39.11692500656597],[-94.50849901496335,39.11685661598985],[-94.50850678609368,39.11675422461353],[-94.50850763576625,39.116742875187995]]]},"properties":{"KIVAPIN":"45474","ADDRESS":"414 N Chouteau Trfy","OWN_NAME":"Kansas City Missouri Homesteading Authority"}},{"type":"Feature","geometry":{"type":"Polygon","coordinates":[[[-94.50853065578484,39.11643970574787],[-94.50819068240736,39.11642870166444],[-94.50818680464582,39.11642856522506],[-94.50817547839502,39.11653072745687],[-94.50852265009459,39.11654493491849],[-94.50852995273331,39.11644904109607],[-94.50853065578484,39.11643970574787]]]},"properties":{"KIVAPIN":"45487","ADDRESS":"408 N Chouteau Trfy","OWN_NAME":"Kansas City Missouri Homesteading Authority"}},{"type":"Feature","geometry":{"type":"Polygon","coordinates":[[[-94.5084937935823,39.11692500656597],[-94.50848988788991,39.11692486899467],[-94.50813322759886,39.11691292842493],[-94.5081183817892,39.117047444666696],[-94.50848355984009,39.117059934369124],[-94.50849121373494,39.11695925905297],[-94.5084937935823,39.11692500656597]]]},"properties":{"KIVAPIN":"45475","ADDRESS":"418 N Chouteau Trfy","OWN_NAME":"Kansas City Missouri Homesteading Authority"}},{"type":"Feature","geometry":{"type":"Polygon","coordinates":[[[-94.51109737057223,39.10885922437111],[-94.5107128804989,39.10884493646871],[-94.51070862209629,39.10884479957595],[-94.5107022070625,39.10895451292454],[-94.51069623209091,39.10905644680652],[-94.51070066598491,39.109056606564266],[-94.511084775415,39.10907087108989],[-94.5110908386742,39.108968983513215],[-94.51109737057223,39.10885922437111]]]},"properties":{"KIVAPIN":"46074","ADDRESS":"330 Wheeling Ave","OWN_NAME":"Land Bank of Kansas City Missouri"}},{"type":"Feature","geometry":{"type":"Polygon","coordinates":[[[-94.51315973725012,39.11021532880776],[-94.51315583118485,39.11021519139262],[-94.51278798501191,39.11020287676654],[-94.51278295005639,39.11028588890196],[-94.51278227510291,39.11029694033159],[-94.51315408666525,39.110309895186404],[-94.51315476008385,39.11029879799354],[-94.51315973725012,39.11021532880776]]]},"properties":{"KIVAPIN":"46161","ADDRESS":"305 Bellaire Ave","OWN_NAME":"Land Bank of Kansas City Missouri"}},{"type":"Feature","geometry":{"type":"Polygon","coordinates":[[[-94.51408062611266,39.11023185603524],[-94.51407674868386,39.1102317421002],[-94.51371054856821,39.110220390029724],[-94.51370972890369,39.1102341185183],[-94.51370463456996,39.11031962411917],[-94.51407465524953,39.1103305181338],[-94.51407980651976,39.11024558452638],[-94.51408062611266,39.11023185603524]]]},"properties":{"KIVAPIN":"46140","ADDRESS":"303 Topping Ave","OWN_NAME":"Aguila Anniel"}},{"type":"Feature","geometry":{"type":"Polygon","coordinates":[[[-94.5127981173542,39.11003717452987],[-94.51243100709057,39.11002469795962],[-94.51242712967188,39.11002456166108],[-94.51242232843639,39.11010709269282],[-94.51279305227804,39.11011995786485],[-94.5127981173542,39.11003717452987]]]},"properties":{"KIVAPIN":"46184","ADDRESS":"306 Barat Ave","OWN_NAME":"Villalobos Jose & Norma Angulo"}},{"type":"Feature","geometry":{"type":"Polygon","coordinates":[[[-94.5103696536557,39.11464848363146],[-94.50990594905547,39.114632759766074],[-94.50990111445962,39.114715267178894],[-94.5099049921307,39.11471540470538],[-94.51036484898029,39.114731060274536],[-94.5103696536557,39.11464848363146]]]},"properties":{"KIVAPIN":"45709","ADDRESS":"319 N Wheeling Ave","OWN_NAME":"Victorino Daniel Armando"}},{"type":"Feature","geometry":{"type":"Polygon","coordinates":[[[-94.51355674315074,39.11082235279313],[-94.5134388245294,39.11081849904272],[-94.51307450102541,39.110806780385005],[-94.51306908483022,39.11089917306178],[-94.51343320475969,39.11091123554148],[-94.51354724460121,39.110914974200945],[-94.51355112133686,39.110915111606346],[-94.51355375621239,39.1108715923018],[-94.51355674315074,39.11082235279313]]]},"properties":{"KIVAPIN":"46057","ADDRESS":"130 Bellaire Ave","OWN_NAME":"Estrada Alay Daniel Barron"}},{"type":"Feature","geometry":{"type":"Polygon","coordinates":[[[-94.51543848226669,39.11733774669018],[-94.51543445978568,39.11733760936701],[-94.51499015032068,39.11732162859606],[-94.51498877469506,39.117344487089966],[-94.51498470729018,39.11741306084736],[-94.51498864239353,39.11741319705326],[-94.51543303981926,39.11742920127068],[-94.51543710824907,39.117360581736456],[-94.51543848226669,39.11733774669018]]]},"properties":{"KIVAPIN":"42516","ADDRESS":"438 N Lawndale Ave","OWN_NAME":"Rodela Sergio Eduardo"}},{"type":"Feature","geometry":{"type":"Polygon","coordinates":[[[-94.51393908226359,39.11253638799548],[-94.5139349418457,39.11253625177856],[-94.51363495630379,39.112525190135294],[-94.51356473364294,39.112522612813876],[-94.51348094209678,39.112519510765075],[-94.51347706453922,39.11251937392947],[-94.5134732595731,39.11258813070598],[-94.51346942446949,39.11265675020114],[-94.5134733321385,39.11265688703349],[-94.51392697959601,39.11267362811826],[-94.51393117949576,39.11267376490036],[-94.51393513089258,39.11260512249567],[-94.51393908226359,39.11253638799548]]]},"properties":{"KIVAPIN":"45776","ADDRESS":"105 N Topping Ave","OWN_NAME":"Lopez Angel Zeloya & Santos Suyapa A"}},{"type":"Feature","geometry":{"type":"Polygon","coordinates":[[[-94.51393117949576,39.11267376490036],[-94.51392697959601,39.11267362811826],[-94.5134733321385,39.11265688703349],[-94.51346942446949,39.11265675020114],[-94.5134655908313,39.11272539257583],[-94.51346175715958,39.11279389766575],[-94.51346566263341,39.112794034498606],[-94.5139190767578,39.112810844282585],[-94.51392324803001,39.11281098049635],[-94.51392722808679,39.112742384423456],[-94.51393117949576,39.11267376490036]]]},"properties":{"KIVAPIN":"45777","ADDRESS":"111 N Topping Ave","OWN_NAME":"Lopez Angel Zeloya & Santos Suyapa A"}},{"type":"Feature","geometry":{"type":"Polygon","coordinates":[[[-94.5146556952133,39.11164670058766],[-94.51421071642565,39.11163252505545],[-94.51420672290644,39.11163238768625],[-94.51420253686315,39.111700983806884],[-94.51420653112046,39.111701121176125],[-94.51465150812672,39.11171525210708],[-94.5146556952133,39.11164670058766]]]},"properties":{"KIVAPIN":"44907","ADDRESS":"116 Topping Ave","OWN_NAME":"Gonzalez Nancy S"}},{"type":"Feature","geometry":{"type":"Polygon","coordinates":[[[-94.51211254561888,39.11593301740892],[-94.51208646466662,39.11593210489038],[-94.51164369216448,39.11591663688396],[-94.51163736809194,39.11603426683967],[-94.51163101412612,39.11615331539473],[-94.51162463074145,39.1162722037855],[-94.51161821730872,39.11639157266974],[-94.5120604926535,39.11640658321036],[-94.51208654589324,39.11640758725999],[-94.51209957541853,39.116169604477726],[-94.51210610408218,39.11605051069011],[-94.51211254561888,39.11593301740892]]]},"properties":{"KIVAPIN":"45502","ADDRESS":"404 N White Ave","OWN_NAME":"Nguyen Trinh"}},{"type":"Feature","geometry":{"type":"Polygon","coordinates":[[[-94.51455959580774,39.113205754587625],[-94.51411916090863,39.113190890579574],[-94.51411487286329,39.113190730362284],[-94.51411323288804,39.113218187331135],[-94.51410995586173,39.11327305607873],[-94.51411424317779,39.11327321629631],[-94.51455470722384,39.11328807917502],[-94.51455795673438,39.1132331892539],[-94.51455959580774,39.113205754587625]]]},"properties":{"KIVAPIN":"43214","ADDRESS":"124 N Topping Ave","OWN_NAME":"Martinez Brayan"}},{"type":"Feature","geometry":{"type":"Polygon","coordinates":[[[-94.516356798861,39.11039499485362],[-94.51591253342765,39.11038187707932],[-94.51590862808736,39.11038176320901],[-94.51590251396011,39.110485070190485],[-94.51635050880444,39.110499880647986],[-94.516356798861,39.11039499485362]]]},"properties":{"KIVAPIN":"44725","ADDRESS":"301 Oakley Ave","OWN_NAME":"Torres Alejandro Hernandez"}},{"type":"Feature","geometry":{"type":"Polygon","coordinates":[[[-94.51503900120814,39.11361809497969],[-94.51459439261703,39.11360096755117],[-94.51459167062285,39.113646682839104],[-94.51458760158559,39.113715302959804],[-94.5145835339994,39.11378387674605],[-94.51457946567571,39.11385247284007],[-94.51457536796929,39.113921046628214],[-94.51457130036431,39.113989643864265],[-94.51456687998844,39.114063823447246],[-94.515011666605,39.11407923433632],[-94.51501594001839,39.11400672447025],[-94.51502003729802,39.11393812835912],[-94.51502410446992,39.113869554559535],[-94.51502814372746,39.11380095788196],[-94.51503221161298,39.11373236062771],[-94.51503627950058,39.11366381027784],[-94.51503900120814,39.11361809497969]]]},"properties":{"KIVAPIN":"223141","ADDRESS":"141 N Lawndale Ave","OWN_NAME":"House of Refuge Non-Denominational Church"}},{"type":"Feature","geometry":{"type":"Polygon","coordinates":[[[-94.51170147537825,39.11153885538463],[-94.51123602868836,39.11152302199985],[-94.51123212328896,39.111522885092285],[-94.5112274371817,39.11160466155315],[-94.51123134258553,39.11160479788888],[-94.51169652623027,39.11162067650776],[-94.51170147537825,39.11153885538463]]]},"properties":{"KIVAPIN":"45948","ADDRESS":"113 White Ave","OWN_NAME":"Casarez Rafael Ventura"}},{"type":"Feature","geometry":{"type":"Polygon","coordinates":[[[-94.51555337435889,39.110612036268414],[-94.51539504628278,39.110606726090545],[-94.51538895974521,39.11070538826521],[-94.51538661855975,39.1107436913571],[-94.51539087707556,39.110743781745576],[-94.51554500552352,39.11074829109418],[-94.51554734662376,39.1107099897152],[-94.51555317097434,39.11061535399009],[-94.51555337435889,39.110612036268414]]]},"properties":{"KIVAPIN":"44720","ADDRESS":"5614 Anderson Ave","OWN_NAME":"Global Point Investments Inc"}},{"type":"Feature","geometry":{"type":"Polygon","coordinates":[[[-94.51228365070446,39.10944116533688],[-94.51227956920762,39.1094410290549],[-94.5119089967037,39.109428826343965],[-94.51190425291837,39.10951142599896],[-94.51227485448825,39.10952362872171],[-94.51227890882424,39.109523766150765],[-94.51228365070446,39.10944116533688]]]},"properties":{"KIVAPIN":"46197","ADDRESS":"323 Barat Ave","OWN_NAME":"Cunningham Julie Anna"}},{"type":"Feature","geometry":{"type":"Polygon","coordinates":[[[-94.51050305874442,39.1093279662535],[-94.51011803685338,39.109313494537275],[-94.51011407210709,39.10931335702533],[-94.51010865266372,39.10940927320996],[-94.51011267615216,39.10940941071702],[-94.51049760974155,39.109423996861906],[-94.51050305874442,39.1093279662535]]]},"properties":{"KIVAPIN":"46095","ADDRESS":"325 Wheeling Ave","OWN_NAME":"Finch Martin Ruiz"}},{"type":"Feature","geometry":{"type":"Polygon","coordinates":[[[-94.51090973575178,39.11647291311522],[-94.51090577060275,39.11647277563039],[-94.51045303960892,39.11645757917407],[-94.51044913320442,39.116457442812504],[-94.51044772819377,39.116485058713735],[-94.51044348158837,39.11656795618479],[-94.51044738726475,39.1165680931186],[-94.51090006021492,39.11658324441276],[-94.51090393799024,39.11658338133391],[-94.51090830154948,39.116500530168686],[-94.51090973575178,39.11647291311522]]]},"properties":{"KIVAPIN":"45608","ADDRESS":"418 N Wheeling Ave","OWN_NAME":"Wong Yee Won"}},{"type":"Feature","geometry":{"type":"Polygon","coordinates":[[[-94.51705567136055,39.110325726496235],[-94.51705179465044,39.110325589207356],[-94.5165984262328,39.11031057685546],[-94.51659451868721,39.11031043955575],[-94.51658881423712,39.11040624166195],[-94.51659292590115,39.11040637893279],[-94.51704990878494,39.11042148287189],[-94.51705567136055,39.110325726496235]]]},"properties":{"KIVAPIN":"44753","ADDRESS":"304 Oakley Ave","OWN_NAME":"Sanchez Guillermo & Rodriguez Silvia"}},{"type":"Feature","geometry":{"type":"Polygon","coordinates":[[[-94.5162347494037,39.112474794822376],[-94.51612267316872,39.1124708972129],[-94.51612249838362,39.11247396324347],[-94.51611901574286,39.11253139414306],[-94.51611489096916,39.112599968004524],[-94.51611076618748,39.11266854186502],[-94.51610663992933,39.112737115724784],[-94.5162148103589,39.11274080796695],[-94.5162187753088,39.112740944127296],[-94.51622287135449,39.11267237026783],[-94.51622696739227,39.11260379640741],[-94.516231120693,39.112535222538064],[-94.5162347494037,39.112474794822376]]]},"properties":{"KIVAPIN":"43194","ADDRESS":"5600 St John Ave","OWN_NAME":"Calvary Temple Assembly of God Church"}},{"type":"Feature","geometry":{"type":"Polygon","coordinates":[[[-94.51592479728822,39.109279920171595],[-94.51548053907364,39.10926407794888],[-94.5154766616905,39.1092639406077],[-94.51547244832372,39.10933226338154],[-94.51547635434447,39.109332399575045],[-94.5159206423504,39.10934821950077],[-94.51592479728822,39.109279920171595]]]},"properties":{"KIVAPIN":"44867","ADDRESS":"338 Lawndale Ave","OWN_NAME":"Delarosa Fernando"}},{"type":"Feature","geometry":{"type":"Polygon","coordinates":[[[-94.5161720193246,39.11351818315626],[-94.51616811307132,39.11351804641419],[-94.51573281566192,39.11350321009942],[-94.51572893878051,39.11350307391066],[-94.51572615878815,39.11354881268628],[-94.51572343752736,39.11359452857294],[-94.5157273437839,39.11359466475789],[-94.51616264174972,39.11360947878412],[-94.51616651863779,39.11360961495842],[-94.51616926971737,39.11356389962947],[-94.5161720193246,39.11351818315626]]]},"properties":{"KIVAPIN":"43203","ADDRESS":"131 N Oakley Ave","OWN_NAME":"Pizano Laura Aguilera & Guzman Ramiro M"}},{"type":"Feature","geometry":{"type":"Polygon","coordinates":[[[-94.51455470722384,39.11328807917502],[-94.51411424317779,39.11327321629631],[-94.51410995586173,39.11327305607873],[-94.51410913550522,39.11328678456299],[-94.51410506675482,39.11335540467107],[-94.51410932543531,39.1133555408676],[-94.51454982083158,39.11337040490479],[-94.51455388842196,39.11330180766216],[-94.51455470722384,39.11328807917502]]]},"properties":{"KIVAPIN":"43213","ADDRESS":"126 N Topping Ave","OWN_NAME":"Fregoso Eduardo"}},{"type":"Feature","geometry":{"type":"Polygon","coordinates":[[[-94.51509346350375,39.11269805617941],[-94.51464900754885,39.11268102217494],[-94.51464868488425,39.11268651357003],[-94.51464461742538,39.11275513198776],[-94.51464855226924,39.11275526934932],[-94.51508907384508,39.112772167724735],[-94.51509314087382,39.11270354871973],[-94.51509346350375,39.11269805617941]]]},"properties":{"KIVAPIN":"43226","ADDRESS":"109 N Lawndale Ave","OWN_NAME":"Nesme Yussef"}},{"type":"Feature","geometry":{"type":"Polygon","coordinates":[[[-94.5128805388223,39.111076976128096],[-94.51287660260694,39.111076839851016],[-94.51251882700238,39.111064180055344],[-94.5125185920498,39.111064180080575],[-94.51239694458624,39.11105979999392],[-94.51239300910684,39.111059663128415],[-94.5123900514201,39.11110872012904],[-94.5123887336324,39.11113054783729],[-94.51238741585212,39.11115242245081],[-94.51239138070564,39.11115255874137],[-94.51251285137946,39.111156938852716],[-94.5125129108519,39.11115693884633],[-94.5128710694696,39.111169667259595],[-94.5128749755868,39.1111698035402],[-94.5128805388223,39.111076976128096]]]},"properties":{"KIVAPIN":"46047","ADDRESS":"125 Bellaire Ave","OWN_NAME":"De La O-Contreras Irene"}},{"type":"Feature","geometry":{"type":"Polygon","coordinates":[[[-94.51312365872695,39.1180588156735],[-94.51311948788104,39.11805867885922],[-94.51267881756944,39.11804438146585],[-94.5126747479019,39.11811304722928],[-94.51311483125963,39.11812766446057],[-94.51311891325918,39.118127800713026],[-94.51312365872695,39.1180588156735]]]},"properties":{"KIVAPIN":"45528","ADDRESS":"506 N Bellaire Ave","OWN_NAME":"Trinacria Investments LLC"}},{"type":"Feature","geometry":{"type":"Polygon","coordinates":[[[-94.51268410405717,39.11427774864827],[-94.51268013902364,39.1142775883431],[-94.51222410239966,39.11425983648623],[-94.51221561121746,39.114411787689896],[-94.51267126759782,39.11442876282314],[-94.51267517316028,39.114428899110415],[-94.51268410405717,39.11427774864827]]]},"properties":{"KIVAPIN":"45745","ADDRESS":"307 N Bellaire Ave","OWN_NAME":"Man Ha Li"}},{"type":"Feature","geometry":{"type":"Polygon","coordinates":[[[-94.5180319377846,39.113397993457674],[-94.51802800216419,39.11339785621047],[-94.51757361424438,39.11338165745262],[-94.51757223953513,39.113404538300934],[-94.51756814476077,39.11347313507952],[-94.51802259200113,39.11348931096854],[-94.51802649825655,39.113489448220484],[-94.51803056322892,39.11342089661992],[-94.5180319377846,39.113397993457674]]]},"properties":{"KIVAPIN":"43128","ADDRESS":"126 N Drury Ave","OWN_NAME":"Reddis Investment Properties Inc"}},{"type":"Feature","geometry":{"type":"Polygon","coordinates":[[[-94.51803737731599,39.11330660676306],[-94.5175829613331,39.11329036285644],[-94.51757908372528,39.11329022558531],[-94.51757636441724,39.11333598727813],[-94.51757361424438,39.11338165745262],[-94.51802800216419,39.11339785621047],[-94.5180319377846,39.113397993457674],[-94.518034686922,39.11335229982002],[-94.51803737731599,39.11330660676306]]]},"properties":{"KIVAPIN":"43129","ADDRESS":"124 N Drury Ave","OWN_NAME":"Reddis Investment Properties Inc"}},{"type":"Feature","geometry":{"type":"Polygon","coordinates":[[[-94.51804284620916,39.11321524294285],[-94.51758452383335,39.113198838909994],[-94.51758045918126,39.113267412806266],[-94.51757908372528,39.11329022558531],[-94.5175829613331,39.11329036285644],[-94.51803737731599,39.11330660676306],[-94.51803875188475,39.11328377224221],[-94.51804284620916,39.11321524294285]]]},"properties":{"KIVAPIN":"43130","ADDRESS":"120 N Drury Ave","OWN_NAME":"McSilva & Wiggit Construction LLC"}},{"type":"Feature","geometry":{"type":"Polygon","coordinates":[[[-94.51804828494951,39.11312374355783],[-94.51804435007858,39.11312360631104],[-94.51759002190498,39.113107339537095],[-94.51758864868592,39.11313026500372],[-94.51758452383335,39.113198838909994],[-94.51804284620916,39.11321524294285],[-94.5180469118671,39.11314662384047],[-94.51804828494951,39.11312374355783]]]},"properties":{"KIVAPIN":"43131","ADDRESS":"118 N Drury Ave","OWN_NAME":"Reddis Investment Properties Inc"}},{"type":"Feature","geometry":{"type":"Polygon","coordinates":[[[-94.51740158192312,39.113213304616444],[-94.51739752883438,39.113213167365465],[-94.51694607905338,39.11319618778083],[-94.51694309515239,39.11324561154484],[-94.5169389997661,39.11331416197002],[-94.51693850243691,39.11332235331191],[-94.51739018871545,39.113339332890185],[-94.51739418233703,39.11333946957825],[-94.51739464950919,39.11333127766694],[-94.5173986871835,39.11326272723459],[-94.51740158192312,39.113213304616444]]]},"properties":{"KIVAPIN":"43172","ADDRESS":"121 N Drury Ave","OWN_NAME":"Godinez-Cerna Hilda Stephanie"}},{"type":"Feature","geometry":{"type":"Polygon","coordinates":[[[-94.51120365479204,39.11127623386233],[-94.51074387855545,39.11126282388771],[-94.51073985496753,39.111262733307846],[-94.51073516822156,39.11134393659243],[-94.5107391037101,39.111344050633235],[-94.51119908542881,39.11135812471756],[-94.51120365479204,39.11127623386233]]]},"properties":{"KIVAPIN":"45969","ADDRESS":"122 Wheeling Ave","OWN_NAME":"Xie Chengyang"}},{"type":"Feature","geometry":{"type":"Polygon","coordinates":[[[-94.51742688087494,39.11278264138145],[-94.51742297465998,39.11278250525342],[-94.51697188080864,39.112765593783976],[-94.51696778547252,39.1128341219072],[-94.51741893852163,39.112851123761956],[-94.51742290348028,39.112851261025384],[-94.51742688087494,39.11278264138145]]]},"properties":{"KIVAPIN":"43167","ADDRESS":"109 N Drury Ave","OWN_NAME":"Reddis Investment Properties Inc"}},{"type":"Feature","geometry":{"type":"Polygon","coordinates":[[[-94.51802649825655,39.113489448220484],[-94.51802259200113,39.11348931096854],[-94.51756814476077,39.11347313507952],[-94.51756404996712,39.113541686095864],[-94.51755992578978,39.11361021423507],[-94.51801440329052,39.1136264359123],[-94.51801828018318,39.11362657259703],[-94.51802240391756,39.113558044441895],[-94.51802649825655,39.113489448220484]]]},"properties":{"KIVAPIN":"43127","ADDRESS":"130 N Drury Ave","OWN_NAME":"Reddis Investment Properties Inc"}},{"type":"Feature","geometry":{"type":"Polygon","coordinates":[[[-94.5162187753088,39.112740944127296],[-94.5162148103589,39.11274080796695],[-94.51610663992933,39.112737115724784],[-94.51577972257556,39.11272597179584],[-94.51577584500228,39.11272583503672],[-94.5157717198898,39.11279443176445],[-94.51577090059043,39.1128081373807],[-94.51577477816818,39.11280827413999],[-94.51620989362368,39.112823110325486],[-94.516213801307,39.112823246493946],[-94.51621461979181,39.112809563755356],[-94.5162187753088,39.112740944127296]]]},"properties":{"KIVAPIN":"43195","ADDRESS":"109 N Oakley Ave","OWN_NAME":"Sifuentes Ricardo Almaraz"}},{"type":"Feature","geometry":{"type":"Polygon","coordinates":[[[-94.51419561145778,39.108358693628475],[-94.5141914999176,39.10835855741705],[-94.51370566262382,39.108341455045334],[-94.51370099235585,39.1083412948576],[-94.51369671861987,39.10840975429726],[-94.5136926770681,39.10847537650679],[-94.51369755292522,39.10847555897935],[-94.5141872970961,39.10849273012307],[-94.51419139545305,39.10842708443704],[-94.51419561145778,39.108358693628475]]]},"properties":{"KIVAPIN":"46204","ADDRESS":"419 Topping Ave","OWN_NAME":"Hernandez Andrea"}},{"type":"Feature","geometry":{"type":"Polygon","coordinates":[[[-94.5113967005512,39.116765326151366],[-94.51093700657914,39.11675031530086],[-94.51093270103267,39.11683307493566],[-94.51139227950227,39.11684794910244],[-94.5113967005512,39.116765326151366]]]},"properties":{"KIVAPIN":"45613","ADDRESS":"427 N White Ave","OWN_NAME":"Calderon Roberto C & Nancy Reyes De"}},{"type":"Feature","geometry":{"type":"Polygon","coordinates":[[[-94.51156114876034,39.11386969770135],[-94.51109824272737,39.11385395561621],[-94.51109806577175,39.11385395563307],[-94.51106431845042,39.11385272271406],[-94.5110603835526,39.113852586375586],[-94.5110551404129,39.113943033467834],[-94.51109288146371,39.11394467728902],[-94.51155575945684,39.11396044285059],[-94.51156114876034,39.11386969770135]]]},"properties":{"KIVAPIN":"45793","ADDRESS":"145 N White Ave","OWN_NAME":"Svejda Properties 9 LLC"}},{"type":"Feature","geometry":{"type":"Polygon","coordinates":[[[-94.51058452999305,39.11092674459083],[-94.51011054086693,39.11090859654023],[-94.51010660540037,39.110908459597546],[-94.51010244600012,39.11099064725592],[-94.51057975501473,39.11100815437973],[-94.51058452999305,39.11092674459083]]]},"properties":{"KIVAPIN":"45921","ADDRESS":"133 Wheeling Ave","OWN_NAME":"Rodriguez Maria Isabel Cordova"}},{"type":"Feature","geometry":{"type":"Polygon","coordinates":[[[-94.51277950089798,39.112657262027135],[-94.51241196628123,39.112642956714346],[-94.51230735060594,39.112638893906094],[-94.51230341430089,39.11263873530108],[-94.51229767438355,39.11272973222789],[-94.51230187355712,39.112729914258],[-94.51277399662818,39.11274869425545],[-94.51277950089798,39.112657262027135]]]},"properties":{"KIVAPIN":"45887","ADDRESS":"111 N Bellaire Ave","OWN_NAME":"Carpio Alvarenga Kevin"}},{"type":"Feature","geometry":{"type":"Polygon","coordinates":[[[-94.5100679720666,39.117215327929806],[-94.50990595743596,39.117210010622365],[-94.50988920274894,39.11753825749938],[-94.51005118798489,39.11754329969278],[-94.5100679720666,39.117215327929806]]]},"properties":{"KIVAPIN":"45629","ADDRESS":"6105 Gladstone Blvd","OWN_NAME":"Aguilar Jacqueline"}},{"type":"Feature","geometry":{"type":"Polygon","coordinates":[[[-94.51369387758916,39.11664829623357],[-94.51368967745402,39.11664816001508],[-94.51325157082431,39.116632262837726],[-94.51325048838979,39.116655257992306],[-94.51324724180347,39.11672417481345],[-94.51368423286934,39.116739980043214],[-94.51368843227584,39.116740117406],[-94.51369250083673,39.11667122335687],[-94.51369387758916,39.11664829623357]]]},"properties":{"KIVAPIN":"45554","ADDRESS":"419 N Topping Ave","OWN_NAME":"Trinacria Investments LLC"}},{"type":"Feature","geometry":{"type":"Polygon","coordinates":[[[-94.51408648075126,39.11013586984126],[-94.5140825460588,39.11013575591332],[-94.51371625686039,39.1101243827067],[-94.51371461753983,39.11015186256501],[-94.51371054856821,39.110220390029724],[-94.51407674868386,39.1102317421002],[-94.51408062611266,39.11023185603524],[-94.51408481145786,39.11016328221039],[-94.51408648075126,39.11013586984126]]]},"properties":{"KIVAPIN":"46141","ADDRESS":"305 Topping Ave","OWN_NAME":"Lopez Hedilberto Pacheco"}},{"type":"Feature","geometry":{"type":"Polygon","coordinates":[[[-94.51414034132935,39.10924969552435],[-94.51376906538968,39.109237430740684],[-94.5137688905016,39.109240451008134],[-94.51376414751586,39.10931971016533],[-94.51376364992716,39.10932831335117],[-94.51376362136867,39.10932870232572],[-94.51376268397092,39.10934476465769],[-94.51413381435147,39.10935696140909],[-94.51413483898115,39.109340624495715],[-94.51414034132935,39.10924969552435]]]},"properties":{"KIVAPIN":"46150","ADDRESS":"327 Topping Ave","OWN_NAME":"Hernandez Lilian & Irene"}},{"type":"Feature","geometry":{"type":"Polygon","coordinates":[[[-94.51149867997235,39.109361689352156],[-94.5111162135017,39.10934738141707],[-94.51111163274665,39.10934722111711],[-94.5111059209796,39.10944320601733],[-94.51110562815389,39.10944867509419],[-94.5114924703767,39.109463280653024],[-94.51149279180318,39.10945778926373],[-94.51149867997235,39.109361689352156]]]},"properties":{"KIVAPIN":"46120","ADDRESS":"327 White Ave","OWN_NAME":"Ho Nam Huu & Huynh Thanh Uyen Thi"}},{"type":"Feature","geometry":{"type":"Polygon","coordinates":[[[-94.51473907228599,39.11023214017302],[-94.51429624776668,39.11021798699953],[-94.51429222569261,39.11021784963672],[-94.51428569709678,39.110327311483005],[-94.5142896619077,39.11032744770901],[-94.51473234025757,39.11034155630841],[-94.51473907228599,39.11023214017302]]]},"properties":{"KIVAPIN":"44750","ADDRESS":"304 Topping Ave","OWN_NAME":"Hernandez Liliana"}},{"type":"Feature","geometry":{"type":"Polygon","coordinates":[[[-94.51319911412254,39.10955414264081],[-94.51319523893056,39.10955400522351],[-94.51282836535461,39.109541736374474],[-94.5128232995569,39.109624199388726],[-94.51319029028203,39.109636376145595],[-94.513194226418,39.109636512984146],[-94.51319911412254,39.10955414264081]]]},"properties":{"KIVAPIN":"46169","ADDRESS":"321 Bellaire Ave","OWN_NAME":"Land Bank of Kansas City Missouri"}},{"type":"Feature","geometry":{"type":"Polygon","coordinates":[[[-94.51343286618227,39.11238049408771],[-94.51297322788491,39.11236393421917],[-94.512969128674,39.112432324923496],[-94.51296502948443,39.11250087521936],[-94.51296087303719,39.11256954106789],[-94.51295677383192,39.11263809250589],[-94.51296064919214,39.112638228786984],[-94.51341764600558,39.11265485765019],[-94.51342145106403,39.11258628392145],[-94.51342525608898,39.11251757233589],[-94.51342906111971,39.11244892996337],[-94.51343286618227,39.11238049408771]]]},"properties":{"KIVAPIN":"45772","ADDRESS":"5836 St John Ave","OWN_NAME":"Rwatson Property LLC"}},{"type":"Feature","geometry":{"type":"Polygon","coordinates":[[[-94.51572278068389,39.112621140378174],[-94.5152821719418,39.11260495370822],[-94.5152781497303,39.11260481695151],[-94.51527607115096,39.11263911473752],[-94.51527197419465,39.11270771201695],[-94.51571660578831,39.11272401258608],[-94.515720703783,39.1126554152911],[-94.51572278068389,39.112621140378174]]]},"properties":{"KIVAPIN":"43191","ADDRESS":"106 N Lawndale Ave","OWN_NAME":"Ortiz Segura Johana"}},{"type":"Feature","geometry":{"type":"Polygon","coordinates":[[[-94.51814078088817,39.112014452112355],[-94.51799851395376,39.11200957770384],[-94.51792573579253,39.11200709549805],[-94.51791004726998,39.112334542260676],[-94.5179098719153,39.11233795150377],[-94.5179797134504,39.11234041129152],[-94.5181201887982,39.1123454009764],[-94.51812036495318,39.11234228918128],[-94.51814078088817,39.112014452112355]]]},"properties":{"KIVAPIN":"44844","ADDRESS":"5417 St John Ave","OWN_NAME":"Hermida-Jmenez Able & Martinez Maria A"}},{"type":"Feature","geometry":{"type":"Polygon","coordinates":[[[-94.51737335776265,39.11369329890991],[-94.51736930464658,39.11369316222998],[-94.51691729378753,39.11367622780838],[-94.51691436857556,39.11372560522573],[-94.51691024376363,39.113794155648556],[-94.51708629110863,39.113800788818764],[-94.51736251971191,39.11381111293826],[-94.51736642524926,39.11381124906837],[-94.51737046297242,39.11374267518999],[-94.51737335776265,39.11369329890991]]]},"properties":{"KIVAPIN":"43176","ADDRESS":"129 N Drury Ave","OWN_NAME":"Alonso Juan & Segura-Caldera Rubi"}},{"type":"Feature","geometry":{"type":"Polygon","coordinates":[[[-94.51247986095807,39.11776301702596],[-94.51203854566688,39.11774851135492],[-94.5120352390285,39.117816971095145],[-94.5120319316883,39.11788565906878],[-94.51203140485389,39.11789659548917],[-94.51247116362975,39.117911147114604],[-94.51247180788786,39.11790023298831],[-94.51247581974698,39.11783165933011],[-94.51247986095807,39.11776301702596]]]},"properties":{"KIVAPIN":"45539","ADDRESS":"501 N Bellaire Ave","OWN_NAME":"Loomis July & Martinez Julita"}},{"type":"Feature","geometry":{"type":"Polygon","coordinates":[[[-94.51812465361351,39.11188636876006],[-94.51765791063596,39.111869279900624],[-94.51765276318577,39.11195572433625],[-94.51809994665076,39.11197270185095],[-94.5181203552001,39.11196013663373],[-94.51812465361351,39.11188636876006]]]},"properties":{"KIVAPIN":"44848","ADDRESS":"112 Drury Ave","OWN_NAME":"Reyes Enrique R & Maria D"}},{"type":"Feature","geometry":{"type":"Polygon","coordinates":[[[-94.51641100883526,39.1094877229428],[-94.5159663382619,39.10947282130891],[-94.51596240359801,39.10947268399171],[-94.51596158289001,39.109486321547415],[-94.51595754619395,39.109554666620596],[-94.5159567563261,39.1095683270525],[-94.51596069172926,39.10956846322572],[-94.51640527479735,39.10958336603719],[-94.51640612258146,39.10956970559416],[-94.5164101896927,39.10950140683471],[-94.51641100883526,39.1094877229428]]]},"properties":{"KIVAPIN":"44854","ADDRESS":"329 Oakley Ave","OWN_NAME":"Ortega Gregoria Arevalo"}},{"type":"Feature","geometry":{"type":"Polygon","coordinates":[[[-94.51279750915717,39.11235798179128],[-94.51243100413978,39.112344315938714],[-94.51241214122746,39.11263989011739],[-94.51241196628123,39.112642956714346],[-94.51277950089798,39.112657262027135],[-94.51279750915717,39.11235798179128]]]},"properties":{"KIVAPIN":"45888","ADDRESS":"5900 St John Ave","OWN_NAME":"Leon Jose"}},{"type":"Feature","geometry":{"type":"Polygon","coordinates":[[[-94.51337959508555,39.11334096097661],[-94.51337568884733,39.11334082356897],[-94.51291945125854,39.113324332315244],[-94.51291551638634,39.113324194895355],[-94.51291135837035,39.11339283842395],[-94.51290725907778,39.113461434467766],[-94.51291119542587,39.11346157074375],[-94.51336810795394,39.11347813116589],[-94.51337198482956,39.113478268005125],[-94.51337578996758,39.11340964795428],[-94.51337959508555,39.11334096097661]]]},"properties":{"KIVAPIN":"45764","ADDRESS":"130 N Bellaire Ave","OWN_NAME":"Guerrero Azael Alejandro Leon"}},{"type":"Feature","geometry":{"type":"Polygon","coordinates":[[[-94.51640038927489,39.109665393304155],[-94.51595586442959,39.10965049103835],[-94.51595187101898,39.10965035430087],[-94.51594944195705,39.10969142541032],[-94.51594701361626,39.109732450758045],[-94.51595097839729,39.10973258807163],[-94.51639547438333,39.109747466907194],[-94.51639793110428,39.10970646442694],[-94.51640038927489,39.109665393304155]]]},"properties":{"KIVAPIN":"44852","ADDRESS":"325 Oakley Ave","OWN_NAME":"Abbott Anthony & Barbara A"}},{"type":"Feature","geometry":{"type":"Polygon","coordinates":[[[-94.51479971893943,39.10924673129793],[-94.51435102611755,39.109232280481876],[-94.51434725108219,39.10929513411246],[-94.51434429412187,39.109344351341974],[-94.51434864213978,39.10934451154355],[-94.5147928408016,39.10935875644083],[-94.51479585619212,39.10930956264533],[-94.51479971893943,39.10924673129793]]]},"properties":{"KIVAPIN":"44891","ADDRESS":"332 Topping Ave","OWN_NAME":"Cutrera Joseph"}},{"type":"Feature","geometry":{"type":"Polygon","coordinates":[[[-94.51122664446821,39.11086579911654],[-94.5112227677435,39.11086568508648],[-94.51076778207722,39.110852457217064],[-94.51076375777484,39.11085234318538],[-94.51075889448639,39.110935857438676],[-94.51076297752817,39.110935949156456],[-94.51121816985918,39.1109479872307],[-94.5112220465884,39.11094810126088],[-94.51122664446821,39.11086579911654]]]},"properties":{"KIVAPIN":"45965","ADDRESS":"134 Wheeling Ave","OWN_NAME":"Hammond Jeffrey Bryan"}},{"type":"Feature","geometry":{"type":"Polygon","coordinates":[[[-94.51482041187307,39.10891024571065],[-94.51481644714029,39.108910108358586],[-94.51437512936621,39.108895840886184],[-94.5143710750624,39.10889570467404],[-94.51436847089744,39.10893938302863],[-94.51436440255428,39.109007545583815],[-94.51436877845589,39.10900772808988],[-94.51481356388369,39.10902217876276],[-94.51481774851466,39.108953925798694],[-94.51482041187307,39.10891024571065]]]},"properties":{"KIVAPIN":"44888","ADDRESS":"342 Topping Ave","OWN_NAME":"Phan Kelly Kim"}},{"type":"Feature","geometry":{"type":"Polygon","coordinates":[[[-94.51799374324851,39.11403792452107],[-94.51798983696303,39.11403778784007],[-94.5175353274666,39.11402161183453],[-94.51753123260949,39.11409016227124],[-94.51752669901441,39.11416608148249],[-94.51798514571286,39.11418191370431],[-94.51798964884652,39.11410652187891],[-94.51799374324851,39.11403792452107]]]},"properties":{"KIVAPIN":"43122","ADDRESS":"5417 Scarritt Ave","OWN_NAME":"Dominguez Sergio Segura"}},{"type":"Feature","geometry":{"type":"Polygon","coordinates":[[[-94.51466831003805,39.11144111694697],[-94.51422321653656,39.11142696264091],[-94.51421919365994,39.111426826419745],[-94.51421500689293,39.1114953544734],[-94.51421903050792,39.11149549183866],[-94.5146640943359,39.111509645020185],[-94.51466831003805,39.11144111694697]]]},"properties":{"KIVAPIN":"44910","ADDRESS":"122 Topping Ave","OWN_NAME":"Zamora Jose"}},{"type":"Feature","geometry":{"type":"Polygon","coordinates":[[[-94.51222503620498,39.11388910140215],[-94.51222092434712,39.113888964549396],[-94.51221602095337,39.113888782590195],[-94.51220904471658,39.11397774267371],[-94.51220881100973,39.113980762942525],[-94.51221926762761,39.11398112793729],[-94.5122241875582,39.113902738924125],[-94.51222503620498,39.11388910140215]]]},"properties":{"KIVAPIN":"45822","ADDRESS":"5951 Scarritt Ave","OWN_NAME":"SFR Workforce Owner 2 LLC"}},{"type":"Feature","geometry":{"type":"Polygon","coordinates":[[[-94.51485917466402,39.11658724644573],[-94.5144148412777,39.11657064456179],[-94.51441084674519,39.11657050777184],[-94.51440668993403,39.11663887560363],[-94.5144052847476,39.11666166488312],[-94.51440963175129,39.11666184739094],[-94.51485355377518,39.11667844877486],[-94.51485496028626,39.11665566006189],[-94.51485917466402,39.11658724644573]]]},"properties":{"KIVAPIN":"42563","ADDRESS":"419 N Lawndale Ave","OWN_NAME":"Stanley Richard M & Stewart Treasa L"}},{"type":"Feature","geometry":{"type":"Polygon","coordinates":[[[-94.51047247852017,39.1128525964724],[-94.51046860168434,39.11285245896469],[-94.50998810834271,39.112835135281934],[-94.50998315667448,39.11291377647703],[-94.51046779120679,39.112932747214515],[-94.51047247852017,39.1128525964724]]]},"properties":{"KIVAPIN":"45832","ADDRESS":"119 N Wheeling Ave","OWN_NAME":"Guzman-Pacheco Valeriana"}},{"type":"Feature","geometry":{"type":"Polygon","coordinates":[[[-94.51027603871047,39.11639300289295],[-94.51026869585301,39.116392751853],[-94.50981091287234,39.11637725589941],[-94.50980599001225,39.11646033530671],[-94.51026392037282,39.116475740315906],[-94.51027167517495,39.11647601420049],[-94.51027603871047,39.11639300289295]]]},"properties":{"KIVAPIN":"45596","ADDRESS":"417 N Wheeling Ave","OWN_NAME":"Guardado Rigoberto Fuentes"}},{"type":"Feature","geometry":{"type":"Polygon","coordinates":[[[-94.51628699280792,39.111562123162436],[-94.51628247064193,39.11156198708222],[-94.51584010762197,39.11154882300808],[-94.51583623158666,39.111548709131384],[-94.51583078840245,39.11163915707305],[-94.51627773363018,39.111652457826494],[-94.51628161040608,39.11165257168843],[-94.51628699280792,39.111562123162436]]]},"properties":{"KIVAPIN":"44692","ADDRESS":"119 Oakley Ave","OWN_NAME":"Limones-Gallegos Oscar & Heather"}},{"type":"Feature","geometry":{"type":"Polygon","coordinates":[[[-94.51614717916856,39.11393147902449],[-94.51570791273689,39.11391650759981],[-94.51570400719663,39.113916370270076],[-94.51570134424692,39.11396027857498],[-94.51569835943916,39.11400967884816],[-94.51570226571856,39.11400981503394],[-94.51613768370386,39.114024582230655],[-94.51614158998517,39.11402471954573],[-94.51614454586372,39.1139753879073],[-94.51614717916856,39.11393147902449]]]},"properties":{"KIVAPIN":"43207","ADDRESS":"145 N Oakley Ave","OWN_NAME":"Araujo Dalia & Gustavo"}},{"type":"Feature","geometry":{"type":"Polygon","coordinates":[[[-94.51753608878612,39.11093105439711],[-94.51707502150217,39.11091519733004],[-94.51707111392254,39.110915061190376],[-94.51706915559836,39.110947940972316],[-94.51706623058237,39.11099722689402],[-94.5170701058606,39.110997363038585],[-94.51753117514701,39.11101321898045],[-94.51753409982874,39.11096388843004],[-94.51753608878612,39.11093105439711]]]},"properties":{"KIVAPIN":"44805","ADDRESS":"141 Drury Ave","OWN_NAME":"Cervantes Guadalupe"}},{"type":"Feature","geometry":{"type":"Polygon","coordinates":[[[-94.51507148517504,39.11306936724397],[-94.51463128555137,39.11305244588206],[-94.51462696740911,39.11305228568737],[-94.51462424619622,39.113098025004966],[-94.51462152424057,39.11314374029756],[-94.51506189992017,39.11316068455391],[-94.51506607121544,39.113160821870814],[-94.51506876351434,39.11311510542784],[-94.51507148517504,39.11306936724397]]]},"properties":{"KIVAPIN":"43230","ADDRESS":"119 N Lawndale Ave","OWN_NAME":"Banda Eloy & Carmona Laura"}},{"type":"Feature","geometry":{"type":"Polygon","coordinates":[[[-94.51289160659093,39.11089175660956],[-94.51288767185426,39.11089162033266],[-94.51253024805452,39.11087845658637],[-94.51253007257479,39.110878456605214],[-94.51240816035066,39.110873939846684],[-94.51240425425046,39.11087380240639],[-94.51240226363161,39.11090654482986],[-94.51240112085014,39.11092562684229],[-94.51239863169606,39.11096678996991],[-94.5124025679044,39.11096692626313],[-94.51252433193852,39.11097123826153],[-94.51252447878369,39.11097123824577],[-94.51288213723153,39.110984195485734],[-94.51288607344188,39.11098433233464],[-94.51289160659093,39.11089175660956]]]},"properties":{"KIVAPIN":"46049","ADDRESS":"129 Bellaire Ave","OWN_NAME":"Admiral Corporation"}},{"type":"Feature","geometry":{"type":"Polygon","coordinates":[[[-94.51284721794202,39.11163400978195],[-94.51248409426398,39.11162107590249],[-94.51248403479116,39.11162107590884],[-94.51235927321441,39.111616627474824],[-94.51223941708423,39.111612315676304],[-94.51223894765613,39.1116193400846],[-94.51223364664617,39.11170514307105],[-94.5122375241567,39.111705279948026],[-94.51235359250971,39.11170945486591],[-94.51247823531199,39.11171394907992],[-94.51284165463166,39.11172690582552],[-94.51284721794202,39.11163400978195]]]},"properties":{"KIVAPIN":"46040","ADDRESS":"113 Bellaire Ave","OWN_NAME":"Marizcales Chavira Maria L"}},{"type":"Feature","geometry":{"type":"Polygon","coordinates":[[[-94.51508298538053,39.11287499412403],[-94.51507890368013,39.11287485736815],[-94.51463849967128,39.11285791260657],[-94.51463645088366,39.11289223497264],[-94.51463238192316,39.112960807626465],[-94.51463631824696,39.112960944988224],[-94.5150768697508,39.112977912619264],[-94.51508096692635,39.11290938341974],[-94.51508298538053,39.11287499412403]]]},"properties":{"KIVAPIN":"43228","ADDRESS":"115 N Lawndale Ave","OWN_NAME":"Banda Carmona Eric Alejandro"}},{"type":"Feature","geometry":{"type":"Polygon","coordinates":[[[-94.51283340177652,39.10945929738677],[-94.512460391585,39.109447553165936],[-94.51245567697578,39.10952958196756],[-94.51282836535461,39.109541736374474],[-94.51283340177652,39.10945929738677]]]},"properties":{"KIVAPIN":"46177","ADDRESS":"320 Barat Ave","OWN_NAME":"West Happy Homes LLC"}},{"type":"Feature","geometry":{"type":"Polygon","coordinates":[[[-94.51585709922412,39.11083457833391],[-94.51583166476752,39.11083373520639],[-94.51538595792302,39.110818739408955],[-94.51538196444744,39.11081860207998],[-94.51537710723527,39.11089822738663],[-94.5153809832393,39.1108983647313],[-94.51582683664395,39.110913131721084],[-94.515852124279,39.11091395256097],[-94.51585709922412,39.11083457833391]]]},"properties":{"KIVAPIN":"44718","ADDRESS":"138 Lawndale Ave","OWN_NAME":"Magdaleno Yovanis Julian Fernandez"}},{"type":"Feature","geometry":{"type":"Polygon","coordinates":[[[-94.51025061647101,39.11689020118735],[-94.51024673941436,39.11689006367239],[-94.50979309393188,39.11687504777977],[-94.5097814635047,39.11687465921344],[-94.50976031593868,39.11687395225835],[-94.50975486879209,39.11698430540786],[-94.51024499311139,39.117000463996455],[-94.51025061647101,39.11689020118735]]]},"properties":{"KIVAPIN":"45625","ADDRESS":"431 N Wheeling Ave","OWN_NAME":"Maw Khan"}},{"type":"Feature","geometry":{"type":"Polygon","coordinates":[[[-94.5108568471271,39.11748456210002],[-94.5108529700367,39.117484424605244],[-94.51040131937783,39.11746952529857],[-94.51039741218318,39.11746938836333],[-94.51039290183994,39.11755722691296],[-94.51085227785813,39.117572287413566],[-94.5108568471271,39.11748456210002]]]},"properties":{"KIVAPIN":"45644","ADDRESS":"446 N Wheeling Ave","OWN_NAME":"Sierra Sunrise LLC"}},{"type":"Feature","geometry":{"type":"Polygon","coordinates":[[[-94.51317455154502,39.10996675227951],[-94.51317061612484,39.10996661486819],[-94.51280318318192,39.109954552502025],[-94.5127981173542,39.11003717452987],[-94.51316566747,39.11004926035127],[-94.513169603629,39.11004939776263],[-94.51317455154502,39.10996675227951]]]},"properties":{"KIVAPIN":"46164","ADDRESS":"311 Bellaire Ave","OWN_NAME":"Avila Rodriguez Monica A"}},{"type":"Feature","geometry":{"type":"Polygon","coordinates":[[[-94.51038397881952,39.114401096911486],[-94.50992051223744,39.11438514370368],[-94.50991567768203,39.11446769802593],[-94.50991958324136,39.11446783440551],[-94.51037920425881,39.1144835133915],[-94.51038397881952,39.114401096911486]]]},"properties":{"KIVAPIN":"45712","ADDRESS":"311 N Wheeling Ave","OWN_NAME":"Beltran Reyna Flores"}},{"type":"Feature","geometry":{"type":"Polygon","coordinates":[[[-94.51084861563407,39.11781935216359],[-94.51039393678732,39.11780436044449],[-94.5103889000846,39.11791327380609],[-94.51084287616558,39.11792821870461],[-94.51084861563407,39.11781935216359]]]},"properties":{"KIVAPIN":"45642","ADDRESS":"6050 Gladstone Blvd","OWN_NAME":"Lowrance Christopher J"}},{"type":"Feature","geometry":{"type":"Polygon","coordinates":[[[-94.51192375579168,39.10917173776971],[-94.5118061932012,39.10916811113692],[-94.5117867791568,39.10951111817699],[-94.51178660271485,39.10951413729743],[-94.51189999558143,39.10951787877868],[-94.51190387223716,39.10951801509489],[-94.51190425291837,39.10951142599896],[-94.5119089967037,39.109428826343965],[-94.51191374050882,39.10934640973285],[-94.51191848501014,39.1092638329557],[-94.51192375579168,39.10917173776971]]]},"properties":{"KIVAPIN":"46138","ADDRESS":"5926 Lexington Ave","OWN_NAME":"Laughlin Karen J"}},{"type":"Feature","geometry":{"type":"Polygon","coordinates":[[[-94.51363509545288,39.11598687045253],[-94.51350944494153,39.11598226319274],[-94.51350926856612,39.11598532978976],[-94.51350253498181,39.11609941282279],[-94.51349562661616,39.11621734039128],[-94.51362080759154,39.116221879078736],[-94.51362798082366,39.11610395147196],[-94.51363491982148,39.11598995935825],[-94.51363509545288,39.11598687045253]]]},"properties":{"KIVAPIN":"45510","ADDRESS":"5802 Norledge Ave","OWN_NAME":"Rodriguez Anjel & Moreno Dalia Rodriguez"}},{"type":"Feature","geometry":{"type":"Polygon","coordinates":[[[-94.5128749755868,39.1111698035402],[-94.5128710694696,39.111169667259595],[-94.5125129108519,39.11115693884633],[-94.51251285137946,39.111156938852716],[-94.51239138070564,39.11115255874137],[-94.51238741585212,39.11115242245081],[-94.51238393093858,39.11120962387382],[-94.51238296464001,39.11122609804427],[-94.51238179323742,39.11124531791444],[-94.51238569935794,39.111245454783436],[-94.51250711217052,39.11124974281222],[-94.5125072876512,39.111249742793404],[-94.5128654760945,39.111262403722506],[-94.5128694123202,39.11126253999996],[-94.5128749755868,39.1111698035402]]]},"properties":{"KIVAPIN":"46046","ADDRESS":"123 Bellaire Ave","OWN_NAME":"Nguyen Thanh Thi"}},{"type":"Feature","geometry":{"type":"Polygon","coordinates":[[[-94.51568523841368,39.1132452378523],[-94.51524465443944,39.11322909737253],[-94.51524068946382,39.113228960035045],[-94.51523902274764,39.11325637183376],[-94.51523492571454,39.11332494450794],[-94.51523880111698,39.113325081857305],[-94.51567553745599,39.11334110904509],[-94.51567944296444,39.11334124637578],[-94.51568359903644,39.11327264908158],[-94.51568523841368,39.1132452378523]]]},"properties":{"KIVAPIN":"43187","ADDRESS":"124 N Lawndale Ave","OWN_NAME":"Rodriguez Mercedes U"}},{"type":"Feature","geometry":{"type":"Polygon","coordinates":[[[-94.51504848309158,39.11345804310328],[-94.51460786986506,39.113441076518335],[-94.5146039048788,39.113440939159226],[-94.51459983732413,39.11350951294928],[-94.51460380231397,39.1135096491645],[-94.51504438586741,39.113526640365095],[-94.51504848309158,39.11345804310328]]]},"properties":{"KIVAPIN":"43234","ADDRESS":"131 N Lawndale Ave","OWN_NAME":"Cerritos Manuel"}},{"type":"Feature","geometry":{"type":"Polygon","coordinates":[[[-94.51337198482956,39.113478268005125],[-94.51336810795394,39.11347813116589],[-94.51291119542587,39.11346157074375],[-94.51290725907778,39.113461434467766],[-94.5129031311414,39.11353003051379],[-94.51290178353818,39.11355282035301],[-94.51290568905286,39.113552957204604],[-94.51336295609248,39.113569585677276],[-94.51336689097909,39.11356972251006],[-94.51336815105245,39.113546909794934],[-94.51337198482956,39.113478268005125]]]},"properties":{"KIVAPIN":"45763","ADDRESS":"132 N Bellaire Ave","OWN_NAME":"Navarro Maria Sonia"}},{"type":"Feature","geometry":{"type":"Polygon","coordinates":[[[-94.5124624655429,39.11805934584079],[-94.5120242934025,39.118044794019326],[-94.51202206831465,39.11809137862485],[-94.51201876092186,39.11815990757454],[-94.51201718040227,39.11819269509734],[-94.51244989171892,39.11820720119512],[-94.51245376958633,39.118207338636694],[-94.51245570162973,39.118174527617875],[-94.51245974290404,39.11810602260222],[-94.5124624655429,39.11805934584079]]]},"properties":{"KIVAPIN":"45537","ADDRESS":"509 N Bellaire Ave","OWN_NAME":"Parham-Cortez Ayla"}},{"type":"Feature","geometry":{"type":"Polygon","coordinates":[[[-94.51269221575966,39.11414041817623],[-94.51223189088829,39.11412079003175],[-94.51222410239966,39.11425983648623],[-94.51268013902364,39.1142775883431],[-94.51268410405717,39.11427774864827],[-94.51269221575966,39.11414041817623]]]},"properties":{"KIVAPIN":"45744","ADDRESS":"303 N Bellaire Ave","OWN_NAME":"Shafer Steven Dale & Maria D"}},{"type":"Feature","geometry":{"type":"Polygon","coordinates":[[[-94.51579620801142,39.111447353859674],[-94.51579230040461,39.11144721653315],[-94.51534999808197,39.11143258622926],[-94.51534415282255,39.11143235819223],[-94.51533908976745,39.1115145696013],[-94.51534522725268,39.11151477414747],[-94.51579126222815,39.11152958700885],[-94.51579620801142,39.111447353859674]]]},"properties":{"KIVAPIN":"44693","ADDRESS":"124 Lawndale Ave","OWN_NAME":"Hernandez Martha Abigail"}},{"type":"Feature","geometry":{"type":"Polygon","coordinates":[[[-94.51316324852887,39.11740790378744],[-94.51315919594225,39.117407766389164],[-94.5127195569072,39.11739321734467],[-94.51271562107502,39.11739308106227],[-94.51270923973044,39.11751379936477],[-94.51270297547349,39.11763241320623],[-94.51315171981052,39.11764316310209],[-94.51315739637883,39.117527226336236],[-94.51316324852887,39.11740790378744]]]},"properties":{"KIVAPIN":"45557","ADDRESS":"444 N Bellaire Ave","OWN_NAME":"Gomez Adan"}},{"type":"Feature","geometry":{"type":"Polygon","coordinates":[[[-94.5131363424897,39.117874076093344],[-94.51313228914651,39.117873962146874],[-94.51269361756722,39.11786131198866],[-94.51268971108915,39.11786122146344],[-94.51268695761118,39.11790702762741],[-94.51268426508493,39.11795288126159],[-94.51268820020991,39.11795299523651],[-94.51312596273931,39.11796660650341],[-94.51312998524314,39.11796669814494],[-94.51313315030941,39.11792052411862],[-94.5131363424897,39.117874076093344]]]},"properties":{"KIVAPIN":"45530","ADDRESS":"502 N Bellaire Ave","OWN_NAME":"Jean-Philippe Luctoine"}},{"type":"Feature","geometry":{"type":"Polygon","coordinates":[[[-94.51320895187503,39.1093892394903],[-94.51320507522385,39.10938910321752],[-94.51283846752165,39.10937667420515],[-94.51283340177652,39.10945929738677],[-94.51320015670525,39.10947149759162],[-94.51320403409515,39.10947163386447],[-94.51320895187503,39.1093892394903]]]},"properties":{"KIVAPIN":"46171","ADDRESS":"329 Bellaire Ave","OWN_NAME":"Calderon Liliana"}},{"type":"Feature","geometry":{"type":"Polygon","coordinates":[[[-94.51448355469321,39.11448593583285],[-94.51438904054824,39.114482812888895],[-94.51429423124743,39.114479735665746],[-94.51404234755114,39.11447146060516],[-94.51403817838337,39.114471323251415],[-94.51403402064604,39.11453992047314],[-94.51403317161042,39.1145535808874],[-94.5140374303629,39.11455371708653],[-94.51447857854616,39.11456821464855],[-94.51447942823056,39.11455455594702],[-94.51448355469321,39.11448593583285]]]},"properties":{"KIVAPIN":"42991","ADDRESS":"308 N Topping Ave","OWN_NAME":"Global Point Investment Inc"}},{"type":"Feature","geometry":{"type":"Polygon","coordinates":[[[-94.5143114140554,39.11419461793439],[-94.51421334570762,39.11419124359701],[-94.51420854487843,39.11427047983118],[-94.51420441747759,39.11433935048122],[-94.51430248600256,39.1143425881142],[-94.51430664274329,39.11427403778602],[-94.5143114140554,39.11419461793439]]]},"properties":{"KIVAPIN":"42994","ADDRESS":"5714 Scarritt Ave","OWN_NAME":"Gonzalez Monica"}},{"type":"Feature","geometry":{"type":"Polygon","coordinates":[[[-94.51100254709988,39.11475536971515],[-94.51054406878197,39.11473891571458],[-94.51054013383572,39.11473877821458],[-94.51053535945474,39.114821332552005],[-94.5105392944054,39.114821468908175],[-94.51099386618903,39.11483767218073],[-94.51099774386876,39.11483780852682],[-94.51100254709988,39.11475536971515]]]},"properties":{"KIVAPIN":"45692","ADDRESS":"320 N Wheeling Ave","OWN_NAME":"Moreno Tania"}},{"type":"Feature","geometry":{"type":"Polygon","coordinates":[[[-94.51565059104985,39.11382133070539],[-94.5152100049646,39.113805190096826],[-94.51520603995691,39.11380505333021],[-94.5152019428556,39.11387360426016],[-94.51520053883206,39.113896942123205],[-94.5152045912215,39.11389707945063],[-94.51564503102658,39.11391322067101],[-94.51564643563795,39.11388988223059],[-94.51565059104985,39.11382133070539]]]},"properties":{"KIVAPIN":"43182","ADDRESS":"140 N Lawndale Ave","OWN_NAME":"Hernandez Gonzalez Aminadab"}},{"type":"Feature","geometry":{"type":"Polygon","coordinates":[[[-94.51604450555715,39.11563976202974],[-94.51569892395327,39.11562733913243],[-94.51569476849288,39.11569593639931],[-94.51569313052111,39.1157233012837],[-94.51569703616082,39.1157234374697],[-94.51603483485412,39.11573558801952],[-94.51603871259272,39.11573572419789],[-94.51604035043108,39.11570835930873],[-94.51604450555715,39.11563976202974]]]},"properties":{"KIVAPIN":"43047","ADDRESS":"343 N Oakley Ave","OWN_NAME":"Garcia Manolo Garcia & Cauich Roseni D"}},{"type":"Feature","geometry":{"type":"Polygon","coordinates":[[[-94.51385996466574,39.11390795519535],[-94.51340078632836,39.11388782815509],[-94.51339695181417,39.11395642417983],[-94.51385598375336,39.11397659758561],[-94.51385996466574,39.11390795519535]]]},"properties":{"KIVAPIN":"45789","ADDRESS":"145 N Topping Ave","OWN_NAME":"Montoya Rodriquez Reynalda A"}},{"type":"Feature","geometry":{"type":"Polygon","coordinates":[[[-94.51497007998755,39.114778175076694],[-94.51452898890564,39.114762556500835],[-94.51452493573387,39.11476242029406],[-94.51452083792677,39.11483101637819],[-94.51451668137064,39.114899613612685],[-94.51452082192807,39.11489975038085],[-94.51496191385843,39.11491534496242],[-94.51496601124748,39.1148467711725],[-94.51497007998755,39.114778175076694]]]},"properties":{"KIVAPIN":"43005","ADDRESS":"319 N Lawndale Ave","OWN_NAME":"Castillo Luis & Angelica"}},{"type":"Feature","geometry":{"type":"Polygon","coordinates":[[[-94.51361703262863,39.10881591822704],[-94.51361297979928,39.108815781988355],[-94.5131263754927,39.10880025548719],[-94.51312212982842,39.10886882930053],[-94.51311785550512,39.10893731216554],[-94.51360440203334,39.10895292965926],[-94.51360842403395,39.108953065901794],[-94.51361269932558,39.10888444630696],[-94.51361703262863,39.10881591822704]]]},"properties":{"KIVAPIN":"45981","ADDRESS":"406 Bellaire Ave","OWN_NAME":"Teng Cindy Y"}},{"type":"Feature","geometry":{"type":"Polygon","coordinates":[[[-94.51360842403395,39.108953065901794],[-94.51360440203334,39.10895292965926],[-94.51311785550512,39.10893731216554],[-94.51311358119014,39.10900588483619],[-94.51310930542428,39.109074596506005],[-94.51359981687438,39.10909021357254],[-94.513604091444,39.109021571099056],[-94.51360842403395,39.108953065901794]]]},"properties":{"KIVAPIN":"45982","ADDRESS":"400 Bellaire Ave","OWN_NAME":"Forte Erica"}},{"type":"Feature","geometry":{"type":"Polygon","coordinates":[[[-94.51688376771271,39.113245253489325],[-94.51687977409745,39.113245116783766],[-94.51642623826078,39.11322825046345],[-94.51642214238018,39.11329682432344],[-94.51641807587751,39.11336546624828],[-94.51687152373668,39.11338228742336],[-94.51687545935371,39.11338242356561],[-94.5168796135399,39.11331384968224],[-94.51688376771271,39.113245253489325]]]},"properties":{"KIVAPIN":"43158","ADDRESS":"122 N Oakley Ave","OWN_NAME":"McNeal Joyce"}},{"type":"Feature","geometry":{"type":"Polygon","coordinates":[[[-94.51125278506757,39.11180307951583],[-94.51114708417776,39.11179993214042],[-94.51112771760013,39.112096146845474],[-94.5111274538396,39.11209973970416],[-94.51123315525987,39.11210341278],[-94.51123338964936,39.11209984394859],[-94.51125278506757,39.11180307951583]]]},"properties":{"KIVAPIN":"45943","ADDRESS":"6011 St John Ave","OWN_NAME":"Cardoso Reyna"}},{"type":"Feature","geometry":{"type":"Polygon","coordinates":[[[-94.51532649125765,39.10880669048902],[-94.51519324708487,39.108802292533454],[-94.51519304152039,39.108805770420474],[-94.51518824264022,39.10888386216306],[-94.51518326773908,39.108966302396496],[-94.51518086788074,39.10900515406717],[-94.51518069305844,39.10900819721748],[-94.51531414178679,39.109012870300276],[-94.5153166590265,39.10897054075144],[-94.51532157509085,39.10888835277937],[-94.51532649125765,39.10880669048902]]]},"properties":{"KIVAPIN":"44883","ADDRESS":"5700 Smart Ave","OWN_NAME":"Ark Management LLC"}},{"type":"Feature","geometry":{"type":"Polygon","coordinates":[[[-94.51797695708838,39.11431997673523],[-94.5175184214199,39.11430428177882],[-94.51751377015327,39.11438251137679],[-94.51750973472421,39.11445103949097],[-94.51751361166093,39.11445117562043],[-94.51796430595246,39.11446815311947],[-94.51796830037325,39.11446829035974],[-94.5179723067231,39.11439976280642],[-94.51797695708838,39.11431997673523]]]},"properties":{"KIVAPIN":"43103","ADDRESS":"300 N Drury Ave","OWN_NAME":"Tran Peter"}},{"type":"Feature","geometry":{"type":"Polygon","coordinates":[[[-94.51454982083158,39.11337040490479],[-94.51410932543531,39.1133555408676],[-94.51410506675482,39.11335540467107],[-94.51410099799173,39.11342400075353],[-94.51409692848667,39.11349259740716],[-94.5141011585398,39.11349273475146],[-94.51454171278492,39.113507552478474],[-94.51454578039579,39.11343897869041],[-94.51454982083158,39.11337040490479]]]},"properties":{"KIVAPIN":"43212","ADDRESS":"130 N Topping Ave","OWN_NAME":"The Mattie Rhodes Memorial Society"}},{"type":"Feature","geometry":{"type":"Polygon","coordinates":[[[-94.51452546869568,39.11378184704593],[-94.51408470715457,39.113767028711386],[-94.5140806540407,39.11376689248913],[-94.51407658449618,39.11383548856598],[-94.51407251640784,39.1139040623331],[-94.51406844758206,39.113972659551976],[-94.5140640567026,39.114046426689086],[-94.51450890184621,39.114061862369994],[-94.5145132921782,39.11398768279293],[-94.51451736130805,39.11391908670271],[-94.51452140032553,39.11385049061527],[-94.51452546869568,39.11378184704593]]]},"properties":{"KIVAPIN":"43236","ADDRESS":"148 N Topping Ave","OWN_NAME":"The Mattie Rhodes Memorial Society"}},{"type":"Feature","geometry":{"type":"Polygon","coordinates":[[[-94.51510124702575,39.11256640108907],[-94.51466069809254,39.112549502190376],[-94.51465682053109,39.11254936539405],[-94.51465275307393,39.11261791631582],[-94.51464900754885,39.11268102217494],[-94.51509346350375,39.11269805617941],[-94.51509720864331,39.11263499721161],[-94.51510124702575,39.11256640108907]]]},"properties":{"KIVAPIN":"43225","ADDRESS":"107 N Lawndale Ave","OWN_NAME":"Weathers Sanders L"}},{"type":"Feature","geometry":{"type":"Polygon","coordinates":[[[-94.51585261735076,39.111276289898285],[-94.51582959102183,39.11127551508485],[-94.515806624166,39.11127474083083],[-94.51580118242305,39.11136514244187],[-94.51579620801142,39.111447353859674],[-94.51579126222815,39.11152958700885],[-94.51534522725268,39.11151477414747],[-94.51533908976745,39.1115145696013],[-94.51533232851124,39.111624305508045],[-94.51531102312902,39.11196971398961],[-94.51531807184098,39.11196991956157],[-94.5158100420003,39.1119845661409],[-94.51581498779338,39.11190233299735],[-94.51582025467074,39.11181458385679],[-94.51582552153039,39.11172681355009],[-94.51583078840245,39.11163915707305],[-94.51583623158666,39.111548709131384],[-94.51584167328342,39.11145823830763],[-94.515846676022,39.111374883995765],[-94.51585261735076,39.111276289898285]]]},"properties":{"KIVAPIN":"44710","ADDRESS":"120 Lawndale Ave","OWN_NAME":"Nield Michael S & Wendi L"}},{"type":"Feature","geometry":{"type":"Polygon","coordinates":[[[-94.51118991947861,39.11152174511808],[-94.51072949625288,39.11150828881619],[-94.51072558865951,39.11150819765313],[-94.51072075531886,39.111591277732344],[-94.51072472019041,39.11159139177097],[-94.51118535077802,39.1116033837101],[-94.51118991947861,39.11152174511808]]]},"properties":{"KIVAPIN":"45972","ADDRESS":"114 Wheeling Ave","OWN_NAME":"Astudillo Nephtali"}},{"type":"Feature","geometry":{"type":"Polygon","coordinates":[[[-94.51150324412312,39.1148558354487],[-94.51104482453158,39.11483949781521],[-94.51104094758594,39.11483936147061],[-94.51103611387138,39.114919123251205],[-94.51149864593143,39.114935827175366],[-94.51150324412312,39.1148558354487]]]},"properties":{"KIVAPIN":"45675","ADDRESS":"323 N White Ave","OWN_NAME":"Nunez Pedro Gutierrez"}},{"type":"Feature","geometry":{"type":"Polygon","coordinates":[[[-94.51403543058728,39.1109833759325],[-94.51403143563671,39.11098323912946],[-94.51366802079096,39.11097099539052],[-94.51366793268384,39.11097099540085],[-94.51355195362474,39.11096709692033],[-94.51354804751722,39.11096695951838],[-94.51354555899812,39.1110079619335],[-94.51354225149063,39.11106262419173],[-94.51354615686908,39.111062761021934],[-94.51366222419641,39.111066682950465],[-94.5136622836688,39.1110666829435],[-94.51402575775677,39.1110789953349],[-94.51402975124418,39.1110791315663],[-94.51403543058728,39.1109833759325]]]},"properties":{"KIVAPIN":"46031","ADDRESS":"129 Topping Ave","OWN_NAME":"Gibson Melina"}},{"type":"Feature","geometry":{"type":"Polygon","coordinates":[[[-94.51640527479735,39.10958336603719],[-94.51596069172926,39.10956846322572],[-94.5159567563261,39.1095683270525],[-94.51595348012681,39.10962303457751],[-94.51595187101898,39.10965035430087],[-94.51595586442959,39.10965049103835],[-94.51640038927489,39.109665393304155],[-94.51640202683886,39.10963805069003],[-94.51640527479735,39.10958336603719]]]},"properties":{"KIVAPIN":"44853","ADDRESS":"327 Oakley Ave","OWN_NAME":"Aswl Properties LLC"}},{"type":"Feature","geometry":{"type":"Polygon","coordinates":[[[-94.51614158998517,39.11402471954573],[-94.51613768370386,39.114024582230655],[-94.51570226571856,39.11400981503394],[-94.51569835943916,39.11400967884816],[-94.5156971888861,39.11402887528961],[-94.51569274098124,39.114102735161474],[-94.516135971432,39.11411802699514],[-94.51614041955746,39.114043939444194],[-94.51614158998517,39.11402471954573]]]},"properties":{"KIVAPIN":"43208","ADDRESS":"147 N Oakley Ave","OWN_NAME":"Gomez Raul"}},{"type":"Feature","geometry":{"type":"Polygon","coordinates":[[[-94.51161020828482,39.113043152551505],[-94.5116063028008,39.1130430156565],[-94.51114525164836,39.11302672386341],[-94.51110824538694,39.1130254226265],[-94.51110789312645,39.11303123491531],[-94.51110631145848,39.113058668956484],[-94.51110303104123,39.11311609968144],[-94.51114009609334,39.113117423222995],[-94.51160091286116,39.113133623536946],[-94.51160481908433,39.11313375986006],[-94.51160953531732,39.11305415877962],[-94.51161020828482,39.113043152551505]]]},"properties":{"KIVAPIN":"45802","ADDRESS":"121 N White Ave","OWN_NAME":"All Things Through Christ Enterprises"}},{"type":"Feature","geometry":{"type":"Polygon","coordinates":[[[-94.51524525759018,39.11016002390409],[-94.51479808680745,39.11014564382625],[-94.51479403316517,39.110145506484756],[-94.51478864762537,39.11023307142998],[-94.51479255369476,39.11023320879041],[-94.51524004735155,39.11024758884703],[-94.51524525759018,39.11016002390409]]]},"properties":{"KIVAPIN":"44741","ADDRESS":"309 Lawndale Ave","OWN_NAME":"Allande Pablo Ruiz"}},{"type":"Feature","geometry":{"type":"Polygon","coordinates":[[[-94.51801421518702,39.11369512362276],[-94.5175558317259,39.11367881101069],[-94.51755176554443,39.1137473620199],[-94.51754764208887,39.11381593591741],[-94.51800212017415,39.113832158213754],[-94.51800599707794,39.113832294326855],[-94.51801012082446,39.11376372041334],[-94.51801421518702,39.11369512362276]]]},"properties":{"KIVAPIN":"43125","ADDRESS":"134 N Drury Ave","OWN_NAME":"Villalba Manuela"}},{"type":"Feature","geometry":{"type":"Polygon","coordinates":[[[-94.51044921681279,39.113249828823534],[-94.50996789915233,39.11323250456065],[-94.509963993661,39.11323236761065],[-94.50996317325088,39.11324621046907],[-94.50996074133718,39.113287373523384],[-94.5099591592219,39.11331483042847],[-94.50996303608194,39.113314966809064],[-94.51044441304559,39.113332313967106],[-94.51044599424199,39.113304879364215],[-94.51044921681279,39.113249828823534]]]},"properties":{"KIVAPIN":"45853","ADDRESS":"209 N Wheeling Ave","OWN_NAME":"Teng Cindy Y"}},{"type":"Feature","geometry":{"type":"Polygon","coordinates":[[[-94.51124049671598,39.11061848081798],[-94.51123659063592,39.11061836679124],[-94.51100818768043,39.110611158866135],[-94.51077822748282,39.11060392661279],[-94.5107733656936,39.110687419133534],[-94.51077724240785,39.1106875331785],[-94.51123190470233,39.11070082911253],[-94.51123586952481,39.11070094313377],[-94.51124049671598,39.11061848081798]]]},"properties":{"KIVAPIN":"45962","ADDRESS":"140 Wheeling Ave","OWN_NAME":"Mahamud Aweis"}},{"type":"Feature","geometry":{"type":"Polygon","coordinates":[[[-94.5137244263057,39.10998712527616],[-94.51372404303883,39.10998709271635],[-94.51335310273231,39.10997600721206],[-94.51335280906048,39.10997608332388],[-94.51334787232769,39.11005852975147],[-94.51334292533316,39.110141128907216],[-94.51371461753983,39.11015186256501],[-94.51371625686039,39.1101243827067],[-94.51371953551535,39.11006951394023],[-94.51372199521768,39.11002826040299],[-94.51372442411547,39.10998718934225],[-94.5137244263057,39.10998712527616]]]},"properties":{"KIVAPIN":"252577","ADDRESS":"308 Bellaire Ave","OWN_NAME":"Eisa Tarek"}},{"type":"Feature","geometry":{"type":"Polygon","coordinates":[[[-94.51085432633846,39.117709775751536],[-94.51039903138673,39.11769478582542],[-94.51039393678732,39.11780436044449],[-94.51084861563407,39.11781935216359],[-94.51085432633846,39.117709775751536]]]},"properties":{"KIVAPIN":"45643","ADDRESS":"6054 Gladstone Blvd","OWN_NAME":"Niemeyer Cassandra E"}},{"type":"Feature","geometry":{"type":"Polygon","coordinates":[[[-94.51147480430592,39.115347978390815],[-94.51147089869492,39.11534784149136],[-94.51101130108204,39.11533145808221],[-94.5110063509678,39.115413896899895],[-94.5114661532428,39.115430280880204],[-94.51147006106123,39.115430418351615],[-94.51147480430592,39.115347978390815]]]},"properties":{"KIVAPIN":"45669","ADDRESS":"337 N White Ave","OWN_NAME":"Gardon Inc"}},{"type":"Feature","geometry":{"type":"Polygon","coordinates":[[[-94.51698270116033,39.111596071446435],[-94.51652253937996,39.11158021206465],[-94.516518633233,39.11158007533429],[-94.51651652696503,39.11161572368255],[-94.51651357144382,39.11166505535037],[-94.5165174790638,39.11166519150873],[-94.5169777287692,39.111681049753365],[-94.51698059512023,39.11163169692232],[-94.51698270116033,39.111596071446435]]]},"properties":{"KIVAPIN":"44791","ADDRESS":"116 Oakley Ave","OWN_NAME":"Skaggs Robyn Lynn"}},{"type":"Feature","geometry":{"type":"Polygon","coordinates":[[[-94.51389687494247,39.11326839114065],[-94.51389270364311,39.11326825378192],[-94.51344013907055,39.113251513012884],[-94.51343626220712,39.113251375603895],[-94.51343500363815,39.11327423408201],[-94.51343116993326,39.11334287644831],[-94.51343504533322,39.11334301385766],[-94.51388740636368,39.113359731789764],[-94.51389157693404,39.11335986857673],[-94.5138955284164,39.113291271942764],[-94.51389687494247,39.11326839114065]]]},"properties":{"KIVAPIN":"45783","ADDRESS":"127 N Topping Ave","OWN_NAME":"Flores Oscar Millan"}},{"type":"Feature","geometry":{"type":"Polygon","coordinates":[[[-94.51230590381165,39.11259896790662],[-94.5118186277556,39.11257972993714],[-94.51181472228909,39.1125795472878],[-94.51180168942226,39.112799294312666],[-94.511805624263,39.11279943119818],[-94.51229219663549,39.11281683941594],[-94.51229767438355,39.11272973222789],[-94.51230341430089,39.11263873530108],[-94.51230590381165,39.11259896790662]]]},"properties":{"KIVAPIN":"45891","ADDRESS":"110 N White Ave","OWN_NAME":"Brinton Properties LLC"}},{"type":"Feature","geometry":{"type":"Polygon","coordinates":[[[-94.51732594729147,39.11450119785225],[-94.51732174580832,39.11450106176476],[-94.51686896695536,39.11448435665102],[-94.51686814785451,39.11449808515161],[-94.51686405232914,39.114566659012105],[-94.51686795864165,39.114566795730795],[-94.51731727301112,39.11458340984031],[-94.51732114995488,39.114583546548175],[-94.51732515692106,39.11451494980439],[-94.51732594729147,39.11450119785225]]]},"properties":{"KIVAPIN":"43071","ADDRESS":"307 N Drury Ave","OWN_NAME":"Jambhala Investments LLC"}},{"type":"Feature","geometry":{"type":"Polygon","coordinates":[[[-94.5150768697508,39.112977912619264],[-94.51463631824696,39.112960944988224],[-94.51463238192316,39.112960807626465],[-94.5146283144331,39.11302942775646],[-94.51462696740911,39.11305228568737],[-94.51463128555137,39.11305244588206],[-94.51507148517504,39.11306936724397],[-94.51507283206048,39.11304653161664],[-94.5150768697508,39.112977912619264]]]},"properties":{"KIVAPIN":"43229","ADDRESS":"117 N Lawndale Ave","OWN_NAME":"Olivas Laura Carmona"}},{"type":"Feature","geometry":{"type":"Polygon","coordinates":[[[-94.51391080081935,39.108962433595046],[-94.51366698530276,39.10895488950453],[-94.51366307931062,39.10895477555905],[-94.5136588341572,39.10902334939004],[-94.51365456037034,39.10909196898475],[-94.51390207677176,39.1090995818738],[-94.51390225312204,39.10909656103387],[-94.51390643917141,39.1090310309015],[-94.51391080081935,39.108962433595046]]]},"properties":{"KIVAPIN":"45975","ADDRESS":"5811 Lexington Ave","OWN_NAME":"Morales Jose"}},{"type":"Feature","geometry":{"type":"Polygon","coordinates":[[[-94.51415767217227,39.108970092351925],[-94.51391080081935,39.108962433595046],[-94.51390643917141,39.1090310309015],[-94.51390225312204,39.10909656103387],[-94.51390207677176,39.1090995818738],[-94.51414915344569,39.10910724005203],[-94.51415339813356,39.10903868908488],[-94.51415767217227,39.108970092351925]]]},"properties":{"KIVAPIN":"45976","ADDRESS":"401 Topping Ave","OWN_NAME":"G & D Properties Inc"}},{"type":"Feature","geometry":{"type":"Polygon","coordinates":[[[-94.51493738884822,39.11532685631621],[-94.51449600065386,39.11531128398859],[-94.51449194745074,39.11531114778071],[-94.51448784957088,39.115379699239966],[-94.51448375169223,39.11544829531548],[-94.51448771679051,39.11544843153461],[-94.51492925269332,39.11546400444627],[-94.51493332150905,39.11539543066764],[-94.51493738884822,39.11532685631621]]]},"properties":{"KIVAPIN":"43011","ADDRESS":"335 N Lawndale Ave","OWN_NAME":"Patel Neel"}},{"type":"Feature","geometry":{"type":"Polygon","coordinates":[[[-94.5111302130974,39.11264585410958],[-94.51089572397271,39.112637982437136],[-94.51066631515879,39.1126303163262],[-94.51066235022559,39.11263017883296],[-94.51065757611842,39.112712663419366],[-94.51066154105624,39.11271280091275],[-94.51112543736436,39.11272854521288],[-94.51112983088763,39.11265262624474],[-94.5111302130974,39.11264585410958]]]},"properties":{"KIVAPIN":"45858","ADDRESS":"112 N Wheeling Ave","OWN_NAME":"G & D Properties Inc"}},{"type":"Feature","geometry":{"type":"Polygon","coordinates":[[[-94.5122883947726,39.109358543356784],[-94.51228437054864,39.10935840592491],[-94.51191374050882,39.10934640973285],[-94.5119089967037,39.109428826343965],[-94.51227956920762,39.1094410290549],[-94.51228365070446,39.10944116533688],[-94.5122883947726,39.109358543356784]]]},"properties":{"KIVAPIN":"46198","ADDRESS":"325 Barat Ave","OWN_NAME":"Calzada Ricardo Ignacio Herrera & Gonzalez Galan Miriam Edit"}},{"type":"Feature","geometry":{"type":"Polygon","coordinates":[[[-94.51505252157271,39.11338946930073],[-94.51461190803803,39.113372502730876],[-94.51460794305561,39.11337236537189],[-94.5146039048788,39.113440939159226],[-94.51460786986506,39.113441076518335],[-94.51504848309158,39.11345804310328],[-94.51505252157271,39.11338946930073]]]},"properties":{"KIVAPIN":"43233","ADDRESS":"129 N Lawndale Ave","OWN_NAME":"Feld Leasing & Sales Co Inc"}},{"type":"Feature","geometry":{"type":"Polygon","coordinates":[[[-94.51634222941806,39.110638423586146],[-94.51589405670978,39.11062343064828],[-94.5158702963655,39.1106226330622],[-94.51586248442669,39.110747928574575],[-94.51586635968394,39.110748042450524],[-94.51588621396029,39.11074865809649],[-94.5163348284854,39.11076259792024],[-94.51633643746008,39.11073523300757],[-94.51634222941806,39.110638423586146]]]},"properties":{"KIVAPIN":"44724","ADDRESS":"147 Oakley Ave","OWN_NAME":"Son Phuoc"}},{"type":"Feature","geometry":{"type":"Polygon","coordinates":[[[-94.5163633227907,39.110285532321484],[-94.51591902940396,39.11027239283895],[-94.5159151233355,39.11027227896896],[-94.51590862808736,39.11038176320901],[-94.51591253342765,39.11038187707932],[-94.516356798861,39.11039499485362],[-94.5163633227907,39.110285532321484]]]},"properties":{"KIVAPIN":"44726","ADDRESS":"305 Oakley Ave","OWN_NAME":"Landivar Velasco Jose I"}},{"type":"Feature","geometry":{"type":"Polygon","coordinates":[[[-94.51057462856056,39.111096015970546],[-94.51010225365728,39.11107310913716],[-94.51009831744084,39.11107292643295],[-94.51009418884918,39.11115504601612],[-94.51009806412587,39.111155204701056],[-94.51056994145844,39.111176030601065],[-94.51057462856056,39.111096015970546]]]},"properties":{"KIVAPIN":"45919","ADDRESS":"127 Wheeling Ave","OWN_NAME":"Trosper Beth"}},{"type":"Feature","geometry":{"type":"Polygon","coordinates":[[[-94.51008503070862,39.11057719481865],[-94.50963054511938,39.1105600962087],[-94.50962574057975,39.1106425813568],[-94.51008043154258,39.11065965765883],[-94.51008503070862,39.11057719481865]]]},"properties":{"KIVAPIN":"45929","ADDRESS":"140 Belmont Blvd","OWN_NAME":"Hartman Fredrick Robert Trustee"}},{"type":"Feature","geometry":{"type":"Polygon","coordinates":[[[-94.5108952989308,39.11674892348773],[-94.51089142114643,39.11674878656629],[-94.5104389534901,39.116733750195856],[-94.5104350169645,39.11673361269248],[-94.51043079895969,39.11681646382367],[-94.51042655229435,39.116899223433606],[-94.51043054757203,39.11689936035998],[-94.51088275338633,39.11691423719463],[-94.51088663044536,39.116914373544404],[-94.51089096469855,39.116831683695686],[-94.5108952989308,39.11674892348773]]]},"properties":{"KIVAPIN":"45611","ADDRESS":"426 N Wheeling Ave","OWN_NAME":"La Paz Jared T"}},{"type":"Feature","geometry":{"type":"Polygon","coordinates":[[[-94.51471603911811,39.11188442348683],[-94.51462798969878,39.11188125415747],[-94.51461002733465,39.11222604544304],[-94.51469810722409,39.11222891676148],[-94.51471603911811,39.11188442348683]]]},"properties":{"KIVAPIN":"44899","ADDRESS":"5711 St John Ave","OWN_NAME":"Napoli Mark & Anna"}},{"type":"Feature","geometry":{"type":"Polygon","coordinates":[[[-94.51337628830443,39.11185095034451],[-94.5132561960348,39.1118466853799],[-94.51323587426025,39.112174521593765],[-94.51335605518081,39.11217871849897],[-94.51337628830443,39.11185095034451]]]},"properties":{"KIVAPIN":"45997","ADDRESS":"5811 St John Ave","OWN_NAME":"Muncy Hoang Tan"}},{"type":"Feature","geometry":{"type":"Polygon","coordinates":[[[-94.51738028952423,39.11357537105739],[-94.51737611893442,39.113575234395206],[-94.51692437315276,39.113558277652515],[-94.51692255942955,39.11358848036113],[-94.51691846400925,39.11365705423421],[-94.51691729378753,39.11367622780838],[-94.51736930464658,39.11369316222998],[-94.51737335776265,39.11369329890991],[-94.51737449849637,39.11367414764427],[-94.51737853473541,39.11360557376422],[-94.51738028952423,39.11357537105739]]]},"properties":{"KIVAPIN":"43175","ADDRESS":"127 N Drury Ave","OWN_NAME":"Le-Tan Mai"}},{"type":"Feature","geometry":{"type":"Polygon","coordinates":[[[-94.51844736001527,39.11209361680345],[-94.51841217577564,39.11209241026307],[-94.5184155640568,39.112023836430865],[-94.51838366926212,39.112022742049426],[-94.51830563389207,39.112020078436515],[-94.5182354982505,39.11201768695976],[-94.51814078088817,39.112014452112355],[-94.51812036495318,39.11234228918128],[-94.5181201887982,39.1123454009764],[-94.51821672756503,39.11234881802888],[-94.5182867167098,39.1123513010623],[-94.51836310774695,39.112353966662745],[-94.51843412484993,39.112356494635065],[-94.51843427090517,39.11235345148616],[-94.51843926649669,39.11225414926728],[-94.51844736001527,39.11209361680345]]]},"properties":{"KIVAPIN":"44845","ADDRESS":"5407 St John Ave","OWN_NAME":"Hermida-Jimenez Abel & Martinez Maria A"}},{"type":"Feature","geometry":{"type":"Polygon","coordinates":[[[-94.51426940630714,39.11240670744487],[-94.5141616197629,39.11240301335076],[-94.51415801802163,39.112463944945716],[-94.51415391998674,39.11253251873548],[-94.51414985204345,39.11260107021197],[-94.51414578335321,39.112669597662965],[-94.51415007210132,39.112669757879054],[-94.51425395356848,39.11267324539131],[-94.51425790466597,39.11260467161768],[-94.51426191303119,39.11253612014472],[-94.51426589421276,39.11246752405688],[-94.51426923001009,39.11240995537401],[-94.51426940630714,39.11240670744487]]]},"properties":{"KIVAPIN":"43220","ADDRESS":"5720 St John Ave","OWN_NAME":"Molina Edgar"}},{"type":"Feature","geometry":{"type":"Polygon","coordinates":[[[-94.5104588558897,39.11308488141009],[-94.50997751073265,39.113067694472676],[-94.50997363315183,39.11306755752059],[-94.50997281346686,39.11308130885684],[-94.50997199155945,39.11309492290941],[-94.50996879873188,39.11314999688852],[-94.50997267631722,39.113150133840755],[-94.51045014520116,39.11316732057335],[-94.51045405068992,39.11316745807911],[-94.51045724461922,39.113112452728714],[-94.5104588558897,39.11308488141009]]]},"properties":{"KIVAPIN":"45855","ADDRESS":"203 N Wheeling Ave","OWN_NAME":"Nguyen(Asp) Khuong & Bich Tram"}},{"type":"Feature","geometry":{"type":"Polygon","coordinates":[[[-94.51033625558557,39.11522601670947],[-94.50987586614221,39.11521054411917],[-94.50987195980754,39.115210406594194],[-94.50986709502133,39.11529286881072],[-94.51033145081206,39.11530845605918],[-94.51033625558557,39.11522601670947]]]},"properties":{"KIVAPIN":"45705","ADDRESS":null,"OWN_NAME":"Munoz Rosales Jose A"}},{"type":"Feature","geometry":{"type":"Polygon","coordinates":[[[-94.5140120711516,39.11137994616608],[-94.51400793080123,39.111379809951735],[-94.51364430827441,39.1113672343954],[-94.51352436368835,39.11136314072218],[-94.51352336898752,39.11137945416841],[-94.51351868360146,39.111458781921726],[-94.51363857108142,39.111462886475685],[-94.51363862908563,39.1114628864689],[-94.51400225138461,39.111475542125014],[-94.51400639320924,39.111475679483405],[-94.5140120711516,39.11137994616608]]]},"properties":{"KIVAPIN":"46027","ADDRESS":"121 Topping Ave","OWN_NAME":"Vuong Hieu"}},{"type":"Feature","geometry":{"type":"Polygon","coordinates":[[[-94.50997761775079,39.112998709897894],[-94.50949688930795,39.112981360758496],[-94.50949190749189,39.11306382242851],[-94.50997281346686,39.11308130885684],[-94.50997363315183,39.11306755752059],[-94.50997761776695,39.11299882430111],[-94.50997761775079,39.112998709897894]]]},"properties":{"KIVAPIN":"45835","ADDRESS":"124 N Belmont Blvd","OWN_NAME":"Pollo Properties LLC"}},{"type":"Feature","geometry":{"type":"Polygon","coordinates":[[[-94.50977380528587,39.11629282834865],[-94.50976992826303,39.11629269196182],[-94.50931951827602,39.11627762762018],[-94.50931559421238,39.116360776142294],[-94.50976497525204,39.11637574906249],[-94.50976885301385,39.11637588659345],[-94.50977380528587,39.11629282834865]]]},"properties":{"KIVAPIN":"45584","ADDRESS":"414 N Belmont Blvd","OWN_NAME":"Thompson Richard M"}},{"type":"Feature","geometry":{"type":"Polygon","coordinates":[[[-94.51685893063382,39.11365669676804],[-94.51685499573551,39.113656559481136],[-94.51640172233817,39.11363971590952],[-94.51639759630571,39.11370828976805],[-94.51639595793863,39.11373574676627],[-94.51640003969119,39.11373588347601],[-94.51685313821194,39.11375270419849],[-94.51685480577217,39.11372524718971],[-94.51685893063382,39.11365669676804]]]},"properties":{"KIVAPIN":"43154","ADDRESS":"138 N Oakley Ave","OWN_NAME":"Gallosa Javier Gonzalez"}},{"type":"Feature","geometry":{"type":"Polygon","coordinates":[[[-94.51856490493611,39.113132287294796],[-94.51811007800417,39.113115908223804],[-94.51810811865133,39.1131488566528],[-94.51810531106334,39.11319546495652],[-94.51856022662163,39.11321186748438],[-94.51856297516487,39.113165236870636],[-94.51856490493611,39.113132287294796]]]},"properties":{"KIVAPIN":"43141","ADDRESS":"119 N Hardesty Ave","OWN_NAME":"Diaz Edward F III"}},{"type":"Feature","geometry":{"type":"Polygon","coordinates":[[[-94.50976885301385,39.11637588659345],[-94.50976497525204,39.11637574906249],[-94.50931559421238,39.116360776142294],[-94.50931166865888,39.11644383314068],[-94.50976002369482,39.11645878328103],[-94.50976393009806,39.116458919665725],[-94.50976885301385,39.11637588659345]]]},"properties":{"KIVAPIN":"45585","ADDRESS":"416 N Belmont Blvd","OWN_NAME":"Thompson Richard M"}},{"type":"Feature","geometry":{"type":"Polygon","coordinates":[[[-94.50975414184951,39.116622150891374],[-94.50975026627722,39.11662201450379],[-94.50930393536794,39.11660708647345],[-94.50929998112906,39.11668998387783],[-94.50974921960236,39.11670495686922],[-94.50975414184951,39.116622150891374]]]},"properties":{"KIVAPIN":"45588","ADDRESS":"424 N Belmont Blvd","OWN_NAME":"Kattou Christopher M"}},{"type":"Feature","geometry":{"type":"Polygon","coordinates":[[[-94.5163348284854,39.11076259792024],[-94.51588621396029,39.11074865809649],[-94.51586635968394,39.110748042450524],[-94.51586248442669,39.110747928574575],[-94.51586186910392,39.11075756141258],[-94.51585709922412,39.11083457833391],[-94.515852124279,39.11091395256097],[-94.51587585461766,39.11091475015482],[-94.51632091672253,39.11092946902944],[-94.51632485146784,39.11092960519045],[-94.51633049706172,39.11083474179273],[-94.5163348284854,39.11076259792024]]]},"properties":{"KIVAPIN":"44723","ADDRESS":"141 Oakley Ave","OWN_NAME":"Choctaw American Insurance Inc"}},{"type":"Feature","geometry":{"type":"Polygon","coordinates":[[[-94.51591654614664,39.10941654227366],[-94.51547213950005,39.10940070003963],[-94.5154682342095,39.109400562701865],[-94.51546402083137,39.109468907782436],[-94.51546795549407,39.109469045116434],[-94.51591239120818,39.10948490967088],[-94.51591654614664,39.10941654227366]]]},"properties":{"KIVAPIN":"44869","ADDRESS":"334 Lawndale Ave","OWN_NAME":"Moreno Jose Luis"}},{"type":"Feature","geometry":{"type":"Polygon","coordinates":[[[-94.51530264215263,39.1092040625886],[-94.51485650501075,39.10918835494622],[-94.51485256889664,39.109188218735795],[-94.51484920301257,39.10924288105554],[-94.51485316776396,39.10924301783445],[-94.51529939408876,39.109258724905715],[-94.51530264215263,39.1092040625886]]]},"properties":{"KIVAPIN":"44880","ADDRESS":"341 Lawndale Ave","OWN_NAME":"Percastegui-Lazaro Alina"}},{"type":"Feature","geometry":{"type":"Polygon","coordinates":[[[-94.5125125074681,39.11718003807835],[-94.51207245895452,39.11715791372149],[-94.51207116586185,39.11715786752212],[-94.51204984263843,39.11715684009978],[-94.51204552424379,39.11715663462039],[-94.51204502642243,39.11716542083238],[-94.51203881904323,39.1172794356336],[-94.51203389984222,39.11736901321924],[-94.51203783640626,39.11736915066859],[-94.51205951210319,39.11736988118054],[-94.51205998205401,39.11736990344051],[-94.51250105961951,39.11738633102954],[-94.51250489515081,39.117317528576926],[-94.51250870128695,39.117248635176054],[-94.5125125074681,39.11718003807835]]]},"properties":{"KIVAPIN":"45564","ADDRESS":"439 N Bellaire Ave","OWN_NAME":"Luna Maria D Rodriquez"}},{"type":"Feature","geometry":{"type":"Polygon","coordinates":[[[-94.51429883399751,39.11748638729604],[-94.51385878283483,39.117470812970446],[-94.51385458265032,39.1174706756139],[-94.5138520941799,39.11751218193545],[-94.51384881520829,39.117566661092795],[-94.51428904245688,39.11758221312554],[-94.51429300767438,39.11758234935119],[-94.51429631568563,39.11752791593922],[-94.51429883399751,39.11748638729604]]]},"properties":{"KIVAPIN":"42545","ADDRESS":"444 N Topping Ave","OWN_NAME":"Ruiz Dominic E"}},{"type":"Feature","geometry":{"type":"Polygon","coordinates":[[[-94.5142651958001,39.112066151857064],[-94.51424763346127,39.11206555910778],[-94.51419782321064,39.112063894897034],[-94.5141802013997,39.11206330214486],[-94.51417932306605,39.11207703063952],[-94.51417094956827,39.112211409692094],[-94.514257267249,39.11221428212981],[-94.51426449443397,39.1120798797587],[-94.5142651958001,39.112066151857064]]]},"properties":{"KIVAPIN":"44903","ADDRESS":"5721 St John Ave","OWN_NAME":"Cabrera Leonardo & Igarza Zoe"}},{"type":"Feature","geometry":{"type":"Polygon","coordinates":[[[-94.51364785585542,39.11742635791802],[-94.51364392001952,39.11742622109494],[-94.51321476757079,39.11740970495654],[-94.51320914974725,39.117529027481346],[-94.51364074177384,39.117546916764134],[-94.51364785585542,39.11742635791802]]]},"properties":{"KIVAPIN":"45548","ADDRESS":"443 N Topping Ave","OWN_NAME":"Higueros Brenda L & Higueros Rebecca L"}},{"type":"Feature","geometry":{"type":"Polygon","coordinates":[[[-94.51025500980096,39.11680469589547],[-94.50979040999742,39.11678931429313],[-94.50978653294726,39.11678917733487],[-94.5097814635047,39.11687465921344],[-94.50979309393188,39.11687504777977],[-94.51024673941436,39.11689006367239],[-94.51025061647101,39.11689020118735],[-94.51025500980096,39.11680469589547]]]},"properties":{"KIVAPIN":"45591","ADDRESS":"429 N Wheeling Ave","OWN_NAME":"Nguyen Boi Van & Pham Huynh Thihue"}},{"type":"Feature","geometry":{"type":"Polygon","coordinates":[[[-94.51111046365402,39.10863956822083],[-94.51072154020146,39.1086253265301],[-94.51071509582901,39.10873497124425],[-94.51071920738462,39.10873510872229],[-94.51110393180018,39.10874935082049],[-94.51111046365402,39.10863956822083]]]},"properties":{"KIVAPIN":"46076","ADDRESS":"338 Wheeling Ave","OWN_NAME":"Miranda Christian & Cruz Pacheco Priscila Mchel"}},{"type":"Feature","geometry":{"type":"Polygon","coordinates":[[[-94.5097789333753,39.11620688884432],[-94.50977505635701,39.11620675131366],[-94.50932355943229,39.11619157267537],[-94.50931951827602,39.11627762762018],[-94.50976992826303,39.11629269196182],[-94.50977380528587,39.11629282834865],[-94.5097789333753,39.11620688884432]]]},"properties":{"KIVAPIN":"45583","ADDRESS":"412 N Belmont Blvd","OWN_NAME":"Tran Tina Vi"}},{"type":"Feature","geometry":{"type":"Polygon","coordinates":[[[-94.50976393009806,39.116458919665725],[-94.50976002369482,39.11645878328103],[-94.50931166865888,39.11644383314068],[-94.50930786094561,39.11652407581093],[-94.50975524797228,39.11653904835537],[-94.50975912354018,39.116539185886815],[-94.50976393009806,39.116458919665725]]]},"properties":{"KIVAPIN":"45586","ADDRESS":"420 N Belmont Blvd","OWN_NAME":"Thompson Richard M"}},{"type":"Feature","geometry":{"type":"Polygon","coordinates":[[[-94.51000375748286,39.11258706142669],[-94.50996128940955,39.11258553148764],[-94.50987353155215,39.1125823133537],[-94.50978595066132,39.11257913975607],[-94.50969822293004,39.112575967248915],[-94.50961049446599,39.112572747770486],[-94.50952309055134,39.11256957510482],[-94.5095177849842,39.11265196816631],[-94.50951250951188,39.112734384676585],[-94.50950720541334,39.112816961924295],[-94.50950216424218,39.112894665000184],[-94.50949688930795,39.112981360758496],[-94.50997761775079,39.112998709897894],[-94.50998315667448,39.11291377647703],[-94.50998810834271,39.112835135281934],[-94.50999335453274,39.112752008882126],[-94.50999854135,39.11266968388055],[-94.51000358244518,39.11259021839861],[-94.51000375748286,39.11258706142669]]]},"properties":{"KIVAPIN":"45834","ADDRESS":"114 N Belmont Blvd","OWN_NAME":"Pollo Properties LLC"}},{"type":"Feature","geometry":{"type":"Polygon","coordinates":[[[-94.51435963628192,39.11648713707921],[-94.51391909202262,39.116471631680845],[-94.5139144513187,39.11647144918976],[-94.51391363161264,39.11648513190378],[-94.51390953306854,39.116553499139904],[-94.51391414513635,39.11655365932598],[-94.51435465980441,39.11656918762704],[-94.51435878655606,39.116500819227966],[-94.51435963628192,39.11648713707921]]]},"properties":{"KIVAPIN":"42551","ADDRESS":"412 N Topping Ave","OWN_NAME":"Figueroa Yovoni Munguin"}},{"type":"Feature","geometry":{"type":"Polygon","coordinates":[[[-94.51579128088905,39.11424526765925],[-94.51568437184767,39.114241598880184],[-94.51567960271638,39.11432060579146],[-94.51567541654022,39.114389499381474],[-94.51567129123406,39.114458096658076],[-94.51566713580993,39.11452667048513],[-94.51567104138368,39.11452680724404],[-94.515774162804,39.114530522308904],[-94.5157782880251,39.11446197193482],[-94.51578238458657,39.114393352349786],[-94.51578654052335,39.11432432090424],[-94.51579128088905,39.11424526765925]]]},"properties":{"KIVAPIN":"43032","ADDRESS":"5610 Scarritt Ave","OWN_NAME":"Breeden Jeannie E"}},{"type":"Feature","geometry":{"type":"Polygon","coordinates":[[[-94.516177519263,39.11342675135246],[-94.51617358437896,39.11342661461458],[-94.51573837564627,39.11341180176061],[-94.51573443929541,39.11341166500808],[-94.5157303140927,39.11348021539298],[-94.51572893878051,39.11350307391066],[-94.51573281566192,39.11350321009942],[-94.51616811307132,39.11351804641419],[-94.5161720193246,39.11351818315626],[-94.51617339449423,39.11349532577746],[-94.516177519263,39.11342675135246]]]},"properties":{"KIVAPIN":"43202","ADDRESS":"129 N Oakley Ave","OWN_NAME":"Pool & Sons LLC"}},{"type":"Feature","geometry":{"type":"Polygon","coordinates":[[[-94.51616101793692,39.11370104733091],[-94.51615708230327,39.113700910020555],[-94.51572178377633,39.11368609711792],[-94.51571790688479,39.11368596035683],[-94.51571378092623,39.11375455707131],[-94.51570962557946,39.11382310859953],[-94.51571350247836,39.11382324478886],[-94.51614888996846,39.11383810347098],[-94.51615279550512,39.11383824021375],[-94.51615689167271,39.113769643488894],[-94.51616101793692,39.11370104733091]]]},"properties":{"KIVAPIN":"43205","ADDRESS":"137 N Oakley Ave","OWN_NAME":"Rosas Flor A"}},{"type":"Feature","geometry":{"type":"Polygon","coordinates":[[[-94.51029349427624,39.11605125683378],[-94.5102884424098,39.11605105078199],[-94.50983113154851,39.116035371248074],[-94.50983060415244,39.11604461506741],[-94.50982568136409,39.116127878669346],[-94.5098295591123,39.11612801505425],[-94.51028308092904,39.1161435124553],[-94.51028874959334,39.116143694428196],[-94.51029302568264,39.11606050007794],[-94.51029349427624,39.11605125683378]]]},"properties":{"KIVAPIN":"45599","ADDRESS":"405 N Wheeling Ave","OWN_NAME":"Hansuld Michael"}},{"type":"Feature","geometry":{"type":"Polygon","coordinates":[[[-94.5103029542169,39.115866265523316],[-94.50984209060104,39.11585024313626],[-94.50983661109306,39.115942887275246],[-94.51029374513438,39.11595858911219],[-94.51029820956548,39.115958749454336],[-94.5103029542169,39.115866265523316]]]},"properties":{"KIVAPIN":"45601","ADDRESS":"401 N Wheeling Ave","OWN_NAME":"Bravo-Diaz Jose E & Perez-Gomez Jania"}},{"type":"Feature","geometry":{"type":"Polygon","coordinates":[[[-94.51055087149639,39.1115019894867],[-94.51008160682743,39.1114828112636],[-94.51007767059166,39.111482652583405],[-94.51007357054154,39.11156445068446],[-94.51007744730929,39.11156461108599],[-94.51054600783054,39.111584955730294],[-94.51055087149639,39.1115019894867]]]},"properties":{"KIVAPIN":"45914","ADDRESS":"115 Wheeling Ave","OWN_NAME":"Parnacott Deborah"}},{"type":"Feature","geometry":{"type":"Polygon","coordinates":[[[-94.50779026886599,39.10901439372781],[-94.50755908135402,39.109006217669574],[-94.50758241737987,39.10862282725501],[-94.50747683881745,39.10861912855031],[-94.50747264640869,39.10868754142026],[-94.50676278802482,39.10866259907363],[-94.50674616364824,39.10895693683832],[-94.50666019906919,39.11047621789508],[-94.50656961617305,39.11194063038854],[-94.50690827630903,39.11195262315421],[-94.50691012503621,39.11194429391715],[-94.50691288388914,39.11193262462364],[-94.50691514523123,39.11192404424689],[-94.50691579113058,39.11192171038258],[-94.50691652500393,39.111918003102204],[-94.50692618294985,39.11187105144084],[-94.50700383495548,39.111567168917674],[-94.5070053622944,39.111561128906736],[-94.50700706431454,39.11155442534645],[-94.50701099761918,39.11153984956488],[-94.50701519745057,39.11152529721972],[-94.50701968877914,39.11151083580744],[-94.50702438642728,39.11149639840718],[-94.50702943724541,39.11148202905534],[-94.50703472228568,39.111467704878386],[-94.50704030028885,39.11145345046946],[-94.50704611398231,39.11143924123526],[-94.50705219200785,39.11142514638801],[-94.50705856445964,39.11141107440322],[-94.50706519977247,39.11139709392473],[-94.50707207151389,39.11138320495408],[-94.50707926558874,39.11136940748601],[-94.50708666378357,39.111355678647016],[-94.50709432850776,39.111342018433234],[-94.50710225682664,39.1113284502975],[-94.5071104487422,39.11131499483228],[-94.50711890718918,39.111301632588855],[-94.5071275697555,39.11128833783024],[-94.50713652602403,39.11127518090886],[-94.50714571651756,39.111262116067024],[-94.50715517207571,39.1112491644674],[-94.50716486259297,39.111236306091165],[-94.50717475943635,39.11122356038863],[-94.50718494778111,39.1112109754038],[-94.50719534391354,39.111198436738576],[-94.50720597427963,39.111186080531084],[-94.50721683960421,39.111173815258645],[-94.507227939892,39.11116168782652],[-94.50723927440633,39.111149674782006],[-94.50725084535449,39.111137821886224],[-94.50726259178852,39.11112606050095],[-94.5072746319284,39.11111448214131],[-94.5072868189192,39.11110299529388],[-94.5072992401433,39.111091690903635],[-94.50731189779646,39.11108050204451],[-94.5073247603138,39.111069495644315],[-94.50733782842245,39.111058603633005],[-94.50735110212965,39.111047895224445],[-94.50736455205889,39.111037299490434],[-94.50737823622156,39.11102688792928],[-94.50739209807735,39.111016614211145],[-94.50740616479494,39.11100650007088],[-94.50742040774196,39.110996568962875],[-94.50743482618174,39.11098679743446],[-94.50744945242289,39.1109772100802],[-94.50746425268605,39.110967759996875],[-94.50747922991293,39.1109584923735],[-94.50749438410111,39.1109493837573],[-94.50750968368158,39.11094045931901],[-94.50752518886328,39.11093174136333],[-94.5075408130002,39.11092316010974],[-94.50755661190101,39.110914785340604],[-94.50757258850003,39.110906592458974],[-94.50758871195761,39.110898560302104],[-94.50760501091344,39.11089073405744],[-94.50762139726058,39.11088311373063],[-94.50763796130144,39.11087563067379],[-94.50765464137105,39.11086837641344],[-94.50767149767105,39.11086130575637],[-94.50767649017803,39.1108592684778],[-94.50767672622847,39.110855858673204],[-94.50769777527982,39.110514364699235],[-94.50779009372584,39.109017436867106],[-94.50779026886599,39.10901439372781]]]},"properties":{"KIVAPIN":"45898","ADDRESS":"6311 St John Ave","OWN_NAME":"Paxton Hardwoods LLC"}},{"type":"Feature","geometry":{"type":"Polygon","coordinates":[[[-94.51138782832977,39.11693052572181],[-94.5109283381947,39.116915788813216],[-94.51092330117953,39.11701218593959],[-94.51092717824055,39.11701229997941],[-94.51138267442393,39.117026739262165],[-94.51138782832977,39.11693052572181]]]},"properties":{"KIVAPIN":"45649","ADDRESS":"431 N White Ave","OWN_NAME":"Lopez Angel Zelaya"}},{"type":"Feature","geometry":{"type":"Polygon","coordinates":[[[-94.50891782989277,39.11645228400238],[-94.50891395286273,39.11645214701512],[-94.50853065578484,39.11643970574787],[-94.50852995273331,39.11644904109607],[-94.50852265009459,39.11654493491849],[-94.50852138914931,39.116561728820216],[-94.5086086326017,39.11656378853171],[-94.50861028424335,39.116547636401855],[-94.50891358424367,39.116556986085435],[-94.50891750709785,39.11646040665046],[-94.50891782989277,39.11645228400238]]]},"properties":{"KIVAPIN":"45486","ADDRESS":"421 N Belmont Blvd","OWN_NAME":"Nguyen Van Thanh"}},{"type":"Feature","geometry":{"type":"Polygon","coordinates":[[[-94.513725846219,39.11610744072754],[-94.51372182234292,39.11610730448941],[-94.51362798082366,39.11610395147196],[-94.51362080759154,39.116221879078736],[-94.51371890813265,39.11622543695448],[-94.513725846219,39.11610744072754]]]},"properties":{"KIVAPIN":"45512","ADDRESS":"405 N Topping Ave","OWN_NAME":"Ortiz Shara"}},{"type":"Feature","geometry":{"type":"Polygon","coordinates":[[[-94.51361667377218,39.11793964318117],[-94.5131851382189,39.1179223944617],[-94.51318036423797,39.117991676956656],[-94.51317561810428,39.1180607083326],[-94.51317084256392,39.11812960299913],[-94.5135995307453,39.11814538717119],[-94.51360343651486,39.118145523999246],[-94.51360782912664,39.11807695026062],[-94.51361228120373,39.11800835363346],[-94.51361667377218,39.11793964318117]]]},"properties":{"KIVAPIN":"45520","ADDRESS":"503 N Topping Ave","OWN_NAME":"Vento John Joseph"}},{"type":"Feature","geometry":{"type":"Polygon","coordinates":[[[-94.51374400714303,39.10965843778088],[-94.51337255379741,39.10964694969871],[-94.51336769327706,39.10972838193798],[-94.51336271620431,39.109810866699426],[-94.5137342599876,39.10982237939865],[-94.51373914854442,39.109740007319196],[-94.51374400714303,39.10965843778088]]]},"properties":{"KIVAPIN":"46156","ADDRESS":null,"OWN_NAME":"Watson Ryan"}},{"type":"Feature","geometry":{"type":"Polygon","coordinates":[[[-94.51033145081206,39.11530845605918],[-94.50986709502133,39.11529286881072],[-94.50986249619675,39.11537125882264],[-94.50986640180588,39.11537139520398],[-94.51032693987581,39.11538682205673],[-94.51033145081206,39.11530845605918]]]},"properties":{"KIVAPIN":"45704","ADDRESS":"339 N Wheeling Ave","OWN_NAME":"Munoz Rosales Jose A"}},{"type":"Feature","geometry":{"type":"Polygon","coordinates":[[[-94.51034103096052,39.11514346352983],[-94.51033712462863,39.11514332602044],[-94.50988072943115,39.115127989806695],[-94.50987682383537,39.11512785285381],[-94.50987195980754,39.115210406594194],[-94.50987586614221,39.11521054411917],[-94.51033625558557,39.11522601670947],[-94.51034103096052,39.11514346352983]]]},"properties":{"KIVAPIN":"45706","ADDRESS":"333 N Wheeling Ave","OWN_NAME":"Munoz Rosales Jose A"}},{"type":"Feature","geometry":{"type":"Polygon","coordinates":[[[-94.51699264591161,39.11142613427681],[-94.51698873977239,39.11142599813418],[-94.51653269081893,39.11141027604845],[-94.51652881405066,39.11141013988622],[-94.51652468826514,39.11147869032288],[-94.51652389921954,39.11149235018195],[-94.51652780536153,39.11149248634012],[-94.51698784908996,39.11150832226597],[-94.51698863877505,39.11149464009508],[-94.51699264591161,39.11142613427681]]]},"properties":{"KIVAPIN":"44793","ADDRESS":"122 Oakley Ave","OWN_NAME":"Hernandez Faustino & Maria S"}},{"type":"Feature","geometry":{"type":"Polygon","coordinates":[[[-94.51355112133686,39.110915111606346],[-94.51354724460121,39.110914974200945],[-94.51343320475969,39.11091123554148],[-94.51306908483022,39.11089917306178],[-94.51306363927723,39.11099170302406],[-94.5134275827725,39.111003971466715],[-94.51342769951447,39.11100397145325],[-94.51354555899812,39.1110079619335],[-94.51354804751722,39.11096695951838],[-94.51355112133686,39.110915111606346]]]},"properties":{"KIVAPIN":"46058","ADDRESS":"128 Bellaire Ave","OWN_NAME":"Oribio Jacqueline Rivera"}},{"type":"Feature","geometry":{"type":"Polygon","coordinates":[[[-94.51035532766424,39.114895915528486],[-94.50989141514223,39.11488037466958],[-94.50988655186985,39.11496283689149],[-94.50988165848435,39.11504532199518],[-94.50987682383537,39.11512785285381],[-94.50988072943115,39.115127989806695],[-94.51033712462863,39.11514332602044],[-94.51034103096052,39.11514346352983],[-94.51034577697014,39.11506102361059],[-94.51035055232957,39.11497851618952],[-94.51035532766424,39.114895915528486]]]},"properties":{"KIVAPIN":"45707","ADDRESS":"323 N Wheeling Ave","OWN_NAME":"Parra Mata Jorge L & Guadalupe"}},{"type":"Feature","geometry":{"type":"Polygon","coordinates":[[[-94.51627637346614,39.11174025106205],[-94.51582552153039,39.11172681355009],[-94.51582025467074,39.11181458385679],[-94.51582413144983,39.111814675425286],[-94.51627113725813,39.11182797676736],[-94.51627637346614,39.11174025106205]]]},"properties":{"KIVAPIN":"44708","ADDRESS":"115 Oakley Ave","OWN_NAME":"Skaggs Robyn Lynn"}},{"type":"Feature","geometry":{"type":"Polygon","coordinates":[[[-94.51237174871385,39.11141172937133],[-94.51188515745693,39.111394962713014],[-94.51188483457226,39.11140038603178],[-94.51187912357368,39.11149568394436],[-94.51188314718416,39.11149582139024],[-94.51224583027772,39.11150859702357],[-94.51236562820823,39.11151279384648],[-94.51237057730921,39.11143097269346],[-94.5123713972433,39.111417220764416],[-94.51237174871385,39.11141172937133]]]},"properties":{"KIVAPIN":"46012","ADDRESS":"114 White Ave","OWN_NAME":"Diaz Enrique Fernando Flores"}},{"type":"Feature","geometry":{"type":"Polygon","coordinates":[[[-94.51399436298536,39.111680645203755],[-94.51399016314457,39.11168050899591],[-94.51362627401086,39.111667899095075],[-94.5136211511908,39.111755235126374],[-94.5136206549746,39.11176351855081],[-94.51362456039178,39.11176365480634],[-94.51398448368465,39.111776265188055],[-94.51398871363493,39.111776402536506],[-94.51399436298536,39.111680645203755]]]},"properties":{"KIVAPIN":"46024","ADDRESS":"115 Topping Ave","OWN_NAME":"JPC Property Holdings LLC"}},{"type":"Feature","geometry":{"type":"Polygon","coordinates":[[[-94.51497827472609,39.1146410274921],[-94.51453721313852,39.1146254323958],[-94.5145331908137,39.11462529618549],[-94.51452906290353,39.114693823633324],[-94.51452493573387,39.11476242029406],[-94.51452898890564,39.114762556500835],[-94.51497007998755,39.114778175076694],[-94.51497420599712,39.114709601281184],[-94.51497827472609,39.1146410274921]]]},"properties":{"KIVAPIN":"43004","ADDRESS":"315 N Lawndale Ave","OWN_NAME":"Barrio Elizardo & Soto Idaly"}},{"type":"Feature","geometry":{"type":"Polygon","coordinates":[[[-94.51590338853714,39.114249096367715],[-94.51579128088905,39.11424526765925],[-94.51578654052335,39.11432432090424],[-94.51578238458657,39.114393352349786],[-94.5157782880251,39.11446197193482],[-94.515774162804,39.114530522308904],[-94.51588621221374,39.11453458099195],[-94.51588638848257,39.1145315143906],[-94.51589033878452,39.11446598370849],[-94.5158944638893,39.11439743332957],[-94.51589861894658,39.11432824114375],[-94.51590338853714,39.114249096367715]]]},"properties":{"KIVAPIN":"43033","ADDRESS":"5606 Scarritt Ave","OWN_NAME":"Urban View LLC"}},{"type":"Feature","geometry":{"type":"Polygon","coordinates":[[[-94.516093955334,39.1148169447378],[-94.51565450772898,39.11480108022274],[-94.51565057276939,39.114800942895215],[-94.51564641731036,39.11486954017013],[-94.51564223246226,39.11493809054273],[-94.51564622690483,39.11493822671852],[-94.51608570398616,39.11495404664303],[-94.51608980029862,39.11488551857557],[-94.516093955334,39.1148169447378]]]},"properties":{"KIVAPIN":"43039","ADDRESS":"317 N Oakley Ave","OWN_NAME":"Case De Dueno LLC"}},{"type":"Feature","geometry":{"type":"Polygon","coordinates":[[[-94.51160481908433,39.11313375986006],[-94.51160091286116,39.113133623536946],[-94.51114009609334,39.113117423222995],[-94.51110303104123,39.11311609968144],[-94.51110235730287,39.11312737990227],[-94.51110156646519,39.11314108605429],[-94.51109775869075,39.11320686769083],[-94.51113488253026,39.11320819122841],[-94.51159549428701,39.11322432294117],[-94.51159945925522,39.11322445983059],[-94.51160414537702,39.11314474263538],[-94.51160481908433,39.11313375986006]]]},"properties":{"KIVAPIN":"45801","ADDRESS":"125 N White Ave","OWN_NAME":"Zetina Johnny Jason Sanchez"}},{"type":"Feature","geometry":{"type":"Polygon","coordinates":[[[-94.51592892284444,39.10921159739282],[-94.51548478254117,39.109195801503276],[-94.51548081779124,39.10919566474586],[-94.5154766616905,39.1092639406077],[-94.51548053907364,39.10926407794888],[-94.51592479728822,39.109279920171595],[-94.51592892284444,39.10921159739282]]]},"properties":{"KIVAPIN":"44866","ADDRESS":"340 Lawndale Ave","OWN_NAME":"De Larosa Fernando"}},{"type":"Feature","geometry":{"type":"Polygon","coordinates":[[[-94.51387577094172,39.11363432374508],[-94.51387177657593,39.11363418636454],[-94.51341586072114,39.113617354378604],[-94.51341202624494,39.113685996740315],[-94.51340845531689,39.11375054343624],[-94.51386393210304,39.11377057936452],[-94.5138678677405,39.11377073906089],[-94.5138717900556,39.11370294383049],[-94.51387577094172,39.11363432374508]]]},"properties":{"KIVAPIN":"45786","ADDRESS":"137 N Topping Ave","OWN_NAME":"Carreon Norma Yolanda Perez"}},{"type":"Feature","geometry":{"type":"Polygon","coordinates":[[[-94.51615279550512,39.11383824021375],[-94.51614888996846,39.11383810347098],[-94.51571350247836,39.11382324478886],[-94.51570962557946,39.11382310859953],[-94.51570547023455,39.11389170474403],[-94.51570400719663,39.113916370270076],[-94.51570791273689,39.11391650759981],[-94.51614717916856,39.11393147902449],[-94.51614864204721,39.11390679118435],[-94.51615279550512,39.11383824021375]]]},"properties":{"KIVAPIN":"43206","ADDRESS":"141 N Oakley Ave","OWN_NAME":"Chambers Jimmie Dale"}},{"type":"Feature","geometry":{"type":"Polygon","coordinates":[[[-94.51631402660979,39.11111038729706],[-94.51631012048914,39.111110250559676],[-94.51584085767392,39.111094710659614],[-94.51583520966535,39.11118508999441],[-94.51630467939687,39.111200629888],[-94.5163086442606,39.111200766045314],[-94.51631402660979,39.11111038729706]]]},"properties":{"KIVAPIN":"44687","ADDRESS":"135 Oakley Ave","OWN_NAME":"Valdes Albert A"}},{"type":"Feature","geometry":{"type":"Polygon","coordinates":[[[-94.51456442491538,39.11312347462358],[-94.51412404927197,39.113108634079],[-94.51411976196597,39.113108474433815],[-94.51411730236616,39.113149613554356],[-94.51411487286329,39.113190730362284],[-94.51411916090863,39.113190890579574],[-94.51455959580774,39.113205754587625],[-94.51456199567804,39.113164614893634],[-94.51456442491538,39.11312347462358]]]},"properties":{"KIVAPIN":"43215","ADDRESS":"122 N Topping Ave","OWN_NAME":"Oliva Lucero & Isidro"}},{"type":"Feature","geometry":{"type":"Polygon","coordinates":[[[-94.51457420056728,39.11295887005941],[-94.51413388395179,39.11294402954412],[-94.51412950854618,39.112943869909955],[-94.51412543983055,39.113012467142156],[-94.51412464883605,39.11302612583762],[-94.51412899707972,39.11302628604726],[-94.5145693127378,39.11304112772492],[-94.51457013227711,39.11302744385422],[-94.51457420056728,39.11295887005941]]]},"properties":{"KIVAPIN":"43217","ADDRESS":"116 N Topping Ave","OWN_NAME":"Madrigal Horacio Perez"}},{"type":"Feature","geometry":{"type":"Polygon","coordinates":[[[-94.51141889879604,39.1163515975939],[-94.51095870738729,39.11633610523922],[-94.5109543718069,39.116419001595325],[-94.51141444700662,39.11643451628684],[-94.51141889879604,39.1163515975939]]]},"properties":{"KIVAPIN":"45618","ADDRESS":"415 N White Ave","OWN_NAME":"Liotta Antonio"}},{"type":"Feature","geometry":{"type":"Polygon","coordinates":[[[-94.51398309361109,39.111872020291955],[-94.51397889375893,39.111871884083754],[-94.51385466032252,39.111867573898785],[-94.51373465612208,39.111863401511194],[-94.51371557008905,39.11219128342332],[-94.51383610423514,39.11219547979208],[-94.51396377451401,39.11219994860543],[-94.51398309361109,39.111872020291955]]]},"properties":{"KIVAPIN":"45993","ADDRESS":"5801 St John Ave","OWN_NAME":"Ven Sam N & Saroeun"}},{"type":"Feature","geometry":{"type":"Polygon","coordinates":[[[-94.51595336040798,39.117171677857264],[-94.51551013964297,39.11715702599497],[-94.51550617444684,39.11715688923866],[-94.51550207744316,39.1172254395676],[-94.51550070196977,39.11724822942602],[-94.515504667171,39.1172483661825],[-94.51594800525939,39.117263018049286],[-94.51594935194689,39.11724020702504],[-94.51595336040798,39.117171677857264]]]},"properties":{"KIVAPIN":"42537","ADDRESS":"433 N Oakley Ave","OWN_NAME":"Be Har Jelars"}},{"type":"Feature","geometry":{"type":"Polygon","coordinates":[[[-94.51599344474567,39.11648706225043],[-94.51555096256934,39.11647252369908],[-94.51554702604852,39.11647238694032],[-94.51554295919455,39.11654077825436],[-94.515541291039,39.116568143136696],[-94.51554522756498,39.116568279323594],[-94.51598782708506,39.1165827949997],[-94.51598943633589,39.116555475880446],[-94.51599344474567,39.11648706225043]]]},"properties":{"KIVAPIN":"42530","ADDRESS":"415 N Oakley Ave","OWN_NAME":"Beauchamp Stormy Lee"}},{"type":"Feature","geometry":{"type":"Polygon","coordinates":[[[-94.51597583118695,39.11678810452083],[-94.51553299392982,39.11677352076156],[-94.51552905886099,39.11677338457405],[-94.51552663077906,39.11681445562426],[-94.5155225036892,39.11688291501148],[-94.51552649897565,39.1168830511912],[-94.51596939419652,39.11689765727548],[-94.51597340262457,39.116829153271695],[-94.51597583118695,39.11678810452083]]]},"properties":{"KIVAPIN":"42533","ADDRESS":"423 N Oakley Ave","OWN_NAME":"Kirkwood Shawn & Yolanda"}},{"type":"Feature","geometry":{"type":"Polygon","coordinates":[[[-94.515562654299,39.11527961754157],[-94.51512211739444,39.11526457429734],[-94.51511818241019,39.11526443752391],[-94.51511402640779,39.11533303420246],[-94.51511799150106,39.115333171544165],[-94.51555852736335,39.11534821480391],[-94.515562654299,39.11527961754157]]]},"properties":{"KIVAPIN":"43020","ADDRESS":"332 N Lawndale Ave","OWN_NAME":"Northeast Neighborhood Rentals LLC"}},{"type":"Feature","geometry":{"type":"Polygon","coordinates":[[[-94.51484796372175,39.11676969800361],[-94.51484393980562,39.11676956066023],[-94.51439978222682,39.11675289062723],[-94.51439840568692,39.1167757479725],[-94.5143942488751,39.1168442307766],[-94.51439830216599,39.11684436755984],[-94.51484237365372,39.11686094608666],[-94.51484655868437,39.11679253247709],[-94.51484796372175,39.11676969800361]]]},"properties":{"KIVAPIN":"42565","ADDRESS":"423 N Lawndale Ave","OWN_NAME":"Cortes Maria G"}},{"type":"Feature","geometry":{"type":"Polygon","coordinates":[[[-94.51195355253722,39.10876125570254],[-94.51173164767341,39.10875615354642],[-94.51172742929788,39.1088247496155],[-94.51172321092186,39.108893392016945],[-94.51171899401736,39.10896210248723],[-94.51171477637833,39.10903086043398],[-94.5119367424655,39.10903690129469],[-94.51194095908176,39.10896770917956],[-94.51194520574988,39.10889826651719],[-94.5119494523979,39.10882875406781],[-94.51195337760376,39.10876445901279],[-94.51195355253722,39.10876125570254]]]},"properties":{"KIVAPIN":"45990","ADDRESS":"5923 Lexington Ave","OWN_NAME":"Salas Arturo Mejia"}},{"type":"Feature","geometry":{"type":"Polygon","coordinates":[[[-94.51698784908996,39.11150832226597],[-94.51652780536153,39.11149248634012],[-94.51652389921954,39.11149235018195],[-94.5165205925646,39.11154719556502],[-94.516518633233,39.11158007533429],[-94.51652253937996,39.11158021206465],[-94.51698270116033,39.111596071446435],[-94.51698463164159,39.11156319110167],[-94.51698784908996,39.11150832226597]]]},"properties":{"KIVAPIN":"44792","ADDRESS":"120 Oakley Ave","OWN_NAME":"Silvestre Maria Del Carmen"}},{"type":"Feature","geometry":{"type":"Polygon","coordinates":[[[-94.5129650319374,39.10850673755506],[-94.5123775805529,39.10848499613058],[-94.51237676063785,39.10849865654395],[-94.51237280786944,39.10856679499798],[-94.51237668447396,39.10856693129848],[-94.51295993767589,39.10858885681115],[-94.51296418350576,39.10852042028431],[-94.5129650319374,39.10850673755506]]]},"properties":{"KIVAPIN":"46211","ADDRESS":"415 Bellaire Ave","OWN_NAME":"Mera David & Mary"}},{"type":"Feature","geometry":{"type":"Polygon","coordinates":[[[-94.51056338501961,39.10837868801824],[-94.510559069371,39.10837850536387],[-94.51017422900321,39.10836515496657],[-94.51016848869084,39.10847516511258],[-94.51055732372812,39.10848867590353],[-94.51056338501961,39.10837868801824]]]},"properties":{"KIVAPIN":"46232","ADDRESS":"401 Wheeling Ave","OWN_NAME":"Franco Jessy J"}},{"type":"Feature","geometry":{"type":"Polygon","coordinates":[[[-94.51482781614317,39.108790236284534],[-94.51437824586343,39.10877560263824],[-94.51437335952461,39.10885767616526],[-94.5143710750624,39.10889570467404],[-94.51437512936621,39.108895840886184],[-94.51481644714029,39.108910108358586],[-94.51482041187307,39.10891024571065],[-94.51482284056952,39.10887143923243],[-94.51482781614317,39.108790236284534]]]},"properties":{"KIVAPIN":"44887","ADDRESS":"346 Topping Ave","OWN_NAME":"Urban View LLC"}},{"type":"Feature","geometry":{"type":"Polygon","coordinates":[[[-94.51110393180018,39.10874935082049],[-94.51071920738462,39.10873510872229],[-94.51071509582901,39.10873497124425],[-94.51070862209629,39.10884479957595],[-94.5107128804989,39.10884493646871],[-94.51109737057223,39.10885922437111],[-94.51110393180018,39.10874935082049]]]},"properties":{"KIVAPIN":"46075","ADDRESS":"334 Wheeling Ave","OWN_NAME":"Rodriguez Lazaro Santiago Delgado"}},{"type":"Feature","geometry":{"type":"Polygon","coordinates":[[[-94.51316468511683,39.11013229435627],[-94.51316074968767,39.11013215808868],[-94.51279305227804,39.11011995786485],[-94.51278798501191,39.11020287676654],[-94.51315583118485,39.11021519139262],[-94.51315973725012,39.11021532880776],[-94.51316468511683,39.11013229435627]]]},"properties":{"KIVAPIN":"46162","ADDRESS":"307 Bellaire Ave","OWN_NAME":"Lopez Angel Zelaya"}},{"type":"Feature","geometry":{"type":"Polygon","coordinates":[[[-94.51060852180802,39.110517110673904],[-94.51012722253013,39.11049862014484],[-94.51012323905377,39.11057844994328],[-94.51012717523957,39.11057861033804],[-94.51060377615076,39.11059783347529],[-94.51060852180802,39.110517110673904]]]},"properties":{"KIVAPIN":"45926","ADDRESS":"145 Wheeling Ave","OWN_NAME":"Molina Mayra G Minjares"}},{"type":"Feature","geometry":{"type":"Polygon","coordinates":[[[-94.50981964374976,39.11537393832987],[-94.50935769679202,39.115358395182966],[-94.50935306709765,39.115440857357086],[-94.50981477890733,39.115456515517096],[-94.50981964374976,39.11537393832987]]]},"properties":{"KIVAPIN":"45719","ADDRESS":"340 N Belmont Blvd","OWN_NAME":"Inspira Financial Trust LLC Custodian Fbo Thomas Judson Stan"}},{"type":"Feature","geometry":{"type":"Polygon","coordinates":[[[-94.51135494317033,39.11772606540571],[-94.51089600517368,39.11771112239253],[-94.51089026442746,39.1178206982374],[-94.51089414227057,39.117820835158824],[-94.51134908641347,39.11783584663773],[-94.51135494317033,39.11772606540571]]]},"properties":{"KIVAPIN":"45655","ADDRESS":"6000 Saida Ave","OWN_NAME":"Perez Zaragoza Elso Celsa"}},{"type":"Feature","geometry":{"type":"Polygon","coordinates":[[[-94.5141158118699,39.10965306216564],[-94.51411184709708,39.109652925933695],[-94.51374503168039,39.10964113988423],[-94.51374400714303,39.10965843778088],[-94.51373914854442,39.109740007319196],[-94.51410584625506,39.10975174706781],[-94.51410981103363,39.10975188444403],[-94.51411475805905,39.109670382949716],[-94.5141158118699,39.10965306216564]]]},"properties":{"KIVAPIN":"46146","ADDRESS":"317 Topping Ave","OWN_NAME":"Aguirre Jessica Lynn"}},{"type":"Feature","geometry":{"type":"Polygon","coordinates":[[[-94.51371173562958,39.116346407688006],[-94.51370753551224,39.11634627089816],[-94.5132659060857,39.1163297798635],[-94.51326028904796,39.11644846232723],[-94.51370050926708,39.11646431346279],[-94.51370473949693,39.116464449677345],[-94.51371173562958,39.116346407688006]]]},"properties":{"KIVAPIN":"45514","ADDRESS":"413 N Topping Ave","OWN_NAME":"Albor Arturo & Ortiz Reyna"}},{"type":"Feature","geometry":{"type":"Polygon","coordinates":[[[-94.51123124231921,39.11078338256755],[-94.5112273656027,39.110783291990344],[-94.51077249718594,39.11076992627188],[-94.51076856099509,39.110769812232256],[-94.51076375777484,39.11085234318538],[-94.51076778207722,39.110852457217064],[-94.5112227677435,39.11086568508648],[-94.51122664446821,39.11086579911654],[-94.51123124231921,39.11078338256755]]]},"properties":{"KIVAPIN":"45964","ADDRESS":"136 Wheeling Ave","OWN_NAME":"Cano Veronica Escalante"}},{"type":"Feature","geometry":{"type":"Polygon","coordinates":[[[-94.51215079031435,39.108765765112445],[-94.51195355253722,39.10876125570254],[-94.51195337760376,39.10876445901279],[-94.5119494523979,39.10882875406781],[-94.51194520574988,39.10889826651719],[-94.51194095908176,39.10896770917956],[-94.5119367424655,39.10903690129469],[-94.51213227705549,39.10904221173303],[-94.5121369346832,39.1089726992358],[-94.51214165093636,39.10890259355039],[-94.51214633704612,39.10883230310571],[-94.5121505559077,39.108768900359216],[-94.51215079031435,39.108765765112445]]]},"properties":{"KIVAPIN":"45991","ADDRESS":"5921 Lexington Ave","OWN_NAME":"Cubas Gomez Martin Antonio"}},{"type":"Feature","geometry":{"type":"Polygon","coordinates":[[[-94.51600146082308,39.116350302485536],[-94.5155591564575,39.11633574220388],[-94.51555521994416,39.11633560487338],[-94.51555109435832,39.11640397331652],[-94.51554702604852,39.11647238694032],[-94.51555096256934,39.11647252369908],[-94.51599344474567,39.11648706225043],[-94.51599745388708,39.116418670927985],[-94.51600146082308,39.116350302485536]]]},"properties":{"KIVAPIN":"42529","ADDRESS":"411 N Oakley Ave","OWN_NAME":"Kitivoravong Todd I"}},{"type":"Feature","geometry":{"type":"Polygon","coordinates":[[[-94.51726262507421,39.11558698602433],[-94.51725868859924,39.11558684875132],[-94.5168040811178,39.11557030439634],[-94.51680261843357,39.11559499166561],[-94.51679852277071,39.11566351974959],[-94.51680248788577,39.11566365703401],[-94.51725718409092,39.115680247715034],[-94.51726119120306,39.11561174193688],[-94.51726262507421,39.11558698602433]]]},"properties":{"KIVAPIN":"43083","ADDRESS":"337 N Drury Ave","OWN_NAME":"Blanca Estela Garcia"}},{"type":"Feature","geometry":{"type":"Polygon","coordinates":[[[-94.516710920441,39.11608755677146],[-94.5165841836231,39.116083251001676],[-94.51657964935643,39.11616118250166],[-94.51659715544677,39.11616172914591],[-94.51659703786635,39.11616445138562],[-94.51659306013735,39.11623275177666],[-94.51658913969567,39.11630114196507],[-94.516588320509,39.11631482527019],[-94.51669761101297,39.116318264071374],[-94.51669843165263,39.11630460421792],[-94.51670235052555,39.11623623633474],[-94.51670629950178,39.11616789132692],[-94.516710920441,39.11608755677146]]]},"properties":{"KIVAPIN":"42492","ADDRESS":"5512 Norledge Ave","OWN_NAME":"Benitez Oscar Benitez"}},{"type":"Feature","geometry":{"type":"Polygon","coordinates":[[[-94.51110156646519,39.11314108605429],[-94.51109766024237,39.11314094857032],[-94.51063763660196,39.11312522726029],[-94.51063375975087,39.113125089758064],[-94.51062895548674,39.11320766643363],[-94.51063283307644,39.11320780279187],[-94.51109288589204,39.11322354757049],[-94.51109676274943,39.11322368505744],[-94.51109775869075,39.11320686769083],[-94.51110156646519,39.11314108605429]]]},"properties":{"KIVAPIN":"45864","ADDRESS":"206 N Wheeling Ave","OWN_NAME":"Checksmith LLC"}},{"type":"Feature","geometry":{"type":"Polygon","coordinates":[[[-94.50861715213891,39.111604791603554],[-94.50824286893373,39.111590839161416],[-94.50821671817003,39.1119988710233],[-94.50859220906995,39.112012205681914],[-94.50861715213891,39.111604791603554]]]},"properties":{"KIVAPIN":"45901","ADDRESS":"6205 St John Ave","OWN_NAME":"6200 St John LLC"}},{"type":"Feature","geometry":{"type":"Polygon","coordinates":[[[-94.51729716666378,39.11499482953406],[-94.51729328969753,39.114994692825405],[-94.51684341542897,39.11497814677561],[-94.51683947898897,39.11497801063247],[-94.51683538339734,39.115046538725025],[-94.51683128780866,39.11511511257791],[-94.51683525289276,39.115115248717196],[-94.51728921132322,39.115131885142944],[-94.51729321836798,39.11506335704861],[-94.51729716666378,39.11499482953406]]]},"properties":{"KIVAPIN":"43076","ADDRESS":"323 N Drury Ave","OWN_NAME":"Mormino Salvatore & Josephine"}},{"type":"Feature","geometry":{"type":"Polygon","coordinates":[[[-94.51629243539269,39.111471630009106],[-94.5162871187944,39.111471493468066],[-94.51584167328342,39.11145823830763],[-94.51583623158666,39.111548709131384],[-94.51584010762197,39.11154882300808],[-94.51628247064193,39.11156198708222],[-94.51628699280792,39.111562123162436],[-94.51629243539269,39.111471630009106]]]},"properties":{"KIVAPIN":"44691","ADDRESS":"121 Oakley Ave","OWN_NAME":"Skaggs Robyn"}},{"type":"Feature","geometry":{"type":"Polygon","coordinates":[[[-94.5112220465884,39.11094810126088],[-94.51121816985918,39.1109479872307],[-94.51076297752817,39.110935949156456],[-94.51075889448639,39.110935857438676],[-94.51075397409095,39.11102051744441],[-94.51075814451038,39.11102060801026],[-94.51121744867615,39.11103026611999],[-94.5112220465884,39.11094810126088]]]},"properties":{"KIVAPIN":"45966","ADDRESS":"132 Wheeling Ave","OWN_NAME":"Global Points Investments Inc"}},{"type":"Feature","geometry":{"type":"Polygon","coordinates":[[[-94.51230420997717,39.108769295524795],[-94.51230033337364,39.10876922786387],[-94.51215079031435,39.108765765112445],[-94.5121505559077,39.108768900359216],[-94.51214633704612,39.10883230310571],[-94.51214165093636,39.10890259355039],[-94.5121369346832,39.1089726992358],[-94.51213227705549,39.10904221173303],[-94.51228725321812,39.10904642842529],[-94.51229152958587,39.10897659620493],[-94.51229586381218,39.108905986035055],[-94.51230016861011,39.1088350789907],[-94.51230420997717,39.108769295524795]]]},"properties":{"KIVAPIN":"45992","ADDRESS":"5915 Lexington Ave","OWN_NAME":"JPC Property Holdings LLC"}},{"type":"Feature","geometry":{"type":"Polygon","coordinates":[[[-94.51060377615076,39.11059783347529],[-94.51012717523957,39.11057861033804],[-94.51012323905377,39.11057844994328],[-94.51011908193087,39.11066088986593],[-94.51012301665602,39.11066107256959],[-94.51059888405634,39.110681348300204],[-94.51060377615076,39.11059783347529]]]},"properties":{"KIVAPIN":"45925","ADDRESS":"143 Wheeling Ave","OWN_NAME":"Gonzales-Mata Jorge & Pizano Laura"}},{"type":"Feature","geometry":{"type":"Polygon","coordinates":[[[-94.51008936338039,39.10903757802503],[-94.5097199087023,39.10902594027466],[-94.5097151337044,39.10910817433052],[-94.50970953752937,39.109204113967444],[-94.51007925671655,39.109215751727405],[-94.51008470480593,39.109119743443806],[-94.51008936338039,39.10903757802503]]]},"properties":{"KIVAPIN":"46091","ADDRESS":"334 Belmont Blvd","OWN_NAME":"Legacy Re LLC"}},{"type":"Feature","geometry":{"type":"Polygon","coordinates":[[[-94.5091814477406,39.11223149521598],[-94.5076134889182,39.11217289641017],[-94.50752277554585,39.11391620134295],[-94.50743445892482,39.11391371244621],[-94.50734596609574,39.11391129327965],[-94.50736821190843,39.11347456909823],[-94.50736421829856,39.1134744320667],[-94.50692827679788,39.11345896859279],[-94.50681893156161,39.1152826304851],[-94.50681060361617,39.115421516989684],[-94.50679717254587,39.11564561069176],[-94.50679353531058,39.11568759629209],[-94.50678793061726,39.11574909975771],[-94.50678209241225,39.11581058035537],[-94.50677595975213,39.1158720609692],[-94.50676953409818,39.1159334735292],[-94.5065231266075,39.11802626299622],[-94.50652186536836,39.11803733786033],[-94.50652036806807,39.11805257586697],[-94.50651913511717,39.11806783788342],[-94.5065181679822,39.11808309931293],[-94.50651749383239,39.11809836072604],[-94.50651711340655,39.11811366845594],[-94.5065170274327,39.11812895214467],[-94.50651720434038,39.11814425869929],[-94.50651764632651,39.11815952062185],[-94.50651838203508,39.11817480426453],[-94.50651941146224,39.11819006615416],[-94.50652073460806,39.11820530457468],[-94.50652232283716,39.1182205429803],[-94.5065241739468,39.11823578194318],[-94.5065263195078,39.11825097398421],[-94.50652875879037,39.11826616658076],[-94.50653143377849,39.11828129052213],[-94.50653442965769,39.11829641444539],[-94.50653772145758,39.11831149201873],[-94.50654124749504,39.11832650208094],[-94.50654506725274,39.118341488673856],[-94.50654918073087,39.118356451797496],[-94.50655355855558,39.118371370288884],[-94.50655817208691,39.11838621955293],[-94.50656310724064,39.11840102303741],[-94.50656827810127,39.11841575729446],[-94.50657374341552,39.11843044691744],[-94.50657950097836,39.11844506730977],[-94.50658549424863,39.11845961904657],[-94.50659178123652,39.11847410269662],[-94.50659830319775,39.1184885171191],[-94.50660509024105,39.11850288519286],[-94.50661214089165,39.1185171394202],[-94.5066194852604,39.11853132498852],[-94.50662709323876,39.11854541844685],[-94.50663490828774,39.11855944439505],[-94.50664301558227,39.118573355350925],[-94.50664839153144,39.11858227848664],[-94.50667324317833,39.118603876944924],[-94.5066982989619,39.11862531350569],[-94.50672356108542,39.11864659102879],[-94.50674902881669,39.11866773182273],[-94.5067747315278,39.1186887341696],[-94.50680058109575,39.11870953172065],[-94.506826665648,39.118730237157614],[-94.50685298591024,39.118750759529846],[-94.50687945156491,39.118771121723135],[-94.50690612356173,39.11879134718644],[-94.50693300116176,39.11881138844233],[-94.50696005499735,39.11883129296975],[-94.50698734307643,39.11885103674043],[-94.50701480812317,39.1188706214737],[-94.50704245013505,39.11889002257278],[-94.50707023753908,39.11890926292004],[-94.50709826138956,39.11892834422592],[-94.50712646074098,39.118947287086534],[-94.50715489506784,39.1189660474529],[-94.5071834468807,39.1189846253321],[-94.50721220429647,39.11900301957457],[-94.50724110784064,39.11902127651708],[-94.50727021845626,39.119039350394495],[-94.50729947446118,39.119057241210555],[-94.50732893827633,39.11907499415038],[-94.50735854674168,39.11909251941145],[-94.50738833144177,39.119109906798045],[-94.50741829457479,39.11912711112067],[-94.50744843173464,39.119144131807474],[-94.50747871575436,39.1191609934567],[-94.50750917747229,39.11917767146962],[-94.50753981541732,39.11919414353757],[-94.50757056864391,39.11921043254495],[-94.5076015296776,39.11922656136632],[-94.50763260746128,39.11924250769886],[-94.50764494384052,39.11924877560795],[-94.5078722750056,39.11728219389067],[-94.50807911001048,39.115492960276455],[-94.5081102119397,39.11547028398174],[-94.50821447055569,39.11540698827914],[-94.50832090373773,39.11534234294207],[-94.508856205439,39.11501682648688],[-94.50900734909325,39.11480155446299],[-94.5091814477406,39.11223149521598]]]},"properties":{"KIVAPIN":"45468","ADDRESS":"101 N Belmont Blvd","OWN_NAME":"6200 St John LLC"}},{"type":"Feature","geometry":{"type":"Polygon","coordinates":[[[-94.51024499311139,39.117000463996455],[-94.50975486879209,39.11698430540786],[-94.50974942013174,39.11709445377354],[-94.51023936897666,39.11711056549483],[-94.51024499311139,39.117000463996455]]]},"properties":{"KIVAPIN":"45626","ADDRESS":"433 N Wheeling Ave","OWN_NAME":"Lan Thi Xuan Tran"}},{"type":"Feature","geometry":{"type":"Polygon","coordinates":[[[-94.51283846752165,39.10937667420515],[-94.51246519261063,39.10936433570357],[-94.512460391585,39.109447553165936],[-94.51283340177652,39.10945929738677],[-94.51283846752165,39.10937667420515]]]},"properties":{"KIVAPIN":"46176","ADDRESS":"322 Barat Ave","OWN_NAME":"Saylor Lee A"}},{"type":"Feature","geometry":{"type":"Polygon","coordinates":[[[-94.51350944494153,39.11598226319274],[-94.51339786330821,39.115978179864086],[-94.51339768766223,39.11598124646085],[-94.51339101191087,39.11609535293349],[-94.51338413199666,39.11621328049224],[-94.51349562661616,39.11621734039128],[-94.51350253498181,39.11609941282279],[-94.51350926856612,39.11598532978976],[-94.51350944494153,39.11598226319274]]]},"properties":{"KIVAPIN":"45509","ADDRESS":"5806 Norledge Ave","OWN_NAME":"Moreno Dalia Rodriguez"}},{"type":"Feature","geometry":{"type":"Polygon","coordinates":[[[-94.5170622815695,39.11021624217453],[-94.51660506578753,39.11020111486378],[-94.51660110097924,39.11020097871648],[-94.51659451868721,39.11031043955575],[-94.5165984262328,39.11031057685546],[-94.51705179465044,39.110325589207356],[-94.51705567136055,39.110325726496235],[-94.5170622815695,39.11021624217453]]]},"properties":{"KIVAPIN":"44754","ADDRESS":"306 Oakley Ave","OWN_NAME":"Hernandez Henry & Yemmy Escobar"}},{"type":"Feature","geometry":{"type":"Polygon","coordinates":[[[-94.51210209649483,39.115454423739095],[-94.51209807192471,39.11545428744502],[-94.51164537567553,39.115438156934545],[-94.51164130515023,39.11550679866816],[-94.51163925483594,39.115541143274775],[-94.51209221534698,39.115557274353314],[-94.51209615181013,39.11555741065674],[-94.51209811379815,39.115523111812635],[-94.51210209649483,39.115454423739095]]]},"properties":{"KIVAPIN":"45731","ADDRESS":"340 N White Ave","OWN_NAME":"All Things Through Christ Enterprises"}},{"type":"Feature","geometry":{"type":"Polygon","coordinates":[[[-94.51213501137525,39.11488300050258],[-94.51213078197705,39.11488286308688],[-94.51168311176163,39.11486675507874],[-94.51167923481319,39.114866618183385],[-94.51167384559307,39.11495740908377],[-94.5116777225465,39.11495754597934],[-94.51212562828502,39.114973562460854],[-94.51212976957636,39.11497369874186],[-94.51213501137525,39.11488300050258]]]},"properties":{"KIVAPIN":"45736","ADDRESS":"322 N White Ave","OWN_NAME":"Global Points Investments Inc"}},{"type":"Feature","geometry":{"type":"Polygon","coordinates":[[[-94.50989339725972,39.11225175441793],[-94.50980596362514,39.112248581966696],[-94.50971853146997,39.1122454317584],[-94.50963115512464,39.11224228090789],[-94.50954433901157,39.112239131090085],[-94.50952309055134,39.11256957510482],[-94.50961049446599,39.112572747770486],[-94.50969822293004,39.112575967248915],[-94.50978595066132,39.11257913975607],[-94.50987353155215,39.1125823133537],[-94.50989319363396,39.1122552786267],[-94.50989339725972,39.11225175441793]]]},"properties":{"KIVAPIN":"45823","ADDRESS":"6118 St John Ave","OWN_NAME":"Sab3 Property LLC"}},{"type":"Feature","geometry":{"type":"Polygon","coordinates":[[[-94.51407465524953,39.1103305181338],[-94.51370463456996,39.11031962411917],[-94.51370413836912,39.110327884665345],[-94.51369913188915,39.11041215469904],[-94.51369895630098,39.110415381463746],[-94.51406882926314,39.11042675429165],[-94.51407465524953,39.1103305181338]]]},"properties":{"KIVAPIN":"46139","ADDRESS":"301 Topping Ave","OWN_NAME":"Cortez Perez Pedro"}},{"type":"Feature","geometry":{"type":"Polygon","coordinates":[[[-94.51476632287722,39.10978918956275],[-94.51432285505368,39.1097752196158],[-94.51431862522709,39.109775105732076],[-94.51431177690662,39.109889738083425],[-94.51431597663726,39.109889851971076],[-94.51475926825621,39.10990393751349],[-94.51476632287722,39.10978918956275]]]},"properties":{"KIVAPIN":"44746","ADDRESS":"312 Topping Ave","OWN_NAME":"Herron Clemon III"}},{"type":"Feature","geometry":{"type":"Polygon","coordinates":[[[-94.51555299709531,39.11543959964707],[-94.515112430565,39.115424579823355],[-94.51510852420837,39.1154244424738],[-94.51510574373997,39.115470181791636],[-94.5151030227342,39.11551587476807],[-94.51510692836135,39.115516010973806],[-94.51554749619926,39.115531054270555],[-94.51555021691365,39.11548533897533],[-94.51555299709531,39.11543959964707]]]},"properties":{"KIVAPIN":"43018","ADDRESS":"336 N Lawndale Ave","OWN_NAME":"Headlands Alternative Investments LP"}},{"type":"Feature","geometry":{"type":"Polygon","coordinates":[[[-94.51225997887995,39.11333064994362],[-94.51225583768445,39.11333051309517],[-94.5117713183088,39.113312418100875],[-94.5117657535382,39.1134058174406],[-94.51225397468177,39.11342681848213],[-94.51225895380347,39.11334723851644],[-94.51225997887995,39.11333064994362]]]},"properties":{"KIVAPIN":"45815","ADDRESS":"128 N White Ave","OWN_NAME":"SRJ Homes LLC"}},{"type":"Feature","geometry":{"type":"Polygon","coordinates":[[[-94.50983663869889,39.11508513810657],[-94.50983276174213,39.11508500172184],[-94.50937387123332,39.1150695253062],[-94.50937158651453,39.11511078041806],[-94.50936701468405,39.115191914942805],[-94.50982943123653,39.115207550108245],[-94.50983420666125,39.11512639209575],[-94.50983663869889,39.11508513810657]]]},"properties":{"KIVAPIN":"45722","ADDRESS":"332 N Belmont Blvd","OWN_NAME":"NLB Investments LLC"}},{"type":"Feature","geometry":{"type":"Polygon","coordinates":[[[-94.51288607344188,39.11098433233464],[-94.51288213723153,39.110984195485734],[-94.51252447878369,39.11097123824577],[-94.51252433193852,39.11097123826153],[-94.5124025679044,39.11096692626313],[-94.51239863169606,39.11096678996991],[-94.51239617113372,39.11100772371561],[-94.51239532255833,39.11102138412624],[-94.51239300910684,39.111059663128415],[-94.51239694458624,39.11105979999392],[-94.5125185920498,39.111064180080575],[-94.51251882700238,39.111064180055344],[-94.51287660260694,39.111076839851016],[-94.5128805388223,39.111076976128096],[-94.51288607344188,39.11098433233464]]]},"properties":{"KIVAPIN":"46048","ADDRESS":"127 Bellaire Ave","OWN_NAME":"Villarreal Ricardo Bustamante"}},{"type":"Feature","geometry":{"type":"Polygon","coordinates":[[[-94.50978871997755,39.11604319999244],[-94.50978484443691,39.116043063606],[-94.5093313512603,39.11602744986092],[-94.50932739716114,39.11611091871825],[-94.50978376849986,39.1161264401424],[-94.50978871997755,39.11604319999244]]]},"properties":{"KIVAPIN":"45581","ADDRESS":"406 N Belmont Blvd","OWN_NAME":"JTB Real Estate LLC"}},{"type":"Feature","geometry":{"type":"Polygon","coordinates":[[[-94.51145576662965,39.11567764442163],[-94.51099540397719,39.11566132909587],[-94.51099146751035,39.115661192755276],[-94.51098566773285,39.115757428668594],[-94.51145020244685,39.115773857453966],[-94.51145576662965,39.11567764442163]]]},"properties":{"KIVAPIN":"45665","ADDRESS":"6003 Norledge Ave","OWN_NAME":"Naguib Omar"}},{"type":"Feature","geometry":{"type":"Polygon","coordinates":[[[-94.51148101834247,39.109649919294974],[-94.5110989607203,39.109635472835876],[-94.51109458478821,39.1096352896351],[-94.5110888729678,39.10973122934043],[-94.51109327827066,39.10973138908595],[-94.51147510075681,39.109746018631775],[-94.51148101834247,39.109649919294974]]]},"properties":{"KIVAPIN":"46123","ADDRESS":"319 White Ave","OWN_NAME":"Cangelosi Andrew S & Phyllis R"}},{"type":"Feature","geometry":{"type":"Polygon","coordinates":[[[-94.51586186910392,39.11075756141258],[-94.51583634806202,39.11075683212908],[-94.51570336387866,39.1107529157886],[-94.51554500552352,39.11074829109418],[-94.51539087707556,39.110743781745576],[-94.51538661855975,39.1107436913571],[-94.51538298880023,39.110802219970516],[-94.51538196444744,39.11081860207998],[-94.51538595792302,39.110818739408955],[-94.51583166476752,39.11083373520639],[-94.51585709922412,39.11083457833391],[-94.51586186910392,39.11075756141258]]]},"properties":{"KIVAPIN":"44719","ADDRESS":"140 Lawndale Ave","OWN_NAME":"Tatys Property Inc"}},{"type":"Feature","geometry":{"type":"Polygon","coordinates":[[[-94.51231243834563,39.10863514592045],[-94.51230856320976,39.108635031926326],[-94.51174005210257,39.10861900602595],[-94.5117358645798,39.108687602093816],[-94.51173164767341,39.10875615354642],[-94.51195355253722,39.10876125570254],[-94.51215079031435,39.108765765112445],[-94.51230033337364,39.10876922786387],[-94.51230420997717,39.108769295524795],[-94.51230830992996,39.10870269006411],[-94.51231243834563,39.10863514592045]]]},"properties":{"KIVAPIN":"45989","ADDRESS":"408 White Ave","OWN_NAME":"Chigo Alberta"}},{"type":"Feature","geometry":{"type":"Polygon","coordinates":[[[-94.5104143844351,39.113846330241515],[-94.50992909775852,39.11382909769741],[-94.5099246734845,39.11390487875177],[-94.51040996064275,39.113921859626956],[-94.5104143844351,39.113846330241515]]]},"properties":{"KIVAPIN":"45846","ADDRESS":"225 N Wheeling Ave","OWN_NAME":"Aranda Alejandro Salazar & De La Rosa Ma"}},{"type":"Feature","geometry":{"type":"Polygon","coordinates":[[[-94.51345571869874,39.110542603337976],[-94.5130906032196,39.110532508203605],[-94.51308527490633,39.11062345882254],[-94.51308915162078,39.11062357279063],[-94.51344622110116,39.11063300531867],[-94.51345018591903,39.11063309638395],[-94.51345571869874,39.110542603337976]]]},"properties":{"KIVAPIN":"46054","ADDRESS":"136 Bellaire Ave","OWN_NAME":"Ekpoh Yawo"}},{"type":"Feature","geometry":{"type":"Polygon","coordinates":[[[-94.51005757875124,39.10959980428204],[-94.50968718132734,39.109587984037326],[-94.50968158583255,39.10968408268546],[-94.51005215922903,39.109695858315305],[-94.51005757875124,39.10959980428204]]]},"properties":{"KIVAPIN":"46087","ADDRESS":"318 Belmont Blvd","OWN_NAME":"Summit Rentals LP"}},{"type":"Feature","geometry":{"type":"Polygon","coordinates":[[[-94.51152708390092,39.1144433873165],[-94.51152317833976,39.11444325041874],[-94.51106576002704,39.11442700371783],[-94.51106083928465,39.1145086422976],[-94.51106474484854,39.11450877921084],[-94.51152236929065,39.11452507108436],[-94.51152708390092,39.1144433873165]]]},"properties":{"KIVAPIN":"45679","ADDRESS":"311 N White Ave","OWN_NAME":"Leon Miguel"}},{"type":"Feature","geometry":{"type":"Polygon","coordinates":[[[-94.51564503102658,39.11391322067101],[-94.5152045912215,39.11389707945063],[-94.51520053883206,39.113896942123205],[-94.5151978457563,39.11394220152243],[-94.51519494839881,39.11399015914722],[-94.51563535942095,39.11400634616889],[-94.51563941255175,39.11400648348109],[-94.51564230959826,39.113958478940134],[-94.51564503102658,39.11391322067101]]]},"properties":{"KIVAPIN":"43181","ADDRESS":"144 N Lawndale Ave","OWN_NAME":"JPC Property Holdings LLC"}},{"type":"Feature","geometry":{"type":"Polygon","coordinates":[[[-94.51322811908477,39.116089444874376],[-94.51278525792496,39.11607373009928],[-94.51277899393882,39.11619243549666],[-94.51277270063487,39.11631155274583],[-94.51276643745247,39.11643087591459],[-94.51320651055718,39.11644652357811],[-94.51321053298302,39.11644665983413],[-94.51321638506131,39.116327908704235],[-94.51322223703876,39.11620872283965],[-94.51322811908477,39.116089444874376]]]},"properties":{"KIVAPIN":"45506","ADDRESS":"406 N Bellaire Ave","OWN_NAME":"Gonzalez Veronica"}},{"type":"Feature","geometry":{"type":"Polygon","coordinates":[[[-94.51223663544549,39.11370342379473],[-94.51223246485793,39.11370328637653],[-94.51175311146352,39.113685878328965],[-94.51174920594372,39.11368574143878],[-94.51174369835239,39.11377893483994],[-94.51174760608,39.11377907115808],[-94.51222663554006,39.11379634255009],[-94.51223080686734,39.11379647996843],[-94.51223405871805,39.11374456345572],[-94.51223663544549,39.11370342379473]]]},"properties":{"KIVAPIN":"45819","ADDRESS":"138 N White Ave","OWN_NAME":"Sloan Annalea P"}},{"type":"Feature","geometry":{"type":"Polygon","coordinates":[[[-94.5127129715464,39.11376311417755],[-94.51223405871805,39.11374456345572],[-94.51223080686734,39.11379647996843],[-94.5122291081131,39.11382377674963],[-94.51270429148256,39.113842465753855],[-94.51270816911924,39.11384264780436],[-94.5127129715464,39.11376311417755]]]},"properties":{"KIVAPIN":"45874","ADDRESS":"143 N Bellaire Ave","OWN_NAME":"Jimenez Gerardo R Acuna"}},{"type":"Feature","geometry":{"type":"Polygon","coordinates":[[[-94.51506607121544,39.113160821870814],[-94.51506189992017,39.11316068455391],[-94.51462152424057,39.11314374029756],[-94.51462014857664,39.113166598803524],[-94.51461608106274,39.11323521778666],[-94.5146201033088,39.11323535456619],[-94.5150606572369,39.11325225304332],[-94.5150646949603,39.113183679238034],[-94.51506607121544,39.113160821870814]]]},"properties":{"KIVAPIN":"43231","ADDRESS":"123 N Lawndale Ave","OWN_NAME":"Lepage Walter Albert"}},{"type":"Feature","geometry":{"type":"Polygon","coordinates":[[[-94.5146640943359,39.111509645020185],[-94.51421903050792,39.11149549183866],[-94.51421500689293,39.1114953544734],[-94.51421087958155,39.11156383732954],[-94.51421487383091,39.11156397355451],[-94.51465990945377,39.11157812675525],[-94.5146640943359,39.111509645020185]]]},"properties":{"KIVAPIN":"44909","ADDRESS":"120 Topping Ave","OWN_NAME":"Serrano Wendy Aracely Vadivieso"}},{"type":"Feature","geometry":{"type":"Polygon","coordinates":[[[-94.51791086579783,39.115455048886986],[-94.51790693079779,39.115454912779676],[-94.51745555476005,39.115438163970644],[-94.51745138406046,39.11543802788325],[-94.51744892631163,39.11547914360453],[-94.51744649939415,39.11552023815628],[-94.51790175293316,39.11553705504667],[-94.51790609987096,39.115537214543544],[-94.5179084685204,39.11549614344398],[-94.51791086579783,39.115455048886986]]]},"properties":{"KIVAPIN":"43091","ADDRESS":"336 N Drury Ave","OWN_NAME":"Gonzalez Leobardo & Laura"}},{"type":"Feature","geometry":{"type":"Polygon","coordinates":[[[-94.51239617113372,39.11100772371561],[-94.51191354682804,39.11099150588822],[-94.51190917154824,39.110991346742686],[-94.51190838090186,39.111005119831106],[-94.51190313862536,39.11109300551682],[-94.51190772022933,39.11109316521351],[-94.5123900514201,39.11110872012904],[-94.51239300910684,39.111059663128415],[-94.51239532255833,39.11102138412624],[-94.51239617113372,39.11100772371561]]]},"properties":{"KIVAPIN":"46016","ADDRESS":"122 White Ave","OWN_NAME":"Yepez Ruiz Laura"}},{"type":"Feature","geometry":{"type":"Polygon","coordinates":[[[-94.51606507550296,39.11529691579267],[-94.51562550818925,39.11528111982825],[-94.51562151446137,39.115280982507606],[-94.51561738758271,39.11534957977201],[-94.51561571875969,39.115376990422334],[-94.51561959647796,39.11537712718668],[-94.51605931123106,39.11539287853556],[-94.51606097914794,39.11536546616305],[-94.51606507550296,39.11529691579267]]]},"properties":{"KIVAPIN":"43043","ADDRESS":"333 N Oakley Ave","OWN_NAME":"Luna Gilberto"}},{"type":"Feature","geometry":{"type":"Polygon","coordinates":[[[-94.515806624166,39.11127474083083],[-94.51536003351897,39.11125995040927],[-94.51535480650436,39.111259768052626],[-94.51534921586604,39.11135014735379],[-94.51535482616005,39.11135035196887],[-94.51579707070496,39.111365005715165],[-94.51580118242305,39.11136514244187],[-94.515806624166,39.11127474083083]]]},"properties":{"KIVAPIN":"44695","ADDRESS":"128 Lawndale Ave","OWN_NAME":"JPC Property Holdings LLC"}},{"type":"Feature","geometry":{"type":"Polygon","coordinates":[[[-94.5147440583126,39.11104241207235],[-94.51474352966481,39.11104238983056],[-94.5146917221972,39.111040267326],[-94.51424366427952,39.11102284268141],[-94.51423254095104,39.11120637030666],[-94.5142365645494,39.11120650652729],[-94.51472706178923,39.111222759504344],[-94.51473093854402,39.11122289687048],[-94.51474306182847,39.11105584314012],[-94.5147440583126,39.11104241207235]]]},"properties":{"KIVAPIN":"44703","ADDRESS":"132 Topping Ave","OWN_NAME":"Sein Maung"}},{"type":"Feature","geometry":{"type":"Polygon","coordinates":[[[-94.51383913583682,39.114181083280855],[-94.51337640188181,39.11416464092238],[-94.51332124470414,39.11416263374157],[-94.51286694101853,39.11414621070594],[-94.51285900657382,39.1142833352447],[-94.51285031102195,39.114434531455395],[-94.51284155593692,39.11458561326491],[-94.51283362218219,39.11472303523979],[-94.51282685795455,39.11483949842008],[-94.51282457494123,39.114879013528636],[-94.51281769433322,39.11499767325907],[-94.5128097597436,39.115135049461365],[-94.5128018243724,39.11527233413747],[-94.51279383169313,39.115409595935425],[-94.51278589699889,39.11554690405653],[-94.51277796151467,39.11568407374611],[-94.51277011522211,39.1158192528072],[-94.51322760107061,39.11583622556097],[-94.51328146869265,39.115838232932354],[-94.51373898566989,39.11585543191],[-94.51374721151134,39.11571805562723],[-94.51375543880282,39.11558074798235],[-94.51376360586092,39.11544348553],[-94.51377265209233,39.11529258725635],[-94.51378166889208,39.11514157400639],[-94.51378989460373,39.115004380748815],[-94.51379812174766,39.114867164606636],[-94.51380628864543,39.114729925015105],[-94.51381451573036,39.11459273231796],[-94.51382274202673,39.11445542464187],[-94.51383090958173,39.11431827713342],[-94.51383913583682,39.114181083280855]]]},"properties":{"KIVAPIN":"45758","ADDRESS":"327 N Topping Ave","OWN_NAME":"The School District of K C MO"}},{"type":"Feature","geometry":{"type":"Polygon","coordinates":[[[-94.51006074542511,39.11100984772767],[-94.50960916498013,39.110995563105085],[-94.50960525888186,39.1109954490237],[-94.50960159633837,39.111058736632835],[-94.50959919364581,39.11109980759809],[-94.51005497505734,39.111112605798546],[-94.51005725928498,39.11107160347619],[-94.51006074542511,39.11100984772767]]]},"properties":{"KIVAPIN":"45934","ADDRESS":"126 Belmont Blvd","OWN_NAME":"Grace Project Services Inc"}},{"type":"Feature","geometry":{"type":"Polygon","coordinates":[[[-94.51418305245979,39.108561211883874],[-94.51369336728193,39.10854401840695],[-94.51368843195417,39.10854385824987],[-94.51368404052289,39.10861508683237],[-94.51368906322557,39.10861524697942],[-94.51417863284547,39.10863221110958],[-94.51418305245979,39.108561211883874]]]},"properties":{"KIVAPIN":"46202","ADDRESS":"415 Topping Ave","OWN_NAME":"Castillo Hernandez Guillermo & Moreno Nurvina Fuentes"}},{"type":"Feature","geometry":{"type":"Polygon","coordinates":[[[-94.51323388400345,39.1159721815592],[-94.51279146410556,39.115956260259544],[-94.51278525792496,39.11607373009928],[-94.51322811908477,39.116089444874376],[-94.51323388400345,39.1159721815592]]]},"properties":{"KIVAPIN":"45507","ADDRESS":"400 N Bellaire Ave","OWN_NAME":"Martinez Hilda"}},{"type":"Feature","geometry":{"type":"Polygon","coordinates":[[[-94.51857388118532,39.11297868868465],[-94.51811929020911,39.112962354800786],[-94.5181163071371,39.11301177745256],[-94.51811502120253,39.113033674427285],[-94.51856970002359,39.11305005464687],[-94.51857101591555,39.113028133637755],[-94.51857388118532,39.11297868868465]]]},"properties":{"KIVAPIN":"43139","ADDRESS":"115 N Hardesty Ave","OWN_NAME":"Guzman Liliana"}},{"type":"Feature","geometry":{"type":"Polygon","coordinates":[[[-94.51373465612208,39.111863401511194],[-94.51361503374218,39.11185925069213],[-94.51359571292508,39.11218708685103],[-94.51371557008905,39.11219128342332],[-94.51373465612208,39.111863401511194]]]},"properties":{"KIVAPIN":"45994","ADDRESS":"5805 St John Ave","OWN_NAME":"Arriaga Alba A"}},{"type":"Feature","geometry":{"type":"Polygon","coordinates":[[[-94.51488010328464,39.11624536084194],[-94.51443547834722,39.11622885059525],[-94.51443151320531,39.11622871437437],[-94.51442738579588,39.11629703587402],[-94.51443132083634,39.11629717324279],[-94.5148759175746,39.11631372812594],[-94.51488010328464,39.11624536084194]]]},"properties":{"KIVAPIN":"42560","ADDRESS":"407 N Lawndale Ave","OWN_NAME":"The Gray Standard"}},{"type":"Feature","geometry":{"type":"Polygon","coordinates":[[[-94.51432131592827,39.11711672514619],[-94.5138810915694,39.117101173805594],[-94.51387671517298,39.11710101416221],[-94.51387261658472,39.11716951924557],[-94.51386854736468,39.11723804720514],[-94.51386441938898,39.11730655229012],[-94.51386032078584,39.11737510255986],[-94.51386446222129,39.11737523992321],[-94.51430462953397,39.117390768452125],[-94.514308815827,39.117322240464794],[-94.51431300212118,39.11725375823778],[-94.51431713038923,39.11718523082767],[-94.51432131592827,39.11711672514619]]]},"properties":{"KIVAPIN":"42547","ADDRESS":"438 N Topping Ave","OWN_NAME":"Abarca Manuel R IV"}},{"type":"Feature","geometry":{"type":"Polygon","coordinates":[[[-94.517358353451,39.11394839739376],[-94.5173544471717,39.11394826069148],[-94.51721828536235,39.11394315561739],[-94.51721424895456,39.11401175294063],[-94.5172102418979,39.114080303353276],[-94.51720585451562,39.114155008712736],[-94.5173459229277,39.11415986267697],[-94.51735028161579,39.114085522262734],[-94.51735431717299,39.11401697126911],[-94.517358353451,39.11394839739376]]]},"properties":{"KIVAPIN":"43179","ADDRESS":"5501 Scarritt Ave","OWN_NAME":"Loyd Michael K"}},{"type":"Feature","geometry":{"type":"Polygon","coordinates":[[[-94.51142780013295,39.116185711582865],[-94.5109674034334,39.11616999161988],[-94.51096307009045,39.116252980072964],[-94.51142331974604,39.11626874582848],[-94.51142780013295,39.116185711582865]]]},"properties":{"KIVAPIN":"45620","ADDRESS":"409 N White Ave","OWN_NAME":"Cook Walter E"}},{"type":"Feature","geometry":{"type":"Polygon","coordinates":[[[-94.51023936897666,39.11711056549483],[-94.50974942013174,39.11709445377354],[-94.5097439722075,39.11720473827657],[-94.50990595743596,39.117210010622365],[-94.5100679720666,39.117215327929806],[-94.5102337470341,39.11722071389595],[-94.51023936897666,39.11711056549483]]]},"properties":{"KIVAPIN":"45627","ADDRESS":"435 N Wheeling Ave","OWN_NAME":"Rivera Ruby Cruz"}},{"type":"Feature","geometry":{"type":"Polygon","coordinates":[[[-94.51138267442393,39.117026739262165],[-94.51092717824055,39.11701229997941],[-94.51092330117953,39.11701218593959],[-94.51091826414692,39.11710855903951],[-94.51092216985406,39.11710869595741],[-94.51137751980659,39.11712318160702],[-94.51138267442393,39.117026739262165]]]},"properties":{"KIVAPIN":"45650","ADDRESS":"433 N White Ave","OWN_NAME":"433 N White Avenue Trust"}},{"type":"Feature","geometry":{"type":"Polygon","coordinates":[[[-94.51410398657448,39.10984793813981],[-94.51410005042503,39.10984780133197],[-94.5137334116979,39.10983610789171],[-94.51372934202836,39.109904635360884],[-94.51372773209108,39.109932138669606],[-94.51409419580996,39.10994369429273],[-94.51409816059459,39.10994380821663],[-94.51409979977521,39.10991639756597],[-94.51410398657448,39.10984793813981]]]},"properties":{"KIVAPIN":"46144","ADDRESS":"311 Topping Ave","OWN_NAME":"Rumspringa LLC"}},{"type":"Feature","geometry":{"type":"Polygon","coordinates":[[[-94.51587271481274,39.11014108708208],[-94.51542786412377,39.11012659412855],[-94.51542351751894,39.11012641165844],[-94.51542240548825,39.11014467056743],[-94.51541789860738,39.11021763756843],[-94.51586321976103,39.11023210704302],[-94.51586718456966,39.11023224321539],[-94.51587160361655,39.110159277353205],[-94.51587271481274,39.11014108708208]]]},"properties":{"KIVAPIN":"44734","ADDRESS":"308 Lawndale Ave","OWN_NAME":"Castro Natasha S"}},{"type":"Feature","geometry":{"type":"Polygon","coordinates":[[[-94.51474580428899,39.11012270172657],[-94.51430283361434,39.11010857090488],[-94.51429875207494,39.110108433549584],[-94.51429222569261,39.11021784963672],[-94.51429624776668,39.11021798699953],[-94.51473907228599,39.11023214017302],[-94.51474580428899,39.11012270172657]]]},"properties":{"KIVAPIN":"44749","ADDRESS":"306 Topping Ave","OWN_NAME":"Ser Lu & Phyu Maung"}},{"type":"Feature","geometry":{"type":"Polygon","coordinates":[[[-94.51805919473514,39.11294090208211],[-94.51805531714557,39.11294076482681],[-94.51782822814471,39.11293263252879],[-94.51760096150794,39.11292449809915],[-94.51759686678899,39.11299309488441],[-94.5175954920777,39.113015907092596],[-94.51759939757159,39.11301604321494],[-94.51805375453131,39.11303231109222],[-94.51805510046552,39.1130095223358],[-94.51805919473514,39.11294090208211]]]},"properties":{"KIVAPIN":"43133","ADDRESS":"112 N Drury Ave","OWN_NAME":"Alvalado Anilu Renteria"}},{"type":"Feature","geometry":{"type":"Polygon","coordinates":[[[-94.51212976957636,39.11497369874186],[-94.51212562828502,39.114973562460854],[-94.5116777225465,39.11495754597934],[-94.51167384559307,39.11495740908377],[-94.51166570319546,39.11509480811076],[-94.51211775110372,39.11511098494404],[-94.51212186303233,39.11511112122837],[-94.51212976957636,39.11497369874186]]]},"properties":{"KIVAPIN":"45735","ADDRESS":"326 N White Ave","OWN_NAME":"Dison Cynthia"}},{"type":"Feature","geometry":{"type":"Polygon","coordinates":[[[-94.51318930640548,39.10971893023515],[-94.51318540110177,39.10971879282089],[-94.51281829174584,39.10970663837052],[-94.51281325680706,39.109789352493785],[-94.51318048257559,39.109801391971395],[-94.51318438861806,39.10980152938569],[-94.51318930640548,39.10971893023515]]]},"properties":{"KIVAPIN":"46167","ADDRESS":"317 Bellaire Ave","OWN_NAME":"Rim Fawzawka"}},{"type":"Feature","geometry":{"type":"Polygon","coordinates":[[[-94.51174119213162,39.1108836634123],[-94.5112694051718,39.11086698478505],[-94.51126471923459,39.11094928693959],[-94.51126862680498,39.11094942327385],[-94.51173621307836,39.11096612635161],[-94.51174119213162,39.1108836634123]]]},"properties":{"KIVAPIN":"45956","ADDRESS":"135 White Ave","OWN_NAME":"Kizine Dominique"}},{"type":"Feature","geometry":{"type":"Polygon","coordinates":[[[-94.51222087648804,39.11191132192453],[-94.51221700116895,39.11191118504681],[-94.5121010198748,39.11190705517332],[-94.51198201425522,39.11190278992745],[-94.51185516697294,39.11189827195459],[-94.51184916314617,39.11199922140706],[-94.51185303993792,39.1119993588689],[-94.51197595188174,39.11200380803436],[-94.5120947821886,39.11200807502052],[-94.51221466908002,39.112012363511525],[-94.51222087648804,39.11191132192453]]]},"properties":{"KIVAPIN":"46007","ADDRESS":"104 White Ave","OWN_NAME":"Munguia Tomas Guzman"}},{"type":"Feature","geometry":{"type":"Polygon","coordinates":[[[-94.51697293192977,39.11176330752429],[-94.51650862795294,39.11174731140718],[-94.5165083054369,39.11175280280827],[-94.51650420985418,39.1118219487047],[-94.51650371395355,39.111830140046635],[-94.51650758927629,39.11183027620985],[-94.51696414125246,39.11184728020752],[-94.51696801804563,39.11184741692725],[-94.5169684852575,39.11183922558755],[-94.51697261018391,39.111768798926526],[-94.51697293192977,39.11176330752429]]]},"properties":{"KIVAPIN":"44789","ADDRESS":"112 Oakley Ave","OWN_NAME":"QLQC Groups LLC"}},{"type":"Feature","geometry":{"type":"Polygon","coordinates":[[[-94.51515892739131,39.111595293212346],[-94.51515504988106,39.11159515586055],[-94.51471339149661,39.11158088914856],[-94.5147094860872,39.11158075178545],[-94.51470582774621,39.111642439046456],[-94.51470970305525,39.11164257526945],[-94.5151552393376,39.11165697934713],[-94.51515892739131,39.111595293212346]]]},"properties":{"KIVAPIN":"44917","ADDRESS":"117 Lawndale Ave","OWN_NAME":"Cortez De Castillo Ruth Elizabeth"}},{"type":"Feature","geometry":{"type":"Polygon","coordinates":[[[-94.51137233799923,39.11721957876344],[-94.51091710417585,39.11720506963038],[-94.51091322636644,39.11720493270968],[-94.51090816064803,39.1173011690969],[-94.51136330551174,39.117315724034555],[-94.51136718332798,39.117315860368265],[-94.51137233799923,39.11721957876344]]]},"properties":{"KIVAPIN":"45652","ADDRESS":"437 N White Ave","OWN_NAME":"Thomas Darico C"}},{"type":"Feature","geometry":{"type":"Polygon","coordinates":[[[-94.50985849679932,39.11471380700168],[-94.50939467511466,39.1146979198043],[-94.50939004626504,39.11478056503428],[-94.50985363351266,39.114796360175106],[-94.50985849679932,39.11471380700168]]]},"properties":{"KIVAPIN":"45725","ADDRESS":"320 N Belmont Blvd","OWN_NAME":"Lostal Enterprises LLC"}},{"type":"Feature","geometry":{"type":"Polygon","coordinates":[[[-94.51295141661508,39.108725684103874],[-94.51236472560318,39.10870442302494],[-94.51236083203848,39.10877116632165],[-94.51235696623827,39.108837176861435],[-94.51236237074764,39.10883738278645],[-94.51253009353702,39.108844709001445],[-94.51266803681214,39.108850689399745],[-94.51280474664793,39.108856669198246],[-94.51294289555068,39.10886267155739],[-94.51294717077315,39.1087941892698],[-94.51295141661508,39.108725684103874]]]},"properties":{"KIVAPIN":"45987","ADDRESS":"405 Bellaire Ave","OWN_NAME":"Hardin Mary E & Mera Mary Angela-Trustee"}},{"type":"Feature","geometry":{"type":"Polygon","coordinates":[[[-94.51731062082621,39.11476446472937],[-94.51730653754416,39.114764328623814],[-94.51685322834457,39.114747646409164],[-94.51685176568908,39.11477231137392],[-94.51684769876313,39.114840862917845],[-94.51685157645424,39.11484099906918],[-94.51730130374483,39.11485759087102],[-94.51730518143786,39.114857727579334],[-94.51730918697777,39.11478917717281],[-94.51731062082621,39.11476446472937]]]},"properties":{"KIVAPIN":"43074","ADDRESS":"315 N Drury Ave","OWN_NAME":"Deleon Blanca (Garcia)"}},{"type":"Feature","geometry":{"type":"Polygon","coordinates":[[[-94.51492925269332,39.11546400444627],[-94.51448771679051,39.11544843153461],[-94.51448375169223,39.11544829531548],[-94.51447959506383,39.11551689139736],[-94.51447549716481,39.11558546573439],[-94.51447946227088,39.11558560252584],[-94.51492105776964,39.11560117431666],[-94.51492512659644,39.115532578231296],[-94.51492925269332,39.11546400444627]]]},"properties":{"KIVAPIN":"43012","ADDRESS":"339 N Lawndale Ave","OWN_NAME":"Fhadel Shayma"}},{"type":"Feature","geometry":{"type":"Polygon","coordinates":[[[-94.5110265072408,39.114342897642004],[-94.51056788695111,39.114326512389155],[-94.51056397919545,39.114326375459456],[-94.51055923496784,39.11440888346774],[-94.51056311042055,39.1144090204005],[-94.51102170408704,39.114425474888336],[-94.5110265072408,39.114342897642004]]]},"properties":{"KIVAPIN":"45697","ADDRESS":"308 N Wheeling Ave","OWN_NAME":"Nguyen Andy"}},{"type":"Feature","geometry":{"type":"Polygon","coordinates":[[[-94.51140557491946,39.11660003562481],[-94.51094570429105,39.11658481947178],[-94.51094134002898,39.116667624304],[-94.51140112306229,39.11668272722348],[-94.51140557491946,39.11660003562481]]]},"properties":{"KIVAPIN":"45615","ADDRESS":"421 N White Ave","OWN_NAME":"Martin Carol A"}},{"type":"Feature","geometry":{"type":"Polygon","coordinates":[[[-94.50976031593868,39.11687395225835],[-94.50973916837305,39.116873245299416],[-94.50929204433776,39.11685845400226],[-94.50928680060315,39.116968876899925],[-94.5092906783964,39.116969013302715],[-94.5097525190572,39.116984214653954],[-94.50975486879209,39.11698430540786],[-94.50976031593868,39.11687395225835]]]},"properties":{"KIVAPIN":"45624","ADDRESS":"430 N Belmont Blvd","OWN_NAME":"Hill Bethel"}},{"type":"Feature","geometry":{"type":"Polygon","coordinates":[[[-94.51628161040608,39.11165257168843],[-94.51627773363018,39.111652457826494],[-94.51583078840245,39.11163915707305],[-94.51582552153039,39.11172681355009],[-94.51627637346614,39.11174025106205],[-94.51628161040608,39.11165257168843]]]},"properties":{"KIVAPIN":"44709","ADDRESS":"117 Oakley Ave","OWN_NAME":"Guerra Geraldine"}},{"type":"Feature","geometry":{"type":"Polygon","coordinates":[[[-94.51103683028488,39.111796624935735],[-94.51092754706711,39.11179336272509],[-94.5108184687109,39.111790101537],[-94.51070936099529,39.11178683967755],[-94.51069169699925,39.11208467925246],[-94.5108006870379,39.112088444513375],[-94.51090944360065,39.11209220969424],[-94.51101819870283,39.11209595132113],[-94.5110184037477,39.11209247287149],[-94.51103683028488,39.111796624935735]]]},"properties":{"KIVAPIN":"45941","ADDRESS":"6019 St John Ave","OWN_NAME":"Villezcas Jesus & Maria"}},{"type":"Feature","geometry":{"type":"Polygon","coordinates":[[[-94.51683824679351,39.11399954325806],[-94.51683437135117,39.113999406533914],[-94.51638511806996,39.11398276767206],[-94.5163812426293,39.113982630360816],[-94.51637714665652,39.11405118190172],[-94.5163726688858,39.1141261852633],[-94.51682970601568,39.11414197589363],[-94.51683415127343,39.114068140576045],[-94.51683824679351,39.11399954325806]]]},"properties":{"KIVAPIN":"43151","ADDRESS":"146 N Oakley Ave","OWN_NAME":"Knutson Victoria L"}},{"type":"Feature","geometry":{"type":"Polygon","coordinates":[[[-94.51222714483968,39.111810395304325],[-94.51210725830136,39.11180617489588],[-94.51198807737659,39.1118019542916],[-94.5118650769632,39.11179764185964],[-94.51186117081309,39.1117975044012],[-94.51185516697294,39.11189827195459],[-94.51198201425522,39.11190278992745],[-94.5121010198748,39.11190705517332],[-94.51221700116895,39.11191118504681],[-94.51222087648804,39.11191132192453],[-94.51222714483968,39.111810395304325]]]},"properties":{"KIVAPIN":"46008","ADDRESS":"106 White Ave","OWN_NAME":"Chavira Jonathan"}},{"type":"Feature","geometry":{"type":"Polygon","coordinates":[[[-94.51336182795414,39.11366117700978],[-94.51335789306246,39.11366104017685],[-94.51290015549816,39.11364434309474],[-94.51289624997855,39.11364420681496],[-94.51289487302552,39.113667132224705],[-94.51289094937218,39.11373270914483],[-94.51289488500107,39.11373284542144],[-94.51335300421499,39.11374954305226],[-94.51335691047575,39.113749680460664],[-94.51336056935808,39.113684057794124],[-94.51336182795414,39.11366117700978]]]},"properties":{"KIVAPIN":"45761","ADDRESS":"138 N Bellaire Ave","OWN_NAME":"KC Home Buyer Group LLC"}},{"type":"Feature","geometry":{"type":"Polygon","coordinates":[[[-94.51240226363161,39.11090654482986],[-94.51191937487077,39.11088980079941],[-94.51191526318786,39.110889664507795],[-94.5119140916675,39.110908906683015],[-94.51190917154824,39.110991346742686],[-94.51191354682804,39.11099150588822],[-94.51239617113372,39.11100772371561],[-94.51239863169606,39.11096678996991],[-94.51240112085014,39.11092562684229],[-94.51240226363161,39.11090654482986]]]},"properties":{"KIVAPIN":"46017","ADDRESS":"124 White Ave","OWN_NAME":"Eshnaur Dennis M & Julie Renee"}},{"type":"Feature","geometry":{"type":"Polygon","coordinates":[[[-94.51670449891299,39.114391485518055],[-94.51636153817493,39.11437984157595],[-94.51635757313282,39.11437970484853],[-94.51635561292368,39.11441262978844],[-94.51635265791353,39.11446198373698],[-94.51635662296039,39.114462121036624],[-94.51669961492995,39.11447374153586],[-94.51670254033336,39.11442440989148],[-94.51670449891299,39.114391485518055]]]},"properties":{"KIVAPIN":"43064","ADDRESS":"302 N Oakley Ave","OWN_NAME":"Inspira Financial Trust, LLC"}},{"type":"Feature","geometry":{"type":"Polygon","coordinates":[[[-94.51498922110588,39.11445720305071],[-94.51454813201626,39.11444156223742],[-94.51454422424658,39.114441425441164],[-94.51454144364448,39.11448810228741],[-94.51453863438833,39.11453471049489],[-94.51454251132411,39.11453484729514],[-94.51498363036461,39.11455048812556],[-94.51498644079662,39.11450387933537],[-94.51498922110588,39.11445720305071]]]},"properties":{"KIVAPIN":"43002","ADDRESS":"307 N Lawndale Ave","OWN_NAME":"Quezada Ricardo Vejar"}},{"type":"Feature","geometry":{"type":"Polygon","coordinates":[[[-94.51498363036461,39.11455048812556],[-94.51454251132411,39.11453484729514],[-94.51453863438833,39.11453471049489],[-94.51453731723784,39.11455672240356],[-94.5145331908137,39.11462529618549],[-94.51453721313852,39.1146254323958],[-94.51497827472609,39.1146410274921],[-94.51498234345195,39.11457247601068],[-94.51498363036461,39.11455048812556]]]},"properties":{"KIVAPIN":"43003","ADDRESS":"311 N Lawndale Ave","OWN_NAME":"Quezada Ricardo Vejar"}},{"type":"Feature","geometry":{"type":"Polygon","coordinates":[[[-94.51274158055676,39.1132873762013],[-94.5127377036929,39.113287239913085],[-94.51226384579616,39.11326914637234],[-94.51225997887995,39.11333064994362],[-94.51225895380347,39.11334723851644],[-94.51273689540237,39.11336540084465],[-94.51274158055676,39.1132873762013]]]},"properties":{"KIVAPIN":"45880","ADDRESS":"129 N Bellaire Ave","OWN_NAME":"Guadalupe Torres Ma & Rosales Lorenzo"}},{"type":"Feature","geometry":{"type":"Polygon","coordinates":[[[-94.51361503374218,39.11185925069213],[-94.51349502957441,39.111855101510564],[-94.51347538512871,39.112182891353925],[-94.51359571292508,39.11218708685103],[-94.51361503374218,39.11185925069213]]]},"properties":{"KIVAPIN":"45995","ADDRESS":"5807 St John Ave","OWN_NAME":"Hernandez Gerardo Pacheco"}},{"type":"Feature","geometry":{"type":"Polygon","coordinates":[[[-94.5128694123202,39.11126253999996],[-94.5128654760945,39.111262403722506],[-94.5125072876512,39.111249742793404],[-94.51250711217052,39.11124974281222],[-94.51238569935794,39.111245454783436],[-94.51238179323742,39.11124531791444],[-94.51237786847189,39.11131068834691],[-94.51237719563609,39.11132167113004],[-94.51237620071538,39.11133823625376],[-94.51238013547609,39.111338373691936],[-94.51250137293871,39.111342502152695],[-94.51250146031202,39.111342502143316],[-94.51285997229735,39.11135523112436],[-94.51286387769053,39.11135536740539],[-94.5128694123202,39.11126253999996]]]},"properties":{"KIVAPIN":"46045","ADDRESS":"121 Bellaire Ave","OWN_NAME":"Htet Tin Ti"}},{"type":"Feature","geometry":{"type":"Polygon","coordinates":[[[-94.51437412675041,39.11624922193634],[-94.51393326089517,39.11623376296372],[-94.51392870832487,39.11623360277128],[-94.51392589709603,39.11628005078585],[-94.51392393714913,39.11631286241501],[-94.51392854699834,39.11631302202877],[-94.51436929660512,39.116328527366576],[-94.5143713158134,39.11629566996145],[-94.51437412675041,39.11624922193634]]]},"properties":{"KIVAPIN":"42554","ADDRESS":"406 N Topping Ave","OWN_NAME":"Rozzel Matthew & West Omara"}},{"type":"Feature","geometry":{"type":"Polygon","coordinates":[[[-94.51232090235436,39.1084967399127],[-94.5123170257538,39.10849660361036],[-94.51175615238417,39.10847744175841],[-94.51174875160301,39.10847716736445],[-94.5117445347254,39.108545741700674],[-94.51174005210257,39.10861900602595],[-94.51230856320976,39.108635031926326],[-94.51231243834563,39.10863514592045],[-94.51231674392837,39.10856471936599],[-94.51232090235436,39.1084967399127]]]},"properties":{"KIVAPIN":"46220","ADDRESS":"412 White Ave","OWN_NAME":"Sereno Yessica M Tenorio"}},{"type":"Feature","geometry":{"type":"Polygon","coordinates":[[[-94.51210804043208,39.11535146084409],[-94.51210398796543,39.11535132398108],[-94.51165146933305,39.11533519347551],[-94.51164941902846,39.11536953693928],[-94.51164537567553,39.115438156934545],[-94.51209807192471,39.11545428744502],[-94.51210209649483,39.115454423739095],[-94.51210604982485,39.11538580545361],[-94.51210804043208,39.11535146084409]]]},"properties":{"KIVAPIN":"45732","ADDRESS":"336 N White Ave","OWN_NAME":"HWG Properties LLC"}},{"type":"Feature","geometry":{"type":"Polygon","coordinates":[[[-94.51221466908002,39.112012363511525],[-94.5120947821886,39.11200807502052],[-94.51197595188174,39.11200380803436],[-94.51185303993792,39.1119993588689],[-94.51184916314617,39.11199922140706],[-94.51184166632359,39.112124860370464],[-94.51196839580658,39.11212942355921],[-94.51208704937252,39.1121336899993],[-94.51220690784115,39.11213797907313],[-94.51220708279499,39.11213491247623],[-94.51221466908002,39.112012363511525]]]},"properties":{"KIVAPIN":"46006","ADDRESS":"5919 St John Ave","OWN_NAME":"Cangelosi Joseph & Mary Trust"}},{"type":"Feature","geometry":{"type":"Polygon","coordinates":[[[-94.5142814518674,39.11781044771038],[-94.51416919179455,39.11780657170219],[-94.51416901693916,39.11780977501074],[-94.51416442029107,39.11788704343538],[-94.51416035133093,39.117955662919094],[-94.51415625300015,39.11802432816669],[-94.5141521847677,39.11809299340966],[-94.51426441515106,39.1180966869647],[-94.51426848400435,39.11802799826514],[-94.51427261160308,39.1179593564627],[-94.51427668044967,39.117890712950455],[-94.5142814518674,39.11781044771038]]]},"properties":{"KIVAPIN":"42392","ADDRESS":"5710 Saida Ave","OWN_NAME":"Brocato Estates LLC"}},{"type":"Feature","geometry":{"type":"Polygon","coordinates":[[[-94.51558024079989,39.11031426386723],[-94.51541648016799,39.11030895501602],[-94.51541227893718,39.11030881771555],[-94.51540891345252,39.11036357213549],[-94.51540244654475,39.110468594614666],[-94.51557055491111,39.110474109974746],[-94.51557076044675,39.110470563446114],[-94.51557690555296,39.110369041168575],[-94.51558024079989,39.11031426386723]]]},"properties":{"KIVAPIN":"44736","ADDRESS":"5623 Anderson Ave","OWN_NAME":"Martinez Manuel"}},{"type":"Feature","geometry":{"type":"Polygon","coordinates":[[[-94.51253009353702,39.108844709001445],[-94.51236237074764,39.10883738278645],[-94.51235696623827,39.108837176861435],[-94.5123528097506,39.108907764134926],[-94.5123486510681,39.10897844350229],[-94.51234458106039,39.109048229369535],[-94.51251685619012,39.10905422975909],[-94.51251703112689,39.109051185468715],[-94.51252124913506,39.10898476303639],[-94.51252567060412,39.10891472429317],[-94.51252988856761,39.10884814112233],[-94.51253009353702,39.108844709001445]]]},"properties":{"KIVAPIN":"45983","ADDRESS":"5911 Lexington Ave","OWN_NAME":"Fishers/Carmel LLC"}},{"type":"Feature","geometry":{"type":"Polygon","coordinates":[[[-94.51672851157213,39.11582673793557],[-94.51627616528732,39.11581154058349],[-94.51627222880194,39.1158114038492],[-94.51626977035515,39.11585252068719],[-94.51626473940026,39.11593690515736],[-94.51672096427947,39.11595242289799],[-94.5167260541243,39.115867854782884],[-94.51672851157213,39.11582673793557]]]},"properties":{"KIVAPIN":"43051","ADDRESS":"346 N Oakley Ave","OWN_NAME":"Capehart Lisa M"}},{"type":"Feature","geometry":{"type":"Polygon","coordinates":[[[-94.5105556750397,39.11141966504934],[-94.51008179926706,39.11140085276248],[-94.51007767059166,39.111482652583405],[-94.51008160682743,39.1114828112636],[-94.51055087149639,39.1115019894867],[-94.5105556750397,39.11141966504934]]]},"properties":{"KIVAPIN":"45915","ADDRESS":"117 Wheeling Ave","OWN_NAME":"Cedillo Emmanuel"}},{"type":"Feature","geometry":{"type":"Polygon","coordinates":[[[-94.51232218758771,39.11234027761605],[-94.51183000873597,39.11232193312843],[-94.51181472228909,39.1125795472878],[-94.5118186277556,39.11257972993714],[-94.51230590381165,39.11259896790662],[-94.51232218758771,39.11234027761605]]]},"properties":{"KIVAPIN":"45890","ADDRESS":"5918 St John Ave","OWN_NAME":"Fatzer Jeffery"}},{"type":"Feature","geometry":{"type":"Polygon","coordinates":[[[-94.5123376532113,39.10822345152607],[-94.51233245506253,39.108223269602725],[-94.51177134946343,39.10820300900367],[-94.51176559258974,39.1082028036588],[-94.51176137575216,39.10827142261612],[-94.5117675129497,39.108271650803474],[-94.51232832683729,39.10829165976432],[-94.51233346625543,39.10829184283806],[-94.5123376532113,39.10822345152607]]]},"properties":{"KIVAPIN":"46217","ADDRESS":"420 White Ave","OWN_NAME":"Hernandez Alejandro"}},{"type":"Feature","geometry":{"type":"Polygon","coordinates":[[[-94.51233346625543,39.10829184283806],[-94.51232832683729,39.10829165976432],[-94.5117675129497,39.108271650803474],[-94.51176137575216,39.10827142261612],[-94.51175715744209,39.108340066169355],[-94.51176370653096,39.10834029431537],[-94.51232416776395,39.10836002819158],[-94.51232927708469,39.10836021012466],[-94.51233346625543,39.10829184283806]]]},"properties":{"KIVAPIN":"46218","ADDRESS":"418 White Ave","OWN_NAME":"Hernandez Alejandro"}},{"type":"Feature","geometry":{"type":"Polygon","coordinates":[[[-94.51711357364123,39.116101089454894],[-94.51699779158176,39.11609719323349],[-94.51699758680284,39.1161006030493],[-94.5169932584349,39.11617789387744],[-94.51698942721485,39.11624621656906],[-94.51698556589822,39.11631460733406],[-94.51698173540854,39.116382975212964],[-94.51709751802315,39.11638723696802],[-94.51710134840131,39.1163188696574],[-94.51710520961164,39.1162505011973],[-94.51710904071469,39.11618215619333],[-94.5171133981946,39.11610431564952],[-94.51711357364123,39.116101089454894]]]},"properties":{"KIVAPIN":"42495","ADDRESS":"5502 Norledge Ave","OWN_NAME":"Revite LLC"}},{"type":"Feature","geometry":{"type":"Polygon","coordinates":[[[-94.51593304913237,39.10914329863767],[-94.51548896798325,39.109127456422456],[-94.5154850318712,39.109127319661354],[-94.51548081779124,39.10919566474586],[-94.51548478254117,39.109195801503276],[-94.51592892284444,39.10921159739282],[-94.51593304913237,39.10914329863767]]]},"properties":{"KIVAPIN":"44865","ADDRESS":"342 Lawndale Ave","OWN_NAME":"Mid West Group LLC"}},{"type":"Feature","geometry":{"type":"Polygon","coordinates":[[[-94.50980508075263,39.11562160067081],[-94.5098011743954,39.1156214631435],[-94.50934383777883,39.11560575881827],[-94.5093384455022,39.11570208671253],[-94.50979939539911,39.11571797437204],[-94.50980508075263,39.11562160067081]]]},"properties":{"KIVAPIN":"45716","ADDRESS":"346 N Belmont Blvd","OWN_NAME":"Lopez Angel Zelaya"}},{"type":"Feature","geometry":{"type":"Polygon","coordinates":[[[-94.51527065761582,39.10973707110561],[-94.51482395909031,39.10972122727398],[-94.51481996494368,39.1097210904978],[-94.51481563401153,39.1097921354835],[-94.51481959879351,39.109792271691546],[-94.51526650225712,39.10980646982167],[-94.51527065761582,39.10973707110561]]]},"properties":{"KIVAPIN":"44874","ADDRESS":"325 Lawndale Ave","OWN_NAME":"Ojeda Martin Chavez & Marquez Eva Elizabeth"}},{"type":"Feature","geometry":{"type":"Polygon","coordinates":[[[-94.51527475445681,39.10966872605043],[-94.51482814374268,39.10965292798441],[-94.5148241503341,39.1096527912083],[-94.51481996494368,39.1097210904978],[-94.51482395909031,39.10972122727398],[-94.51527065761582,39.10973707110561],[-94.51527475445681,39.10966872605043]]]},"properties":{"KIVAPIN":"44875","ADDRESS":"327 Lawndale Ave","OWN_NAME":"Ellis Daniel G"}},{"type":"Feature","geometry":{"type":"Polygon","coordinates":[[[-94.51319022708714,39.11685997837608],[-94.51318614442611,39.11685984098213],[-94.51274460011958,39.11684385076645],[-94.51274099980648,39.11691258399292],[-94.5127373407518,39.11698136413018],[-94.5131793558511,39.11699730913047],[-94.51318343851982,39.11699744538062],[-94.5131868320638,39.11692866525962],[-94.51319022708714,39.11685997837608]]]},"properties":{"KIVAPIN":"45561","ADDRESS":"428 N Bellaire Ave","OWN_NAME":"Moore Christopher"}},{"type":"Feature","geometry":{"type":"Polygon","coordinates":[[[-94.51853084124441,39.1137137367061],[-94.51807515811907,39.113697379373534],[-94.51807103516785,39.11376593040939],[-94.5180702456727,39.11377963546286],[-94.51852601670905,39.11379601568103],[-94.51852683475785,39.113782332928615],[-94.51853084124441,39.1137137367061]]]},"properties":{"KIVAPIN":"43146","ADDRESS":"135 N Hardesty Ave","OWN_NAME":"Lostal Enterprises LLC"}},{"type":"Feature","geometry":{"type":"Polygon","coordinates":[[[-94.51157758009172,39.11359240502389],[-94.51111391220681,39.11357641138875],[-94.5110803118826,39.113575270554875],[-94.51107643500615,39.113575134211445],[-94.5110745897848,39.11360769296605],[-94.51107089836317,39.113671279188],[-94.51107480608353,39.11367141552867],[-94.51110843435848,39.11367257867005],[-94.51156799102384,39.11368841371424],[-94.51157189874608,39.113688550038276],[-94.51157725792272,39.113597919862244],[-94.51157758009172,39.11359240502389]]]},"properties":{"KIVAPIN":"45796","ADDRESS":"137 N White Ave","OWN_NAME":"Showmerei 417 LLC"}},{"type":"Feature","geometry":{"type":"Polygon","coordinates":[[[-94.51282836535461,39.109541736374474],[-94.51245567697578,39.10952958196756],[-94.51245090517942,39.109612135313],[-94.5128232995569,39.109624199388726],[-94.51282836535461,39.109541736374474]]]},"properties":{"KIVAPIN":"46178","ADDRESS":"318 Barat Ave","OWN_NAME":"Nguyen Phi Hung"}},{"type":"Feature","geometry":{"type":"Polygon","coordinates":[[[-94.51202719450438,39.117491243355715],[-94.5120014940809,39.11749035308784],[-94.51200117099177,39.11749035312109],[-94.51156385364692,39.11747660030126],[-94.51155997582511,39.11747648628272],[-94.51155353353712,39.11759585514153],[-94.51199464212787,39.11761008753082],[-94.51202066493852,39.117610909125105],[-94.51202084139037,39.11760788886446],[-94.51202719450438,39.117491243355715]]]},"properties":{"KIVAPIN":"45568","ADDRESS":"450 N White Ave","OWN_NAME":"HWG Properties LLC"}},{"type":"Feature","geometry":{"type":"Polygon","coordinates":[[[-94.51528704493757,39.10946371433189],[-94.51484064183228,39.10944793859452],[-94.51483670717217,39.109447802383364],[-94.5148325203374,39.10951610110389],[-94.5148283357069,39.109584446156525],[-94.51483233058002,39.109584582932314],[-94.51527887992926,39.10960040444322],[-94.51528297675445,39.10953205938614],[-94.51528704493757,39.10946371433189]]]},"properties":{"KIVAPIN":"44877","ADDRESS":"333 Lawndale Ave","OWN_NAME":"Ojeda Martin Chavez"}},{"type":"Feature","geometry":{"type":"Polygon","coordinates":[[[-94.51517964636409,39.11125148474205],[-94.51472997294475,39.111236579049],[-94.51472578629698,39.11130677741058],[-94.51472171896813,39.11137528258808],[-94.51471765088773,39.11144374200343],[-94.51472155628949,39.11144387879424],[-94.51516720879003,39.11145823590673],[-94.51517130579597,39.11138973185487],[-94.51517546227616,39.111321272411594],[-94.51517964636409,39.11125148474205]]]},"properties":{"KIVAPIN":"44914","ADDRESS":"123 Lawndale Ave","OWN_NAME":"Zamudio Rodolfo & Maribel Gutierrez"}},{"type":"Feature","geometry":{"type":"Polygon","coordinates":[[[-94.51056044927091,39.111337798226295],[-94.5100898641469,39.11131912238568],[-94.51008592938868,39.11131896370563],[-94.51008179926706,39.11140085276248],[-94.5105556750397,39.11141966504934],[-94.51056044927091,39.111337798226295]]]},"properties":{"KIVAPIN":"45916","ADDRESS":"121 Wheeling Ave","OWN_NAME":"Reuscher Debbie"}},{"type":"Feature","geometry":{"type":"Polygon","coordinates":[[[-94.51401772191213,39.11128421285018],[-94.5140135800988,39.11128407606417],[-94.5136499881905,39.1112716257932],[-94.51364430827209,39.111367222383045],[-94.51400793080123,39.111379809951735],[-94.5140120711516,39.11137994616608],[-94.51401772191213,39.11128421285018]]]},"properties":{"KIVAPIN":"46028","ADDRESS":"123 Topping Ave","OWN_NAME":"M Tomasa Salazar & Chavez Andreina Beren"}},{"type":"Feature","geometry":{"type":"Polygon","coordinates":[[[-94.512763015972,39.11293169541582],[-94.51229021692649,39.112913006396376],[-94.51228619249254,39.112912823775396],[-94.51228349789083,39.11295558740912],[-94.5122792796066,39.11302306344112],[-94.51275636808184,39.113041522656836],[-94.512763015972,39.11293169541582]]]},"properties":{"KIVAPIN":"45884","ADDRESS":"119 N Bellaire Ave","OWN_NAME":"Deharo Mayra Cynthia"}},{"type":"Feature","geometry":{"type":"Polygon","coordinates":[[[-94.51442595006522,39.11544610651332],[-94.51398403132954,39.11543172210623],[-94.51397947881074,39.11543156191574],[-94.51397526368252,39.11550013625028],[-94.51397107792161,39.115568733460975],[-94.51397548285992,39.11556889195344],[-94.5144177240672,39.11558329923327],[-94.51442182202209,39.11551472489825],[-94.51442595006522,39.11544610651332]]]},"properties":{"KIVAPIN":"42984","ADDRESS":"340 N Topping Ave","OWN_NAME":"Martinez Moreno Enrique & Gutierrez Herrera Irma"}},{"type":"Feature","geometry":{"type":"Polygon","coordinates":[[[-94.51173117530567,39.11104877176864],[-94.51126396948176,39.11103163447385],[-94.5112600633751,39.111031496995224],[-94.5112553773762,39.11111354803192],[-94.51125931212206,39.1111136843639],[-94.51172622478444,39.11113075420867],[-94.51173117530567,39.11104877176864]]]},"properties":{"KIVAPIN":"45954","ADDRESS":"129 White Ave","OWN_NAME":"Gurrola Jose Martin Lopez"}},{"type":"Feature","geometry":{"type":"Polygon","coordinates":[[[-94.51405699047329,39.11780267327017],[-94.51394470031886,39.11779879704943],[-94.51394449690595,39.11780245797359],[-94.51393986989775,39.1178796800598],[-94.51393577135283,39.117948322419956],[-94.51393167279997,39.11801696477917],[-94.5139275742438,39.11808563059003],[-94.51403986481603,39.118089322638],[-94.51404396325923,39.11802063565865],[-94.51404809107504,39.117951992148],[-94.51405216014406,39.117883373812155],[-94.514056785561,39.117806150005656],[-94.51405699047329,39.11780267327017]]]},"properties":{"KIVAPIN":"42390","ADDRESS":"5718 Saida Ave","OWN_NAME":"Brocato's Landholdings LLC"}},{"type":"Feature","geometry":{"type":"Polygon","coordinates":[[[-94.51362548904233,39.117802495693624],[-94.51319480485247,39.117782454901814],[-94.5131899414856,39.117852700111186],[-94.5131851382189,39.1179223944617],[-94.51361667377218,39.11793964318117],[-94.5136210964601,39.11787104598348],[-94.51362548904233,39.117802495693624]]]},"properties":{"KIVAPIN":"45521","ADDRESS":"501 N Topping Ave","OWN_NAME":"Brocato John A-Trustee"}},{"type":"Feature","geometry":{"type":"Polygon","coordinates":[[[-94.5179603456691,39.11460539235991],[-94.51795617648615,39.114605256290325],[-94.51750163226937,39.114588095721224],[-94.51749756745764,39.11465666959826],[-94.51749622132982,39.11467952755575],[-94.51750036334863,39.11467966421786],[-94.5179510884747,39.11469668752385],[-94.51795502490145,39.1146968247735],[-94.51795634076477,39.11467392048219],[-94.5179603456691,39.11460539235991]]]},"properties":{"KIVAPIN":"43101","ADDRESS":"308 N Drury Ave","OWN_NAME":"Anderson Alex"}},{"type":"Feature","geometry":{"type":"Polygon","coordinates":[[[-94.51285831442387,39.11144826345419],[-94.51249563223946,39.11143535244214],[-94.51248983352895,39.11152824849734],[-94.51284890446932,39.11154097688005],[-94.5128527812379,39.11154111430865],[-94.51285831442387,39.11144826345419]]]},"properties":{"KIVAPIN":"46042","ADDRESS":"117 Bellaire Ave","OWN_NAME":"To Kyar Me"}},{"type":"Feature","geometry":{"type":"Polygon","coordinates":[[[-94.51398871363493,39.111776402536506],[-94.51398448368465,39.111776265188055],[-94.51362456039178,39.11176365480634],[-94.5136206549746,39.11176351855081],[-94.51361503374218,39.11185925069213],[-94.51373465612208,39.111863401511194],[-94.51385466032252,39.111867573898785],[-94.51397889375893,39.111871884083754],[-94.51398309361109,39.111872020291955],[-94.51398871363493,39.111776402536506]]]},"properties":{"KIVAPIN":"46023","ADDRESS":"113 Topping Ave","OWN_NAME":"Waller Jonathan"}},{"type":"Feature","geometry":{"type":"Polygon","coordinates":[[[-94.51385598375336,39.11397659758561],[-94.51339695181417,39.11395642417983],[-94.51339311659743,39.11402522670147],[-94.51385200285117,39.11404533149748],[-94.51385598375336,39.11397659758561]]]},"properties":{"KIVAPIN":"45790","ADDRESS":"149 N Topping Ave","OWN_NAME":"Montoya Rodriquez Reynalda A"}},{"type":"Feature","geometry":{"type":"Polygon","coordinates":[[[-94.51465150812672,39.11171525210708],[-94.51420653112046,39.111701121176125],[-94.51420253686315,39.111700983806884],[-94.51419840878884,39.1117694432076],[-94.51420234504552,39.11176958058408],[-94.5146472938559,39.11178375786765],[-94.51465150812672,39.11171525210708]]]},"properties":{"KIVAPIN":"44906","ADDRESS":"114 Topping Ave","OWN_NAME":"Perez Fernando"}},{"type":"Feature","geometry":{"type":"Polygon","coordinates":[[[-94.51113198186944,39.10839833479348],[-94.51112742980982,39.10839817620744],[-94.51074062231598,39.10838487248483],[-94.51073473603557,39.10849483748242],[-94.51112618507757,39.108508574941965],[-94.51113198186944,39.10839833479348]]]},"properties":{"KIVAPIN":"46233","ADDRESS":"400 Wheeling Ave","OWN_NAME":"Miranda Christian & Cruz Priscila"}},{"type":"Feature","geometry":{"type":"Polygon","coordinates":[[[-94.51227178238018,39.113142592706595],[-94.51226769919732,39.11314243297181],[-94.51178247607977,39.113123445752244],[-94.51177693998213,39.11321689142594],[-94.51226181273998,39.11323571796856],[-94.51226592456781,39.11323590000913],[-94.5122689413716,39.1131880110802],[-94.51227178238018,39.113142592706595]]]},"properties":{"KIVAPIN":"45813","ADDRESS":"122 N White Ave","OWN_NAME":"Leftwich Suzette & Rodney"}},{"type":"Feature","geometry":{"type":"Polygon","coordinates":[[[-94.51678365807548,39.11490807258063],[-94.51633099307506,39.11489273820055],[-94.51632699936772,39.11489260090408],[-94.51632293192645,39.1149611524284],[-94.51631880721482,39.115029749149016],[-94.51632280092987,39.115029886445754],[-94.51677540806443,39.11504522029354],[-94.51677956244464,39.11497664643334],[-94.51678365807548,39.11490807258063]]]},"properties":{"KIVAPIN":"43059","ADDRESS":"320 N Oakley Ave","OWN_NAME":"Seyferth Troy"}},{"type":"Feature","geometry":{"type":"Polygon","coordinates":[[[-94.50887973478557,39.11738423774433],[-94.508459454064,39.117374796418076],[-94.50845188797562,39.11747364126858],[-94.50887551893241,39.11748736104379],[-94.50887973478557,39.11738423774433]]]},"properties":{"KIVAPIN":"45477","ADDRESS":"439 N Belmont Blvd","OWN_NAME":"Loe Lee"}},{"type":"Feature","geometry":{"type":"Polygon","coordinates":[[[-94.51612757523355,39.11425675403717],[-94.51601549619717,39.11425292439635],[-94.51601075611268,39.11433211550613],[-94.51600657183036,39.11440146672036],[-94.51600247547549,39.11447004055189],[-94.51599837911272,39.11453861438247],[-94.51611039917755,39.11454267285404],[-94.51611452479193,39.114474052682255],[-94.51611862104885,39.114405524608145],[-94.5161228044559,39.11433603553423],[-94.51612757523355,39.11425675403717]]]},"properties":{"KIVAPIN":"43035","ADDRESS":"5600 Scarritt Ave","OWN_NAME":"Tourluk Kyle"}},{"type":"Feature","geometry":{"type":"Polygon","coordinates":[[[-94.50975912354018,39.116539185886815],[-94.50975524797228,39.11653904835537],[-94.50930786094561,39.11652407581093],[-94.50930393536794,39.11660708647345],[-94.50975026627722,39.11662201450379],[-94.50975414184951,39.116622150891374],[-94.50975912354018,39.116539185886815]]]},"properties":{"KIVAPIN":"45587","ADDRESS":"422 N Belmont Blvd","OWN_NAME":"Kelley E Marcia"}},{"type":"Feature","geometry":{"type":"Polygon","coordinates":[[[-94.51119908542881,39.11135812471756],[-94.5107391037101,39.111344050633235],[-94.51073516822156,39.11134393659243],[-94.51073036481947,39.111425781116594],[-94.51073429957827,39.11142589515763],[-94.51119451751615,39.111439969238006],[-94.51119908542881,39.11135812471756]]]},"properties":{"KIVAPIN":"45970","ADDRESS":"118 Wheeling Ave","OWN_NAME":"Mi Casa Tu Casa LLC"}},{"type":"Feature","geometry":{"type":"Polygon","coordinates":[[[-94.51605931123106,39.11539287853556],[-94.51561959647796,39.11537712718668],[-94.51561571875969,39.115376990422334],[-94.51561323203889,39.1154180838007],[-94.51560907724692,39.11548670394756],[-94.51561301224434,39.11548684013242],[-94.51605272768293,39.11550261381431],[-94.51605685342474,39.1154340634418],[-94.51605931123106,39.11539287853556]]]},"properties":{"KIVAPIN":"43044","ADDRESS":"335 N Oakley Ave","OWN_NAME":"KMS Enterprises LLC"}},{"type":"Feature","geometry":{"type":"Polygon","coordinates":[[[-94.51435465980441,39.11656918762704],[-94.51391414513635,39.11655365932598],[-94.51390953306854,39.116553499139904],[-94.51390543452123,39.11662189039977],[-94.51390133597496,39.11669032684789],[-94.5139058885746,39.11669048704137],[-94.51434631670826,39.11670599250326],[-94.5143504721036,39.1166375777693],[-94.51435465980441,39.11656918762704]]]},"properties":{"KIVAPIN":"42550","ADDRESS":"418 N Topping Ave","OWN_NAME":"Arla Rentals LLC"}},{"type":"Feature","geometry":{"type":"Polygon","coordinates":[[[-94.51318343851982,39.11699744538062],[-94.5131793558511,39.11699730913047],[-94.5127373407518,39.11698136413018],[-94.51273371030669,39.11705002986026],[-94.51273011067393,39.11711858003887],[-94.5131725965616,39.117134456371076],[-94.51317670860985,39.11713459261812],[-94.51318007357223,39.11706604130844],[-94.51318343851982,39.11699744538062]]]},"properties":{"KIVAPIN":"45560","ADDRESS":"432 N Bellaire Ave","OWN_NAME":"Rodriguez Brisaida Betancourt"}},{"type":"Feature","geometry":{"type":"Polygon","coordinates":[[[-94.51124942888923,39.11045909275938],[-94.51101717974097,39.11045108439985],[-94.51101266863226,39.11053091599519],[-94.51100836342381,39.110608138031424],[-94.51100818768043,39.110611158866135],[-94.51123659063592,39.11061836679124],[-94.51124049671598,39.11061848081798],[-94.51124494810144,39.110538649792815],[-94.51124942888923,39.11045909275938]]]},"properties":{"KIVAPIN":"45960","ADDRESS":"6012 Anderson Ave","OWN_NAME":"Aswl Properties LLC"}},{"type":"Feature","geometry":{"type":"Polygon","coordinates":[[[-94.51733077254153,39.11441894181739],[-94.5173266312726,39.114418805149114],[-94.51705404083101,39.11440873210076],[-94.5168738808359,39.11440205428868],[-94.51687224337195,39.114429511290176],[-94.51686896695536,39.11448435665102],[-94.51732174580832,39.11450106176476],[-94.51732594729147,39.11450119785225],[-94.51732913452584,39.114446421705914],[-94.51733077254153,39.11441894181739]]]},"properties":{"KIVAPIN":"43070","ADDRESS":"305 N Drury Ave","OWN_NAME":"TCFM Properties LLC"}},{"type":"Feature","geometry":{"type":"Polygon","coordinates":[[[-94.51392324803001,39.11281098049635],[-94.5139190767578,39.112810844282585],[-94.51346566263341,39.112794034498606],[-94.51346175715958,39.11279389766575],[-94.51345792203358,39.112862516586105],[-94.5134618576154,39.11286265398761],[-94.51391512533836,39.112879508992904],[-94.51391926651075,39.11287964635444],[-94.51392324803001,39.11281098049635]]]},"properties":{"KIVAPIN":"45778","ADDRESS":"115 N Topping Ave","OWN_NAME":"Sfr3-040 LLC"}},{"type":"Feature","geometry":{"type":"Polygon","coordinates":[[[-94.51277399662818,39.11274869425545],[-94.51230187355712,39.112729914258],[-94.51229767438355,39.11272973222789],[-94.51229219663549,39.11281683941594],[-94.51229199163097,39.11282020174811],[-94.51229671946659,39.112820385438724],[-94.51276849016209,39.112840240885554],[-94.51277399662818,39.11274869425545]]]},"properties":{"KIVAPIN":"45886","ADDRESS":"115 N Bellaire Ave","OWN_NAME":"Arla Rentals LLC"}},{"type":"Feature","geometry":{"type":"Polygon","coordinates":[[[-94.5145904156347,39.112684529688714],[-94.51449581430428,39.11268136107981],[-94.51440115571144,39.1126781929732],[-94.51425395356848,39.11267324539131],[-94.51415007210132,39.112669757879054],[-94.51414578335321,39.112669597662965],[-94.51414174403418,39.11273817144274],[-94.51413767459411,39.11280669946393],[-94.51414199272018,39.11280685910472],[-94.51458230775444,39.112821723614665],[-94.51458637528195,39.11275312636447],[-94.5145904156347,39.112684529688714]]]},"properties":{"KIVAPIN":"43219","ADDRESS":"112 N Topping Ave","OWN_NAME":"Ramos Nestor"}},{"type":"Feature","geometry":{"type":"Polygon","coordinates":[[[-94.51223618787469,39.11026594987587],[-94.51223228254275,39.11026581300174],[-94.51186558240826,39.110253654937715],[-94.5118617049781,39.11025351862036],[-94.51185655032408,39.11034291385752],[-94.51185637535944,39.11034598045486],[-94.51223080014124,39.11035918910356],[-94.51223618787469,39.11026594987587]]]},"properties":{"KIVAPIN":"46188","ADDRESS":"301 Barat Ave","OWN_NAME":"Edwards Joseph Theodore"}},{"type":"Feature","geometry":{"type":"Polygon","coordinates":[[[-94.5110745897848,39.11360769296605],[-94.5110706842707,39.11360755662517],[-94.51061062751162,39.11359192501962],[-94.51060674990092,39.11359178866064],[-94.51060112682379,39.1136886886836],[-94.51060503234153,39.11368882561227],[-94.51095227831733,39.11370059991941],[-94.51106896587505,39.11370457013076],[-94.51107089836317,39.113671279188],[-94.5110745897848,39.11360769296605]]]},"properties":{"KIVAPIN":"45869","ADDRESS":"216 N Wheeling Ave","OWN_NAME":"Declue Meghan"}},{"type":"Feature","geometry":{"type":"Polygon","coordinates":[[[-94.51854490613519,39.113473761742384],[-94.51808957772751,39.113457405552964],[-94.5180875004921,39.11349172683638],[-94.51808340620642,39.1135603007513],[-94.51807928252488,39.11362880488387],[-94.51807515811907,39.113697379373534],[-94.51853084124441,39.1137137367061],[-94.51853487563658,39.113645185095486],[-94.51853885275534,39.11357665694569],[-94.51854288786035,39.11350808302443],[-94.51854490613519,39.113473761742384]]]},"properties":{"KIVAPIN":"43145","ADDRESS":"129 N Hardesty Ave","OWN_NAME":"Goodson Gary Lee & Huynh Kim Hue"}},{"type":"Feature","geometry":{"type":"Polygon","coordinates":[[[-94.5109785859175,39.11516765870918],[-94.51097465021225,39.11516752122389],[-94.51052022315737,39.115151249222485],[-94.51051628745411,39.11515111286575],[-94.51051151227634,39.11523362029116],[-94.51051541861355,39.11523375779472],[-94.51096987555384,39.11524993771723],[-94.51097378189284,39.11525007520546],[-94.5109785859175,39.11516765870918]]]},"properties":{"KIVAPIN":"45687","ADDRESS":"332 N Wheeling Ave","OWN_NAME":"Whitlatch Robert & Nguyen Tu Thi Tuan"}},{"type":"Feature","geometry":{"type":"Polygon","coordinates":[[[-94.51480659632624,39.109134729605266],[-94.51480266168338,39.10913459224889],[-94.5143618697234,39.1091205757754],[-94.51435770087053,39.10912043957694],[-94.51435541642397,39.10915862824831],[-94.51435131870574,39.10922688118271],[-94.51435102611755,39.109232280481876],[-94.51479971893943,39.10924673129793],[-94.51480007022037,39.10924128565686],[-94.51480425486768,39.10917298693451],[-94.51480659632624,39.109134729605266]]]},"properties":{"KIVAPIN":"44890","ADDRESS":"334 Topping Ave","OWN_NAME":"Vazquez Silvia Olga Ramos"}},{"type":"Feature","geometry":{"type":"Polygon","coordinates":[[[-94.51295993767589,39.10858885681115],[-94.51237668447396,39.10856693129848],[-94.51237280786944,39.10856679499798],[-94.51236867997116,39.108636946967735],[-94.51236472560318,39.10870442302494],[-94.51295141661508,39.108725684103874],[-94.51295569182108,39.10865720181438],[-94.51295993767589,39.10858885681115]]]},"properties":{"KIVAPIN":"45988","ADDRESS":"411 Bellaire Ave","OWN_NAME":"Colwell Charles J"}},{"type":"Feature","geometry":{"type":"Polygon","coordinates":[[[-94.51754152826781,39.11084060579351],[-94.51708046158883,39.11082481853358],[-94.51707652537932,39.110824681826266],[-94.51707325073333,39.11087943570397],[-94.51707111392254,39.110915061190376],[-94.51707502150217,39.11091519733004],[-94.51753608878612,39.11093105439711],[-94.5175382239005,39.11089545178318],[-94.51754152826781,39.11084060579351]]]},"properties":{"KIVAPIN":"44804","ADDRESS":"143 Drury Ave","OWN_NAME":"Simental Roberto Carlos Gomez"}},{"type":"Feature","geometry":{"type":"Polygon","coordinates":[[[-94.51276849016209,39.112840240885554],[-94.51229671946659,39.112820385438724],[-94.51229199163097,39.11282020174811],[-94.51228619249254,39.112912823775396],[-94.51229021692649,39.112913006396376],[-94.512763015972,39.11293169541582],[-94.51276849016209,39.112840240885554]]]},"properties":{"KIVAPIN":"45885","ADDRESS":"117 N Bellaire Ave","OWN_NAME":"Lig Inc"}},{"type":"Feature","geometry":{"type":"Polygon","coordinates":[[[-94.51467668049112,39.111304129447255],[-94.51467280446622,39.1113039920792],[-94.51423150121062,39.11128997518325],[-94.51422747687329,39.11128983896254],[-94.5142233495858,39.111358321249575],[-94.5142273438237,39.111358458046105],[-94.51467252500257,39.11137261175351],[-94.51467668049112,39.111304129447255]]]},"properties":{"KIVAPIN":"44912","ADDRESS":"126 Topping Ave","OWN_NAME":"Sab3 Property LLC"}},{"type":"Feature","geometry":{"type":"Polygon","coordinates":[[[-94.5105306514365,39.10884211644038],[-94.51014158012654,39.10882773497284],[-94.51013539840041,39.108937266369054],[-94.51013930365495,39.10893740274146],[-94.510524440977,39.10895187552209],[-94.5105306514365,39.10884211644038]]]},"properties":{"KIVAPIN":"46072","ADDRESS":"339 Wheeling Ave","OWN_NAME":"Gripfast Property Solutions LLC"}},{"type":"Feature","geometry":{"type":"Polygon","coordinates":[[[-94.51852601670905,39.11379601568103],[-94.5180702456727,39.11377963546286],[-94.5180669408563,39.113834527201135],[-94.51806530385088,39.11386191558005],[-94.51852122226711,39.11387829522183],[-94.51852280034986,39.113850883393326],[-94.51852601670905,39.11379601568103]]]},"properties":{"KIVAPIN":"43147","ADDRESS":"137 N Hardesty Ave","OWN_NAME":"Jones Missy A"}},{"type":"Feature","geometry":{"type":"Polygon","coordinates":[[[-94.51158874015877,39.11340505780018],[-94.51158477518037,39.11340492033839],[-94.51112460281537,39.1133888806365],[-94.51108730119971,39.11338760287386],[-94.51108566166407,39.11341602078614],[-94.51108202889482,39.11347891944164],[-94.51108590650044,39.11347905692887],[-94.51111938783026,39.113480197772496],[-94.51157935666237,39.11349621577827],[-94.51158329154136,39.113496352099226],[-94.511588036462,39.11341677275839],[-94.51158874015877,39.11340505780018]]]},"properties":{"KIVAPIN":"45798","ADDRESS":"131 N White Ave","OWN_NAME":"Saldana Juan"}},{"type":"Feature","geometry":{"type":"Polygon","coordinates":[[[-94.51371461753983,39.11015186256501],[-94.51334292533316,39.110141128907216],[-94.51333791816032,39.110223935138386],[-94.51333279473477,39.1103093943932],[-94.5133322985033,39.110317722435724],[-94.51370413836912,39.110327884665345],[-94.51370463456996,39.11031962411917],[-94.51370972890369,39.1102341185183],[-94.51371054856821,39.110220390029724],[-94.51371461753983,39.11015186256501]]]},"properties":{"KIVAPIN":"46158","ADDRESS":"302 Bellaire Ave","OWN_NAME":"Contreras Ruben & Francisa"}},{"type":"Feature","geometry":{"type":"Polygon","coordinates":[[[-94.5122551617124,39.10993619246708],[-94.51225119692708,39.109936055027845],[-94.51188455720862,39.10992373742379],[-94.51188062179341,39.10992360054093],[-94.51188009465272,39.109932500597374],[-94.51187587718475,39.11000606347594],[-94.51187981333867,39.110006199786845],[-94.51224642412284,39.11001856316995],[-94.51225041828133,39.11001870003428],[-94.5122551617124,39.10993619246708]]]},"properties":{"KIVAPIN":"46192","ADDRESS":"309 Barat Ave","OWN_NAME":"Wills Deione"}},{"type":"Feature","geometry":{"type":"Polygon","coordinates":[[[-94.51152236929065,39.11452507108436],[-94.51106474484854,39.11450877921084],[-94.51106083928465,39.1145086422976],[-94.51105585930945,39.114591905406826],[-94.51105976487783,39.11459204174819],[-94.51151368988481,39.11460822074729],[-94.51151756535035,39.114608358220316],[-94.51152236929065,39.11452507108436]]]},"properties":{"KIVAPIN":"45678","ADDRESS":"315 N White Ave","OWN_NAME":"Case De Dueno LLC"}},{"type":"Feature","geometry":{"type":"Polygon","coordinates":[[[-94.51438876343776,39.11600865375476],[-94.51394308227836,39.115993515741565],[-94.51393819265462,39.11607517615349],[-94.51394224736923,39.11607531352445],[-94.51438378704148,39.11609077295247],[-94.51438876343776,39.11600865375476]]]},"properties":{"KIVAPIN":"42557","ADDRESS":"400 N Topping Ave","OWN_NAME":"Lees Summit Real Estate Investor Group LLC"}},{"type":"Feature","geometry":{"type":"Polygon","coordinates":[[[-94.51280318318192,39.109954552502025],[-94.51243187364356,39.10994212272872],[-94.51242712967188,39.11002456166108],[-94.51243100709057,39.11002469795962],[-94.5127981173542,39.11003717452987],[-94.51280318318192,39.109954552502025]]]},"properties":{"KIVAPIN":"46183","ADDRESS":"308 Barat Ave","OWN_NAME":"Carmco LLC"}},{"type":"Feature","geometry":{"type":"Polygon","coordinates":[[[-94.51032693987581,39.11538682205673],[-94.50986640180588,39.11537139520398],[-94.50986249619675,39.11537125882264],[-94.5098573970109,39.11545795282941],[-94.50986127398834,39.11545809035737],[-94.51031802302427,39.11547340373435],[-94.51032190000343,39.115473541247006],[-94.51032693987581,39.11538682205673]]]},"properties":{"KIVAPIN":"45703","ADDRESS":"341 N Wheeling Ave","OWN_NAME":"Maldonado Jesus & Herrera Maribel"}},{"type":"Feature","geometry":{"type":"Polygon","coordinates":[[[-94.5097439722075,39.11720473827657],[-94.50958580459493,39.11719958093903],[-94.50956899046825,39.11752821674613],[-94.50972721679537,39.11753316874768],[-94.5097439722075,39.11720473827657]]]},"properties":{"KIVAPIN":"45631","ADDRESS":"6111 Gladstone Blvd","OWN_NAME":"Gachuz Oscar Rico"}},{"type":"Feature","geometry":{"type":"Polygon","coordinates":[[[-94.5160329475203,39.11583170924096],[-94.51602898239744,39.1158315725024],[-94.51569118326233,39.11581949172184],[-94.51568730625385,39.11581935438776],[-94.51568645679805,39.115833060572385],[-94.51568136557597,39.11591701029384],[-94.51602712468342,39.115928837749635],[-94.51603215762314,39.11584548348975],[-94.5160329475203,39.11583170924096]]]},"properties":{"KIVAPIN":"43049","ADDRESS":"347 N Oakley Ave","OWN_NAME":"KMS Enterprises LLC"}},{"type":"Feature","geometry":{"type":"Polygon","coordinates":[[[-94.50978376849986,39.1161264401424],[-94.50932739716114,39.11611091871825],[-94.50932355943229,39.11619157267537],[-94.50977505635701,39.11620675131366],[-94.5097789333753,39.11620688884432],[-94.50978376849986,39.1161264401424]]]},"properties":{"KIVAPIN":"45582","ADDRESS":"408 N Belmont Blvd","OWN_NAME":"Trang Thao Thi Thu"}},{"type":"Feature","geometry":{"type":"Polygon","coordinates":[[[-94.50982943123653,39.115207550108245],[-94.50936701468405,39.115191914942805],[-94.50936232645746,39.115275795723655],[-94.5098245078563,39.115291430927265],[-94.50982943123653,39.115207550108245]]]},"properties":{"KIVAPIN":"45721","ADDRESS":"334 N Belmont Blvd","OWN_NAME":"Grace Project Services Inc"}},{"type":"Feature","geometry":{"type":"Polygon","coordinates":[[[-94.51261347715324,39.11547283477699],[-94.51215728476224,39.11545650070692],[-94.51215344968826,39.115525074363724],[-94.51260937747246,39.115541546333056],[-94.51261347715324,39.11547283477699]]]},"properties":{"KIVAPIN":"45754","ADDRESS":"339 N Bellaire Ave","OWN_NAME":"Perez Avalos Cruz Maria"}},{"type":"Feature","geometry":{"type":"Polygon","coordinates":[[[-94.51141002455246,39.11651727595517],[-94.5109500090587,39.1165019677385],[-94.51094570429105,39.11658481947178],[-94.51140557491946,39.11660003562481],[-94.51141002455246,39.11651727595517]]]},"properties":{"KIVAPIN":"45616","ADDRESS":"419 N White Ave","OWN_NAME":"Calderon Roberto C"}},{"type":"Feature","geometry":{"type":"Polygon","coordinates":[[[-94.51751076035896,39.11135297738933],[-94.51750685275417,39.11135284069226],[-94.51704986580127,39.111337074436925],[-94.51704595819838,39.111336938296425],[-94.51704464186476,39.11135885757875],[-94.51704075234323,39.11142466346585],[-94.5175054955949,39.11144065682678],[-94.51750944416916,39.11137489724882],[-94.51751076035896,39.11135297738933]]]},"properties":{"KIVAPIN":"44810","ADDRESS":"131 Drury Ave","OWN_NAME":"JTB Real Estate LLC"}},{"type":"Feature","geometry":{"type":"Polygon","coordinates":[[[-94.50786125540647,39.11927714462989],[-94.50785436164057,39.11933627089948],[-94.50792783006881,39.11934026259875],[-94.50793420503614,39.11936346139549],[-94.50794080064388,39.11938316745049],[-94.50795647814006,39.119401960520946],[-94.50799292792411,39.11941441709604],[-94.50802112676722,39.11942505464651],[-94.50804932557975,39.11943534898091],[-94.50807840480353,39.119445300038194],[-94.5081074847698,39.11945525108816],[-94.50813656470478,39.11946485892159],[-94.50816564460804,39.119474123538495],[-94.50819472451894,39.11948338814814],[-94.50822380443743,39.11949265275051],[-94.5082537654607,39.119501230864714],[-94.50828284531389,39.119509809033794],[-94.50831280635158,39.119518387132814],[-94.50834188617853,39.11952662207789],[-94.50837184714926,39.119534513743176],[-94.50840180812668,39.11954240540078],[-94.50843176833558,39.11954995384145],[-94.50846173075367,39.11955750113022],[-94.50849169015876,39.119564364281054],[-94.50852253225764,39.119571569424885],[-94.50855249457021,39.11957808820658],[-94.50858333659798,39.119584606915794],[-94.50861329745302,39.11959112568196],[-94.50864413871582,39.119597301165875],[-94.50867409949771,39.119603133497904],[-94.50870494142089,39.11960862254717],[-94.50873578334884,39.11961411158826],[-94.5087666252816,39.11961960062122],[-94.50879746713376,39.11962440322749],[-94.50882830899019,39.119629206397626],[-94.50885915085065,39.119634008415545],[-94.50888999267227,39.11963846778809],[-94.50892171636778,39.11964258387576],[-94.50895255737588,39.11964635681329],[-94.50898339912158,39.11965012974262],[-94.50901512131539,39.11965390259568],[-94.50906094350937,39.11966076322838],[-94.50910764836009,39.11966762320209],[-94.50915435170688,39.119674140519955],[-94.50920105501764,39.119680314609866],[-94.50924775760225,39.11968648868112],[-94.50929446088423,39.119692319524354],[-94.5093411641739,39.119698150348846],[-94.50938786742573,39.119703637945406],[-94.50943457063903,39.119708782314],[-94.50948127385911,39.11971392666389],[-94.5095279770399,39.11971872892982],[-94.50957468018046,39.11972318682379],[-94.50962226377246,39.11972764348235],[-94.5096689668779,39.119731758129284],[-94.50971567141026,39.11973552954816],[-94.50974079927093,39.11973752092508],[-94.5098099579986,39.11974307225591],[-94.50985754216195,39.11974615712541],[-94.50990424514929,39.11974924319438],[-94.50995182927262,39.11975198481616],[-94.5099932450883,39.11975438259414],[-94.51307827753796,39.11986602131814],[-94.51353032765518,39.11988238657191],[-94.51360131250537,39.11988499356623],[-94.51361935800416,39.119535953949686],[-94.51364228610889,39.119158261483705],[-94.513052489196,39.119166519698396],[-94.51147603239328,39.11911218504886],[-94.51128628733399,39.11912135581974],[-94.51021883235497,39.11908297707898],[-94.51019002987933,39.11907857794097],[-94.51016388072466,39.119070847146425],[-94.51013677482564,39.11905837956908],[-94.51012043716565,39.11904809958231],[-94.51010369071355,39.11903417360205],[-94.51009127165506,39.11902096169215],[-94.51008123894157,39.11900659410335],[-94.51006998072161,39.11898226954603],[-94.51006515638947,39.11896217162663],[-94.5100642428805,39.11894648360886],[-94.51011777730541,39.11776827968531],[-94.5088658847988,39.11772598381161],[-94.50887551893241,39.11748736104379],[-94.50845188797562,39.11747364126858],[-94.50807263876341,39.11746138067729],[-94.50786125540647,39.11927714462989]]]},"properties":{"KIVAPIN":"45664","ADDRESS":"501 N Belmont Blvd","OWN_NAME":"City of Kansas City"}},{"type":"Feature","geometry":{"type":"Polygon","coordinates":[[[-94.51548454416239,39.11656167546966],[-94.51504056339778,39.116545785795196],[-94.51503636326613,39.11654564962522],[-94.51503364215012,39.116591228188454],[-94.51503091956177,39.11663680560741],[-94.51547516524813,39.116652741616385],[-94.5154791590529,39.116652877797954],[-94.5154818519766,39.11660727691998],[-94.51548454416239,39.11656167546966]]]},"properties":{"KIVAPIN":"42521","ADDRESS":"416 N Lawndale Ave","OWN_NAME":"Calderon Maria Guadalupe"}},{"type":"Feature","geometry":{"type":"Polygon","coordinates":[[[-94.51150459747929,39.109265499629196],[-94.51112186648527,39.10925123635579],[-94.51111731437054,39.10925107605333],[-94.51111163274665,39.10934722111711],[-94.5111162135017,39.10934738141707],[-94.51149867997235,39.109361689352156],[-94.51150459747929,39.109265499629196]]]},"properties":{"KIVAPIN":"46119","ADDRESS":"329 White Ave","OWN_NAME":"Davis Richard W"}},{"type":"Feature","geometry":{"type":"Polygon","coordinates":[[[-94.51608570398616,39.11495404664303],[-94.51564622690483,39.11493822671852],[-94.51564223246226,39.11493809054273],[-94.5156381056184,39.11500666435924],[-94.51563395160872,39.11507528393971],[-94.51563788658343,39.11507542069577],[-94.51607745189293,39.115091240067116],[-94.51608157831053,39.11502264278348],[-94.51608570398616,39.11495404664303]]]},"properties":{"KIVAPIN":"43040","ADDRESS":"323 N Oakley Ave","OWN_NAME":"Rivera Juantonio"}},{"type":"Feature","geometry":{"type":"Polygon","coordinates":[[[-94.50997281346686,39.11308130885684],[-94.50949190749189,39.11306382242851],[-94.50949108697596,39.11307755030882],[-94.50948695576236,39.11314623890546],[-94.50996800767419,39.11316370188879],[-94.50996879873188,39.11314999688852],[-94.50997199155945,39.11309492290941],[-94.50997281346686,39.11308130885684]]]},"properties":{"KIVAPIN":"45836","ADDRESS":"126 N Belmont Blvd","OWN_NAME":"Chavira Oscar"}},{"type":"Feature","geometry":{"type":"Polygon","coordinates":[[[-94.51510900207367,39.112435636628014],[-94.51466448936534,39.11242024895142],[-94.51466088943928,39.11248076813785],[-94.51465682053109,39.11254936539405],[-94.51466069809254,39.112549502190376],[-94.51510124702575,39.11256640108907],[-94.51510531549415,39.112497757484356],[-94.51510900207367,39.112435636628014]]]},"properties":{"KIVAPIN":"43224","ADDRESS":"5704 St John Ave","OWN_NAME":"Calvary Temple Church of KC Inc"}},{"type":"Feature","geometry":{"type":"Polygon","coordinates":[[[-94.51273212314545,39.11344500197249],[-94.51272821543444,39.11344486568735],[-94.51225397468177,39.11342681848213],[-94.5122489955487,39.11350639730247],[-94.51272338367991,39.11352442220294],[-94.51272732003117,39.113524558485146],[-94.51273212314545,39.11344500197249]]]},"properties":{"KIVAPIN":"45878","ADDRESS":"133 N Bellaire Ave","OWN_NAME":"Arla Rentals LLC"}},{"type":"Feature","geometry":{"type":"Polygon","coordinates":[[[-94.51851075289527,39.11405658282221],[-94.51805459910437,39.11404020317653],[-94.51805047537312,39.11410873075508],[-94.5180459421648,39.11418398644764],[-94.51850236253898,39.11419981694911],[-94.5185067485549,39.114125110969745],[-94.51851075289527,39.11405658282221]]]},"properties":{"KIVAPIN":"43150","ADDRESS":"145 N Hardesty Ave","OWN_NAME":"Ramos Ana L"}},{"type":"Feature","geometry":{"type":"Polygon","coordinates":[[[-94.51142331974604,39.11626874582848],[-94.51096307009045,39.116252980072964],[-94.51095870738729,39.11633610523922],[-94.51141889879604,39.1163515975939],[-94.51142331974604,39.11626874582848]]]},"properties":{"KIVAPIN":"45619","ADDRESS":"411 N White Ave","OWN_NAME":"JPC Property Holdings LLC"}},{"type":"Feature","geometry":{"type":"Polygon","coordinates":[[[-94.513194226418,39.109636512984146],[-94.51319029028203,39.109636376145595],[-94.5128232995569,39.109624199388726],[-94.51281829174584,39.10970663837052],[-94.51318540110177,39.10971879282089],[-94.51318930640548,39.10971893023515],[-94.513194226418,39.109636512984146]]]},"properties":{"KIVAPIN":"46168","ADDRESS":"319 Bellaire Ave","OWN_NAME":"Castellanos Nicolas III"}},{"type":"Feature","geometry":{"type":"Polygon","coordinates":[[[-94.51441675476322,39.11241174536797],[-94.51426940630714,39.11240670744487],[-94.51426923001009,39.11240995537401],[-94.51426589421276,39.11246752405688],[-94.51426191303119,39.11253612014472],[-94.51425790466597,39.11260467161768],[-94.51425395356848,39.11267324539131],[-94.51440115571144,39.1126781929732],[-94.51440133057606,39.112675148681916],[-94.51440516394202,39.11260964149623],[-94.5144092044623,39.112541044825036],[-94.51441321266803,39.11247244758487],[-94.51441657844985,39.112414880038145],[-94.51441675476322,39.11241174536797]]]},"properties":{"KIVAPIN":"43221","ADDRESS":"5718 St John Ave","OWN_NAME":"Bosquez Lydia"}},{"type":"Feature","geometry":{"type":"Polygon","coordinates":[[[-94.51569892395327,39.11562733913243],[-94.51560467177906,39.11562396545249],[-94.51560076541074,39.11562382926349],[-94.51559660985019,39.115692403074306],[-94.51559248438664,39.1157609757361],[-94.51558832807086,39.11582952723649],[-94.51558323604357,39.11591368230746],[-94.51568136557597,39.11591701029384],[-94.51568645679805,39.115833060572385],[-94.51568730625385,39.11581935438776],[-94.515690613014,39.115764486759964],[-94.51569313052111,39.1157233012837],[-94.51569476849288,39.11569593639931],[-94.51569892395327,39.11562733913243]]]},"properties":{"KIVAPIN":"43050","ADDRESS":"5609 Norledge Ave","OWN_NAME":"Flores Erick Manuel Benitez"}},{"type":"Feature","geometry":{"type":"Polygon","coordinates":[[[-94.51048697982995,39.112604637059434],[-94.51039934014484,39.11260146507192],[-94.51031175846934,39.11259826956079],[-94.51022414890052,39.1125950739863],[-94.51013650923883,39.11259190065721],[-94.51004889895155,39.112588704951044],[-94.51000375748286,39.11258706142669],[-94.51000358244518,39.11259021839861],[-94.50999854135,39.11266968388055],[-94.51048217466835,39.11268703069125],[-94.51048697982995,39.112604637059434]]]},"properties":{"KIVAPIN":"45829","ADDRESS":"111 N Wheeling Ave","OWN_NAME":"Juan Salazar Jr"}},{"type":"Feature","geometry":{"type":"Polygon","coordinates":[[[-94.51048217466835,39.11268703069125],[-94.50999854135,39.11266968388055],[-94.50999335453274,39.112752008882126],[-94.5104773408703,39.11276949353822],[-94.51048217466835,39.11268703069125]]]},"properties":{"KIVAPIN":"45830","ADDRESS":"115 N Wheeling Ave","OWN_NAME":"Lees Summit Real Estate Investor Group LLC"}},{"type":"Feature","geometry":{"type":"Polygon","coordinates":[[[-94.51057975501473,39.11100815437973],[-94.51010244600012,39.11099064725592],[-94.51009831744084,39.11107292643295],[-94.51010225365728,39.11107310913716],[-94.51057462856056,39.111096015970546],[-94.51057975501473,39.11100815437973]]]},"properties":{"KIVAPIN":"45920","ADDRESS":"131 Wheeling Ave","OWN_NAME":"Paramo Mayra Belen"}},{"type":"Feature","geometry":{"type":"Polygon","coordinates":[[[-94.51158329154136,39.113496352099226],[-94.51157935666237,39.11349621577827],[-94.51111938783026,39.113480197772496],[-94.51108590650044,39.11347905692887],[-94.51108202889482,39.11347891944164],[-94.51108009641021,39.113512165768455],[-94.51107643500615,39.113575134211445],[-94.5110803118826,39.113575270554875],[-94.51111391220681,39.11357641138875],[-94.51157758009172,39.11359240502389],[-94.51158264646311,39.1135073348709],[-94.51158329154136,39.113496352099226]]]},"properties":{"KIVAPIN":"45797","ADDRESS":"135 N White Ave","OWN_NAME":"Creative Home Buying Experts LLC"}},{"type":"Feature","geometry":{"type":"Polygon","coordinates":[[[-94.51515149326826,39.11171864318003],[-94.51514761648562,39.11171850639988],[-94.51470607481482,39.11170426252602],[-94.51470213929505,39.111704125166455],[-94.51470134843625,39.11171783134623],[-94.51469728106991,39.111786382851356],[-94.5147011585895,39.111786519074336],[-94.515146547456,39.111800899178725],[-94.51515070323522,39.11173237109932],[-94.51515149326826,39.11171864318003]]]},"properties":{"KIVAPIN":"44919","ADDRESS":"113 Lawndale Ave","OWN_NAME":"Machado Cesar Danilo Garcia"}},{"type":"Feature","geometry":{"type":"Polygon","coordinates":[[[-94.51701504975398,39.11104249172925],[-94.51701117447313,39.11104235443885],[-94.5165555971688,39.111026678706],[-94.51655172042138,39.11102654197253],[-94.51654926377611,39.11106768173063],[-94.51654516811755,39.111136163525764],[-94.51700476825697,39.111151977140274],[-94.517008645012,39.111152113286664],[-94.51701265283891,39.11108358572697],[-94.51701504975398,39.11104249172925]]]},"properties":{"KIVAPIN":"44797","ADDRESS":"134 Oakley Ave","OWN_NAME":"Cardona Martha Yesenia & Amarily Jackeline Barahona"}},{"type":"Feature","geometry":{"type":"Polygon","coordinates":[[[-94.51100732093495,39.11467283881037],[-94.51054887399314,39.1146564071341],[-94.5105449089468,39.114656270781],[-94.51054013383572,39.11473877821458],[-94.51054406878197,39.11473891571458],[-94.51100254709988,39.11475536971515],[-94.51100732093495,39.11467283881037]]]},"properties":{"KIVAPIN":"45693","ADDRESS":"318 N Wheeling Ave","OWN_NAME":"Hernandez Lazaro"}},{"type":"Feature","geometry":{"type":"Polygon","coordinates":[[[-94.51591239120818,39.10948490967088],[-94.51546795549407,39.109469045116434],[-94.51546402083137,39.109468907782436],[-94.51545980597669,39.10953725286225],[-94.5154637421114,39.10953738905218],[-94.51590826562517,39.10955325475453],[-94.51591239120818,39.10948490967088]]]},"properties":{"KIVAPIN":"44870","ADDRESS":"332 Lawndale Ave","OWN_NAME":"Arla Rentals LLC"}},{"type":"Feature","geometry":{"type":"Polygon","coordinates":[[[-94.51565884309446,39.113684160734195],[-94.51565493756738,39.11368402454684],[-94.51521816901165,39.11366799614316],[-94.51521429359072,39.11366785993713],[-94.51521019652493,39.113736502391546],[-94.51520603995691,39.11380505333021],[-94.5152100049646,39.113805190096826],[-94.51565059104985,39.11382133070539],[-94.51565468771362,39.1137527803312],[-94.51565884309446,39.113684160734195]]]},"properties":{"KIVAPIN":"43183","ADDRESS":"138 N Lawndale Ave","OWN_NAME":"LPC Holdings LLC"}},{"type":"Feature","geometry":{"type":"Polygon","coordinates":[[[-94.50927123423686,39.11001851738581],[-94.50926732892428,39.11001838041236],[-94.50818996493507,39.10998262996327],[-94.50818608826098,39.10998249295157],[-94.50818591239866,39.10998551378235],[-94.50815217119512,39.110530830192],[-94.50830994129393,39.11053621831596],[-94.50829701471277,39.110743896047474],[-94.50829390813034,39.11079330646363],[-94.50825418555178,39.1114136952344],[-94.50824286893373,39.111590839161416],[-94.50861715213891,39.111604791603554],[-94.50917305833839,39.111625524820475],[-94.50917719869392,39.11162566177854],[-94.50918739656709,39.1114512417914],[-94.5092390585378,39.11056847932657],[-94.50927123423686,39.11001851738581]]]},"properties":{"KIVAPIN":"45903","ADDRESS":"123 Belmont Blvd","OWN_NAME":"Alamana Investments"}},{"type":"Feature","geometry":{"type":"Polygon","coordinates":[[[-94.51708307980432,39.10986968759487],[-94.5170790849109,39.109869551468236],[-94.51662175463628,39.10985447057199],[-94.51661906343169,39.10990004922033],[-94.51661631275748,39.109945650185345],[-94.516620367126,39.10994578746339],[-94.5170776098902,39.10996089125828],[-94.51708036027313,39.1099153125912],[-94.51708307980432,39.10986968759487]]]},"properties":{"KIVAPIN":"44758","ADDRESS":"318 Oakley Ave","OWN_NAME":"Villalobos Jose"}},{"type":"Feature","geometry":{"type":"Polygon","coordinates":[[[-94.51676309171356,39.11525087377743],[-94.51631057211229,39.11523553815416],[-94.51630657765165,39.115235402001154],[-94.51630248155023,39.11530402216662],[-94.51629838541956,39.11537254966454],[-94.51630237988807,39.11537268638988],[-94.51675484161736,39.11538799802815],[-94.51675896666126,39.1153194012963],[-94.51676309171356,39.11525087377743]]]},"properties":{"KIVAPIN":"43056","ADDRESS":"330 N Oakley Ave","OWN_NAME":"JTB Real Estate LLC"}},{"type":"Feature","geometry":{"type":"Polygon","coordinates":[[[-94.51754644336847,39.110758509848985],[-94.51754256589976,39.110758373720614],[-94.517085316277,39.11074269859242],[-94.51708141090953,39.11074256245278],[-94.5170773157793,39.110811021961695],[-94.51707652537932,39.110824681826266],[-94.51708046158883,39.11082481853358],[-94.51754152826781,39.11084060579351],[-94.51754231857849,39.110826947069874],[-94.51754644336847,39.110758509848985]]]},"properties":{"KIVAPIN":"44803","ADDRESS":"145 Drury Ave","OWN_NAME":"Lees Summit Real Estate Investor Group LLC"}},{"type":"Feature","geometry":{"type":"Polygon","coordinates":[[[-94.5115080181115,39.11477328221624],[-94.51104980465495,39.11475698919893],[-94.5110458990775,39.11475685285724],[-94.51104094758594,39.11483936147061],[-94.51104482453158,39.11483949781521],[-94.51150324412312,39.1148558354487],[-94.5115080181115,39.11477328221624]]]},"properties":{"KIVAPIN":"45676","ADDRESS":"321 N White Ave","OWN_NAME":"Land N Deed LLC"}},{"type":"Feature","geometry":{"type":"Polygon","coordinates":[[[-94.51748756462143,39.111739412141254],[-94.51748365919806,39.111739275443114],[-94.51702290898794,39.11172341812502],[-94.5170201602089,39.111770004096854],[-94.51701650381736,39.111831461477436],[-94.51747728295786,39.11184567140956],[-94.51748118911567,39.11184578522716],[-94.51748478604411,39.11178599812837],[-94.51748756462143,39.111739412141254]]]},"properties":{"KIVAPIN":"44814","ADDRESS":"115 Drury Ave","OWN_NAME":"Straight Amber J"}},{"type":"Feature","geometry":{"type":"Polygon","coordinates":[[[-94.51684570683372,39.113876124013785],[-94.51639278522475,39.11385934842721],[-94.51638858524977,39.11385921116184],[-94.51638530848449,39.11391405651453],[-94.5163812426293,39.113982630360816],[-94.51638511806996,39.11398276767206],[-94.51683437135117,39.113999406533914],[-94.51683824679351,39.11399954325806],[-94.5168424017916,39.11393099283586],[-94.51684570683372,39.113876124013785]]]},"properties":{"KIVAPIN":"43152","ADDRESS":"142 N Oakley Ave","OWN_NAME":"Kalenga Simon & Chibalonza Justina"}},{"type":"Feature","geometry":{"type":"Polygon","coordinates":[[[-94.51226592456781,39.11323590000913],[-94.51226181273998,39.11323571796856],[-94.51177693998213,39.11321689142594],[-94.5117713183088,39.113312418100875],[-94.51225583768445,39.11333051309517],[-94.51225997887995,39.11333064994362],[-94.51226384579616,39.11326914637234],[-94.51226592456781,39.11323590000913]]]},"properties":{"KIVAPIN":"45814","ADDRESS":"126 N White Ave","OWN_NAME":"Gonzalez Juan Luis Orozco"}},{"type":"Feature","geometry":{"type":"Polygon","coordinates":[[[-94.51434631670826,39.11670599250326],[-94.5139058885746,39.11669048704137],[-94.51390133597496,39.11669032684789],[-94.51389723741627,39.11675874041445],[-94.51389313884964,39.11682715398008],[-94.51389763271955,39.11682733648948],[-94.51433800223074,39.11684286486998],[-94.51434215909691,39.11677438206786],[-94.51434631670826,39.11670599250326]]]},"properties":{"KIVAPIN":"42549","ADDRESS":"422 N Topping Ave","OWN_NAME":"Gouldsmith Acquistions LLC"}},{"type":"Feature","geometry":{"type":"Polygon","coordinates":[[[-94.51224246328209,39.11361041395262],[-94.51223826406414,39.1136102765376],[-94.51175864619498,39.11359263916184],[-94.5117547113101,39.11359250170277],[-94.51174920594372,39.11368574143878],[-94.51175311146352,39.113685878328965],[-94.51223246485793,39.11370328637653],[-94.51223663544549,39.11370342379473],[-94.51223906656782,39.11366525805989],[-94.51224246328209,39.11361041395262]]]},"properties":{"KIVAPIN":"45818","ADDRESS":"136 N White Ave","OWN_NAME":"Sfr3-080 LLC"}},{"type":"Feature","geometry":{"type":"Polygon","coordinates":[[[-94.51045396439109,39.11019269870871],[-94.51006908608443,39.11017799801378],[-94.51006506181827,39.11017786107735],[-94.51005934922833,39.11027851356601],[-94.51044813591308,39.110295388176716],[-94.51045396439109,39.11019269870871]]]},"properties":{"KIVAPIN":"46104","ADDRESS":"301 Wheeling Ave","OWN_NAME":"Borja Christopher Edwin"}},{"type":"Feature","geometry":{"type":"Polygon","coordinates":[[[-94.51027167517495,39.11647601420049],[-94.51026392037282,39.116475740315906],[-94.50980599001225,39.11646033530671],[-94.50980124297254,39.11654055519124],[-94.51026760345897,39.116556164830364],[-94.51027167517495,39.11647601420049]]]},"properties":{"KIVAPIN":"45595","ADDRESS":"419 N Wheeling Ave","OWN_NAME":"Wref II Loan 7 LLC"}},{"type":"Feature","geometry":{"type":"Polygon","coordinates":[[[-94.51145155063192,39.11013020945045],[-94.51107113535545,39.11011290323042],[-94.51106631959804,39.11011272064236],[-94.51106066498762,39.11020877359224],[-94.51106542348275,39.11020895733],[-94.51144566309148,39.11022644663084],[-94.51145155063192,39.11013020945045]]]},"properties":{"KIVAPIN":"46128","ADDRESS":"303 White Ave","OWN_NAME":"Settle Devin"}},{"type":"Feature","geometry":{"type":"Polygon","coordinates":[[[-94.51290806171451,39.110616248863096],[-94.51290418499241,39.110616089127674],[-94.51255116891927,39.11060031713453],[-94.51254723272687,39.110600157393634],[-94.51254149359585,39.11069289272176],[-94.5125453989561,39.11069305303819],[-94.51289873899523,39.1107072462477],[-94.51290261645654,39.110707405983234],[-94.51290806171451,39.110616248863096]]]},"properties":{"KIVAPIN":"46052","ADDRESS":"135 Bellaire Ave","OWN_NAME":"Millan Hector"}},{"type":"Feature","geometry":{"type":"Polygon","coordinates":[[[-94.51430462953397,39.117390768452125],[-94.51386446222129,39.11737523992321],[-94.51386032078584,39.11737510255986],[-94.51385619279891,39.117443631667584],[-94.51385458265032,39.1174706756139],[-94.51385878283483,39.117470812970446],[-94.51429883399751,39.11748638729604],[-94.5143004439764,39.11745934219966],[-94.51430462953397,39.117390768452125]]]},"properties":{"KIVAPIN":"42546","ADDRESS":"440 N Topping Ave","OWN_NAME":"Ruiz Rafael"}},{"type":"Feature","geometry":{"type":"Polygon","coordinates":[[[-94.51007076138134,39.10936664982499],[-94.50970465371573,39.10935501173788],[-94.50970074770788,39.10935489765965],[-94.50969834514315,39.1093960607336],[-94.50969277829093,39.10949199921846],[-94.51006302763386,39.109503797149785],[-94.5100684463958,39.1094077665656],[-94.51007076138134,39.10936664982499]]]},"properties":{"KIVAPIN":"46089","ADDRESS":"324 Belmont Blvd","OWN_NAME":"Nguyen Thi Kim Anh"}},{"type":"Feature","geometry":{"type":"Polygon","coordinates":[[[-94.51444601301591,39.11057499767592],[-94.51436909615936,39.11057242166728],[-94.51427117969659,39.11056916233266],[-94.51425347037085,39.110861281207505],[-94.51425743521165,39.11086141743464],[-94.51434909720882,39.11086463293322],[-94.5144323588837,39.11086752907083],[-94.51444586679757,39.110578064273454],[-94.51444601301591,39.11057499767592]]]},"properties":{"KIVAPIN":"44712","ADDRESS":"138 Topping Ave","OWN_NAME":"H Tran Thuy"}},{"type":"Feature","geometry":{"type":"Polygon","coordinates":[[[-94.51523346295008,39.110357050753024],[-94.51478588049615,39.110342671254706],[-94.51478197368651,39.11034253389419],[-94.51477550592672,39.11044792300161],[-94.51522711415471,39.11046282941274],[-94.51523346295008,39.110357050753024]]]},"properties":{"KIVAPIN":"44739","ADDRESS":"301 Lawndale Ave","OWN_NAME":"Abraham Nitin"}},{"type":"Feature","geometry":{"type":"Polygon","coordinates":[[[-94.51238393093858,39.11120962387382],[-94.51190151090405,39.111193772065924],[-94.51189713487746,39.111193612347996],[-94.51189616843884,39.11120992634994],[-94.51189116121591,39.11129421917404],[-94.51189536029554,39.111294355457595],[-94.51237786847189,39.11131068834691],[-94.51238179323742,39.11124531791444],[-94.51238296464001,39.11122609804427],[-94.51238393093858,39.11120962387382]]]},"properties":{"KIVAPIN":"46014","ADDRESS":"118 White Ave","OWN_NAME":"Suarez Alejandro Camarillo"}},{"type":"Feature","geometry":{"type":"Polygon","coordinates":[[[-94.51508778611408,39.1087988277965],[-94.51498223557621,39.10879534123904],[-94.51498205930156,39.108798498220644],[-94.51497728959151,39.1088767518316],[-94.51497222642737,39.10895960277533],[-94.51496973884244,39.1090007882801],[-94.51507525889352,39.10900448135063],[-94.51507543519364,39.10900146108092],[-94.51507777644169,39.10896293032121],[-94.51508281089704,39.108880307039264],[-94.51508758051028,39.108802145518716],[-94.51508778611408,39.1087988277965]]]},"properties":{"KIVAPIN":"44885","ADDRESS":"5704 Smart Ave","OWN_NAME":"Howard Thomas G & George T"}},{"type":"Feature","geometry":{"type":"Polygon","coordinates":[[[-94.51047578714063,39.109808050637525],[-94.51009088083828,39.10979348672793],[-94.51008685659384,39.1097933492202],[-94.51008140848181,39.109889540538035],[-94.5100854319975,39.109889678045995],[-94.51047033881835,39.1099042179486],[-94.51047578714063,39.109808050637525]]]},"properties":{"KIVAPIN":"46100","ADDRESS":"309 Wheeling Ave","OWN_NAME":"Rodriguez Efrain"}},{"type":"Feature","geometry":{"type":"Polygon","coordinates":[[[-94.51462798969878,39.11188125415747],[-94.51453996892265,39.11187808533006],[-94.51453979259232,39.11188110445344],[-94.51452188796466,39.11222310427946],[-94.51461002733465,39.11222604544304],[-94.51462798969878,39.11188125415747]]]},"properties":{"KIVAPIN":"44900","ADDRESS":"5713 St John Ave","OWN_NAME":"West Happy Homes LLC"}},{"type":"Feature","geometry":{"type":"Polygon","coordinates":[[[-94.51520115597312,39.11089436074981],[-94.51509342893455,39.11089057712977],[-94.51498787744491,39.11088692984243],[-94.51475210067126,39.11087867711831],[-94.51474736173397,39.1109690791695],[-94.51519571200274,39.110984694840916],[-94.51520115597312,39.11089436074981]]]},"properties":{"KIVAPIN":"44700","ADDRESS":"137 Lawndale Ave","OWN_NAME":"Terrazas Joseph"}},{"type":"Feature","geometry":{"type":"Polygon","coordinates":[[[-94.51229846709094,39.109183619096605],[-94.51192375579168,39.10917173776971],[-94.51191848501014,39.1092638329557],[-94.51228920198517,39.109275806815056],[-94.51229316673347,39.10927594368106],[-94.51229846709094,39.109183619096605]]]},"properties":{"KIVAPIN":"46200","ADDRESS":"333 Barat Ave","OWN_NAME":"BR Homes KCMO LLC"}},{"type":"Feature","geometry":{"type":"Polygon","coordinates":[[[-94.51747247283254,39.11199075831258],[-94.51735549407198,39.11198688607516],[-94.51733660095722,39.1123145854981],[-94.51733642549645,39.112317674411315],[-94.51745264201811,39.112321913444035],[-94.51747247283254,39.11199075831258]]]},"properties":{"KIVAPIN":"44842","ADDRESS":"5501 St John Ave","OWN_NAME":"Quezada Ahivel Genoveva Esteves"}},{"type":"Feature","geometry":{"type":"Polygon","coordinates":[[[-94.51099774386876,39.11483780852682],[-94.51099386618903,39.11483767218073],[-94.5105392944054,39.114821468908175],[-94.51053535945474,39.114821332552005],[-94.51053061293736,39.11490370269647],[-94.51053451925628,39.114903839627395],[-94.5109929391581,39.11492024848125],[-94.51099774386876,39.11483780852682]]]},"properties":{"KIVAPIN":"45691","ADDRESS":"322 N Wheeling Ave","OWN_NAME":"Kansas City Missouri Homesteading Authority"}},{"type":"Feature","geometry":{"type":"Polygon","coordinates":[[[-94.5129811961322,39.10824678856744],[-94.51239280645399,39.108225390532986],[-94.51238879430237,39.10829384989834],[-94.51238478432568,39.10836219543122],[-94.51297267514931,39.10838359298912],[-94.51297695032244,39.108315155884114],[-94.5129811961322,39.10824678856744]]]},"properties":{"KIVAPIN":"46213","ADDRESS":"423 Bellaire Ave","OWN_NAME":"Land Bank of Kansas City Missouri"}},{"type":"Feature","geometry":{"type":"Polygon","coordinates":[[[-94.51563941255175,39.11400648348109],[-94.51563535942095,39.11400634616889],[-94.51519494839881,39.11399015914722],[-94.51519368990824,39.11401079764738],[-94.515189241626,39.11408534277549],[-94.51563376489896,39.11410068382746],[-94.51563818281647,39.11402707622086],[-94.51563941255175,39.11400648348109]]]},"properties":{"KIVAPIN":"43180","ADDRESS":"146 N Lawndale Ave","OWN_NAME":"JPC Property Holdings LLC"}},{"type":"Feature","geometry":{"type":"Polygon","coordinates":[[[-94.51450061931462,39.114201093228324],[-94.51440604605565,39.114197878210724],[-94.51440587118715,39.11420092078519],[-94.51440130426167,39.11427750284427],[-94.51439723638387,39.11434568879063],[-94.51439313846764,39.11441423911393],[-94.51438904054824,39.114482812888895],[-94.51448355469321,39.11448593583285],[-94.51448765251662,39.11441733974601],[-94.51449175034121,39.11434878827543],[-94.51449584829851,39.11428092322299],[-94.51450061931462,39.114201093228324]]]},"properties":{"KIVAPIN":"42996","ADDRESS":"5710 Scarritt Ave","OWN_NAME":"Ward Josiah  & Asaph II"}},{"type":"Feature","geometry":{"type":"Polygon","coordinates":[[[-94.51154202997823,39.10865549699729],[-94.51115337138759,39.108641188078956],[-94.51114686823759,39.10875099298689],[-94.5111511560036,39.10875113043285],[-94.51153529320806,39.10876523330769],[-94.51154202997823,39.10865549699729]]]},"properties":{"KIVAPIN":"46077","ADDRESS":"347 White Ave","OWN_NAME":"Carreto Brenda L"}},{"type":"Feature","geometry":{"type":"Polygon","coordinates":[[[-94.51526102996681,39.109897489212074],[-94.51525712391528,39.10989735301137],[-94.5148139783237,39.10988315436812],[-94.51481007300805,39.10988301815234],[-94.51480869652774,39.109904891661294],[-94.51480468675443,39.109970491007736],[-94.51525179768949,39.109984848187956],[-94.51525579185194,39.10998498552132],[-94.51525974246587,39.109919363858666],[-94.51526102996681,39.109897489212074]]]},"properties":{"KIVAPIN":"44744","ADDRESS":"321 Lawndale Ave","OWN_NAME":"Manzanares Lazaro & Sepulveda Gloria"}},{"type":"Feature","geometry":{"type":"Polygon","coordinates":[[[-94.51006855824822,39.112258100814394],[-94.5099809777534,39.11225495138773],[-94.50989339725972,39.11225175441793],[-94.50989319363396,39.1122552786267],[-94.50987353155215,39.1125823133537],[-94.50996128940955,39.11258553148764],[-94.51000375748286,39.11258706142669],[-94.51004889895155,39.112588704951044],[-94.51006835462783,39.112261601570765],[-94.51006855824822,39.112258100814394]]]},"properties":{"KIVAPIN":"45824","ADDRESS":"6110 St John Ave","OWN_NAME":"Nguyen Trinh To"}},{"type":"Feature","geometry":{"type":"Polygon","coordinates":[[[-94.5119733870375,39.118021117813875],[-94.51196948054374,39.11802098150329],[-94.51153110168819,39.1180065416803],[-94.5115274714587,39.11807502431577],[-94.51152381111206,39.118143483500624],[-94.51152017938108,39.11821185058727],[-94.51152405651246,39.11821198691579],[-94.51195944069123,39.11822642764394],[-94.51196340594039,39.11822656394884],[-94.51196674203167,39.11815805902319],[-94.51197005095916,39.11808962331333],[-94.5119733870375,39.118021117813875]]]},"properties":{"KIVAPIN":"45544","ADDRESS":"510 N White Ave","OWN_NAME":"Kansas City Missouri Homesteading Authority"}},{"type":"Feature","geometry":{"type":"Polygon","coordinates":[[[-94.51054123277399,39.11166643472236],[-94.51006947048204,39.111646249356276],[-94.51006578105861,39.11171919318063],[-94.51008029060858,39.11173202797047],[-94.51053639912085,39.111748942203526],[-94.51054123277399,39.11166643472236]]]},"properties":{"KIVAPIN":"45912","ADDRESS":"109 Wheeling Ave","OWN_NAME":"Land Bank of Kansas City Missouri"}},{"type":"Feature","geometry":{"type":"Polygon","coordinates":[[[-94.51626589958435,39.11191577054122],[-94.51581886458223,39.11190244687465],[-94.51581498779338,39.11190233299735],[-94.5158100420003,39.1119845661409],[-94.51585938448322,39.11198604668131],[-94.51584273474575,39.112263934392296],[-94.51584252992716,39.11226736651696],[-94.51624407454241,39.112280879484],[-94.51626098441284,39.111997980818735],[-94.51626589958435,39.11191577054122]]]},"properties":{"KIVAPIN":"223333","ADDRESS":"5601 St John Ave","OWN_NAME":"Calvary Temple Church of KC"}},{"type":"Feature","geometry":{"type":"Polygon","coordinates":[[[-94.51389157693404,39.11335986857673],[-94.51388740636368,39.113359731789764],[-94.51343504533322,39.11334301385766],[-94.51343116993326,39.11334287644831],[-94.51342733473078,39.11341140441064],[-94.5134235002855,39.11348009253642],[-94.51387962160052,39.113497016563066],[-94.51388367396429,39.11349715279238],[-94.51388762545304,39.11342851097104],[-94.51389157693404,39.11335986857673]]]},"properties":{"KIVAPIN":"45784","ADDRESS":"133 N Topping Ave","OWN_NAME":"Double M Family Trust"}},{"type":"Feature","geometry":{"type":"Polygon","coordinates":[[[-94.5143638392762,39.111871700581396],[-94.51427584715864,39.11186853040702],[-94.51426595737328,39.11205242337603],[-94.5142651958001,39.112066151857064],[-94.51426449443397,39.1120798797587],[-94.514257267249,39.11221428212981],[-94.51434549397133,39.11221722291067],[-94.5143638392762,39.111871700581396]]]},"properties":{"KIVAPIN":"44902","ADDRESS":"5719 St John Ave","OWN_NAME":"Holmes George L"}},{"type":"Feature","geometry":{"type":"Polygon","coordinates":[[[-94.51386391621806,39.11383940375818],[-94.51386000921296,39.113839245202286],[-94.51340849847232,39.11381941415664],[-94.51340462083934,39.11381925443806],[-94.51340078632836,39.11388782815509],[-94.51385996466574,39.11390795519535],[-94.51386391621806,39.11383940375818]]]},"properties":{"KIVAPIN":"45788","ADDRESS":"143 N Topping Ave","OWN_NAME":"Montoya Rodriquez Reynalda A"}},{"type":"Feature","geometry":{"type":"Polygon","coordinates":[[[-94.51148912722618,39.11510066020712],[-94.51148522089461,39.1151005238802],[-94.5110262122996,39.11508413875499],[-94.51102126148221,39.11516655526826],[-94.51148041747194,39.115182985015444],[-94.51148435317901,39.11518312248366],[-94.51148912722618,39.11510066020712]]]},"properties":{"KIVAPIN":"45672","ADDRESS":"331 N White Ave","OWN_NAME":"Kansas City Missouri Homesteading Authority"}},{"type":"Feature","geometry":{"type":"Polygon","coordinates":[[[-94.51020441067698,39.11176807707388],[-94.51009533226879,39.111763945172584],[-94.51007816515423,39.11206304247635],[-94.51018712578721,39.11206701423922],[-94.51020441067698,39.11176807707388]]]},"properties":{"KIVAPIN":"45908","ADDRESS":"6109 St John Ave","OWN_NAME":"Brogoto Joseph"}},{"type":"Feature","geometry":{"type":"Polygon","coordinates":[[[-94.51148435317901,39.11518312248366],[-94.51148041747194,39.115182985015444],[-94.51102126148221,39.11516655526826],[-94.51101631138756,39.115248971780105],[-94.51147960847668,39.115265493233416],[-94.51148435317901,39.11518312248366]]]},"properties":{"KIVAPIN":"45671","ADDRESS":"333 N White Ave","OWN_NAME":"Kansas City Missouri Homesteading Authority"}},{"type":"Feature","geometry":{"type":"Polygon","coordinates":[[[-94.51427584715864,39.11186853040702],[-94.51419249691546,39.11186552033778],[-94.51418104962931,39.11204957365383],[-94.5141802013997,39.11206330214486],[-94.51419782321064,39.112063894897034],[-94.51424763346127,39.11206555910778],[-94.5142651958001,39.112066151857064],[-94.51426595737328,39.11205242337603],[-94.51427584715864,39.11186853040702]]]},"properties":{"KIVAPIN":"44904","ADDRESS":"110 Topping Ave","OWN_NAME":"Cabrera Leonardo"}},{"type":"Feature","geometry":{"type":"Polygon","coordinates":[[[-94.515146547456,39.111800899178725],[-94.5147011585895,39.111786519074336],[-94.51469728106991,39.111786382851356],[-94.5146932714387,39.11185367476862],[-94.5151424503439,39.11186912980115],[-94.515146547456,39.111800899178725]]]},"properties":{"KIVAPIN":"44920","ADDRESS":"111 Lawndale Ave","OWN_NAME":"Land Bank of Kansas City Missouri"}},{"type":"Feature","geometry":{"type":"Polygon","coordinates":[[[-94.51172622478444,39.11113075420867],[-94.51125931212206,39.1111136843639],[-94.5112553773762,39.11111354803192],[-94.51125069136275,39.11119557561463],[-94.51125465621669,39.11119571308788],[-94.51172127563285,39.1112122092482],[-94.51172622478444,39.11113075420867]]]},"properties":{"KIVAPIN":"45953","ADDRESS":"127 White Ave","OWN_NAME":"Maldonado Jesus & Herrera Maribel"}},{"type":"Feature","geometry":{"type":"Polygon","coordinates":[[[-94.51149864593143,39.114935827175366],[-94.51103611387138,39.114919123251205],[-94.51103116234991,39.115001585528596],[-94.51103002061932,39.11502078306129],[-94.51149278829705,39.11503741777215],[-94.51149387188039,39.11501812929019],[-94.51149864593143,39.114935827175366]]]},"properties":{"KIVAPIN":"45674","ADDRESS":"327 N White Ave","OWN_NAME":"Kansas City Missouri Homesteading Authority"}},{"type":"Feature","geometry":{"type":"Polygon","coordinates":[[[-94.51498223557621,39.10879534123904],[-94.5148768039895,39.10879185399882],[-94.51487182850103,39.10887319537674],[-94.51486676378384,39.10895622993341],[-94.51486427607024,39.108997094534764],[-94.51486821217398,39.10899723188883],[-94.51496973884244,39.1090007882801],[-94.51497222642737,39.10895960277533],[-94.51497728959151,39.1088767518316],[-94.51498205930156,39.108798498220644],[-94.51498223557621,39.10879534123904]]]},"properties":{"KIVAPIN":"44886","ADDRESS":"5706 Smart Ave","OWN_NAME":"Land Bank of Kansas City Missouri"}},{"type":"Feature","geometry":{"type":"Polygon","coordinates":[[[-94.51024383748054,39.11226444636522],[-94.51015625696665,39.11226127304559],[-94.51006855824822,39.112258100814394],[-94.51006835462783,39.112261601570765],[-94.51004889895155,39.112588704951044],[-94.51013650923883,39.11259190065721],[-94.51022414890052,39.1125950739863],[-94.51024360374173,39.11226778638802],[-94.51024383748054,39.11226444636522]]]},"properties":{"KIVAPIN":"45825","ADDRESS":"6106 St John Ave","OWN_NAME":"Gomez Guillermo"}},{"type":"Feature","geometry":{"type":"Polygon","coordinates":[[[-94.51429423124743,39.114479735665746],[-94.51429838799483,39.114411139006215],[-94.51430248600256,39.1143425881142],[-94.51420441747759,39.11433935048122],[-94.51420854487843,39.11427047983118],[-94.51421334570762,39.11419124359701],[-94.51405565438813,39.114185862312375],[-94.51405082394876,39.1142647787868],[-94.5140465790177,39.114334176844196],[-94.51404239338973,39.1144027494745],[-94.51403817838337,39.114471323251415],[-94.51404234755114,39.11447146060516],[-94.51429423124743,39.114479735665746]]]},"properties":{"KIVAPIN":"260641","ADDRESS":"5718 Scarritt Ave","OWN_NAME":"M & S Contractor LLC"}},{"type":"Feature","geometry":{"type":"Polygon","coordinates":[[[-94.5154791590529,39.116652877797954],[-94.51547516524813,39.116652741616385],[-94.51503091956177,39.11663680560741],[-94.51502954469683,39.11665966410438],[-94.51502547587305,39.11672810115973],[-94.51502140777058,39.11679651418934],[-94.51502543168849,39.116796650954576],[-94.51546967838223,39.11681260929246],[-94.51547374530271,39.11674412703365],[-94.51547778506178,39.1166757134194],[-94.5154791590529,39.116652877797954]]]},"properties":{"KIVAPIN":"42520","ADDRESS":"420 N Lawndale Ave","OWN_NAME":"Stanley Jerry B & Karen S"}},{"type":"Feature","geometry":{"type":"Polygon","coordinates":[[[-94.51044441304559,39.113332313967106],[-94.50996303608194,39.113314966809064],[-94.5099591592219,39.11331483042847],[-94.50995836743272,39.11332858118966],[-94.50995517457106,39.113383563071594],[-94.50995435487562,39.11339729152633],[-94.50995823027182,39.113397429051254],[-94.51043567365058,39.113414594107894],[-94.51043960852283,39.11341473046743],[-94.51044039949527,39.1134010477732],[-94.51044441304559,39.113332313967106]]]},"properties":{"KIVAPIN":"45852","ADDRESS":"211 N Wheeling Ave","OWN_NAME":"Salvador Abraham"}},{"type":"Feature","geometry":{"type":"Polygon","coordinates":[[[-94.51525579185194,39.10998498552132],[-94.51525179768949,39.109984848187956],[-94.51480468675443,39.109970491007736],[-94.51480202409998,39.11001426261],[-94.51479935996412,39.11005798787872],[-94.5148035597104,39.110058125201476],[-94.51525052435564,39.11007248240489],[-94.51525315811028,39.110028756557945],[-94.51525579185194,39.10998498552132]]]},"properties":{"KIVAPIN":"44743","ADDRESS":"319 Lawndale Ave","OWN_NAME":"Manzanares Lazaro & Sepulveda Gloria"}},{"type":"Feature","geometry":{"type":"Polygon","coordinates":[[[-94.51043960852283,39.11341473046743],[-94.51043567365058,39.113414594107894],[-94.50995823027182,39.113397429051254],[-94.50995435487562,39.11339729152633],[-94.50995353298045,39.113411043433885],[-94.50994949032584,39.113479868747206],[-94.5104308684081,39.11349721596051],[-94.51043477464927,39.11349735346683],[-94.51043960852283,39.11341473046743]]]},"properties":{"KIVAPIN":"45851","ADDRESS":"215 N Wheeling Ave","OWN_NAME":"Banuelas Jose Javier & Garcia Rosa Laura"}},{"type":"Feature","geometry":{"type":"Polygon","coordinates":[[[-94.51256763690598,39.11618602901503],[-94.5125637312465,39.1161858915802],[-94.51212527536731,39.11617051703288],[-94.51209957541853,39.116169604477726],[-94.51208654589324,39.11640758725999],[-94.51211221655701,39.11640849982102],[-94.51255049695038,39.116423897888275],[-94.51255446209976,39.11642403474516],[-94.51256104948548,39.1163048717171],[-94.51256763690598,39.11618602901503]]]},"properties":{"KIVAPIN":"45505","ADDRESS":"407 N Bellaire Ave","OWN_NAME":"Land Bank of Kansas City Missouri"}},{"type":"Feature","geometry":{"type":"Polygon","coordinates":[[[-94.51088663044536,39.116914373544404],[-94.51088275338633,39.11691423719463],[-94.51043054757203,39.11689936035998],[-94.51042655229435,39.116899223433606],[-94.51042163281357,39.11699559707546],[-94.51041671259524,39.117092039357445],[-94.51042067777786,39.11709217571484],[-94.51087658639362,39.117107167216965],[-94.51088162201782,39.117010816999596],[-94.51088663044536,39.116914373544404]]]},"properties":{"KIVAPIN":"45648","ADDRESS":"430 N Wheeling Ave","OWN_NAME":"Estel Ryan M"}},{"type":"Feature","geometry":{"type":"Polygon","coordinates":[[[-94.51053452344844,39.11178051766679],[-94.51042256679042,39.11177629480909],[-94.51041377796813,39.111925706793414],[-94.51041765548716,39.11192584315888],[-94.51052573555874,39.11192967740019],[-94.51053452344844,39.11178051766679]]]},"properties":{"KIVAPIN":"45911","ADDRESS":"107 Wheeling Ave","OWN_NAME":"Hunter Charles & Carolyn"}},{"type":"Feature","geometry":{"type":"Polygon","coordinates":[[[-94.50985363351266,39.114796360175106],[-94.50939004626504,39.11478056503428],[-94.50938541518359,39.114863072979276],[-94.50984877020845,39.11487886872989],[-94.50985363351266,39.114796360175106]]]},"properties":{"KIVAPIN":"251309","ADDRESS":"322 N Belmont Blvd","OWN_NAME":"Venegas Guadalupe"}},{"type":"Feature","geometry":{"type":"Polygon","coordinates":[[[-94.51145576662965,39.11567764442163],[-94.51146054221934,39.11559522791438],[-94.51146157830348,39.1155772436353],[-94.51146501088073,39.115512866349476],[-94.51146148637055,39.11551286669602],[-94.51100505900477,39.11549643661778],[-94.5110044032892,39.11549637261389],[-94.51100153444203,39.115496093740916],[-94.51100152345569,39.11549627221089],[-94.51100139936287,39.11549626764647],[-94.51099938898953,39.11552975192636],[-94.510996260533,39.11557880772602],[-94.51099488410676,39.115604601192935],[-94.51099186768766,39.11566117784514],[-94.51099539220525,39.115661177512784],[-94.51145534514998,39.11567760728203],[-94.51145576662965,39.11567764442163]]]},"properties":{"KIVAPIN":"251296","ADDRESS":"345 N White Ave","OWN_NAME":"Kansas City Missouri Homesteading Authority"}},{"type":"Feature","geometry":{"type":"Polygon","coordinates":[[[-94.51149278829705,39.11503741777215],[-94.51103002061932,39.11502078306129],[-94.5110262122996,39.11508413875499],[-94.51148522089461,39.1151005238802],[-94.51148912722618,39.11510066020712],[-94.51149278829705,39.11503741777215]]]},"properties":{"KIVAPIN":"45673","ADDRESS":"329 N White Ave","OWN_NAME":"Meadows Printis D & Patricia A"}},{"type":"Feature","geometry":{"type":"Polygon","coordinates":[[[-94.51612267316872,39.1124708972129],[-94.51579193889091,39.11245931911313],[-94.51578828124923,39.112520113481466],[-94.51578412751495,39.11258866388264],[-94.5157800009501,39.112657261184495],[-94.51577584500228,39.11272583503672],[-94.51577972257556,39.11272597179584],[-94.51610663992933,39.112737115724784],[-94.51611076618748,39.11266854186502],[-94.51611489096916,39.112599968004524],[-94.51611901574286,39.11253139414306],[-94.51612249838362,39.11247396324347],[-94.51612267316872,39.1124708972129]]]},"properties":{"KIVAPIN":"43193","ADDRESS":"5612 St John Ave","OWN_NAME":"Calvary Temple Church of KC Inc"}},{"type":"Feature","geometry":{"type":"Polygon","coordinates":[[[-94.51043477464927,39.11349735346683],[-94.5104308684081,39.11349721596051],[-94.50994949032584,39.113479868747206],[-94.50994869852657,39.11349357431868],[-94.50994392353263,39.11357608174434],[-94.51042914903334,39.1135935207308],[-94.51043477464927,39.11349735346683]]]},"properties":{"KIVAPIN":"45850","ADDRESS":"217 N Wheeling Ave","OWN_NAME":"Banuelas Jose J"}},{"type":"Feature","geometry":{"type":"Polygon","coordinates":[[[-94.5116846338056,39.11181596460136],[-94.51157350098397,39.111812657992296],[-94.51146430435656,39.11180939684824],[-94.51135857407489,39.11180622678683],[-94.51133935615333,39.11210363130582],[-94.51133909164353,39.11210706342849],[-94.51144514625398,39.112110736277764],[-94.51155463565816,39.11211452423745],[-94.511666005468,39.11211837940405],[-94.5116846338056,39.11181596460136]]]},"properties":{"KIVAPIN":"45945","ADDRESS":"6001 St John Ave","OWN_NAME":"Chavez Maria G"}},{"type":"Feature","geometry":{"type":"Polygon","coordinates":[[[-94.51317947007657,39.109884083345655],[-94.51280818951385,39.109871860693325],[-94.51280318318192,39.109954552502025],[-94.51317061612484,39.10996661486819],[-94.51317455154502,39.10996675227951],[-94.51317947007657,39.109884083345655]]]},"properties":{"KIVAPIN":"46165","ADDRESS":"313 Bellaire Ave","OWN_NAME":"Reyes Property Business LLC"}},{"type":"Feature","geometry":{"type":"Polygon","coordinates":[[[-94.51728520355334,39.11520048245036],[-94.51683118593122,39.11518380025651],[-94.51682719220676,39.1151836641212],[-94.51682312522777,39.11525219163478],[-94.51682706168314,39.115252328350465],[-94.5172811979616,39.11526901054256],[-94.51728520355334,39.11520048245036]]]},"properties":{"KIVAPIN":"43078","ADDRESS":"327 N Drury Ave","OWN_NAME":"Global Point Investment Inc"}},{"type":"Feature","geometry":{"type":"Polygon","coordinates":[[[-94.51250105961951,39.11738633102954],[-94.51205998205401,39.11736990344051],[-94.51205951210319,39.11736988118054],[-94.51203783640626,39.11736915066859],[-94.51203389984222,39.11736901321924],[-94.51203252363017,39.11739404533763],[-94.51202719450438,39.117491243355715],[-94.51202084139037,39.11760788886446],[-94.51202066493852,39.117610909125105],[-94.5120462772829,39.11761175363659],[-94.51248773789962,39.1176265561393],[-94.51249435489699,39.11750748408701],[-94.51250105961951,39.11738633102954]]]},"properties":{"KIVAPIN":"45563","ADDRESS":"443 N Bellaire Ave","OWN_NAME":"Cuong Chau Dinh"}},{"type":"Feature","geometry":{"type":"Polygon","coordinates":[[[-94.51527887992926,39.10960040444322],[-94.51483233058002,39.109584582932314],[-94.5148283357069,39.109584446156525],[-94.5148241503341,39.1096527912083],[-94.51482814374268,39.10965292798441],[-94.51527475445681,39.10966872605043],[-94.51527887992926,39.10960040444322]]]},"properties":{"KIVAPIN":"44876","ADDRESS":"329 Lawndale Ave","OWN_NAME":"Chavez-Ojeda Martin & Marquez Munoz Eva Elizabeth"}},{"type":"Feature","geometry":{"type":"Polygon","coordinates":[[[-94.51108566166407,39.11341602078614],[-94.51108175542623,39.11341588387366],[-94.51062173000514,39.11340018481049],[-94.51061782450338,39.11340004845437],[-94.51061225862524,39.11349626148464],[-94.51108009641021,39.113512165768455],[-94.51108202889482,39.11347891944164],[-94.51108566166407,39.11341602078614]]]},"properties":{"KIVAPIN":"45867","ADDRESS":"212 N Wheeling Ave","OWN_NAME":"Ochoa Nemorio Barcenaz"}},{"type":"Feature","geometry":{"type":"Polygon","coordinates":[[[-94.516213801307,39.112823246493946],[-94.51620989362368,39.112823110325486],[-94.51577477816818,39.11280827413999],[-94.51577090059043,39.1128081373807],[-94.51576756466518,39.112863027923275],[-94.51576592605778,39.11289041627477],[-94.51576980364018,39.11289055360623],[-94.51620885593444,39.11290557116384],[-94.51621052373545,39.112878160493565],[-94.516213801307,39.112823246493946]]]},"properties":{"KIVAPIN":"43196","ADDRESS":"111 N Oakley Ave","OWN_NAME":"111 N Oakley LLC"}},{"type":"Feature","geometry":{"type":"Polygon","coordinates":[[[-94.51100757423973,39.11467273353552],[-94.51101693026757,39.11450789139402],[-94.51055817748573,39.11449156045755],[-94.51054937861839,39.11457393154636],[-94.5105449089468,39.114656270781],[-94.51100757423973,39.11467273353552]]]},"properties":{"KIVAPIN":"280864","ADDRESS":"314 N Wheeling Ave","OWN_NAME":"Dango Thomas K & Dale Tasilia Y"}},{"type":"Feature","geometry":{"type":"Polygon","coordinates":[[[-94.5124083539255,39.11080545746484],[-94.51240797286319,39.110805457505386],[-94.51240092426359,39.11080518311549],[-94.51228879212957,39.110801190874376],[-94.51192534976866,39.11078825643009],[-94.51192129536093,39.11078811898878],[-94.51191983106389,39.110812761600094],[-94.51191526318786,39.110889664507795],[-94.51191937487077,39.11088980079941],[-94.51240226363161,39.11090654482986],[-94.51240425425046,39.11087380240639],[-94.51240688979371,39.11083007720151],[-94.5124083539255,39.11080545746484]]]},"properties":{"KIVAPIN":"46018","ADDRESS":"126 White Ave","OWN_NAME":"Eshnaur Dennis M"}},{"type":"Feature","geometry":{"type":"Polygon","coordinates":[[[-94.51321931509347,39.1092155060569],[-94.51285238591286,39.10920275679511],[-94.51284702806629,39.10929393623382],[-94.51321387038219,39.10930686913934],[-94.51321931509347,39.1092155060569]]]},"properties":{"KIVAPIN":"46173","ADDRESS":"333 Bellaire Ave","OWN_NAME":"Valencia Adan & Ruiz Laura"}},{"type":"Feature","geometry":{"type":"Polygon","coordinates":[[[-94.51567944296444,39.11334124637578],[-94.51567553745599,39.11334110904509],[-94.51523880111698,39.113325081857305],[-94.51523492571454,39.11332494450794],[-94.51523076919945,39.11339351833295],[-94.51523464680838,39.11339365568218],[-94.51567144084629,39.11340970518617],[-94.51567534635849,39.11340984251701],[-94.51567944296444,39.11334124637578]]]},"properties":{"KIVAPIN":"43186","ADDRESS":"126 N Lawndale Ave","OWN_NAME":"126 N Lawndale LLC"}},{"type":"Feature","geometry":{"type":"Polygon","coordinates":[[[-94.51638295395203,39.10995723794086],[-94.51593839757629,39.10994412087686],[-94.51593452089452,39.10994400700348],[-94.5159280249518,39.110053400872296],[-94.51593198974551,39.11005351473383],[-94.51637642859332,39.11006660952986],[-94.51638295395203,39.10995723794086]]]},"properties":{"KIVAPIN":"44729","ADDRESS":"317 Oakley Ave","OWN_NAME":"Alsaady Ali"}},{"type":"Feature","geometry":{"type":"Polygon","coordinates":[[[-94.51214643194713,39.11468503548087],[-94.5121421731903,39.11468489864063],[-94.51169092173855,39.11466872239288],[-94.51169013026713,39.11468245085395],[-94.51168474106741,39.11477319599647],[-94.51213617015773,39.11478946377189],[-94.51214040028462,39.11478960118728],[-94.51214564131007,39.11469883315882],[-94.51214643194713,39.11468503548087]]]},"properties":{"KIVAPIN":"45738","ADDRESS":"318 N White Ave","OWN_NAME":"Arla Rentals LLC"}},{"type":"Feature","geometry":{"type":"Polygon","coordinates":[[[-94.5140007732378,39.11157132126934],[-94.51399660277275,39.11157118505822],[-94.51363283240696,39.11155855171066],[-94.51351300495918,39.111554378502],[-94.51351236092356,39.11156531552657],[-94.51350682711808,39.11165816526618],[-94.51362662611498,39.11166238424573],[-94.51362627401086,39.111667899095075],[-94.51399016314457,39.11168050899591],[-94.51399436298536,39.111680645203755],[-94.5140007732378,39.11157132126934]]]},"properties":{"KIVAPIN":"46025","ADDRESS":"117 Topping Ave","OWN_NAME":"Land Bank of Kansas City Missouri"}},{"type":"Feature","geometry":{"type":"Polygon","coordinates":[[[-94.51320403409515,39.10947163386447],[-94.51320015670525,39.10947149759162],[-94.51283340177652,39.10945929738677],[-94.51282836535461,39.109541736374474],[-94.51319523893056,39.10955400522351],[-94.51319911412254,39.10955414264081],[-94.51320403409515,39.10947163386447]]]},"properties":{"KIVAPIN":"46170","ADDRESS":"325 Bellaire Ave","OWN_NAME":"Frias Isidro"}},{"type":"Feature","geometry":{"type":"Polygon","coordinates":[[[-94.51026760345897,39.116556164830364],[-94.50980124297254,39.11654055519124],[-94.50979632008034,39.11662356652591],[-94.51026341538437,39.1166390851693],[-94.51026760345897,39.116556164830364]]]},"properties":{"KIVAPIN":"45594","ADDRESS":"421 N Wheeling Ave","OWN_NAME":"Bee Clay"}},{"type":"Feature","geometry":{"type":"Polygon","coordinates":[[[-94.51227761150565,39.113049078907444],[-94.51227367517765,39.11304891915744],[-94.5117880114363,39.113030046410145],[-94.51178247607977,39.113123445752244],[-94.51226769919732,39.11314243297181],[-94.51227178238018,39.113142592706595],[-94.5122740969175,39.113105571583745],[-94.51227761150565,39.113049078907444]]]},"properties":{"KIVAPIN":"45812","ADDRESS":"120 N White Ave","OWN_NAME":"Nu Poe T"}},{"type":"Feature","geometry":{"type":"Polygon","coordinates":[[[-94.51159945925522,39.11322445983059],[-94.51159549428701,39.11322432294117],[-94.51113488253026,39.11320819122841],[-94.51109775869075,39.11320686769083],[-94.51109676274943,39.11322368505744],[-94.51109242704266,39.11329884837819],[-94.51112966914454,39.11330017190616],[-94.51159004727312,39.11331630366245],[-94.51159395277213,39.11331643998596],[-94.51159878554623,39.11323544260572],[-94.51159945925522,39.11322445983059]]]},"properties":{"KIVAPIN":"45800","ADDRESS":"127 N White Ave","OWN_NAME":"Riggs Fred Sr & Ruth"}},{"type":"Feature","geometry":{"type":"Polygon","coordinates":[[[-94.51029820956548,39.115958749454336],[-94.51029374513438,39.11595858911219],[-94.50983661109306,39.115942887275246],[-94.50983552693566,39.115961397797335],[-94.50983113154851,39.116035371248074],[-94.5102884424098,39.11605105078199],[-94.51029349427624,39.11605125683378],[-94.51029727164645,39.11597723651511],[-94.51029820956548,39.115958749454336]]]},"properties":{"KIVAPIN":"45600","ADDRESS":"403 N Wheeling Ave","OWN_NAME":"Damian Jose & Nancy"}},{"type":"Feature","geometry":{"type":"Polygon","coordinates":[[[-94.50896367036215,39.11546065624051],[-94.5089597346475,39.115460542139864],[-94.50860581470731,39.1154493126737],[-94.50860314552556,39.11548470806608],[-94.50859879087263,39.11554170461596],[-94.50895757362653,39.11555288911251],[-94.50896132517353,39.11549605333216],[-94.50896367036215,39.11546065624051]]]},"properties":{"KIVAPIN":"45500","ADDRESS":"341 N Belmont Blvd","OWN_NAME":"341 N Belmont Blvd"}},{"type":"Feature","geometry":{"type":"Polygon","coordinates":[[[-94.51314165463769,39.11184264847252],[-94.51301780309284,39.11183826871076],[-94.51301389767269,39.111838132434904],[-94.51300426453606,39.11200207277354],[-94.51300822943861,39.1120022101871],[-94.5131316693588,39.11200656655258],[-94.51314165463769,39.11184264847252]]]},"properties":{"KIVAPIN":"46000","ADDRESS":"106 Bellaire Ave","OWN_NAME":"Kuilan Jason"}},{"type":"Feature","geometry":{"type":"Polygon","coordinates":[[[-94.51618849266443,39.11324388831553],[-94.51618461506185,39.113243750998045],[-94.51574547184534,39.11322880200431],[-94.51574275060912,39.11327451732187],[-94.51573997062954,39.113320233219],[-94.51574390697547,39.11332037054338],[-94.51618302065572,39.11333531954683],[-94.51618577099023,39.1132896499767],[-94.51618849266443,39.11324388831553]]]},"properties":{"KIVAPIN":"43200","ADDRESS":"125 N Oakley Ave","OWN_NAME":"Seever Tim"}},{"type":"Feature","geometry":{"type":"Polygon","coordinates":[[[-94.51500344377217,39.114218326794344],[-94.51489136485738,39.114214497216786],[-94.51489119000983,39.11421754036396],[-94.51488665362662,39.11429371058643],[-94.51488255628875,39.114362741992814],[-94.51499460536218,39.11436670829437],[-94.51499873265209,39.11429747152653],[-94.51500344377217,39.114218326794344]]]},"properties":{"KIVAPIN":"43000","ADDRESS":"5700 Scarritt Ave","OWN_NAME":"Cole Carla"}},{"type":"Feature","geometry":{"type":"Polygon","coordinates":[[[-94.51703183911705,39.11075492525688],[-94.51657285757483,39.11073915799317],[-94.51656889273632,39.1107390212728],[-94.51656564634145,39.1107937974417],[-94.51656318822256,39.11083484625135],[-94.51656709432861,39.11083498355229],[-94.51702628209051,39.11085081945019],[-94.51702865034943,39.11080970200208],[-94.51703183911705,39.11075492525688]]]},"properties":{"KIVAPIN":"44800","ADDRESS":"140 Oakley Ave","OWN_NAME":"Taylor Aliesha N"}},{"type":"Feature","geometry":{"type":"Polygon","coordinates":[[[-94.51209615181013,39.11555741065674],[-94.51209221534698,39.115557274353314],[-94.51163925483594,39.115541143274775],[-94.5116331919825,39.11564410672645],[-94.51208633010742,39.11566021378515],[-94.51209020710024,39.11566035123897],[-94.51209615181013,39.11555741065674]]]},"properties":{"KIVAPIN":"45730","ADDRESS":"342 N White Ave","OWN_NAME":"Tinsley Antwain Lavon & Edith"}},{"type":"Feature","geometry":{"type":"Polygon","coordinates":[[[-94.5103123785012,39.11563848857095],[-94.50984766884697,39.11562301453652],[-94.50984201366634,39.115719458023186],[-94.51030678195039,39.11573486228874],[-94.5103123785012,39.11563848857095]]]},"properties":{"KIVAPIN":"45700","ADDRESS":"347 N Wheeling Ave","OWN_NAME":"Tinkey Megan C"}},{"type":"Feature","geometry":{"type":"Polygon","coordinates":[[[-94.51585938448322,39.11198604668131],[-94.5158100420003,39.1119845661409],[-94.51531807184098,39.11196991956157],[-94.51531102312902,39.11196971398961],[-94.5152937856059,39.11224892934978],[-94.51584252992716,39.11226736651696],[-94.51584273474575,39.112263934392296],[-94.51585938448322,39.11198604668131]]]},"properties":{"KIVAPIN":"44711","ADDRESS":"104 Lawndale Ave","OWN_NAME":"Restorefourchange LLC"}},{"type":"Feature","geometry":{"type":"Polygon","coordinates":[[[-94.51489219745807,39.11189078424704],[-94.51480414802313,39.11188761562277],[-94.51471603911811,39.11188442348683],[-94.51469810722409,39.11222891676148],[-94.51478624587436,39.1122318577919],[-94.51487438454132,39.112234843372946],[-94.51489219745807,39.11189078424704]]]},"properties":{"KIVAPIN":"44898","ADDRESS":"5707 St John Ave","OWN_NAME":"Restorefourchange LLC"}},{"type":"Feature","geometry":{"type":"Polygon","coordinates":[[[-94.51498013089194,39.11189395396375],[-94.51489219745807,39.11189078424704],[-94.51487438454132,39.112234843372946],[-94.51496243509264,39.11223776082871],[-94.51498013089194,39.11189395396375]]]},"properties":{"KIVAPIN":"44897","ADDRESS":"5703 St John Ave","OWN_NAME":"Restorefourchange LLC"}},{"type":"Feature","geometry":{"type":"Polygon","coordinates":[[[-94.51514054788309,39.11189974492604],[-94.51506862235733,39.11189714585066],[-94.51498013089194,39.11189395396375],[-94.51496243509264,39.11223776082871],[-94.51505063324295,39.112240723960234],[-94.51511982768474,39.11224302652439],[-94.51514054788309,39.11189974492604]]]},"properties":{"KIVAPIN":"44896","ADDRESS":"5701 St John Ave","OWN_NAME":"Restorefourchange LLC"}},{"type":"Feature","geometry":{"type":"Polygon","coordinates":[[[-94.51087658639362,39.117107167216965],[-94.51042067777786,39.11709217571484],[-94.51041671259524,39.117092039357445],[-94.51041179235342,39.11718841299574],[-94.51040687282581,39.117284740870936],[-94.51041077854177,39.11728487837798],[-94.51086263434212,39.117299663226326],[-94.51086651142232,39.117299800148764],[-94.51087151917771,39.117203494554836],[-94.51087658639362,39.117107167216965]]]},"properties":{"KIVAPIN":"45647","ADDRESS":"440 N Wheeling Ave","OWN_NAME":"Kansas City Missouri Homesteading Authority"}},{"type":"Feature","geometry":{"type":"Polygon","coordinates":[[[-94.51280818951385,39.109871860693325],[-94.5124366454921,39.10985961400599],[-94.51243187364356,39.10994212272872],[-94.51280318318192,39.109954552502025],[-94.51280818951385,39.109871860693325]]]},"properties":{"KIVAPIN":"46182","ADDRESS":"310 Barat Ave","OWN_NAME":"Correa Nancy"}},{"type":"Feature","geometry":{"type":"Polygon","coordinates":[[[-94.51475253627588,39.110013285586284],[-94.51430941944145,39.10999915366378],[-94.51430527917131,39.109999017459955],[-94.51429875207494,39.110108433549584],[-94.51430283361434,39.11010857090488],[-94.51474580428899,39.11012270172657],[-94.51475253627588,39.110013285586284]]]},"properties":{"KIVAPIN":"44748","ADDRESS":"308 Topping Ave","OWN_NAME":"B Maria Amelia Dela Rosa"}},{"type":"Feature","geometry":{"type":"Polygon","coordinates":[[[-94.51157537536416,39.108194013644145],[-94.5115696786884,39.10819376252229],[-94.51118651275702,39.108178218184314],[-94.5111809504181,39.10828935009096],[-94.51156385174369,39.108303910604725],[-94.51156896252684,39.108304092571],[-94.51157537536416,39.108194013644145]]]},"properties":{"KIVAPIN":"46255","ADDRESS":"411 White Ave","OWN_NAME":"Land Bank of Kansas City Missouri"}},{"type":"Feature","geometry":{"type":"Polygon","coordinates":[[[-94.51092054247353,39.116265407674305],[-94.51091663607856,39.116265270184364],[-94.51046370078465,39.11624989074292],[-94.51045976428594,39.116249753240346],[-94.51045619122893,39.11631899091884],[-94.51045408190382,39.11636054175943],[-94.5104580184087,39.11636067926217],[-94.51091086702769,39.116376036424874],[-94.51091480353413,39.116376172768156],[-94.51091694049886,39.11633466767803],[-94.51092054247353,39.116265407674305]]]},"properties":{"KIVAPIN":"45606","ADDRESS":"410 N Wheeling Ave","OWN_NAME":"Cash For Keys Lllc"}},{"type":"Feature","geometry":{"type":"Polygon","coordinates":[[[-94.51163351972727,39.11013463085433],[-94.51161854491151,39.11033756086484],[-94.51185637535944,39.11034598045486],[-94.51185655032408,39.11034291385752],[-94.5118617049781,39.11025351862036],[-94.5118664495929,39.110170895524874],[-94.51186806017085,39.11014286655983],[-94.51187113475603,39.110088456623345],[-94.51187382746917,39.11004235183069],[-94.51164492695092,39.11003459549518],[-94.5116409048926,39.1100344591849],[-94.51163351972727,39.11013463085433]]]},"properties":{"KIVAPIN":"285845","ADDRESS":"300 White Ave","OWN_NAME":"Revival of Hope Ministries"}},{"type":"Feature","geometry":{"type":"Polygon","coordinates":[[[-94.50815335622254,39.11673104890881],[-94.50815726263785,39.11673118649134],[-94.50850372934975,39.116742738761225],[-94.50850763576625,39.116742875187995],[-94.50851452712347,39.11665206261535],[-94.50890525630658,39.11666445703438],[-94.50890913334234,39.1166645476887],[-94.50891332058472,39.11656240938665],[-94.50891358424367,39.116556986085435],[-94.50861028424335,39.116547636401855],[-94.5086086326017,39.11656378853171],[-94.50852138914931,39.116561728820216],[-94.50852265009459,39.11654493491849],[-94.50817547839502,39.11653072745687],[-94.50817336732878,39.116549787168715],[-94.50815335622254,39.11673104890881]]]},"properties":{"KIVAPIN":"290079","ADDRESS":"423 N Belmont Blvd","OWN_NAME":"Cao Diem T"}},{"type":"Feature","geometry":{"type":"Polygon","coordinates":[[[-94.50819334757223,39.116369211840635],[-94.50818680464582,39.11642856522506],[-94.50819068240736,39.11642870166444],[-94.50853065578484,39.11643970574787],[-94.50891395286273,39.11645214701512],[-94.50891782989277,39.11645228400238],[-94.50892166570775,39.11635849543697],[-94.50892192918946,39.11635167756119],[-94.50891802352794,39.11635154057625],[-94.50853828021866,39.11633939651014],[-94.5082017136801,39.11632862101543],[-94.50819783665824,39.11632848400431],[-94.50819334757223,39.116369211840635]]]},"properties":{"KIVAPIN":"290080","ADDRESS":"419 N Belmont Blvd","OWN_NAME":"Ly Duc & Thach Tuyen"}},{"type":"Feature","geometry":{"type":"Polygon","coordinates":[[[-94.50819783665824,39.11632848400431],[-94.5082017136801,39.11632862101543],[-94.50853828021866,39.11633939651014],[-94.50891802352794,39.11635154057625],[-94.50892192918946,39.11635167756119],[-94.50892582356579,39.116256539604386],[-94.50892605785148,39.11625111687712],[-94.50854587524584,39.11623897286917],[-94.50820889799216,39.11622824318635],[-94.50819783665824,39.11632848400431]]]},"properties":{"KIVAPIN":"290081","ADDRESS":"417 N Belmont Blvd","OWN_NAME":"Vo Loi Van & Ho Thi Phuong"}},{"type":"Feature","geometry":{"type":"Polygon","coordinates":[[[-94.50821329907153,39.11618859074427],[-94.50820889799216,39.11622824318635],[-94.50854587524584,39.11623897286917],[-94.50892605785148,39.11625111687712],[-94.50893001075706,39.1161543778419],[-94.50893018720144,39.116150281623554],[-94.50855349960607,39.11613841194004],[-94.50822389576102,39.11612795632675],[-94.50822001802115,39.1161278650777],[-94.50821329907153,39.11618859074427]]]},"properties":{"KIVAPIN":"290082","ADDRESS":"415 N Belmont Blvd","OWN_NAME":"Bruscato Rosemary A"}},{"type":"Feature","geometry":{"type":"Polygon","coordinates":[[[-94.51214197087931,39.11573093260966],[-94.51213825216844,39.11579742468515],[-94.51259330056472,39.11581385047474],[-94.51259722369123,39.11574724395969],[-94.51260126542064,39.11567871602983],[-94.51214580670191,39.115662313194264],[-94.51214197087931,39.11573093260966]]]},"properties":{"KIVAPIN":"290083","ADDRESS":"345 N Bellaire Ave","OWN_NAME":"Htun Say Nay"}},{"type":"Feature","geometry":{"type":"Polygon","coordinates":[[[-94.51348089890251,39.11245080019382],[-94.51347706453922,39.11251937392947],[-94.51348094209678,39.112519510765075],[-94.51356473364294,39.112522612813876],[-94.51363495630379,39.112525190135294],[-94.5139349418457,39.11253625177856],[-94.51393908226359,39.11253638799548],[-94.51394306227151,39.11246769982419],[-94.51394701365449,39.11239910374999],[-94.51364283104338,39.112388064937335],[-94.51357254904946,39.112385511652164],[-94.5134847039063,39.11238231855522],[-94.51348089890251,39.11245080019382]]]},"properties":{"KIVAPIN":"290084","ADDRESS":"5808 St John Ave","OWN_NAME":"Do Kimberly"}},{"type":"Feature","geometry":{"type":"Polygon","coordinates":[[[-94.51018712578721,39.11206701423922],[-94.51029602842756,39.11207098533342],[-94.5104049898193,39.112074957464614],[-94.51051688892368,39.112079043060255],[-94.51052573555874,39.11192967740019],[-94.51041765548716,39.11192584315888],[-94.51041377796813,39.111925706793414],[-94.51042256679042,39.11177629480909],[-94.51031345972514,39.111772185995086],[-94.51020441067698,39.11176807707388],[-94.51018712578721,39.11206701423922]]]},"properties":{"KIVAPIN":"290085","ADDRESS":"6105 St John Ave","OWN_NAME":"Hunter Charles S & Carolyn J"}},{"type":"Feature","geometry":{"type":"Polygon","coordinates":[[[-94.5138131544169,39.118150670932444],[-94.51380893825416,39.11821935906013],[-94.51381296225053,39.118219495295165],[-94.51425621867651,39.118234063224115],[-94.51426031690842,39.11816532876162],[-94.51426441515106,39.1180966869647],[-94.5141521847677,39.11809299340966],[-94.51415625300015,39.11802432816669],[-94.51416035133093,39.117955662919094],[-94.51416442029107,39.11788704343538],[-94.51416901693916,39.11780977501074],[-94.51416919179455,39.11780657170219],[-94.51405699047329,39.11780267327017],[-94.514056785561,39.117806150005656],[-94.51405216014406,39.117883373812155],[-94.51404809107504,39.117951992148],[-94.51404396325923,39.11802063565865],[-94.51403986481603,39.118089322638],[-94.5139275742438,39.11808563059003],[-94.513821365197,39.11808216480324],[-94.51381736984587,39.11808202742109],[-94.5138131544169,39.118150670932444]]]},"properties":{"KIVAPIN":"290086","ADDRESS":"5712 Saida Ave","OWN_NAME":"Brocato's Landholdings LLC"}},{"type":"Feature","geometry":{"type":"Polygon","coordinates":[[[-94.51551027145739,39.117088406406644],[-94.51550617444684,39.11715688923866],[-94.51551013964297,39.11715702599497],[-94.51595336040798,39.117171677857264],[-94.51595736959598,39.11710315040454],[-94.5159614066894,39.11703466813626],[-94.51551830500146,39.11702001571625],[-94.51551433981298,39.11701987896023],[-94.51551027145739,39.117088406406644]]]},"properties":{"KIVAPIN":"290087","ADDRESS":"431 N Oakley Ave","OWN_NAME":"Hoffman Israel D"}},{"type":"Feature","geometry":{"type":"Polygon","coordinates":[[[-94.51404702089984,39.110786440773005],[-94.51404314417053,39.11078630452814],[-94.51390572519658,39.110781767177635],[-94.51379280156651,39.110778005284],[-94.51367970174357,39.11077428906298],[-94.5136765685786,39.11082627427051],[-94.51355674315074,39.11082235279313],[-94.51355375621239,39.1108715923018],[-94.51355112133686,39.110915111606346],[-94.51354804751722,39.11096695951838],[-94.51355195362474,39.11096709692033],[-94.51366793268384,39.11097099540085],[-94.51366802079096,39.11097099539052],[-94.51403143563671,39.11098323912946],[-94.51403543058728,39.1109833759325],[-94.51404104898789,39.11088768837412],[-94.51404702089984,39.110786440773005]]]},"properties":{"KIVAPIN":"46032","ADDRESS":"131 Topping Ave","OWN_NAME":"Amparan Vanessa & Luis Paul Rivera"}},{"type":"Feature","geometry":{"type":"Polygon","coordinates":[[[-94.51606923058128,39.11522831965197],[-94.515629604951,39.115212522566786],[-94.51562566850015,39.11521238581065],[-94.51562151446137,39.115280982507606],[-94.51562550818925,39.11528111982825],[-94.51606507550296,39.11529691579267],[-94.51606923058128,39.11522831965197]]]},"properties":{"KIVAPIN":"43042","ADDRESS":"329 N Oakley Ave","OWN_NAME":"Juarez Norma A Garcia"}},{"type":"Feature","geometry":{"type":"Polygon","coordinates":[[[-94.51097378189284,39.11525007520546],[-94.51096987555384,39.11524993771723],[-94.51051541861355,39.11523375779472],[-94.51051151227634,39.11523362029116],[-94.51050673709776,39.11531619692911],[-94.51051064343942,39.11531633386081],[-94.51096507078977,39.115332422281945],[-94.5109690072384,39.115332559767445],[-94.51097378189284,39.11525007520546]]]},"properties":{"KIVAPIN":"45686","ADDRESS":"334 N Wheeling Ave","OWN_NAME":"Ramirez Sergio"}},{"type":"Feature","geometry":{"type":"Polygon","coordinates":[[[-94.51217102976008,39.11425792063723],[-94.51216682976955,39.11425778321977],[-94.51172007486517,39.11424256702893],[-94.51171619721669,39.11424243070689],[-94.51170723416688,39.114393672621674],[-94.5121580447443,39.1144096429274],[-94.51216227337989,39.114409779770185],[-94.51217102976008,39.11425792063723]]]},"properties":{"KIVAPIN":"45742","ADDRESS":"306 N White Ave","OWN_NAME":"Mata-Parra Jorge & Munoz-Parra Jose"}},{"type":"Feature","geometry":{"type":"Polygon","coordinates":[[[-94.5123900514201,39.11110872012904],[-94.51190772022933,39.11109316521351],[-94.51190313862536,39.11109300551682],[-94.5119018500608,39.111114856669325],[-94.51189713487746,39.111193612347996],[-94.51190151090405,39.111193772065924],[-94.51238393093858,39.11120962387382],[-94.51238741585212,39.11115242245081],[-94.5123887336324,39.11113054783729],[-94.5123900514201,39.11110872012904]]]},"properties":{"KIVAPIN":"46015","ADDRESS":"120 White Ave","OWN_NAME":"Garcia Gustavo"}},{"type":"Feature","geometry":{"type":"Polygon","coordinates":[[[-94.51369334337828,39.11054916472713],[-94.51357322411448,39.110545861078585],[-94.51355674315074,39.11082235279313],[-94.5136765685786,39.11082627427051],[-94.51367970174357,39.11077428906298],[-94.51368584965996,39.110673132980295],[-94.51369334337828,39.11054916472713]]]},"properties":{"KIVAPIN":"46036","ADDRESS":"5808 Anderson Ave","OWN_NAME":"Sanchez Justino V"}},{"type":"Feature","geometry":{"type":"Polygon","coordinates":[[[-94.51258974149934,39.111823169876025],[-94.5124715877235,39.11181901772507],[-94.51245096879704,39.112143651117215],[-94.51245079385353,39.11214671657048],[-94.51256921252126,39.11215098254492],[-94.51256938745549,39.11214789363884],[-94.51258974149934,39.111823169876025]]]},"properties":{"KIVAPIN":"46003","ADDRESS":"5905 St John Ave","OWN_NAME":"Garcia Leon Pablo & Salazar Vazquez Graciela"}},{"type":"Feature","geometry":{"type":"Polygon","coordinates":[[[-94.51353993790674,39.11110081283777],[-94.51342196151785,39.11109677603205],[-94.51305819373971,39.11108439372115],[-94.51305274747038,39.11117717479519],[-94.51341634027452,39.11118971787953],[-94.51341648712014,39.111189717862636],[-94.51353434691255,39.111193708354065],[-94.51353566433916,39.11117183429983],[-94.51353993790674,39.11110081283777]]]},"properties":{"KIVAPIN":"46060","ADDRESS":"124 Bellaire Ave","OWN_NAME":"Gallegos Jose A"}},{"type":"Feature","geometry":{"type":"Polygon","coordinates":[[[-94.51165340881134,39.11231410170848],[-94.51154808856803,39.112308644285754],[-94.51154788281434,39.112312122736256],[-94.5115281728606,39.112650002596816],[-94.51152720629474,39.112666179307766],[-94.51152703130631,39.11266922245073],[-94.51163208758037,39.11267360510022],[-94.51163319973647,39.112654385248206],[-94.51165340881134,39.11231410170848]]]},"properties":{"KIVAPIN":"45807","ADDRESS":"6000 St John Ave","OWN_NAME":"Leon Rigoberto"}},{"type":"Feature","geometry":{"type":"Polygon","coordinates":[[[-94.515852124279,39.11091395256097],[-94.51582683664395,39.110913131721084],[-94.5153809832393,39.1108983647313],[-94.51537710723527,39.11089822738663],[-94.51537151665394,39.110988607266535],[-94.51537574582551,39.110988743992756],[-94.51584647629905,39.11100433132712],[-94.515852124279,39.11091395256097]]]},"properties":{"KIVAPIN":"44699","ADDRESS":"136 Lawndale Ave","OWN_NAME":"Sfr3-050 LLC"}},{"type":"Feature","geometry":{"type":"Polygon","coordinates":[[[-94.51118535077802,39.1116033837101],[-94.51072472019041,39.11159139177097],[-94.51072075531886,39.111591277732344],[-94.51071601130772,39.111672801917926],[-94.51071997618035,39.11167289307603],[-94.51118078133634,39.11168504518153],[-94.51118535077802,39.1116033837101]]]},"properties":{"KIVAPIN":"45973","ADDRESS":"112 Wheeling Ave","OWN_NAME":"Hemmings Natasha"}},{"type":"Feature","geometry":{"type":"Polygon","coordinates":[[[-94.51284165463166,39.11172690582552],[-94.51247823531199,39.11171394907992],[-94.51235359250971,39.11170945486591],[-94.5122375241567,39.111705279948026],[-94.51223364664617,39.11170514307105],[-94.51223323667791,39.11171209883102],[-94.51223306094047,39.111714867407855],[-94.51222714483968,39.111810395304325],[-94.51234709013107,39.11181461558325],[-94.5124715877235,39.11181901772507],[-94.51258974149934,39.111823169876025],[-94.5127096280951,39.1118273897883],[-94.51283538862464,39.11183183773722],[-94.51284165463166,39.11172690582552]]]},"properties":{"KIVAPIN":"46039","ADDRESS":"111 Bellaire Ave","OWN_NAME":"Garivay Marizcales Manuel H"}},{"type":"Feature","geometry":{"type":"Polygon","coordinates":[[[-94.51289714049729,39.110799386808516],[-94.51289317566258,39.11079925053513],[-94.51253974792621,39.110785811807915],[-94.51253581172767,39.110785675519296],[-94.5125342888702,39.110810111646764],[-94.5124083539255,39.11080545746484],[-94.51240688979371,39.11083007720151],[-94.51240425425046,39.11087380240639],[-94.51240816035066,39.110873939846684],[-94.51253007257479,39.110878456605214],[-94.51253024805452,39.11087845658637],[-94.51288767185426,39.11089162033266],[-94.51289160659093,39.11089175660956],[-94.51289714049729,39.110799386808516]]]},"properties":{"KIVAPIN":"46050","ADDRESS":"131 Bellaire Ave","OWN_NAME":"Banuelas Luis A & Montoya Camelia"}},{"type":"Feature","geometry":{"type":"Polygon","coordinates":[[[-94.51601549619717,39.11425292439635],[-94.51590338853714,39.114249096367715],[-94.51589861894658,39.11432824114375],[-94.5158944638893,39.11439743332957],[-94.51589033878452,39.11446598370849],[-94.51588638848257,39.1145315143906],[-94.51588621221374,39.11453458099195],[-94.51599837911272,39.11453861438247],[-94.51600247547549,39.11447004055189],[-94.51600657183036,39.11440146672036],[-94.51601075611268,39.11433211550613],[-94.51601549619717,39.11425292439635]]]},"properties":{"KIVAPIN":"43034","ADDRESS":"5602 Scarritt Ave","OWN_NAME":"Liotta Antonino & Sandy M"}},{"type":"Feature","geometry":{"type":"Polygon","coordinates":[[[-94.51042914903334,39.1135935207308],[-94.50994392353263,39.11357608174434],[-94.5099390890563,39.113658612626395],[-94.50993829799377,39.113672364530615],[-94.51042352560162,39.113689665684106],[-94.51042914903334,39.1135935207308]]]},"properties":{"KIVAPIN":"45849","ADDRESS":"219 N Wheeling Ave","OWN_NAME":"Stewart Robert E & Linda K"}},{"type":"Feature","geometry":{"type":"Polygon","coordinates":[[[-94.5099390890563,39.113658612626395],[-94.50993518280734,39.113658476247515],[-94.50945703447988,39.11364124112926],[-94.50945621393828,39.11365487748539],[-94.50945202393524,39.11372370336255],[-94.50945592945268,39.11372384032969],[-94.50993037767249,39.113740915030945],[-94.50993425455596,39.11374105255655],[-94.50993829799377,39.113672364530615],[-94.5099390890563,39.113658612626395]]]},"properties":{"KIVAPIN":"45843","ADDRESS":"140 N Belmont Blvd","OWN_NAME":"KMS Enterprises LLC"}},{"type":"Feature","geometry":{"type":"Polygon","coordinates":[[[-94.5098730601673,39.11446621440132],[-94.50940853448287,39.11445037307919],[-94.50940393428364,39.114532881599125],[-94.50986431925286,39.11454863119519],[-94.50986819618029,39.1145487675789],[-94.5098730601673,39.11446621440132]]]},"properties":{"KIVAPIN":"45727","ADDRESS":"312 N Belmont Blvd","OWN_NAME":"Flores Yadira"}},{"type":"Feature","geometry":{"type":"Polygon","coordinates":[[[-94.51110631145848,39.113058668956484],[-94.51110243461021,39.11305853204186],[-94.5106424107668,39.11304278729779],[-94.51063850528465,39.113042650370375],[-94.51063452131595,39.11311142937312],[-94.51063375975087,39.113125089758064],[-94.51063763660196,39.11312522726029],[-94.51109766024237,39.11314094857032],[-94.51110156646519,39.11314108605429],[-94.51110235730287,39.11312737990227],[-94.51110303104123,39.11311609968144],[-94.51110631145848,39.113058668956484]]]},"properties":{"KIVAPIN":"45863","ADDRESS":"202 N Wheeling Ave","OWN_NAME":"Marshall Ken S & Roseann P"}},{"type":"Feature","geometry":{"type":"Polygon","coordinates":[[[-94.5110911975257,39.11331983004348],[-94.51108732066307,39.113319692556345],[-94.51062732522928,39.113303947750836],[-94.51062341899859,39.11330381139501],[-94.51061782450338,39.11340004845437],[-94.51062173000514,39.11340018481049],[-94.51108175542623,39.11341588387366],[-94.51108566166407,39.11341602078614],[-94.51108730119971,39.11338760287386],[-94.5110911975257,39.11331983004348]]]},"properties":{"KIVAPIN":"45866","ADDRESS":"210 N Wheeling Ave","OWN_NAME":"Tekle Wondimagegnehu M & Tizazu Kassech"}},{"type":"Feature","geometry":{"type":"Polygon","coordinates":[[[-94.51253537444592,39.11676811569195],[-94.51209356576929,39.11675205382469],[-94.512093390275,39.116752053842895],[-94.51206774737805,39.11675107320504],[-94.51206397085537,39.11681944148396],[-94.51205656375903,39.11695528396344],[-94.5120529037131,39.11702216441478],[-94.5120570443978,39.11702234703164],[-94.51207854450922,39.11702316850871],[-94.5120793669164,39.11702319130411],[-94.51252011977603,39.11704266140714],[-94.5125239560169,39.11697392873567],[-94.51252776218476,39.116905423156744],[-94.51253153821538,39.11683678144038],[-94.51253537444592,39.11676811569195]]]},"properties":{"KIVAPIN":"45566","ADDRESS":"427 N Bellaire Ave","OWN_NAME":"Rodemann Nancy"}},{"type":"Feature","geometry":{"type":"Polygon","coordinates":[[[-94.51726794703771,39.11549651464268],[-94.51681372343032,39.115479993148746],[-94.51680949325315,39.11547985590291],[-94.51680671409422,39.115526487605294],[-94.5168040811178,39.11557030439634],[-94.51725868859924,39.11558684875132],[-94.51726262507421,39.11558698602433],[-94.51726519828539,39.115543145779284],[-94.51726794703771,39.11549651464268]]]},"properties":{"KIVAPIN":"43082","ADDRESS":"335 N Drury Ave","OWN_NAME":"Figueroa Mayra"}},{"type":"Feature","geometry":{"type":"Polygon","coordinates":[[[-94.51732114995488,39.114583546548175],[-94.51731727301112,39.11458340984031],[-94.51686795864165,39.114566795730795],[-94.51686405232914,39.114566659012105],[-94.51685998541593,39.11463516479758],[-94.51685864034908,39.114657175020064],[-94.51686281100179,39.11465731227275],[-94.51731588540012,39.11467401736593],[-94.51731717306336,39.11465205176401],[-94.51732114995488,39.114583546548175]]]},"properties":{"KIVAPIN":"43072","ADDRESS":"309 N Drury Ave","OWN_NAME":"Lopez Ismael"}},{"type":"Feature","geometry":{"type":"Polygon","coordinates":[[[-94.51856970002359,39.11305005464687],[-94.51811502120253,39.113033674427285],[-94.51811221288939,39.11308028273217],[-94.51811007800417,39.113115908223804],[-94.51856490493611,39.113132287294796],[-94.51856701021705,39.11309663949105],[-94.51856970002359,39.11305005464687]]]},"properties":{"KIVAPIN":"43140","ADDRESS":"117 N Hardesty Ave","OWN_NAME":"Diaz Edward F Jr"}},{"type":"Feature","geometry":{"type":"Polygon","coordinates":[[[-94.51230691923057,39.11050053776698],[-94.51193936554156,39.110484650479286],[-94.51193336193138,39.11058546382074],[-94.5119372973834,39.110585600129745],[-94.51229709771512,39.110598628160126],[-94.51230097516515,39.11059876503504],[-94.51230691923057,39.11050053776698]]]},"properties":{"KIVAPIN":"46021","ADDRESS":"132 White Ave","OWN_NAME":"Herrera Maria J"}},{"type":"Feature","geometry":{"type":"Polygon","coordinates":[[[-94.51232927708469,39.10836021012466],[-94.51232416776395,39.10836002819158],[-94.51176370653096,39.10834029431537],[-94.51175715744209,39.108340066169355],[-94.51175296921815,39.10840866224122],[-94.51174875160301,39.10847716736445],[-94.51175615238417,39.10847744175841],[-94.5123170257538,39.10849660361036],[-94.51232090235436,39.1084967399127],[-94.51232509010053,39.108428531648755],[-94.51232927708469,39.10836021012466]]]},"properties":{"KIVAPIN":"46219","ADDRESS":"416 White Ave","OWN_NAME":"Hayes Steven R & Theresa A"}},{"type":"Feature","geometry":{"type":"Polygon","coordinates":[[[-94.51477232316289,39.1096921067532],[-94.51432862094744,39.10967788402633],[-94.51432442122486,39.10967774783047],[-94.51432281149148,39.109705090411886],[-94.51431862522709,39.109775105732076],[-94.51432285505368,39.1097752196158],[-94.51476632287722,39.10978918956275],[-94.51477062623097,39.109719449351736],[-94.51477232316289,39.1096921067532]]]},"properties":{"KIVAPIN":"44895","ADDRESS":"314 Topping Ave","OWN_NAME":"Herron Clemon III"}},{"type":"Feature","geometry":{"type":"Polygon","coordinates":[[[-94.51144264652126,39.115908648568535],[-94.5109819292525,39.11589279083771],[-94.51097613098416,39.11600369380309],[-94.51097176759163,39.116086911067995],[-94.5109674034334,39.11616999161988],[-94.51142780013295,39.116185711582865],[-94.5114322511381,39.11610267676676],[-94.51143673149295,39.116019573876535],[-94.51144264652126,39.115908648568535]]]},"properties":{"KIVAPIN":"45621","ADDRESS":"401 N White Ave","OWN_NAME":"401 N White Ave Trust"}},{"type":"Feature","geometry":{"type":"Polygon","coordinates":[[[-94.51609942682707,39.11472546777278],[-94.5160955212414,39.11472533045622],[-94.51565607421519,39.114709511707964],[-94.51565469885496,39.11473236907594],[-94.51565057276939,39.114800942895215],[-94.51565450772898,39.11480108022274],[-94.516093955334,39.1148169447378],[-94.51609805162019,39.11474837090714],[-94.51609942682707,39.11472546777278]]]},"properties":{"KIVAPIN":"43038","ADDRESS":"315 N Oakley Ave","OWN_NAME":"Veracity Investments LLC"}},{"type":"Feature","geometry":{"type":"Polygon","coordinates":[[[-94.51508907384508,39.112772167724735],[-94.51464855226924,39.11275526934932],[-94.51464461742538,39.11275513198776],[-94.51464051983606,39.112823661173856],[-94.51463849967128,39.11285791260657],[-94.51507890368013,39.11287485736815],[-94.51508298538053,39.11287499412403],[-94.51508503396593,39.11284074153599],[-94.51508907384508,39.112772167724735]]]},"properties":{"KIVAPIN":"43227","ADDRESS":"111 N Lawndale Ave","OWN_NAME":"Pham Thanh Khoa Nguyan"}},{"type":"Feature","geometry":{"type":"Polygon","coordinates":[[[-94.51659715544677,39.11616172914591],[-94.51657964935643,39.11616118250166],[-94.51624657841111,39.11615068142222],[-94.51624640207481,39.116153403669784],[-94.51624239317853,39.1162217492426],[-94.51624630103927,39.1162218402206],[-94.51659306013735,39.11623275177666],[-94.51659703786635,39.11616445138562],[-94.51659715544677,39.11616172914591]]]},"properties":{"KIVAPIN":"42490","ADDRESS":"402 N Oakley Ave","OWN_NAME":"Palazzolo Anthony"}},{"type":"Feature","geometry":{"type":"Polygon","coordinates":[[[-94.5104940986718,39.11248327690797],[-94.51049016385123,39.11248314055022],[-94.51040645989787,39.11248028797085],[-94.51039934014484,39.11260146507192],[-94.51048697982995,39.112604637059434],[-94.5104940986718,39.11248327690797]]]},"properties":{"KIVAPIN":"45828","ADDRESS":"109 N Wheeling Ave","OWN_NAME":"Leon Rigoberto"}},{"type":"Feature","geometry":{"type":"Polygon","coordinates":[[[-94.51109676274943,39.11322368505744],[-94.51109288589204,39.11322354757049],[-94.51063283307644,39.11320780279187],[-94.51062895548674,39.11320766643363],[-94.51062341899859,39.11330381139501],[-94.51062732522928,39.113303947750836],[-94.51108732066307,39.113319692556345],[-94.5110911975257,39.11331983004348],[-94.51109242704266,39.11329884837819],[-94.51109676274943,39.11322368505744]]]},"properties":{"KIVAPIN":"45865","ADDRESS":"208 N Wheeling Ave","OWN_NAME":"Mendez Arturo"}},{"type":"Feature","geometry":{"type":"Polygon","coordinates":[[[-94.51009399410421,39.110417738774686],[-94.50963977459662,39.11040068651048],[-94.50963514518024,39.110480401943754],[-94.50963054511938,39.1105600962087],[-94.51008503070862,39.11057719481865],[-94.51008951276724,39.110497387287005],[-94.51009399410421,39.110417738774686]]]},"properties":{"KIVAPIN":"45928","ADDRESS":"142 Belmont Blvd","OWN_NAME":"Rodriguez Octavio"}},{"type":"Feature","geometry":{"type":"Polygon","coordinates":[[[-94.51107414264438,39.10924918163928],[-94.51069014897367,39.10923482497385],[-94.51068574370262,39.10923466521309],[-94.51068012094736,39.10933069584748],[-94.5110684308629,39.109345349012536],[-94.51107414264438,39.10924918163928]]]},"properties":{"KIVAPIN":"46114","ADDRESS":"320 Wheeling Ave","OWN_NAME":"Bell Regina R"}},{"type":"Feature","geometry":{"type":"Polygon","coordinates":[[[-94.51141444700662,39.11643451628684],[-94.5109543718069,39.116419001595325],[-94.5109500090587,39.1165019677385],[-94.51141002455246,39.11651727595517],[-94.51141444700662,39.11643451628684]]]},"properties":{"KIVAPIN":"45617","ADDRESS":"417 N White Ave","OWN_NAME":"Nguyen Tri Van & Dang Phuong Hang"}},{"type":"Feature","geometry":{"type":"Polygon","coordinates":[[[-94.51589158760355,39.109829312712165],[-94.51544670926242,39.109813721562006],[-94.51544280394913,39.109813584223396],[-94.5154358673679,39.10992590627747],[-94.51543983215879,39.10992604360843],[-94.5158848276827,39.10994046728311],[-94.51589158760355,39.109829312712165]]]},"properties":{"KIVAPIN":"44731","ADDRESS":"314 Lawndale Ave","OWN_NAME":"Ailor Louetta Mae"}},{"type":"Feature","geometry":{"type":"Polygon","coordinates":[[[-94.51669448266647,39.11637297153249],[-94.51623834271825,39.11635857654462],[-94.51623440694713,39.11635848499822],[-94.51623039803806,39.116426875757455],[-94.51622639131887,39.11649524363481],[-94.51622235228871,39.11656363439634],[-94.51622634755333,39.1165637482435],[-94.5166826643323,39.116578213038345],[-94.51668658468776,39.11650977594474],[-94.5166905336839,39.116441386323444],[-94.51669448266647,39.11637297153249]]]},"properties":{"KIVAPIN":"42488","ADDRESS":"412 N Oakley Ave","OWN_NAME":"Tezon Paul L"}},{"type":"Feature","geometry":{"type":"Polygon","coordinates":[[[-94.51440949877177,39.115720492521355],[-94.51396693363674,39.1157061315828],[-94.51396270418603,39.11570599537762],[-94.51395851766193,39.11577456913287],[-94.513953394207,39.1158581063603],[-94.51440033747157,39.11587324475061],[-94.51440540079753,39.115789088590134],[-94.51440949877177,39.115720492521355]]]},"properties":{"KIVAPIN":"42982","ADDRESS":"5715 Norledge Ave","OWN_NAME":"Russell H Kay & Dennis C"}},{"type":"Feature","geometry":{"type":"Polygon","coordinates":[[[-94.50974942013174,39.11709445377354],[-94.50974710050214,39.11709438532563],[-94.50928549336756,39.11707922969592],[-94.50928161777112,39.11707909329277],[-94.50927637399484,39.11718944639987],[-94.50943824240444,39.117194742285534],[-94.50958580459493,39.11719958093903],[-94.5097439722075,39.11720473827657],[-94.50974942013174,39.11709445377354]]]},"properties":{"KIVAPIN":"45623","ADDRESS":"434 N Belmont Blvd","OWN_NAME":"Lopez Oscar Adolfo"}},{"type":"Feature","geometry":{"type":"Polygon","coordinates":[[[-94.51569185095836,39.11313550140371],[-94.51568794472713,39.11313536464556],[-94.51525112227988,39.113119338086875],[-94.5152472454202,39.11311920073809],[-94.51524314840825,39.113187798010834],[-94.51524068946382,39.113228960035045],[-94.51524465443944,39.11322909737253],[-94.51568523841368,39.1132452378523],[-94.51568769563664,39.113204098699725],[-94.51569185095836,39.11313550140371]]]},"properties":{"KIVAPIN":"43188","ADDRESS":"120 N Lawndale Ave","OWN_NAME":"KMS Enterprises LLC"}},{"type":"Feature","geometry":{"type":"Polygon","coordinates":[[[-94.51136718332798,39.117315860368265],[-94.51136330551174,39.117315724034555],[-94.51090816064803,39.1173011690969],[-94.5109031529284,39.11739742778546],[-94.5109024501197,39.117411133917855],[-94.51090632720599,39.11741127026697],[-94.51135736147234,39.117425826184],[-94.51136126719774,39.1174259625152],[-94.51136199928226,39.11741221176002],[-94.51136718332798,39.117315860368265]]]},"properties":{"KIVAPIN":"45653","ADDRESS":"443 N White Ave","OWN_NAME":"Guzman Floriberto & Isabel"}},{"type":"Feature","geometry":{"type":"Polygon","coordinates":[[[-94.51554749619926,39.115531054270555],[-94.51510692836135,39.115516010973806],[-94.5151030227342,39.11551587476807],[-94.51510164644569,39.11553873327047],[-94.51509749041108,39.1156073293732],[-94.51510139677754,39.11560746557905],[-94.51554196444464,39.11562248658781],[-94.51554608995892,39.115553958543416],[-94.51554749619926,39.115531054270555]]]},"properties":{"KIVAPIN":"43017","ADDRESS":"338 N Lawndale Ave","OWN_NAME":"Mesa Christian A"}},{"type":"Feature","geometry":{"type":"Polygon","coordinates":[[[-94.50889250160974,39.11707207638839],[-94.50888862454867,39.11707196228091],[-94.50848355984009,39.117059934369124],[-94.5084798354272,39.11710812066797],[-94.50847564189708,39.11716326442691],[-94.50888440798417,39.11717501751646],[-94.50888828504792,39.11717510817144],[-94.50889250160974,39.11707207638839]]]},"properties":{"KIVAPIN":"45480","ADDRESS":"433 N Belmont Blvd","OWN_NAME":"Venegas Gerardo & Guadalupe"}},{"type":"Feature","geometry":{"type":"Polygon","coordinates":[[[-94.51281325680706,39.109789352493785],[-94.51244138942553,39.109777082976265],[-94.5124366454921,39.10985961400599],[-94.51280818951385,39.109871860693325],[-94.51281325680706,39.109789352493785]]]},"properties":{"KIVAPIN":"46181","ADDRESS":"312 Barat Ave","OWN_NAME":"Pham Khoa"}},{"type":"Feature","geometry":{"type":"Polygon","coordinates":[[[-94.51749391242232,39.11163390909386],[-94.51749000627038,39.111633771824],[-94.51703310341216,39.11161800606326],[-94.51702919799637,39.11161786934987],[-94.51702832054596,39.11163294839713],[-94.51702422533504,39.11170149884431],[-94.51702290898794,39.11172341812502],[-94.51748365919806,39.111739275443114],[-94.51748756462143,39.111739412141254],[-94.51748891093396,39.111717515159484],[-94.51749300570117,39.11164898700493],[-94.51749391242232,39.11163390909386]]]},"properties":{"KIVAPIN":"44813","ADDRESS":"119 Drury Ave","OWN_NAME":"Roush Ruth V"}},{"type":"Feature","geometry":{"type":"Polygon","coordinates":[[[-94.50986819618029,39.1145487675789],[-94.50986431925286,39.11454863119519],[-94.50940393428364,39.114532881599125],[-94.5093992760667,39.11461538897837],[-94.50939467511466,39.1146979198043],[-94.50985849679932,39.11471380700168],[-94.50986336154304,39.11463125268272],[-94.50986819618029,39.1145487675789]]]},"properties":{"KIVAPIN":"45726","ADDRESS":"318 N Belmont Blvd","OWN_NAME":"Calderon Pedro & Rosalia"}},{"type":"Feature","geometry":{"type":"Polygon","coordinates":[[[-94.51390214358085,39.11317698292034],[-94.51389797228688,39.11317684556179],[-94.51344135521533,39.1131599445437],[-94.51343883734441,39.113205638048086],[-94.51343626220712,39.113251375603895],[-94.51344013907055,39.113251513012884],[-94.51389270364311,39.11326825378192],[-94.51389687494247,39.11326839114065],[-94.51389950926095,39.11322267473235],[-94.51390214358085,39.11317698292034]]]},"properties":{"KIVAPIN":"45782","ADDRESS":"123 N Topping Ave","OWN_NAME":"Flores Oscar Millan"}},{"type":"Feature","geometry":{"type":"Polygon","coordinates":[[[-94.51706106079259,39.114288676369476],[-94.51688101944397,39.114282524805574],[-94.51687633888682,39.11436095973639],[-94.5168738808359,39.11440205428868],[-94.51705404083101,39.11440873210076],[-94.51705647013596,39.11436761524032],[-94.51706088607142,39.11429185737568],[-94.51706106079259,39.114288676369476]]]},"properties":{"KIVAPIN":"43068","ADDRESS":"5506 Scarritt Ave","OWN_NAME":"Rosales-Macias Miguel Alan"}},{"type":"Feature","geometry":{"type":"Polygon","coordinates":[[[-94.51103984292504,39.109825136203305],[-94.51065625804716,39.10981089436443],[-94.51065194011177,39.1098107345944],[-94.51064616919457,39.109908366877036],[-94.51103404167988,39.10992260834316],[-94.51103984292504,39.109825136203305]]]},"properties":{"KIVAPIN":"46108","ADDRESS":"308 Wheeling Ave","OWN_NAME":"Olivas Jesus & Othon & Jose"}},{"type":"Feature","geometry":{"type":"Polygon","coordinates":[[[-94.51587824430703,39.110049929231074],[-94.51543307113492,39.11003543634113],[-94.51542913644101,39.110035300149995],[-94.51542351751894,39.11012641165844],[-94.51542786412377,39.11012659412855],[-94.51587271481274,39.11014108708208],[-94.51587824430703,39.110049929231074]]]},"properties":{"KIVAPIN":"44733","ADDRESS":"310 Lawndale Ave","OWN_NAME":"Lawndale Ave LLC"}},{"type":"Feature","geometry":{"type":"Polygon","coordinates":[[[-94.51189781068275,39.10962335882707],[-94.51189393402119,39.10962322193867],[-94.51167575445754,39.10961612753586],[-94.51167181905994,39.10961599121798],[-94.51166437603197,39.10971648380356],[-94.51166836943797,39.109716620115876],[-94.51189204200341,39.10972398854008],[-94.51189479462917,39.10967630497268],[-94.51189781068275,39.10962335882707]]]},"properties":{"KIVAPIN":"46135","ADDRESS":"320 White Ave","OWN_NAME":"Torres Diana Lizeth"}},{"type":"Feature","geometry":{"type":"Polygon","coordinates":[[[-94.51481356388369,39.10902217876276],[-94.51436877845589,39.10900772808988],[-94.51436440255428,39.109007545583815],[-94.51436352447523,39.10902216643272],[-94.51435948549063,39.10909032783915],[-94.51435770087053,39.10912043957694],[-94.5143618697234,39.1091205757754],[-94.51480266168338,39.10913459224889],[-94.51480659632624,39.109134729605266],[-94.51480847033856,39.109104664182645],[-94.51481268582062,39.10903643352447],[-94.51481356388369,39.10902217876276]]]},"properties":{"KIVAPIN":"44889","ADDRESS":"338 Topping Ave","OWN_NAME":"Pham And Hung the & Ha Thanh"}},{"type":"Feature","geometry":{"type":"Polygon","coordinates":[[[-94.51481550095818,39.11729927366952],[-94.51481162533898,39.1172991368782],[-94.51437157503352,39.11728260350132],[-94.51436769794752,39.11728246669545],[-94.51436520971505,39.1173236298199],[-94.51436169694456,39.11738190606199],[-94.51436574953199,39.11738204341845],[-94.51480941319774,39.11739869076119],[-94.51481301298544,39.11734043565931],[-94.51481550095818,39.11729927366952]]]},"properties":{"KIVAPIN":"42570","ADDRESS":"439 N Lawndale Ave","OWN_NAME":"Garcia Arturo Jr & Garcia Erik R"}},{"type":"Feature","geometry":{"type":"Polygon","coordinates":[[[-94.51445884936089,39.11489747001963],[-94.5140174641633,39.11488297184035],[-94.5140130298923,39.11488278990037],[-94.51400884347439,39.11495140885639],[-94.51400462767337,39.11502000607834],[-94.5140091507947,39.11502016455534],[-94.51445062494946,39.11503461756538],[-94.51445475220696,39.11496602091047],[-94.51445884936089,39.11489747001963]]]},"properties":{"KIVAPIN":"42988","ADDRESS":"322 N Topping Ave","OWN_NAME":"Dang Vinh"}},{"type":"Feature","geometry":{"type":"Polygon","coordinates":[[[-94.51224583027772,39.11150859702357],[-94.51188314718416,39.11149582139024],[-94.51187912357368,39.11149568394436],[-94.51187303199916,39.11159837348729],[-94.51187696824174,39.11159851037028],[-94.51223941708423,39.111612315676304],[-94.51224583027772,39.11150859702357]]]},"properties":{"KIVAPIN":"46011","ADDRESS":"112 White Ave","OWN_NAME":"Ward Adam"}},{"type":"Feature","geometry":{"type":"Polygon","coordinates":[[[-94.51567534635849,39.11340984251701],[-94.51567144084629,39.11340970518617],[-94.51523464680838,39.11339365568218],[-94.51523076919945,39.11339351833295],[-94.51522667215575,39.11346211560191],[-94.51522254499966,39.11353071230183],[-94.5152264226161,39.113530849651305],[-94.51566318812392,39.11354687630889],[-94.51566709584634,39.11354701306766],[-94.51567119246805,39.11347841635634],[-94.51567534635849,39.11340984251701]]]},"properties":{"KIVAPIN":"43185","ADDRESS":"128 N Lawndale Ave","OWN_NAME":"Lambeth Leslie A"}},{"type":"Feature","geometry":{"type":"Polygon","coordinates":[[[-94.51792573579253,39.11200709549805],[-94.51788174069081,39.112005591559516],[-94.5177669337493,39.11200169652121],[-94.51765027725007,39.111997686674584],[-94.5176307415024,39.11232806442126],[-94.51774918939627,39.11233223303495],[-94.51786584648715,39.11233637949407],[-94.5179098719153,39.11233795150377],[-94.51791004726998,39.112334542260676],[-94.51792573579253,39.11200709549805]]]},"properties":{"KIVAPIN":"44843","ADDRESS":"5421 St John Ave","OWN_NAME":"Salazar Juan"}},{"type":"Feature","geometry":{"type":"Polygon","coordinates":[[[-94.51103404167988,39.10992260834316],[-94.51064616919457,39.109908366877036],[-94.51064063272545,39.11000277296403],[-94.5106447737231,39.110002909869955],[-94.51102847624072,39.110016258817474],[-94.51103404167988,39.10992260834316]]]},"properties":{"KIVAPIN":"46107","ADDRESS":"306 Wheeling Ave","OWN_NAME":"Alonzo Ruben"}},{"type":"Feature","geometry":{"type":"Polygon","coordinates":[[[-94.51755121006867,39.11067906750906],[-94.51708617802029,39.11066266251849],[-94.51708141090953,39.11074256245278],[-94.517085316277,39.11074269859242],[-94.51754256589976,39.110758373720614],[-94.51754644336847,39.110758509848985],[-94.51755121006867,39.11067906750906]]]},"properties":{"KIVAPIN":"44802","ADDRESS":"147 Drury Ave","OWN_NAME":"Mohamed Abdullahi"}},{"type":"Feature","geometry":{"type":"Polygon","coordinates":[[[-94.5100757743589,39.110742097622015],[-94.50962093458229,39.11072522666824],[-94.50961615867992,39.110807894856435],[-94.51007114434682,39.11082465084071],[-94.5100757743589,39.110742097622015]]]},"properties":{"KIVAPIN":"45931","ADDRESS":"134 Belmont Blvd","OWN_NAME":"Ferrer Johnny Harold & Elge L"}},{"type":"Feature","geometry":{"type":"Polygon","coordinates":[[[-94.51596939419652,39.11689765727548],[-94.51552649897565,39.1168830511912],[-94.5155225036892,39.11688291501148],[-94.51551843680787,39.11695139669832],[-94.51551433981298,39.11701987896023],[-94.51551830500146,39.11702001571625],[-94.5159614066894,39.11703466813626],[-94.51596538575595,39.11696614011374],[-94.51596939419652,39.11689765727548]]]},"properties":{"KIVAPIN":"42534","ADDRESS":"429 N Oakley Ave","OWN_NAME":"Frame-Brown Terri A"}},{"type":"Feature","geometry":{"type":"Polygon","coordinates":[[[-94.51258078327186,39.11594962549298],[-94.5121382168371,39.115933883630966],[-94.51211254561888,39.11593301740892],[-94.51210610408218,39.11605051069011],[-94.5121318039798,39.11605137691058],[-94.51257034872854,39.11606688927993],[-94.51257422427594,39.11606702614578],[-94.51258078327186,39.11594962549298]]]},"properties":{"KIVAPIN":"45503","ADDRESS":"401 N Bellaire Ave","OWN_NAME":"Grindstone LC"}},{"type":"Feature","geometry":{"type":"Polygon","coordinates":[[[-94.51224829254797,39.11351726568067],[-94.51224403385723,39.113517105963524],[-94.5117602460133,39.11349914870289],[-94.5117547113101,39.11359250170277],[-94.51175864619498,39.11359263916184],[-94.51223826406414,39.1136102765376],[-94.51224246328209,39.11361041395262],[-94.51224401638079,39.11358583940968],[-94.51224829254797,39.11351726568067]]]},"properties":{"KIVAPIN":"45817","ADDRESS":"134 N White Ave","OWN_NAME":"Jimenez Armando"}},{"type":"Feature","geometry":{"type":"Polygon","coordinates":[[[-94.51551515445588,39.116046948182465],[-94.51506700635032,39.1160317003913],[-94.51506217735687,39.116112698447665],[-94.51505810856659,39.11618099765477],[-94.51505403978294,39.116249364930795],[-94.51504997246026,39.116317733349725],[-94.5150483041145,39.11634507591746],[-94.51505244475757,39.11634521266669],[-94.51549648373805,39.11636107998016],[-94.51549812253971,39.11633373741006],[-94.51550218943535,39.116265392428396],[-94.51550622914966,39.116197023996754],[-94.51551029603465,39.116128701893864],[-94.51551515445588,39.116046948182465]]]},"properties":{"KIVAPIN":"42524","ADDRESS":"406 N Lawndale Ave","OWN_NAME":"Montoya Manuel & Flores Linda"}},{"type":"Feature","geometry":{"type":"Polygon","coordinates":[[[-94.51002506388268,39.11164485803552],[-94.5100211871172,39.111644743965556],[-94.50956839928271,39.11163091575949],[-94.5095635052134,39.111714819497365],[-94.50956186397303,39.11174573195919],[-94.50965713933383,39.11174894970581],[-94.50976639310896,39.11175260150885],[-94.50987699936718,39.1117563451895],[-94.50998613715608,39.1117599967964],[-94.51001867782868,39.1117610917038],[-94.51002105045771,39.11171668016257],[-94.51002506388268,39.11164485803552]]]},"properties":{"KIVAPIN":"45940","ADDRESS":"110 Belmont Blvd","OWN_NAME":"Dimas Olmos Marco Antonio & Bernalmcastillo Jazmin Alejandra"}},{"type":"Feature","geometry":{"type":"Polygon","coordinates":[[[-94.51048671241227,39.10961596712253],[-94.51010183726498,39.10960147188772],[-94.51009775502872,39.1096013343854],[-94.51009230618581,39.109697342089696],[-94.51009633042472,39.10969747902521],[-94.51048126483356,39.1097119977253],[-94.51048671241227,39.10961596712253]]]},"properties":{"KIVAPIN":"46098","ADDRESS":"315 Wheeling Ave","OWN_NAME":"Duong Dung T"}},{"type":"Feature","geometry":{"type":"Polygon","coordinates":[[[-94.51460619022615,39.112418242773025],[-94.5145115011281,39.11241500554572],[-94.51451132626849,39.11241804812126],[-94.51450793193301,39.112475639126906],[-94.51450389150747,39.11254421292164],[-94.51449985328168,39.1126128101678],[-94.51449581430428,39.11268136107981],[-94.5145904156347,39.112684529688714],[-94.51459448315607,39.11261597876989],[-94.51459852129045,39.11254738209252],[-94.51460261889069,39.11247878597878],[-94.51460619022615,39.112418242773025]]]},"properties":{"KIVAPIN":"43223","ADDRESS":"5712 St John Ave","OWN_NAME":"Bautista Edgar Molina"}},{"type":"Feature","geometry":{"type":"Polygon","coordinates":[[[-94.5138678677405,39.11377073906089],[-94.51386393210304,39.11377057936452],[-94.51340845531689,39.11375054343624],[-94.51340462083934,39.11381925443806],[-94.51340849847232,39.11381941415664],[-94.51386000921296,39.113839245202286],[-94.51386391621806,39.11383940375818],[-94.5138678677405,39.11377073906089]]]},"properties":{"KIVAPIN":"45787","ADDRESS":"141 N Topping Ave","OWN_NAME":"A&T Investments LLC"}},{"type":"Feature","geometry":{"type":"Polygon","coordinates":[[[-94.51121288011146,39.111112362332996],[-94.51075348736178,39.111103070304],[-94.51074917082612,39.11110297860743],[-94.51074454182765,39.11118235258134],[-94.51073985496753,39.111262733307846],[-94.51074387855545,39.11126282388771],[-94.51120365479204,39.11127623386233],[-94.51120828216715,39.11119445911948],[-94.51121288011146,39.111112362332996]]]},"properties":{"KIVAPIN":"45968","ADDRESS":"124 Wheeling Ave","OWN_NAME":"A&T Investments LLC"}},{"type":"Feature","geometry":{"type":"Polygon","coordinates":[[[-94.51004129003434,39.10988794235421],[-94.50967039329181,39.10987600712449],[-94.50966482638603,39.109972106336706],[-94.51003587047438,39.10998404099922],[-94.51004129003434,39.10988794235421]]]},"properties":{"KIVAPIN":"46084","ADDRESS":"310 Belmont Blvd","OWN_NAME":"Garnica-Calderon Maria D"}},{"type":"Feature","geometry":{"type":"Polygon","coordinates":[[[-94.51162081157676,39.11286447655427],[-94.51161690389982,39.112864339659865],[-94.51115544345177,39.11284795699673],[-94.51112249033564,39.11284676977962],[-94.51111861349885,39.112846632293525],[-94.51111588949999,39.112893698036515],[-94.51111351771416,39.11293467806649],[-94.5111504343502,39.1129359793103],[-94.51161163176553,39.11295229394927],[-94.51161556808283,39.11295243026901],[-94.51162031291214,39.11287273708822],[-94.51162081157676,39.11286447655427]]]},"properties":{"KIVAPIN":"45804","ADDRESS":"115 N White Ave","OWN_NAME":"Jambhala Investments LLC"}},{"type":"Feature","geometry":{"type":"Polygon","coordinates":[[[-94.51260937747246,39.115541546333056],[-94.51215344968826,39.115525074363724],[-94.51214580670191,39.115662313194264],[-94.51260126542064,39.11567871602983],[-94.51260937747246,39.115541546333056]]]},"properties":{"KIVAPIN":"45755","ADDRESS":"343 N Bellaire Ave","OWN_NAME":"Banda Emilio & Elida"}},{"type":"Feature","geometry":{"type":"Polygon","coordinates":[[[-94.51528904346173,39.11422805972298],[-94.51518090091118,39.114224367191326],[-94.51517615909134,39.11430323736692],[-94.51517194543509,39.11437295521763],[-94.5151678181634,39.11444150671559],[-94.5151636637256,39.114510102833435],[-94.51516759866797,39.1145102396054],[-94.51527183534824,39.11451379537708],[-94.51527596104494,39.11444519811517],[-94.5152800882123,39.11437664775745],[-94.51528430177224,39.1143069762362],[-94.51528904346173,39.11422805972298]]]},"properties":{"KIVAPIN":"43028","ADDRESS":"5622 Scarritt Ave","OWN_NAME":"Contreras Johan Diaz"}},{"type":"Feature","geometry":{"type":"Polygon","coordinates":[[[-94.51700384822202,39.11123427897171],[-94.51654415944081,39.11121846536642],[-94.51654025184544,39.111218329208974],[-94.51653697677709,39.11127312882929],[-94.51653451864091,39.11131424570489],[-94.5165384548765,39.11131438185844],[-94.51699823239245,39.11133021778164],[-94.51700066089082,39.111289102044765],[-94.51700384822202,39.11123427897171]]]},"properties":{"KIVAPIN":"44795","ADDRESS":"130 Oakley Ave","OWN_NAME":"Carranza Roberto Carlos Mayorga"}},{"type":"Feature","geometry":{"type":"Polygon","coordinates":[[[-94.51741158460051,39.113043231309945],[-94.51740729729094,39.11304307121365],[-94.5169562590427,39.11302611505906],[-94.51695546935092,39.11303986644007],[-94.51695134461869,39.11310841744443],[-94.51695099348957,39.11311388539696],[-94.51740643781928,39.11313097876972],[-94.51740675880912,39.113125510820346],[-94.51741079499705,39.11305698269397],[-94.51741158460051,39.113043231309945]]]},"properties":{"KIVAPIN":"43170","ADDRESS":"117 N Drury Ave","OWN_NAME":"Gillen Silvia Vejar"}},{"type":"Feature","geometry":{"type":"Polygon","coordinates":[[[-94.5136255817417,39.10867888495863],[-94.51362135271599,39.108678771049505],[-94.5131349263052,39.10866331377678],[-94.5131306806192,39.10873168166614],[-94.5131263754927,39.10880025548719],[-94.51361297979928,39.108815781988355],[-94.51361703262863,39.10881591822704],[-94.5136213064441,39.108747344391766],[-94.5136255817417,39.10867888495863]]]},"properties":{"KIVAPIN":"45980","ADDRESS":"410 Bellaire Ave","OWN_NAME":"Stansbury George E Jr"}},{"type":"Feature","geometry":{"type":"Polygon","coordinates":[[[-94.51283538862464,39.11183183773722],[-94.5127096280951,39.1118273897883],[-94.51270945242524,39.111830432361536],[-94.51268936272112,39.11215218220405],[-94.51268918706201,39.11215529399104],[-94.51281577053636,39.11215983339384],[-94.51283538862464,39.11183183773722]]]},"properties":{"KIVAPIN":"46001","ADDRESS":"5901 St John Ave","OWN_NAME":"Garcia Paulina"}},{"type":"Feature","geometry":{"type":"Polygon","coordinates":[[[-94.50974921960236,39.11670495686922],[-94.50929998112906,39.11668998387783],[-94.50929608635805,39.11677288070412],[-94.50974039018477,39.11678760243575],[-94.50974426796913,39.11678773996751],[-94.50974921960236,39.11670495686922]]]},"properties":{"KIVAPIN":"45589","ADDRESS":"426 N Belmont Blvd","OWN_NAME":"Gustin Maria E"}},{"type":"Feature","geometry":{"type":"Polygon","coordinates":[[[-94.50743495012048,39.11216645558984],[-94.50700665276848,39.11215128936596],[-94.50692827679788,39.11345896859279],[-94.50736421829856,39.1134744320667],[-94.50736821190843,39.11347456909823],[-94.50743495012048,39.11216645558984]]]},"properties":{"KIVAPIN":"45896","ADDRESS":"6300 St John Ave","OWN_NAME":"Swift & Company LLC"}},{"type":"Feature","geometry":{"type":"Polygon","coordinates":[[[-94.51580118242305,39.11136514244187],[-94.51579707070496,39.111365005715165],[-94.51535482616005,39.11135035196887],[-94.51534921586604,39.11135014735379],[-94.51534415282255,39.11143235819223],[-94.51534999808197,39.11143258622926],[-94.51579230040461,39.11144721653315],[-94.51579620801142,39.111447353859674],[-94.51580118242305,39.11136514244187]]]},"properties":{"KIVAPIN":"44694","ADDRESS":"126 Lawndale Ave","OWN_NAME":"Fierro Martin & Lili"}},{"type":"Feature","geometry":{"type":"Polygon","coordinates":[[[-94.51111111516987,39.11297618435379],[-94.51110723832603,39.112976046867345],[-94.51064721575209,39.11296030214184],[-94.51064327943622,39.112960165789445],[-94.51064008713026,39.11301519345482],[-94.51063850528465,39.113042650370375],[-94.5106424107668,39.11304278729779],[-94.51110243461021,39.11305853204186],[-94.51110631145848,39.113058668956484],[-94.51110789312645,39.11303123491531],[-94.51110824538694,39.1130254226265],[-94.51111111516987,39.11297618435379]]]},"properties":{"KIVAPIN":"45862","ADDRESS":"200 N Wheeling Ave","OWN_NAME":"Rodriguez Jose Jr & Albor Guzman Rosa Maria"}},{"type":"Feature","geometry":{"type":"Polygon","coordinates":[[[-94.5136211511908,39.111755235126374],[-94.51338258305358,39.11174693419875],[-94.51302392144287,39.11173439045972],[-94.513019986659,39.11173425361531],[-94.51301389767269,39.111838132434904],[-94.51301780309284,39.11183826871076],[-94.51314165463769,39.11184264847252],[-94.5132561960348,39.1118466853799],[-94.51337628830443,39.11185095034451],[-94.51349502957441,39.111855101510564],[-94.51361503374218,39.11185925069213],[-94.5136206549746,39.11176351855081],[-94.5136211511908,39.111755235126374]]]},"properties":{"KIVAPIN":"46068","ADDRESS":"110 Bellaire Ave","OWN_NAME":"Hertzler Dennis Dale"}},{"type":"Feature","geometry":{"type":"Polygon","coordinates":[[[-94.51336689097909,39.11356972251006],[-94.51336295609248,39.113569585677276],[-94.51290568905286,39.113552957204604],[-94.51290178353818,39.11355282035301],[-94.51289900171615,39.11359855848913],[-94.51289624997855,39.11364420681496],[-94.51290015549816,39.11364434309474],[-94.51335789306246,39.11366104017685],[-94.51336182795414,39.11366117700978],[-94.51336437451839,39.1136154388901],[-94.51336689097909,39.11356972251006]]]},"properties":{"KIVAPIN":"45762","ADDRESS":"136 N Bellaire Ave","OWN_NAME":"Espinoza Gerver N"}},{"type":"Feature","geometry":{"type":"Polygon","coordinates":[[[-94.51224093136648,39.11018360190532],[-94.51223702457061,39.11018346503152],[-94.5118703248161,39.11017103298633],[-94.5118664495929,39.110170895524874],[-94.5118617049781,39.11025351862036],[-94.51186558240826,39.110253654937715],[-94.51223228254275,39.11026581300174],[-94.51223618787469,39.11026594987587],[-94.51224093136648,39.11018360190532]]]},"properties":{"KIVAPIN":"46189","ADDRESS":"303 Barat Ave","OWN_NAME":"Rodriquez Efrain"}},{"type":"Feature","geometry":{"type":"Polygon","coordinates":[[[-94.51045944211288,39.11009643987796],[-94.51007453425174,39.11008192167662],[-94.51007051072514,39.110081784168266],[-94.51006506181827,39.11017786107735],[-94.51006908608443,39.11017799801378],[-94.51045396439109,39.11019269870871],[-94.51045944211288,39.11009643987796]]]},"properties":{"KIVAPIN":"46103","ADDRESS":"303 Wheeling Ave","OWN_NAME":"Perez Jose Juan Moreno"}},{"type":"Feature","geometry":{"type":"Polygon","coordinates":[[[-94.51607745189293,39.115091240067116],[-94.51563788658343,39.11507542069577],[-94.51563395160872,39.11507528393971],[-94.515629795368,39.115143811997],[-94.51562566850015,39.11521238581065],[-94.515629604951,39.115212522566786],[-94.51606923058128,39.11522831965197],[-94.51607332692018,39.11515976813566],[-94.51607745189293,39.115091240067116]]]},"properties":{"KIVAPIN":"43041","ADDRESS":"327 N Oakley Ave","OWN_NAME":"Midwest Home LLC"}},{"type":"Feature","geometry":{"type":"Polygon","coordinates":[[[-94.51433800223074,39.11684286486998],[-94.51389763271955,39.11682733648948],[-94.51389313884964,39.11682715398008],[-94.51388904028413,39.11689561330599],[-94.51388494171067,39.11696407263098],[-94.51388084312931,39.11703253195499],[-94.51387671517298,39.11710101416221],[-94.5138810915694,39.117101173805594],[-94.51432131592827,39.11711672514619],[-94.51432550219839,39.117048243488306],[-94.51432962897823,39.116979737812144],[-94.51433381597566,39.11691130134148],[-94.51433800223074,39.11684286486998]]]},"properties":{"KIVAPIN":"42548","ADDRESS":"426 N Topping Ave","OWN_NAME":"Perez-Aualos Isidra"}},{"type":"Feature","geometry":{"type":"Polygon","coordinates":[[[-94.51037920425881,39.1144835133915],[-94.50991958324136,39.11446783440551],[-94.50991567768203,39.11446769802593],[-94.50991081300398,39.11455020544407],[-94.51037442896282,39.11456599851215],[-94.51037920425881,39.1144835133915]]]},"properties":{"KIVAPIN":"45711","ADDRESS":"313 N Wheeling Ave","OWN_NAME":"313 N Wheeling Avenue"}},{"type":"Feature","geometry":{"type":"Polygon","coordinates":[[[-94.51500320387963,39.11059362079826],[-94.51476742963114,39.11058575707542],[-94.51476236746193,39.11068217735615],[-94.5147572784083,39.110780015094846],[-94.51475210067126,39.11087867711831],[-94.51498787744491,39.11088692984243],[-94.5149929961789,39.11078856526471],[-94.51499811495691,39.11069047525289],[-94.51500320387963,39.11059362079826]]]},"properties":{"KIVAPIN":"44715","ADDRESS":"5706 Anderson Ave","OWN_NAME":"Jones David L"}},{"type":"Feature","geometry":{"type":"Polygon","coordinates":[[[-94.51604696264867,39.11559860000595],[-94.51560325286991,39.115582688981455],[-94.51560076541074,39.11562382926349],[-94.51560467177906,39.11562396545249],[-94.51569892395327,39.11562733913243],[-94.51604450555715,39.11563976202974],[-94.51604696264867,39.11559860000595]]]},"properties":{"KIVAPIN":"43046","ADDRESS":"341 N Oakley Ave","OWN_NAME":"Garcia Manolo Garcia & Cauich Roseni D"}},{"type":"Feature","geometry":{"type":"Polygon","coordinates":[[[-94.51558562640896,39.11489835446061],[-94.51514512197357,39.11488328841717],[-94.51514118627611,39.114883151072554],[-94.51513887421417,39.114921568531365],[-94.5151347182422,39.11499012002544],[-94.51513059091295,39.11505873844071],[-94.51513452735442,39.11505887578561],[-94.51557506151225,39.1150739189839],[-94.51557918841597,39.11500532171774],[-94.51558331458774,39.11493677135603],[-94.51558562640896,39.11489835446061]]]},"properties":{"KIVAPIN":"43023","ADDRESS":"322 N Lawndale Ave","OWN_NAME":"Ly Khoa"}},{"type":"Feature","geometry":{"type":"Polygon","coordinates":[[[-94.51698102981992,39.111974516454595],[-94.51684319716831,39.11196993801064],[-94.51682638727931,39.11229603597786],[-94.51682627125872,39.11229907854844],[-94.51696413402982,39.11230411519262],[-94.51696428013723,39.112301026284236],[-94.51698102981992,39.111974516454595]]]},"properties":{"KIVAPIN":"44838","ADDRESS":"5509 St John Ave","OWN_NAME":"Pilar Carlos"}},{"type":"Feature","geometry":{"type":"Polygon","coordinates":[[[-94.51466712115102,39.114206814868496],[-94.514558566741,39.11420309893069],[-94.51455376707894,39.11428256398513],[-94.51454966928519,39.114350954722184],[-94.51455366369254,39.11435109093544],[-94.51465834069764,39.11435480850929],[-94.51465851555531,39.11435176421852],[-94.5146624097029,39.114286188393706],[-94.51466694631756,39.11420997241853],[-94.51466712115102,39.114206814868496]]]},"properties":{"KIVAPIN":"42997","ADDRESS":"5706 Scarritt Ave","OWN_NAME":"Gardon Inc"}},{"type":"Feature","geometry":{"type":"Polygon","coordinates":[[[-94.51499460536218,39.11436670829437],[-94.51488255628875,39.114362741992814],[-94.51477044848687,39.11435877501895],[-94.51465834069764,39.11435480850929],[-94.51455366369254,39.11435109093544],[-94.51454966928519,39.114350954722184],[-94.51454557151658,39.114419506194785],[-94.51454422424658,39.114441425441164],[-94.51454813201626,39.11444156223742],[-94.51498922110588,39.11445720305071],[-94.51499053813819,39.11443530553973],[-94.51499460536218,39.11436670829437]]]},"properties":{"KIVAPIN":"43001","ADDRESS":"305 N Lawndale Ave","OWN_NAME":"JTMS LLC"}},{"type":"Feature","geometry":{"type":"Polygon","coordinates":[[[-94.51678986026185,39.11480526956495],[-94.51633713716603,39.1147898894555],[-94.51633314346451,39.114789752159226],[-94.51633109542723,39.11482400475759],[-94.51632699936772,39.11489260090408],[-94.51633099307506,39.11489273820055],[-94.51678365807548,39.11490807258063],[-94.51678778234009,39.114839521031485],[-94.51678986026185,39.11480526956495]]]},"properties":{"KIVAPIN":"43060","ADDRESS":"316 N Oakley Ave","OWN_NAME":"Espinosa Bertha & Roberto"}},{"type":"Feature","geometry":{"type":"Polygon","coordinates":[[[-94.51266621360965,39.114580164546254],[-94.51266224856332,39.114580027121136],[-94.5122071793913,39.11456325838937],[-94.5121994771923,39.11470081700923],[-94.51265410813252,39.11471744910638],[-94.51265810255694,39.11471758538455],[-94.51266621360965,39.114580164546254]]]},"properties":{"KIVAPIN":"45747","ADDRESS":"315 N Bellaire Ave","OWN_NAME":"Sigala Guadalupe & Martinez Cristian"}},{"type":"Feature","geometry":{"type":"Polygon","coordinates":[[[-94.51618302065572,39.11333531954683],[-94.51574390697547,39.11332037054338],[-94.51573997062954,39.113320233219],[-94.51573859531845,39.113343068856814],[-94.51573443929541,39.11341166500808],[-94.51573837564627,39.11341180176061],[-94.51617358437896,39.11342661461458],[-94.516177519263,39.11342675135246],[-94.51618164549244,39.113358177498355],[-94.51618302065572,39.11333531954683]]]},"properties":{"KIVAPIN":"43201","ADDRESS":"127 N Oakley Ave","OWN_NAME":"Vega Rogelio Campos & Zubia Elsa"}},{"type":"Feature","geometry":{"type":"Polygon","coordinates":[[[-94.5093268507289,39.10906866826036],[-94.50932297410257,39.10906853071444],[-94.50815881217665,39.1090274104965],[-94.50779026886599,39.10901439372781],[-94.50779009372584,39.109017436867106],[-94.50769777527982,39.110514364699235],[-94.50767672622847,39.110855858673204],[-94.50767649017803,39.1108592684778],[-94.50768844356544,39.110854440444776],[-94.50770553558705,39.11084775759424],[-94.50772277447297,39.110841281801356],[-94.50774010148257,39.110834988473265],[-94.50775754672178,39.11082890048858],[-94.50777513735697,39.110823018417435],[-94.50779278821845,39.11081734340952],[-94.5078105844762,39.11081187431501],[-94.50782847032669,39.110806587112975],[-94.50784647220478,39.110801506398246],[-94.50786456294676,39.11079665390924],[-94.50788271318147,39.11079200848332],[-94.50790095007522,39.110787568974544],[-94.50791927656498,39.11078333481065],[-94.50793771908555,39.11077932944253],[-94.50795622109669,39.11077550654062],[-94.50797475250062,39.110771913012265],[-94.50799340066749,39.110768525398825],[-94.50801207969596,39.110765367158834],[-94.50803081674967,39.11076241369369],[-94.50804961256318,39.110759666719346],[-94.50806846713921,39.11075714854441],[-94.508087351109,39.11075485917091],[-94.50810626446747,39.110752752837506],[-94.50812526669476,39.11075089818204],[-94.50813862942904,39.11074972976478],[-94.50815217119512,39.110530830192],[-94.50818591239866,39.10998551378235],[-94.50818608826098,39.10998249295157],[-94.50818996493507,39.10998262996327],[-94.50926732892428,39.11001838041236],[-94.50927123423686,39.11001851738581],[-94.50932356871105,39.10912351346052],[-94.5093268507289,39.10906866826036]]]},"properties":{"KIVAPIN":"45905","ADDRESS":"321 Belmont Blvd","OWN_NAME":"6200 St John LLC"}},{"type":"Feature","geometry":{"type":"Polygon","coordinates":[[[-94.50829390813034,39.11079330646363],[-94.50827525882772,39.1107931933855],[-94.50825657945141,39.110793332565706],[-94.50823796031072,39.110793723425836],[-94.50821933972254,39.11079429675628],[-94.50820069052584,39.11079509889229],[-94.50818210082463,39.110796106375],[-94.50816350894665,39.1107973432334],[-94.5081449780349,39.1107988083191],[-94.5081264471462,39.11080048104373],[-94.50810794491741,39.11080238085393],[-94.50808950071495,39.11080448715503],[-94.50807108590634,39.110806821685664],[-94.50805276069805,39.11080938615773],[-94.50803443477493,39.11081213310018],[-94.5080161668826,39.110815131722944],[-94.50799798858475,39.110818313381884],[-94.50797983968008,39.11082172384249],[-94.50796177670105,39.11082534022029],[-94.5079437746839,39.110829162516985],[-94.50792589016633,39.11083321360942],[-94.5079080328335,39.11083744774248],[-94.50789032457415,39.11084193354985],[-94.50787261559869,39.110846602399825],[-94.50785508285765,39.11085147716107],[-94.50783760887498,39.11085655784159],[-94.5078202230221,39.11086186789212],[-94.50780298329747,39.11086736040345],[-94.50778583316566,39.11087303537944],[-94.5077687696948,39.11087893972565],[-94.50775185455711,39.11088504998536],[-94.50773505617826,39.11089134328008],[-94.50771837529486,39.11089784191843],[-94.50770181190693,39.110904547616535],[-94.50768539611246,39.11091141289508],[-94.50766909707889,39.11091848351745],[-94.5076529449096,39.1109257617698],[-94.50763693960161,39.11093322133947],[-94.50762107968676,39.11094086508665],[-94.50760536810152,39.110948690151154],[-94.50758980338021,39.110956722845884],[-94.50757441561848,39.11096489281091],[-94.50755920408929,39.11097326754433],[-94.50754410858622,39.1109818487661],[-94.50752919004245,39.11099056668634],[-94.50751447709794,39.11099946878068],[-94.50749991101428,39.11100855333688],[-94.50748555052961,39.111017820923244],[-94.50747133763511,39.11102722521026],[-94.50745729876793,39.11103681367363],[-94.50744349633467,39.11104656114071],[-94.50742987086319,39.1110564704755],[-94.50741639151808,39.111066561128524],[-94.50740317650278,39.11107676616644],[-94.50739010834829,39.11108715538277],[-94.50737727515936,39.11109770474728],[-94.50736461819294,39.111108367358455],[-94.50735222556366,39.11111921414082],[-94.5073400098912,39.11113017416993],[-94.50732796971201,39.11114129549528],[-94.50731622323416,39.11115255236881],[-94.50730465224972,39.11116397111069],[-94.5072933176947,39.11117550366789],[-94.5072821586282,39.11118715004421],[-94.50727129179741,39.11119895770979],[-94.50726063276129,39.11121087919267],[-94.50725020795451,39.11122293794384],[-94.50723998873751,39.11123508763191],[-94.50723006322261,39.11124737572873],[-94.50722031393079,39.11125977764506],[-94.50721085833878,39.111272293945554],[-94.50720160833922,39.11128492463586],[-94.50719262266823,39.11129764683168],[-94.50718390133044,39.111310506294394],[-94.50717544431909,39.111323434382115],[-94.50716719290052,39.1113364768598],[-94.50715917643936,39.11134958796438],[-94.50715148305028,39.111362836332475],[-94.50714399524966,39.11137615332937],[-94.50713680114521,39.11138953894974],[-94.50712987137248,39.11140303895669],[-94.50712317728974,39.11141658528213],[-94.50711677470308,39.11143022196792],[-94.50711060854549,39.11144395073352],[-94.50710470744745,39.11145772524391],[-94.50709906994518,39.11147159068852],[-94.50709372540138,39.11148548013967],[-94.50708864665859,39.11149948340559],[-94.50708386087442,39.11151350953412],[-94.50707931004933,39.11152760429009],[-94.50707505291973,39.111541744789335],[-94.5070710608507,39.11155593103359],[-94.50706736100666,39.11157013956864],[-94.50706589314576,39.111576180720796],[-94.50698800640761,39.11187972008922],[-94.5069781422512,39.111927380496006],[-94.50697752651628,39.11193031039969],[-94.50697667437525,39.11193342164666],[-94.50697453194365,39.111941566713156],[-94.50697183032587,39.11195277839179],[-94.50697138998272,39.11195479305906],[-94.50821671817003,39.1119988710233],[-94.50824286893373,39.111590839161416],[-94.50825418555178,39.1114136952344],[-94.50829390813034,39.11079330646363]]]},"properties":{"KIVAPIN":"45897","ADDRESS":"6211 St John Ave","OWN_NAME":"6200 St John LLC"}},{"type":"Feature","geometry":{"type":"Polygon","coordinates":[[[-94.50995836743272,39.11332858118966],[-94.50947696196825,39.113311163385056],[-94.50947365052515,39.113366191596924],[-94.5094719801151,39.113393694263515],[-94.50995353298045,39.113411043433885],[-94.50995435487562,39.11339729152633],[-94.50995517457106,39.113383563071594],[-94.50995836743272,39.11332858118966]]]},"properties":{"KIVAPIN":"45839","ADDRESS":"132 N Belmont Blvd","OWN_NAME":"Banuelas Javier & Luz"}},{"type":"Feature","geometry":{"type":"Polygon","coordinates":[[[-94.51056522577908,39.11125650227388],[-94.51009396414771,39.11123720987733],[-94.51009005876296,39.111237049478824],[-94.51008592938868,39.11131896370563],[-94.5100898641469,39.11131912238568],[-94.51056044927091,39.111337798226295],[-94.51056522577908,39.11125650227388]]]},"properties":{"KIVAPIN":"45917","ADDRESS":"123 Wheeling Ave","OWN_NAME":"Contreras Maria Del Carmen Morales"}},{"type":"Feature","geometry":{"type":"Polygon","coordinates":[[[-94.51616651863779,39.11360961495842],[-94.51616264174972,39.11360947878412],[-94.5157273437839,39.11359466475789],[-94.51572343752736,39.11359452857294],[-94.51572203284555,39.11361740940268],[-94.51571790688479,39.11368596035683],[-94.51572178377633,39.11368609711792],[-94.51615708230327,39.113700910020555],[-94.51616101793692,39.11370104733091],[-94.5161651434742,39.11363251809796],[-94.51616651863779,39.11360961495842]]]},"properties":{"KIVAPIN":"43204","ADDRESS":"135 N Oakley Ave","OWN_NAME":"Booth Thomas M"}},{"type":"Feature","geometry":{"type":"Polygon","coordinates":[[[-94.51234709013107,39.11181461558325],[-94.51222714483968,39.111810395304325],[-94.51222087648804,39.11191132192453],[-94.51221466908002,39.112012363511525],[-94.51220708279499,39.11213491247623],[-94.51220690784115,39.11213797907313],[-94.51232679496363,39.11214229147336],[-94.51232696990034,39.112139156234335],[-94.51234709013107,39.11181461558325]]]},"properties":{"KIVAPIN":"46005","ADDRESS":"5911 St John Ave","OWN_NAME":"Cabrera Maria S"}},{"type":"Feature","geometry":{"type":"Polygon","coordinates":[[[-94.51354555899812,39.1110079619335],[-94.51342769951447,39.11100397145325],[-94.5134275827725,39.111003971466715],[-94.51306363927723,39.11099170302406],[-94.51305819373971,39.11108439372115],[-94.51342196151785,39.11109677603205],[-94.51353993790674,39.11110081283777],[-94.51354225149063,39.11106262419173],[-94.51354555899812,39.1110079619335]]]},"properties":{"KIVAPIN":"46059","ADDRESS":"126 Bellaire Ave","OWN_NAME":"Torres Tomasa & Gonzales Jesus Cruz"}},{"type":"Feature","geometry":{"type":"Polygon","coordinates":[[[-94.51488428826667,39.11617706162695],[-94.51488035323204,39.11617692427347],[-94.51443954699772,39.11616050564917],[-94.5144356699732,39.116160369417514],[-94.51443151320531,39.11622871437437],[-94.51443547834722,39.11622885059525],[-94.51488010328464,39.11624536084194],[-94.51488428826667,39.11617706162695]]]},"properties":{"KIVAPIN":"42559","ADDRESS":"405 N Lawndale Ave","OWN_NAME":"The Gray Standard"}},{"type":"Feature","geometry":{"type":"Polygon","coordinates":[[[-94.51103608640096,39.11417808807342],[-94.51103220875714,39.11417795058457],[-94.51057740767835,39.11416154212656],[-94.51057353003634,39.11416140462245],[-94.51056875571948,39.114243867446916],[-94.51056397919545,39.114326375459456],[-94.51056788695111,39.114326512389155],[-94.5110265072408,39.114342897642004],[-94.5110313118806,39.11426050458331],[-94.51103608640096,39.11417808807342]]]},"properties":{"KIVAPIN":"45698","ADDRESS":"302 N Wheeling Ave","OWN_NAME":"Kyaw Moe Thein"}},{"type":"Feature","geometry":{"type":"Polygon","coordinates":[[[-94.512426510041,39.11050567322879],[-94.51230691923057,39.11050053776698],[-94.51230097516515,39.11059876503504],[-94.51229951103208,39.11062356781645],[-94.512294853934,39.11070005832717],[-94.51229338978078,39.11072476958546],[-94.51228896854117,39.110798101967845],[-94.51228879212957,39.110801190874376],[-94.51240092426359,39.11080518311549],[-94.5124083539255,39.11080545746484],[-94.51241300946334,39.11072910366304],[-94.51241913055206,39.110627948221165],[-94.512426510041,39.11050567322879]]]},"properties":{"KIVAPIN":"46022","ADDRESS":"5918 Anderson Ave","OWN_NAME":"Ira Financial Fbo Thomas J Stanion Roth Ira"}},{"type":"Feature","geometry":{"type":"Polygon","coordinates":[[[-94.5127096280951,39.1118273897883],[-94.51258974149934,39.111823169876025],[-94.51256938745549,39.11214789363884],[-94.51256921252126,39.11215098254492],[-94.51268918706201,39.11215529399104],[-94.51268936272112,39.11215218220405],[-94.51270945242524,39.111830432361536],[-94.5127096280951,39.1118273897883]]]},"properties":{"KIVAPIN":"46002","ADDRESS":"5903 St John Ave","OWN_NAME":"Flores Samuel"}},{"type":"Feature","geometry":{"type":"Polygon","coordinates":[[[-94.51171140524953,39.11137544079357],[-94.511245313481,39.11135942446496],[-94.51124137872151,39.11135928813251],[-94.5112367499128,39.11144110920781],[-94.51124065751048,39.11144124668705],[-94.51170642599463,39.11145710290194],[-94.51171140524953,39.11137544079357]]]},"properties":{"KIVAPIN":"45950","ADDRESS":"119 White Ave","OWN_NAME":"Palacios Norma Yuridia Diaz"}},{"type":"Feature","geometry":{"type":"Polygon","coordinates":[[[-94.51699779158176,39.11609719323349],[-94.51688206901723,39.11609332034115],[-94.5168818635421,39.1160969132019],[-94.5168775356405,39.11617360970137],[-94.51687367419767,39.11624190836898],[-94.51686987224632,39.11631029969358],[-94.51686601153934,39.116378667001094],[-94.51698173540854,39.116382975212964],[-94.51698556589822,39.11631460733406],[-94.51698942721485,39.11624621656906],[-94.5169932584349,39.11617789387744],[-94.51699758680284,39.1161006030493],[-94.51699779158176,39.11609719323349]]]},"properties":{"KIVAPIN":"42494","ADDRESS":"5504 Norledge Ave","OWN_NAME":"Sfr3-030 LLC"}},{"type":"Feature","geometry":{"type":"Polygon","coordinates":[[[-94.5110171416975,39.11020671845422],[-94.51063340831458,39.11019515473574],[-94.51062935468107,39.1101950407021],[-94.51062329018302,39.11029869004374],[-94.51101096029518,39.11031039185152],[-94.5110171416975,39.11020671845422]]]},"properties":{"KIVAPIN":"46105","ADDRESS":"300 Wheeling Ave","OWN_NAME":"Lopez Oneyda Adaly"}},{"type":"Feature","geometry":{"type":"Polygon","coordinates":[[[-94.51792525452746,39.115208416899506],[-94.51792055516022,39.115208256885474],[-94.51746594911593,39.11519127980598],[-94.51746513086286,39.1152050317616],[-94.51746109460578,39.11527355986454],[-94.51746500095834,39.115273695991185],[-94.51791608225248,39.115290491142794],[-94.51792045854596,39.115290650634634],[-94.51792443562327,39.11522214540576],[-94.51792525452746,39.115208416899506]]]},"properties":{"KIVAPIN":"43094","ADDRESS":"326 N Drury Ave","OWN_NAME":"Moreno Enrique Martinez & Herrera Irma Gutierrez"}},{"type":"Feature","geometry":{"type":"Polygon","coordinates":[[[-94.51712253222446,39.1119791862913],[-94.51698102981992,39.111974516454595],[-94.51696428013723,39.112301026284236],[-94.51696413402982,39.11230411519262],[-94.51710516728961,39.11230924273124],[-94.51712253222446,39.1119791862913]]]},"properties":{"KIVAPIN":"44839","ADDRESS":"5507 St John Ave","OWN_NAME":"Pilar Cesar"}},{"type":"Feature","geometry":{"type":"Polygon","coordinates":[[[-94.51133734266968,39.11805497608181],[-94.51087875568811,39.11803968975821],[-94.51087401058989,39.11813009096943],[-94.51087371843418,39.11813549139562],[-94.51133221791967,39.11815077774729],[-94.51133248139918,39.118145355014136],[-94.51133734266968,39.11805497608181]]]},"properties":{"KIVAPIN":"45658","ADDRESS":"511 N White Ave","OWN_NAME":"Brocatos Estates LLC"}},{"type":"Feature","geometry":{"type":"Polygon","coordinates":[[[-94.51394470031886,39.11779879704943],[-94.51383499638277,39.11779498848348],[-94.51383001902182,39.11787610088505],[-94.51382580361263,39.117944720374624],[-94.51382158673117,39.11801336274403],[-94.51381736984587,39.11808202742109],[-94.513821365197,39.11808216480324],[-94.5139275742438,39.11808563059003],[-94.51393167279997,39.11801696477917],[-94.51393577135283,39.117948322419956],[-94.51393986989775,39.1178796800598],[-94.51394449690595,39.11780245797359],[-94.51394470031886,39.11779879704943]]]},"properties":{"KIVAPIN":"42389","ADDRESS":"5720 Saida Ave","OWN_NAME":"Brocato's Landholdings LLC"}},{"type":"Feature","geometry":{"type":"Polygon","coordinates":[[[-94.51801828018318,39.11362657259703],[-94.51801440329052,39.1136264359123],[-94.51755992578978,39.11361021423507],[-94.5175558317259,39.11367881101069],[-94.51801421518702,39.11369512362276],[-94.51801828018318,39.11362657259703]]]},"properties":{"KIVAPIN":"43126","ADDRESS":"132 N Drury Ave","OWN_NAME":"Hawkins Real Property Investments LLC"}},{"type":"Feature","geometry":{"type":"Polygon","coordinates":[[[-94.5158848276827,39.10994046728311],[-94.51543983215879,39.10992604360843],[-94.5154358673679,39.10992590627747],[-94.51542913644101,39.110035300149995],[-94.51543307113492,39.11003543634113],[-94.51587824430703,39.110049929231074],[-94.5158848276827,39.10994046728311]]]},"properties":{"KIVAPIN":"44732","ADDRESS":"312 Lawndale Ave","OWN_NAME":"Melendez Alonzo M"}},{"type":"Feature","geometry":{"type":"Polygon","coordinates":[[[-94.5147009982506,39.11087689888238],[-94.51461368433884,39.11087386673276],[-94.51452713329418,39.1108708349947],[-94.5144429016959,39.1108679155923],[-94.5144323588837,39.11086752907083],[-94.51434909720882,39.11086463293322],[-94.51425743521165,39.11086141743464],[-94.51425347037085,39.110861281207505],[-94.51424366427952,39.11102284268141],[-94.5146917221972,39.111040267326],[-94.5147009982506,39.11087689888238]]]},"properties":{"KIVAPIN":"44704","ADDRESS":"134 Topping Ave","OWN_NAME":"Cancilla Vincenzo"}},{"type":"Feature","geometry":{"type":"Polygon","coordinates":[[[-94.51207413193976,39.11663458783768],[-94.51204804853413,39.116633719928195],[-94.51160991393803,39.11661912078006],[-94.51160600825668,39.11661898445719],[-94.51160343000596,39.11666714843666],[-94.51159974122449,39.116735950852735],[-94.51159605242833,39.116804707506645],[-94.51159995811624,39.11680482152124],[-94.51203797695305,39.11681850549311],[-94.51203827066765,39.116818505462774],[-94.51206397085537,39.11681944148396],[-94.51206774737805,39.11675107320504],[-94.51207413193976,39.11663458783768]]]},"properties":{"KIVAPIN":"45575","ADDRESS":"420 N White Ave","OWN_NAME":"Patton Ashanti"}},{"type":"Feature","geometry":{"type":"Polygon","coordinates":[[[-94.51091480353413,39.116376172768156],[-94.51091086702769,39.116376036424874],[-94.5104580184087,39.11636067926217],[-94.51045408190382,39.11636054175943],[-94.5104519446704,39.116402071437584],[-94.51044913320442,39.116457442812504],[-94.51045303960892,39.11645757917407],[-94.51090577060275,39.11647277563039],[-94.51090973575178,39.11647291311522],[-94.51091260706903,39.11641754172375],[-94.51091480353413,39.116376172768156]]]},"properties":{"KIVAPIN":"45607","ADDRESS":"416 N Wheeling Ave","OWN_NAME":"Americasa Vi LLC"}},{"type":"Feature","geometry":{"type":"Polygon","coordinates":[[[-94.51731588540012,39.11467401736593],[-94.51686281100179,39.11465731227275],[-94.51685864034908,39.114657175020064],[-94.51685586124908,39.11470378327755],[-94.51685322834457,39.114747646409164],[-94.51730653754416,39.114764328623814],[-94.51731062082621,39.11476446472937],[-94.51731316534186,39.114720625625374],[-94.51731588540012,39.11467401736593]]]},"properties":{"KIVAPIN":"43073","ADDRESS":"311 N Drury Ave","OWN_NAME":"Garcia Pedro & Blanca E"}},{"type":"Feature","geometry":{"type":"Polygon","coordinates":[[[-94.50685959904264,39.112145898277845],[-94.50499668617185,39.1120767561593],[-94.50494761626207,39.11301005917505],[-94.5049270259069,39.11340216618164],[-94.50518677815815,39.11506399853434],[-94.5052862757603,39.11570071633398],[-94.50529150624277,39.11573341194805],[-94.50529705980631,39.11576604004916],[-94.50530290634765,39.11579862237523],[-94.50530904807164,39.11583118066274],[-94.50531548277422,39.115863693175086],[-94.5053221230803,39.11589620682156],[-94.50532911510616,39.115928651237496],[-94.50533634357573,39.115961095070006],[-94.50534389512741,39.11599344850857],[-94.50535168092078,39.11602580193572],[-94.50535976042923,39.11605810901538],[-94.50536810354772,39.11609037032089],[-94.50537671101085,39.11612258528019],[-94.50538564302994,39.11615475446242],[-94.50539480928904,39.11618687901569],[-94.50540426999935,39.11621895722116],[-94.50541396494853,39.11625096734493],[-94.505423982254,39.116282953428055],[-94.50543429474436,39.11631487142652],[-94.50544481137084,39.11634674365311],[-94.50545565108732,39.11637857067421],[-94.50546675735094,39.116410305587095],[-94.50547809639029,39.116442017035176],[-94.50548972914592,39.11647363751763],[-94.50550165709026,39.11650521222356],[-94.50551384864771,39.116536718273764],[-94.5055263038204,39.11656817854876],[-94.50553902480783,39.116599546715115],[-94.50555198003806,39.1166308479429],[-94.5055652583614,39.116662101676354],[-94.50557877166233,39.116693286755],[-94.505592578684,39.116724403747945],[-94.50560659131062,39.116755429778735],[-94.50562095566717,39.11678638657679],[-94.5056355270996,39.116817274721036],[-94.50565039151971,39.11684809420721],[-94.50566549091728,39.11687882158537],[-94.5056808847718,39.11690948087721],[-94.50569648276431,39.11694004920638],[-94.50571237447812,39.1169705254244],[-94.50572856138398,39.11700093241167],[-94.50573099958665,39.117005440347384],[-94.50573437780311,39.11701148066684],[-94.50636972692607,39.1181463495585],[-94.50636934455127,39.118132209926614],[-94.5063692264936,39.11811772535489],[-94.50636940068745,39.11810324248322],[-94.50636989870736,39.11808875902178],[-94.50637063170497,39.11807429842811],[-94.50637165842207,39.118059837818336],[-94.5063729487521,39.11804537662208],[-94.506374534272,39.11803093943429],[-94.50637603048101,39.1180195448022],[-94.5063767943418,39.11801350427594],[-94.50662167858489,39.115926045815094],[-94.50662170793665,39.11592583931574],[-94.50662247177317,39.115920004711356],[-94.50662567028057,39.11589643747929],[-94.50662927951562,39.11586790512668],[-94.5066325972379,39.11583934990974],[-94.50663561904432,39.11581079528143],[-94.50663834786789,39.115782194336276],[-94.50664087035997,39.115753615711334],[-94.50664304186012,39.1157249690363],[-94.50664494828743,39.11569634582881],[-94.50664656100115,39.115667698613265],[-94.50664790864059,39.11563905198467],[-94.50664796796632,39.11563745033703],[-94.50666136964804,39.11541596447368],[-94.5066697860415,39.11527753673125],[-94.50667940472636,39.115119225072675],[-94.50680318302626,39.113076571792995],[-94.50685959904264,39.112145898277845]]]},"properties":{"KIVAPIN":"45893","ADDRESS":"6320 St John Ave","OWN_NAME":"City of Kansas City"}},{"type":"Feature","geometry":{"type":"Polygon","coordinates":[[[-94.51438378704148,39.11609077295247],[-94.51394224736923,39.11607531352445],[-94.51393819265462,39.11607517615349],[-94.51393409413558,39.11614343013619],[-94.51393345159207,39.11615436715428],[-94.51393794468052,39.11615452678161],[-94.5143789267936,39.116169986294445],[-94.51437959937385,39.116159049270216],[-94.51438378704148,39.11609077295247]]]},"properties":{"KIVAPIN":"42556","ADDRESS":"402 N Topping Ave","OWN_NAME":"Pa Si & Be Sa Gay Ra"}},{"type":"Feature","geometry":{"type":"Polygon","coordinates":[[[-94.51003048100598,39.11008016366448],[-94.50965923007779,39.1100680682656],[-94.50965363303888,39.11016416747662],[-94.51002503131382,39.11017626288044],[-94.51003048100598,39.11008016366448]]]},"properties":{"KIVAPIN":"46082","ADDRESS":"302 Belmont Blvd","OWN_NAME":"Hashim Leyla"}},{"type":"Feature","geometry":{"type":"Polygon","coordinates":[[[-94.51723883765392,39.111983013672734],[-94.51712253222446,39.1119791862913],[-94.51710516728961,39.11230924273124],[-94.51722123693004,39.11231345856357],[-94.51723883765392,39.111983013672734]]]},"properties":{"KIVAPIN":"44840","ADDRESS":"5505 St John Ave","OWN_NAME":"Blue Ocean Properties LLC"}},{"type":"Feature","geometry":{"type":"Polygon","coordinates":[[[-94.51008043154258,39.11065965765883],[-94.50962574057975,39.1106425813568],[-94.50962093458229,39.11072522666824],[-94.5100757743589,39.110742097622015],[-94.51008043154258,39.11065965765883]]]},"properties":{"KIVAPIN":"45930","ADDRESS":"138 Belmont Blvd","OWN_NAME":"Giron Jesus Julian Lopez"}},{"type":"Feature","geometry":{"type":"Polygon","coordinates":[[[-94.51619402192503,39.11315243362198],[-94.51619008705607,39.113152296312585],[-94.51575100241163,39.113137347331296],[-94.5157468471419,39.11320592117672],[-94.51574547184534,39.11322880200431],[-94.51618461506185,39.113243750998045],[-94.51618849266443,39.11324388831553],[-94.5161898964641,39.11322105266812],[-94.51619402192503,39.11315243362198]]]},"properties":{"KIVAPIN":"43199","ADDRESS":"121 N Oakley Ave","OWN_NAME":"Akindele Tokunbo"}},{"type":"Feature","geometry":{"type":"Polygon","coordinates":[[[-94.51095942851487,39.11549746139232],[-94.51072895373783,39.11548936020498],[-94.5107287787081,39.11549240334528],[-94.51072417877859,39.11557182301702],[-94.51071949150845,39.11565156188037],[-94.51071389549733,39.11574784409488],[-94.51094437259742,39.115756036833886],[-94.51094996683054,39.11565977748928],[-94.51095459508173,39.11557992364716],[-94.51095942851487,39.11549746139232]]]},"properties":{"KIVAPIN":"45684","ADDRESS":"6015 Norledge Ave","OWN_NAME":"Nguyen Andy"}},{"type":"Feature","geometry":{"type":"Polygon","coordinates":[[[-94.51036484898029,39.114731060274536],[-94.5099049921307,39.11471540470538],[-94.50990111445962,39.114715267178894],[-94.50989624975094,39.114797798045586],[-94.50989141514223,39.11488037466958],[-94.51035532766424,39.114895915528486],[-94.51036010228391,39.114813522507916],[-94.51036484898029,39.114731060274536]]]},"properties":{"KIVAPIN":"45708","ADDRESS":"321 N Wheeling Ave","OWN_NAME":"Parra Jonathan Alberto"}},{"type":"Feature","geometry":{"type":"Polygon","coordinates":[[[-94.51056947860391,39.108268746460965],[-94.51056466150824,39.10826858616092],[-94.51017993922517,39.10825534960276],[-94.51017422900321,39.10836515496657],[-94.510559069371,39.10837850536387],[-94.51056338501961,39.10837868801824],[-94.51056947860391,39.108268746460965]]]},"properties":{"KIVAPIN":"46231","ADDRESS":"405 Wheeling Ave","OWN_NAME":"Torres Alejandro Hernandez"}},{"type":"Feature","geometry":{"type":"Polygon","coordinates":[[[-94.51728921132322,39.115131885142944],[-94.51683525289276,39.115115248717196],[-94.51683128780866,39.11511511257791],[-94.51682719220676,39.1151836641212],[-94.51683118593122,39.11518380025651],[-94.51728520355334,39.11520048245036],[-94.51728921132322,39.115131885142944]]]},"properties":{"KIVAPIN":"43077","ADDRESS":"325 N Drury Ave","OWN_NAME":"Gonzales Juan Luis Orozco"}},{"type":"Feature","geometry":{"type":"Polygon","coordinates":[[[-94.51495374916156,39.11505249253553],[-94.51451256901412,39.11503696657639],[-94.5145084570851,39.115036829804374],[-94.51450432912723,39.11510535781852],[-94.51450020191442,39.115173977354175],[-94.51450425510981,39.11517411413381],[-94.51494558370841,39.11518968529419],[-94.51494965175361,39.11512108920323],[-94.51495374916156,39.11505249253553]]]},"properties":{"KIVAPIN":"43008","ADDRESS":"327 N Lawndale Ave","OWN_NAME":"Bernal Martha"}},{"type":"Feature","geometry":{"type":"Polygon","coordinates":[[[-94.510101256011,39.108826434847806],[-94.50990842541002,39.108820433209246],[-94.50990140567423,39.10882031940227],[-94.50989432870257,39.10882043440636],[-94.50988728039368,39.108820755905526],[-94.50988023211339,39.10882128275817],[-94.509873241136,39.1088220612928],[-94.5098662824921,39.108823045750206],[-94.50985938114778,39.108824259008955],[-94.50985253709658,39.10882565530772],[-94.50984581275209,39.10882728040257],[-94.50983914643805,39.108829111418046],[-94.50983253888855,39.108831148354156],[-94.50982610757306,39.10883336889228],[-94.50981976439314,39.108835817085215],[-94.50981356734475,39.10883844831078],[-94.5098074899967,39.108841264287236],[-94.50980158668264,39.10884428388664],[-94.50979580086309,39.108847465356526],[-94.5097901927456,39.10885082928447],[-94.50978478876156,39.10885437624028],[-94.50977956247654,39.10885808391756],[-94.50977451095031,39.10886192771989],[-94.5097696958594,39.108865932238785],[-94.50976505700217,39.108870119788],[-94.5097606222689,39.10887442172325],[-94.50975648196662,39.108878837464964],[-94.50975248779586,39.1088834373836],[-94.50974878878397,39.10888810477539],[-94.50974529389934,39.10889291000591],[-94.50974206407162,39.10889778500021],[-94.50973909930987,39.10890279554022],[-94.50973639813661,39.10890787527207],[-94.50973393265205,39.10891302362619],[-94.50973173076228,39.10891828636154],[-94.50972982255723,39.108923572525015],[-94.5097295576383,39.10892451008213],[-94.50972817794066,39.1089289261644],[-94.50972679764705,39.10893434899571],[-94.50972571323771,39.1089397718023],[-94.50972489021459,39.10894526322904],[-94.50972430355812,39.1089504114262],[-94.5097199087023,39.10902594027466],[-94.51008936338039,39.10903757802503],[-94.51009507571696,39.10893614814305],[-94.510101256011,39.108826434847806]]]},"properties":{"KIVAPIN":"46069","ADDRESS":"340 Belmont Blvd","OWN_NAME":"Integrity Investments LLC"}},{"type":"Feature","geometry":{"type":"Polygon","coordinates":[[[-94.51440604605565,39.114197878210724],[-94.5143114140554,39.11419461793439],[-94.51430664274329,39.11427403778602],[-94.51430248600256,39.1143425881142],[-94.51429838799483,39.114411139006215],[-94.51429423124743,39.114479735665746],[-94.51438904054824,39.114482812888895],[-94.51439313846764,39.11441423911393],[-94.51439723638387,39.11434568879063],[-94.51440130426167,39.11427750284427],[-94.51440587118715,39.11420092078519],[-94.51440604605565,39.114197878210724]]]},"properties":{"KIVAPIN":"42995","ADDRESS":"5712 Scarritt Ave","OWN_NAME":"Kansas City Missouri Homesteading Authority"}},{"type":"Feature","geometry":{"type":"Polygon","coordinates":[[[-94.51402334035129,39.11118847896429],[-94.51401928811947,39.11118834273973],[-94.5136556666165,39.111175984584385],[-94.5136499881905,39.1112716257932],[-94.5140135800988,39.11128407606417],[-94.51401772191213,39.11128421285018],[-94.51402334035129,39.11118847896429]]]},"properties":{"KIVAPIN":"46029","ADDRESS":"125 Topping Ave","OWN_NAME":"Salazar-Moren Tomasa"}},{"type":"Feature","geometry":{"type":"Polygon","coordinates":[[[-94.51136126719774,39.1174259625152],[-94.51135736147234,39.117425826184],[-94.51090632720599,39.11741127026697],[-94.5109024501197,39.117411133917855],[-94.51089884791413,39.11747938715989],[-94.51089389787222,39.117573656369416],[-94.51135257134277,39.11758846156129],[-94.51135760668339,39.11749417058765],[-94.51136126719774,39.1174259625152]]]},"properties":{"KIVAPIN":"45654","ADDRESS":"6001 Saida Ave","OWN_NAME":"Kansas City Missouri Homesteading Authority"}},{"type":"Feature","geometry":{"type":"Polygon","coordinates":[[[-94.51041882157666,39.11227076879828],[-94.51033133062441,39.11226759617416],[-94.51024383748054,39.11226444636522],[-94.51024360374173,39.11226778638802],[-94.51022414890052,39.1125950739863],[-94.51031175846934,39.11259826956079],[-94.51039934014484,39.11260146507192],[-94.51040645989787,39.11248028797085],[-94.51041864655838,39.11227392634301],[-94.51041882157666,39.11227076879828]]]},"properties":{"KIVAPIN":"45826","ADDRESS":"6102 St John Ave","OWN_NAME":"Salazar Juan Jr"}},{"type":"Feature","geometry":{"type":"Polygon","coordinates":[[[-94.51147960847668,39.115265493233416],[-94.51101631138756,39.115248971780105],[-94.51101130108204,39.11533145808221],[-94.51147089869492,39.11534784149136],[-94.51147480430592,39.115347978390815],[-94.51147960847668,39.115265493233416]]]},"properties":{"KIVAPIN":"45670","ADDRESS":"335 N White Ave","OWN_NAME":"Kansas City Missouri Homesteading Authority"}},{"type":"Feature","geometry":{"type":"Polygon","coordinates":[[[-94.51417863284547,39.10863221110958],[-94.51368906322557,39.10861524697942],[-94.51368404052289,39.10861508683237],[-94.51368000114587,39.10868068615826],[-94.51368387775486,39.10868080010662],[-94.51417470953578,39.10869584270151],[-94.51417863284547,39.10863221110958]]]},"properties":{"KIVAPIN":"46201","ADDRESS":"413 Topping Ave","OWN_NAME":"Saravia Quintanilla Jose Nehemias"}},{"type":"Feature","geometry":{"type":"Polygon","coordinates":[[[-94.51391376386218,39.11297565476138],[-94.51390956394441,39.11297551740663],[-94.51345647184418,39.11295875331036],[-94.51345259426272,39.11295861704601],[-94.51345028260675,39.11299980189777],[-94.51344644744563,39.113068352745415],[-94.51345035513734,39.113068489578495],[-94.51390321224984,39.113085276606895],[-94.5139074121741,39.11308541396184],[-94.51391136363033,39.113016840204736],[-94.51391376386218,39.11297565476138]]]},"properties":{"KIVAPIN":"45780","ADDRESS":"119 N Topping Ave","OWN_NAME":"119 N Topping LLC"}},{"type":"Feature","geometry":{"type":"Polygon","coordinates":[[[-94.512294853934,39.11070005832717],[-94.51193132323087,39.110687007791256],[-94.51192732903537,39.110686871488035],[-94.51192586473859,39.110711490647155],[-94.51192129536093,39.11078811898878],[-94.51192534976866,39.11078825643009],[-94.51228879212957,39.110801190874376],[-94.51228896854117,39.110798101967845],[-94.51229338978078,39.11072476958546],[-94.512294853934,39.11070005832717]]]},"properties":{"KIVAPIN":"46019","ADDRESS":"128 White Ave","OWN_NAME":"Bai Zu"}},{"type":"Feature","geometry":{"type":"Polygon","coordinates":[[[-94.51482557109307,39.11713487451872],[-94.51438173358292,39.11711822783008],[-94.51437768101069,39.11711809104617],[-94.5143734933185,39.11718657327729],[-94.51437267443194,39.117200278873355],[-94.51437663962832,39.11720041566821],[-94.5148205664974,39.11721704005601],[-94.5148214146786,39.11720338021436],[-94.51482557109307,39.11713487451872]]]},"properties":{"KIVAPIN":"42568","ADDRESS":"433 N Lawndale Ave","OWN_NAME":"Inzunza Osmar Alaniz  & Dalia M"}},{"type":"Feature","geometry":{"type":"Polygon","coordinates":[[[-94.50979367289946,39.11595986831845],[-94.50978979589483,39.11595973193227],[-94.5096278421247,39.11595409333111],[-94.50933530533204,39.11594384371852],[-94.5093313512603,39.11602744986092],[-94.50978484443691,39.116043063606],[-94.50978871997755,39.11604319999244],[-94.50979367289946,39.11595986831845]]]},"properties":{"KIVAPIN":"45580","ADDRESS":"404 N Belmont Blvd","OWN_NAME":"Nguyen Jason D"}},{"type":"Feature","geometry":{"type":"Polygon","coordinates":[[[-94.51795502490145,39.1146968247735],[-94.5179510884747,39.11469668752385],[-94.51750036334863,39.11467966421786],[-94.51749622132982,39.11467952755575],[-94.51749353200867,39.11472524346992],[-94.51749081036505,39.114770913627275],[-94.51794517878405,39.11478802793168],[-94.51794967179474,39.11478818740448],[-94.51795233366155,39.11474249436512],[-94.51795502490145,39.1146968247735]]]},"properties":{"KIVAPIN":"43100","ADDRESS":"312 N Drury Ave","OWN_NAME":"HWG Properties LLC"}}]}